#
# A fatal error has been detected by the Java Runtime Environment:
#
#  SIGSEGV (0xb) at pc=0x00007f667c49e034, pid=146304, tid=146306
#
# JRE version: OpenJDK Runtime Environment Temurin-25+36 (25.0+36) (build 25+36-LTS)
# Java VM: OpenJDK 64-Bit Server VM Temurin-25+36 (25+36-LTS, mixed mode, sharing, tiered, compressed oops, compressed class ptrs, g1 gc, linux-amd64)
# Problematic frame:
# C  0x00007f667c49e034
#
# Core dump will be written. Default location: Core dumps may be processed with "/usr/lib/systemd/systemd-coredump %P %u %g %s %t %c %h %d %F" (or dumping to /home/andreatp/workspace/chicory2/cranelift-compiler/core.146304)
#
# If you would like to submit a bug report, please visit:
#   https://github.com/adoptium/adoptium-support/issues
# The crash happened outside the Java Virtual Machine in native code.
# See problematic frame for where to report the bug.
#

---------------  S U M M A R Y ------------

Command Line: --enable-preview --enable-native-access=ALL-UNNAMED /home/andreatp/workspace/chicory2/cranelift-compiler/target/surefire/surefirebooter-20260311190725662_3.jar /home/andreatp/workspace/chicory2/cranelift-compiler/target/surefire 2026-03-11T19-07-25_585-jvmRun1 surefire-20260311190725662_1tmp surefire_0-20260311190725662_2tmp

Host: 11th Gen Intel(R) Core(TM) i7-11850H @ 2.50GHz, 16 cores, 62G, Fedora release 42 (Adams)
Time: Wed Mar 11 19:07:44 2026 WET elapsed time: 18.478533 seconds (0d 0h 0m 18s)

---------------  T H R E A D  ---------------

Current thread (0x00007f66b802b810):  JavaThread "main"             [_thread_in_native, id=146306, stack(0x00007f66be300000,0x00007f66be400000) (1024K)]

Stack: [0x00007f66be300000,0x00007f66be400000],  sp=0x00007f66be3fc5b0,  free space=1009k
Native frames: (J=compiled Java code, j=interpreted, Vv=VM code, C=native code)
C  0x00007f667c49e034
v  ~RuntimeStub::nep_invoker_blob 0x00007f66a7bd229d
j  java.lang.invoke.LambdaForm$MH+0x000000003d1ae400.invoke(Ljava/lang/Object;JJJ)V+12 java.base@25
j  java.lang.invoke.LambdaForm$MH+0x000000003d1b8800.invokeExact_MT(Ljava/lang/Object;JJJLjava/lang/Object;)V+23 java.base@25
j  jdk.internal.foreign.abi.DowncallStub+0x000000003d1ae800.invoke(Ljava/lang/foreign/SegmentAllocator;Ljava/lang/foreign/MemorySegment;Ljava/lang/foreign/MemorySegment;Ljava/lang/foreign/MemorySegment;)V+113 java.base@25
j  java.lang.invoke.DirectMethodHandle$Holder.invokeStatic(Ljava/lang/Object;Ljava/lang/Object;Ljava/lang/Object;Ljava/lang/Object;Ljava/lang/Object;)V+16 java.base@25
j  java.lang.invoke.LambdaForm$MH+0x000000003d1b8000.invoke(Ljava/lang/Object;Ljava/lang/Object;Ljava/lang/Object;)Ljava/lang/Object;+76 java.base@25
J 7669 c1 java.lang.invoke.LambdaForm$MH+0x000000003d1b5800.invoke(Ljava/lang/Object;Ljava/lang/Object;Ljava/lang/Object;)Ljava/lang/Object; java.base@25 (56 bytes) @ 0x00007f66a1cb6ef4 [0x00007f66a1cb6480+0x0000000000000a74]
J 9062 c1 java.lang.invoke.MethodHandle.invokeWithArguments([Ljava/lang/Object;)Ljava/lang/Object; java.base@25 (32 bytes) @ 0x00007f66a060957c [0x00007f66a0608e80+0x00000000000006fc]
J 8347 c1 com.dylibso.chicory.cranelift.compiler.NativeMachine.call(I[J)[J (669 bytes) @ 0x00007f66a1e65e6c [0x00007f66a1e60700+0x000000000000576c]
J 5987 c2 com.dylibso.chicory.runtime.Instance$Exports$$Lambda+0x000000003d12a940.apply([J)[J (13 bytes) @ 0x00007f66a83969fc [0x00007f66a8396780+0x000000000000027c]
j  com.dylibso.chicory.test.gen.SpecV1MemoryGrowTest.lambda$test4$0(Lcom/dylibso/chicory/runtime/ExportFunction;)V+7
j  com.dylibso.chicory.test.gen.SpecV1MemoryGrowTest$$Lambda+0x000000003d2988c0.execute()V+4
J 7230 c1 org.junit.jupiter.api.AssertThrows.assertThrows(Ljava/lang/Class;Lorg/junit/jupiter/api/function/Executable;Ljava/lang/Object;)Ljava/lang/Throwable; (85 bytes) @ 0x00007f66a1b71b7c [0x00007f66a1b71a80+0x00000000000000fc]
J 7228 c1 org.junit.jupiter.api.Assertions.assertThrows(Ljava/lang/Class;Lorg/junit/jupiter/api/function/Executable;)Ljava/lang/Throwable; (6 bytes) @ 0x00007f66a1b7151c [0x00007f66a1b71480+0x000000000000009c]
j  com.dylibso.chicory.test.gen.SpecV1MemoryGrowTest.test4()V+20
J 8288 c2 java.lang.invoke.LambdaForm$DMH+0x000000003d0fc000.invokeVirtual(Ljava/lang/Object;Ljava/lang/Object;)V java.base@25 (14 bytes) @ 0x00007f66a85f33c0 [0x00007f66a85f3380+0x0000000000000040]
J 8287 c2 java.lang.invoke.LambdaForm$MH+0x000000003d0fc800.invoke(Ljava/lang/Object;Ljava/lang/Object;)Ljava/lang/Object; java.base@25 (36 bytes) @ 0x00007f66a85f30f4 [0x00007f66a85f3080+0x0000000000000074]
J 8116 c2 org.junit.platform.commons.util.ReflectionUtils.invokeMethod(Ljava/lang/reflect/Method;Ljava/lang/Object;[Ljava/lang/Object;)Ljava/lang/Object; (55 bytes) @ 0x00007f66a8583b04 [0x00007f66a8583300+0x0000000000000804]
J 8316 c2 org.junit.jupiter.engine.execution.MethodInvocation.proceed()Ljava/lang/Object; (20 bytes) @ 0x00007f66a85f8e58 [0x00007f66a85f8e00+0x0000000000000058]
J 8139 c2 org.junit.jupiter.engine.descriptor.TestMethodTestDescriptor$$Lambda+0x000000003d0f8458.execute()V (16 bytes) @ 0x00007f66a859a898 [0x00007f66a8598a00+0x0000000000001e98]
J 8297 c2 org.junit.platform.engine.support.hierarchical.ThrowableCollector.execute(Lorg/junit/platform/engine/support/hierarchical/ThrowableCollector$Executable;)V (20 bytes) @ 0x00007f66a85d5540 [0x00007f66a85d5500+0x0000000000000040]
J 8275 c2 org.junit.platform.engine.support.hierarchical.SameThreadHierarchicalTestExecutorService$$Lambda+0x000000003d0e3100.accept(Ljava/lang/Object;)V (10 bytes) @ 0x00007f66a860a3e8 [0x00007f66a8609480+0x0000000000000f68]
J 2409 c2 java.util.ArrayList.forEach(Ljava/util/function/Consumer;)V java.base@25 (74 bytes) @ 0x00007f66a80a2de4 [0x00007f66a80a2d00+0x00000000000000e4]
j  org.junit.platform.engine.support.hierarchical.SameThreadHierarchicalTestExecutorService.invokeAll(Ljava/util/List;)V+6
J 8275 c2 org.junit.platform.engine.support.hierarchical.SameThreadHierarchicalTestExecutorService$$Lambda+0x000000003d0e3100.accept(Ljava/lang/Object;)V (10 bytes) @ 0x00007f66a860c4f4 [0x00007f66a8609480+0x0000000000003074]
J 2409 c2 java.util.ArrayList.forEach(Ljava/util/function/Consumer;)V java.base@25 (74 bytes) @ 0x00007f66a80a2de4 [0x00007f66a80a2d00+0x00000000000000e4]
j  org.junit.platform.engine.support.hierarchical.SameThreadHierarchicalTestExecutorService.invokeAll(Ljava/util/List;)V+6
j  org.junit.platform.engine.support.hierarchical.NodeTestTask.lambda$executeRecursively$6()V+116
j  org.junit.platform.engine.support.hierarchical.NodeTestTask$$Lambda+0x000000003d0e25c0.execute()V+4
j  org.junit.platform.engine.support.hierarchical.ThrowableCollector.execute(Lorg/junit/platform/engine/support/hierarchical/ThrowableCollector$Executable;)V+1
j  org.junit.platform.engine.support.hierarchical.NodeTestTask.lambda$executeRecursively$8(Lorg/junit/platform/engine/support/hierarchical/EngineExecutionContext;)V+15
j  org.junit.platform.engine.support.hierarchical.NodeTestTask$$Lambda+0x000000003d0e2390.invoke(Lorg/junit/platform/engine/support/hierarchical/EngineExecutionContext;)V+5
j  org.junit.platform.engine.support.hierarchical.Node.around(Lorg/junit/platform/engine/support/hierarchical/EngineExecutionContext;Lorg/junit/platform/engine/support/hierarchical/Node$Invocation;)V+2
j  org.junit.platform.engine.support.hierarchical.NodeTestTask.lambda$executeRecursively$9()V+14
j  org.junit.platform.engine.support.hierarchical.NodeTestTask$$Lambda+0x000000003d0e2160.execute()V+4
j  org.junit.platform.engine.support.hierarchical.ThrowableCollector.execute(Lorg/junit/platform/engine/support/hierarchical/ThrowableCollector$Executable;)V+1
j  org.junit.platform.engine.support.hierarchical.NodeTestTask.executeRecursively()V+31
j  org.junit.platform.engine.support.hierarchical.NodeTestTask.execute()V+55
j  org.junit.platform.engine.support.hierarchical.SameThreadHierarchicalTestExecutorService.submit(Lorg/junit/platform/engine/support/hierarchical/HierarchicalTestExecutorService$TestTask;)Ljava/util/concurrent/Future;+1
j  org.junit.platform.engine.support.hierarchical.HierarchicalTestExecutor.execute()Ljava/util/concurrent/Future;+74
j  org.junit.platform.engine.support.hierarchical.HierarchicalTestEngine.execute(Lorg/junit/platform/engine/ExecutionRequest;)V+31
j  org.junit.platform.launcher.core.EngineExecutionOrchestrator.executeEngine(Lorg/junit/platform/engine/TestDescriptor;Lorg/junit/platform/engine/EngineExecutionListener;Lorg/junit/platform/engine/ConfigurationParameters;Lorg/junit/platform/engine/TestEngine;Lorg/junit/platform/engine/OutputDirectoryCreator;Lorg/junit/platform/launcher/core/DiscoveryIssueNotifier;Lorg/junit/platform/engine/support/store/NamespacedHierarchicalStore;)V+24
j  org.junit.platform.launcher.core.EngineExecutionOrchestrator.failOrExecuteEngine(Lorg/junit/platform/launcher/core/LauncherDiscoveryResult;Lorg/junit/platform/engine/EngineExecutionListener;Lorg/junit/platform/engine/TestEngine;Lorg/junit/platform/engine/support/store/NamespacedHierarchicalStore;)V+124
j  org.junit.platform.launcher.core.EngineExecutionOrchestrator.execute(Lorg/junit/platform/launcher/core/LauncherDiscoveryResult;Lorg/junit/platform/engine/EngineExecutionListener;Lorg/junit/platform/engine/support/store/NamespacedHierarchicalStore;)V+68
j  org.junit.platform.launcher.core.EngineExecutionOrchestrator.execute(Lorg/junit/platform/launcher/core/InternalTestPlan;Lorg/junit/platform/engine/EngineExecutionListener;Lorg/junit/platform/launcher/TestExecutionListener;Lorg/junit/platform/engine/support/store/NamespacedHierarchicalStore;)V+57
j  org.junit.platform.launcher.core.EngineExecutionOrchestrator.lambda$execute$0(Lorg/junit/platform/launcher/core/InternalTestPlan;Lorg/junit/platform/engine/support/store/NamespacedHierarchicalStore;Lorg/junit/platform/launcher/TestExecutionListener;)V+7
j  org.junit.platform.launcher.core.EngineExecutionOrchestrator$$Lambda+0x000000003d0d16e0.accept(Ljava/lang/Object;)V+16
j  org.junit.platform.launcher.core.EngineExecutionOrchestrator.withInterceptedStreams(Lorg/junit/platform/engine/ConfigurationParameters;Lorg/junit/platform/launcher/core/ListenerRegistry;Ljava/util/function/Consumer;)V+51
j  org.junit.platform.launcher.core.EngineExecutionOrchestrator.execute(Lorg/junit/platform/launcher/core/InternalTestPlan;Lorg/junit/platform/engine/support/store/NamespacedHierarchicalStore;[Lorg/junit/platform/launcher/TestExecutionListener;)V+26
j  org.junit.platform.launcher.core.DefaultLauncher.execute(Lorg/junit/platform/launcher/core/InternalTestPlan;[Lorg/junit/platform/launcher/TestExecutionListener;)V+12
j  org.junit.platform.launcher.core.DefaultLauncher.execute(Lorg/junit/platform/launcher/LauncherDiscoveryRequest;[Lorg/junit/platform/launcher/TestExecutionListener;)V+34
j  org.junit.platform.launcher.core.DelegatingLauncher.execute(Lorg/junit/platform/launcher/LauncherDiscoveryRequest;[Lorg/junit/platform/launcher/TestExecutionListener;)V+6
j  org.junit.platform.launcher.core.InterceptingLauncher.lambda$execute$1(Lorg/junit/platform/launcher/LauncherDiscoveryRequest;[Lorg/junit/platform/launcher/TestExecutionListener;)Ljava/lang/Object;+3
j  org.junit.platform.launcher.core.InterceptingLauncher$$Lambda+0x000000003d0d14b0.proceed()Ljava/lang/Object;+12
j  org.junit.platform.launcher.core.ClasspathAlignmentCheckingLauncherInterceptor.intercept(Lorg/junit/platform/launcher/LauncherInterceptor$Invocation;)Ljava/lang/Object;+1
j  org.junit.platform.launcher.core.InterceptingLauncher.execute(Lorg/junit/platform/launcher/LauncherDiscoveryRequest;[Lorg/junit/platform/launcher/TestExecutionListener;)V+12
j  org.junit.platform.launcher.core.DelegatingLauncher.execute(Lorg/junit/platform/launcher/LauncherDiscoveryRequest;[Lorg/junit/platform/launcher/TestExecutionListener;)V+6
j  org.apache.maven.surefire.junitplatform.LauncherAdapter.executeWithoutCancellationToken(Lorg/junit/platform/launcher/LauncherDiscoveryRequest;[Lorg/junit/platform/launcher/TestExecutionListener;)V+6
j  org.apache.maven.surefire.junitplatform.LauncherAdapter.execute(Lorg/junit/platform/launcher/LauncherDiscoveryRequest;[Lorg/junit/platform/launcher/TestExecutionListener;)V+10
j  org.apache.maven.surefire.junitplatform.JUnitPlatformProvider.execute(Lorg/apache/maven/surefire/junitplatform/LauncherAdapter;Lorg/apache/maven/surefire/api/util/TestsToRun;Lorg/apache/maven/surefire/junitplatform/RunListenerAdapter;)V+61
j  org.apache.maven.surefire.junitplatform.JUnitPlatformProvider.invokeAllTests(Lorg/apache/maven/surefire/junitplatform/LauncherAdapter;Lorg/apache/maven/surefire/api/util/TestsToRun;Lorg/apache/maven/surefire/junitplatform/RunListenerAdapter;)V+36
j  org.apache.maven.surefire.junitplatform.JUnitPlatformProvider.invoke(Ljava/lang/Object;)Lorg/apache/maven/surefire/api/suite/RunResult;+144
j  org.apache.maven.surefire.booter.ForkedBooter.runSuitesInProcess()V+8
j  org.apache.maven.surefire.booter.ForkedBooter.execute()V+1
j  org.apache.maven.surefire.booter.ForkedBooter.run(Lorg/apache/maven/surefire/booter/ForkedBooter;[Ljava/lang/String;)V+27
j  org.apache.maven.surefire.booter.ForkedBooter.main([Ljava/lang/String;)V+10
v  ~StubRoutines::call_stub 0x00007f66a785ffa6
V  [libjvm.so+0xa21400]  JavaCalls::call_helper(JavaValue*, methodHandle const&, JavaCallArguments*, JavaThread*)+0x2b0
V  [libjvm.so+0xaeae76]  jni_invoke_static(JNIEnv_*, JavaValue*, _jobject*, JNICallType, _jmethodID*, JNI_ArgumentPusher*, JavaThread*) [clone .constprop.1]+0x396
V  [libjvm.so+0xaedd31]  jni_CallStaticVoidMethod+0x161
C  [libjli.so+0xa73a]  invokeStaticMainWithArgs+0x4a
C  [libjli.so+0xb7c0]  JavaMain+0xeb0
C  [libjli.so+0xed49]  ThreadJavaMain+0x9
C  [libc.so.6+0x71f14]  start_thread+0x2e4
Java frames: (J=compiled Java code, j=interpreted, Vv=VM code)
v  ~RuntimeStub::nep_invoker_blob 0x00007f66a7bd2264
j  java.lang.invoke.LambdaForm$MH+0x000000003d1ae400.invoke(Ljava/lang/Object;JJJ)V+12 java.base@25
j  java.lang.invoke.LambdaForm$MH+0x000000003d1b8800.invokeExact_MT(Ljava/lang/Object;JJJLjava/lang/Object;)V+23 java.base@25
j  jdk.internal.foreign.abi.DowncallStub+0x000000003d1ae800.invoke(Ljava/lang/foreign/SegmentAllocator;Ljava/lang/foreign/MemorySegment;Ljava/lang/foreign/MemorySegment;Ljava/lang/foreign/MemorySegment;)V+113 java.base@25
j  java.lang.invoke.DirectMethodHandle$Holder.invokeStatic(Ljava/lang/Object;Ljava/lang/Object;Ljava/lang/Object;Ljava/lang/Object;Ljava/lang/Object;)V+16 java.base@25
j  java.lang.invoke.LambdaForm$MH+0x000000003d1b8000.invoke(Ljava/lang/Object;Ljava/lang/Object;Ljava/lang/Object;)Ljava/lang/Object;+76 java.base@25
J 7669 c1 java.lang.invoke.LambdaForm$MH+0x000000003d1b5800.invoke(Ljava/lang/Object;Ljava/lang/Object;Ljava/lang/Object;)Ljava/lang/Object; java.base@25 (56 bytes) @ 0x00007f66a1cb6ef4 [0x00007f66a1cb6480+0x0000000000000a74]
J 9062 c1 java.lang.invoke.MethodHandle.invokeWithArguments([Ljava/lang/Object;)Ljava/lang/Object; java.base@25 (32 bytes) @ 0x00007f66a060957c [0x00007f66a0608e80+0x00000000000006fc]
J 8347 c1 com.dylibso.chicory.cranelift.compiler.NativeMachine.call(I[J)[J (669 bytes) @ 0x00007f66a1e65e6c [0x00007f66a1e60700+0x000000000000576c]
J 5987 c2 com.dylibso.chicory.runtime.Instance$Exports$$Lambda+0x000000003d12a940.apply([J)[J (13 bytes) @ 0x00007f66a83969fc [0x00007f66a8396780+0x000000000000027c]
j  com.dylibso.chicory.test.gen.SpecV1MemoryGrowTest.lambda$test4$0(Lcom/dylibso/chicory/runtime/ExportFunction;)V+7
j  com.dylibso.chicory.test.gen.SpecV1MemoryGrowTest$$Lambda+0x000000003d2988c0.execute()V+4
J 7230 c1 org.junit.jupiter.api.AssertThrows.assertThrows(Ljava/lang/Class;Lorg/junit/jupiter/api/function/Executable;Ljava/lang/Object;)Ljava/lang/Throwable; (85 bytes) @ 0x00007f66a1b71b7c [0x00007f66a1b71a80+0x00000000000000fc]
J 7228 c1 org.junit.jupiter.api.Assertions.assertThrows(Ljava/lang/Class;Lorg/junit/jupiter/api/function/Executable;)Ljava/lang/Throwable; (6 bytes) @ 0x00007f66a1b7151c [0x00007f66a1b71480+0x000000000000009c]
j  com.dylibso.chicory.test.gen.SpecV1MemoryGrowTest.test4()V+20
J 8288 c2 java.lang.invoke.LambdaForm$DMH+0x000000003d0fc000.invokeVirtual(Ljava/lang/Object;Ljava/lang/Object;)V java.base@25 (14 bytes) @ 0x00007f66a85f33c0 [0x00007f66a85f3380+0x0000000000000040]
J 8287 c2 java.lang.invoke.LambdaForm$MH+0x000000003d0fc800.invoke(Ljava/lang/Object;Ljava/lang/Object;)Ljava/lang/Object; java.base@25 (36 bytes) @ 0x00007f66a85f30f4 [0x00007f66a85f3080+0x0000000000000074]
J 8116 c2 org.junit.platform.commons.util.ReflectionUtils.invokeMethod(Ljava/lang/reflect/Method;Ljava/lang/Object;[Ljava/lang/Object;)Ljava/lang/Object; (55 bytes) @ 0x00007f66a8583b04 [0x00007f66a8583300+0x0000000000000804]
J 8316 c2 org.junit.jupiter.engine.execution.MethodInvocation.proceed()Ljava/lang/Object; (20 bytes) @ 0x00007f66a85f8e58 [0x00007f66a85f8e00+0x0000000000000058]
J 8139 c2 org.junit.jupiter.engine.descriptor.TestMethodTestDescriptor$$Lambda+0x000000003d0f8458.execute()V (16 bytes) @ 0x00007f66a859a898 [0x00007f66a8598a00+0x0000000000001e98]
J 8297 c2 org.junit.platform.engine.support.hierarchical.ThrowableCollector.execute(Lorg/junit/platform/engine/support/hierarchical/ThrowableCollector$Executable;)V (20 bytes) @ 0x00007f66a85d5540 [0x00007f66a85d5500+0x0000000000000040]
J 8275 c2 org.junit.platform.engine.support.hierarchical.SameThreadHierarchicalTestExecutorService$$Lambda+0x000000003d0e3100.accept(Ljava/lang/Object;)V (10 bytes) @ 0x00007f66a860a3e8 [0x00007f66a8609480+0x0000000000000f68]
J 2409 c2 java.util.ArrayList.forEach(Ljava/util/function/Consumer;)V java.base@25 (74 bytes) @ 0x00007f66a80a2de4 [0x00007f66a80a2d00+0x00000000000000e4]
j  org.junit.platform.engine.support.hierarchical.SameThreadHierarchicalTestExecutorService.invokeAll(Ljava/util/List;)V+6
J 8275 c2 org.junit.platform.engine.support.hierarchical.SameThreadHierarchicalTestExecutorService$$Lambda+0x000000003d0e3100.accept(Ljava/lang/Object;)V (10 bytes) @ 0x00007f66a860c4f4 [0x00007f66a8609480+0x0000000000003074]
J 2409 c2 java.util.ArrayList.forEach(Ljava/util/function/Consumer;)V java.base@25 (74 bytes) @ 0x00007f66a80a2de4 [0x00007f66a80a2d00+0x00000000000000e4]
j  org.junit.platform.engine.support.hierarchical.SameThreadHierarchicalTestExecutorService.invokeAll(Ljava/util/List;)V+6
j  org.junit.platform.engine.support.hierarchical.NodeTestTask.lambda$executeRecursively$6()V+116
j  org.junit.platform.engine.support.hierarchical.NodeTestTask$$Lambda+0x000000003d0e25c0.execute()V+4
j  org.junit.platform.engine.support.hierarchical.ThrowableCollector.execute(Lorg/junit/platform/engine/support/hierarchical/ThrowableCollector$Executable;)V+1
j  org.junit.platform.engine.support.hierarchical.NodeTestTask.lambda$executeRecursively$8(Lorg/junit/platform/engine/support/hierarchical/EngineExecutionContext;)V+15
j  org.junit.platform.engine.support.hierarchical.NodeTestTask$$Lambda+0x000000003d0e2390.invoke(Lorg/junit/platform/engine/support/hierarchical/EngineExecutionContext;)V+5
j  org.junit.platform.engine.support.hierarchical.Node.around(Lorg/junit/platform/engine/support/hierarchical/EngineExecutionContext;Lorg/junit/platform/engine/support/hierarchical/Node$Invocation;)V+2
j  org.junit.platform.engine.support.hierarchical.NodeTestTask.lambda$executeRecursively$9()V+14
j  org.junit.platform.engine.support.hierarchical.NodeTestTask$$Lambda+0x000000003d0e2160.execute()V+4
j  org.junit.platform.engine.support.hierarchical.ThrowableCollector.execute(Lorg/junit/platform/engine/support/hierarchical/ThrowableCollector$Executable;)V+1
j  org.junit.platform.engine.support.hierarchical.NodeTestTask.executeRecursively()V+31
j  org.junit.platform.engine.support.hierarchical.NodeTestTask.execute()V+55
j  org.junit.platform.engine.support.hierarchical.SameThreadHierarchicalTestExecutorService.submit(Lorg/junit/platform/engine/support/hierarchical/HierarchicalTestExecutorService$TestTask;)Ljava/util/concurrent/Future;+1
j  org.junit.platform.engine.support.hierarchical.HierarchicalTestExecutor.execute()Ljava/util/concurrent/Future;+74
j  org.junit.platform.engine.support.hierarchical.HierarchicalTestEngine.execute(Lorg/junit/platform/engine/ExecutionRequest;)V+31
j  org.junit.platform.launcher.core.EngineExecutionOrchestrator.executeEngine(Lorg/junit/platform/engine/TestDescriptor;Lorg/junit/platform/engine/EngineExecutionListener;Lorg/junit/platform/engine/ConfigurationParameters;Lorg/junit/platform/engine/TestEngine;Lorg/junit/platform/engine/OutputDirectoryCreator;Lorg/junit/platform/launcher/core/DiscoveryIssueNotifier;Lorg/junit/platform/engine/support/store/NamespacedHierarchicalStore;)V+24
j  org.junit.platform.launcher.core.EngineExecutionOrchestrator.failOrExecuteEngine(Lorg/junit/platform/launcher/core/LauncherDiscoveryResult;Lorg/junit/platform/engine/EngineExecutionListener;Lorg/junit/platform/engine/TestEngine;Lorg/junit/platform/engine/support/store/NamespacedHierarchicalStore;)V+124
j  org.junit.platform.launcher.core.EngineExecutionOrchestrator.execute(Lorg/junit/platform/launcher/core/LauncherDiscoveryResult;Lorg/junit/platform/engine/EngineExecutionListener;Lorg/junit/platform/engine/support/store/NamespacedHierarchicalStore;)V+68
j  org.junit.platform.launcher.core.EngineExecutionOrchestrator.execute(Lorg/junit/platform/launcher/core/InternalTestPlan;Lorg/junit/platform/engine/EngineExecutionListener;Lorg/junit/platform/launcher/TestExecutionListener;Lorg/junit/platform/engine/support/store/NamespacedHierarchicalStore;)V+57
j  org.junit.platform.launcher.core.EngineExecutionOrchestrator.lambda$execute$0(Lorg/junit/platform/launcher/core/InternalTestPlan;Lorg/junit/platform/engine/support/store/NamespacedHierarchicalStore;Lorg/junit/platform/launcher/TestExecutionListener;)V+7
j  org.junit.platform.launcher.core.EngineExecutionOrchestrator$$Lambda+0x000000003d0d16e0.accept(Ljava/lang/Object;)V+16
j  org.junit.platform.launcher.core.EngineExecutionOrchestrator.withInterceptedStreams(Lorg/junit/platform/engine/ConfigurationParameters;Lorg/junit/platform/launcher/core/ListenerRegistry;Ljava/util/function/Consumer;)V+51
j  org.junit.platform.launcher.core.EngineExecutionOrchestrator.execute(Lorg/junit/platform/launcher/core/InternalTestPlan;Lorg/junit/platform/engine/support/store/NamespacedHierarchicalStore;[Lorg/junit/platform/launcher/TestExecutionListener;)V+26
j  org.junit.platform.launcher.core.DefaultLauncher.execute(Lorg/junit/platform/launcher/core/InternalTestPlan;[Lorg/junit/platform/launcher/TestExecutionListener;)V+12
j  org.junit.platform.launcher.core.DefaultLauncher.execute(Lorg/junit/platform/launcher/LauncherDiscoveryRequest;[Lorg/junit/platform/launcher/TestExecutionListener;)V+34
j  org.junit.platform.launcher.core.DelegatingLauncher.execute(Lorg/junit/platform/launcher/LauncherDiscoveryRequest;[Lorg/junit/platform/launcher/TestExecutionListener;)V+6
j  org.junit.platform.launcher.core.InterceptingLauncher.lambda$execute$1(Lorg/junit/platform/launcher/LauncherDiscoveryRequest;[Lorg/junit/platform/launcher/TestExecutionListener;)Ljava/lang/Object;+3
j  org.junit.platform.launcher.core.InterceptingLauncher$$Lambda+0x000000003d0d14b0.proceed()Ljava/lang/Object;+12
j  org.junit.platform.launcher.core.ClasspathAlignmentCheckingLauncherInterceptor.intercept(Lorg/junit/platform/launcher/LauncherInterceptor$Invocation;)Ljava/lang/Object;+1
j  org.junit.platform.launcher.core.InterceptingLauncher.execute(Lorg/junit/platform/launcher/LauncherDiscoveryRequest;[Lorg/junit/platform/launcher/TestExecutionListener;)V+12
j  org.junit.platform.launcher.core.DelegatingLauncher.execute(Lorg/junit/platform/launcher/LauncherDiscoveryRequest;[Lorg/junit/platform/launcher/TestExecutionListener;)V+6
j  org.apache.maven.surefire.junitplatform.LauncherAdapter.executeWithoutCancellationToken(Lorg/junit/platform/launcher/LauncherDiscoveryRequest;[Lorg/junit/platform/launcher/TestExecutionListener;)V+6
j  org.apache.maven.surefire.junitplatform.LauncherAdapter.execute(Lorg/junit/platform/launcher/LauncherDiscoveryRequest;[Lorg/junit/platform/launcher/TestExecutionListener;)V+10
j  org.apache.maven.surefire.junitplatform.JUnitPlatformProvider.execute(Lorg/apache/maven/surefire/junitplatform/LauncherAdapter;Lorg/apache/maven/surefire/api/util/TestsToRun;Lorg/apache/maven/surefire/junitplatform/RunListenerAdapter;)V+61
j  org.apache.maven.surefire.junitplatform.JUnitPlatformProvider.invokeAllTests(Lorg/apache/maven/surefire/junitplatform/LauncherAdapter;Lorg/apache/maven/surefire/api/util/TestsToRun;Lorg/apache/maven/surefire/junitplatform/RunListenerAdapter;)V+36
j  org.apache.maven.surefire.junitplatform.JUnitPlatformProvider.invoke(Ljava/lang/Object;)Lorg/apache/maven/surefire/api/suite/RunResult;+144
j  org.apache.maven.surefire.booter.ForkedBooter.runSuitesInProcess()V+8
j  org.apache.maven.surefire.booter.ForkedBooter.execute()V+1
j  org.apache.maven.surefire.booter.ForkedBooter.run(Lorg/apache/maven/surefire/booter/ForkedBooter;[Ljava/lang/String;)V+27
j  org.apache.maven.surefire.booter.ForkedBooter.main([Ljava/lang/String;)V+10
v  ~StubRoutines::call_stub 0x00007f66a785ffa6

siginfo: si_signo: 11 (SIGSEGV), si_code: 2 (SEGV_ACCERR), si_addr: 0x00007f66b8ffdf10

Registers:
RAX=0x00007f665d0a2110, RBX=0x00007f665d0a2110, RCX=0x00007f66b8d26600, RDX=0x00007f66b8fedf10
RSP=0x00007f66be3fc5b0, RBP=0x00007f66be3fc5b0, RSI=0x00007f66b8d26600, RDI=0x00007f66b8fedf10
R8 =0x000000041e099eb0, R9 =0x00000004207ee798, R10=0x00007f667c49e030, R11=0x00007f66a82cde00
R12=0x0000000000000000, R13=0x00007f66be3fc5d8, R14=0x00007f66be3fc6a0, R15=0x00007f66b802b810
RIP=0x00007f667c49e034, EFLAGS=0x0000000000010287, CSGSFS=0x002b000000000033, ERR=0x0000000000000006
  TRAPNO=0x000000000000000e

XMM[0]=0x0000000000000000 0x0000000000000000
XMM[1]=0x0000000000000000 0xffeaa79bffeaa79b
XMM[2]=0x0000000000000000 0x0000000000000001
XMM[3]=0x0000000000000000 0x0000000000000000
XMM[4]=0x0000000000000000 0x000000041fc94510
XMM[5]=0x0000000000000000 0x00000000ffeb73e9
XMM[6]=0x0000000000000000 0x00000000ffeaa79b
XMM[7]=0x0000000000000000 0x000000041fc3a400
XMM[8]=0x0000000000000000 0xf852d974a2c147d2
XMM[9]=0x0000000000000000 0xef207f96bc93d830
XMM[10]=0x0000000000000000 0x00000000cd73589a
XMM[11]=0x0000000000000000 0x546f9f2711037757
XMM[12]=0x0000000000000000 0x00000000bc93d830
XMM[13]=0x0000000000000000 0x0000000000000000
XMM[14]=0x0000000000000000 0x000000000000fff9
XMM[15]=0x0000000000000000 0x0000000083f392a7
  MXCSR=0x00001fbf


Register to memory mapping:

RAX={method} {0x00007f665d0a2110} 'linkToNative' '(JJJLjava/lang/Object;)V' in 'java/lang/invoke/MethodHandle'
RBX={method} {0x00007f665d0a2110} 'linkToNative' '(JJJLjava/lang/Object;)V' in 'java/lang/invoke/MethodHandle'
RCX=0x00007f66b8d26600 points into unknown readable memory: 0x00007f66b877adf0 | f0 ad 77 b8 66 7f 00 00
RDX=0x00007f66b8fedf10 points into unknown readable memory: 0x0000000000000002 | 02 00 00 00 00 00 00 00
RSP=0x00007f66be3fc5b0 is pointing into the stack for thread: 0x00007f66b802b810
RBP=0x00007f66be3fc5b0 is pointing into the stack for thread: 0x00007f66b802b810
RSI=0x00007f66b8d26600 points into unknown readable memory: 0x00007f66b877adf0 | f0 ad 77 b8 66 7f 00 00
RDI=0x00007f66b8fedf10 points into unknown readable memory: 0x0000000000000002 | 02 00 00 00 00 00 00 00
R8 =0x000000041e099eb0 is an oop: jdk.internal.foreign.abi.NativeEntryPoint 
{0x000000041e099eb0} - klass: 'jdk/internal/foreign/abi/NativeEntryPoint' - flags: 

 - ---- fields (total size 3 words):
 - private final 'methodType' 'Ljava/lang/invoke/MethodType;' @12  a 'java/lang/invoke/MethodType'{0x000000041e0e4138} = (JJJ)V (0x83c1c827)
 - private final 'downcallStubAddress' 'J' @16  140078877581920 (0x00007f66a7bd2260)
R9 =0x00000004207ee798 is an oop: jdk.internal.foreign.NativeMemorySegmentImpl 
{0x00000004207ee798} - klass: 'jdk/internal/foreign/NativeMemorySegmentImpl' - flags: 

 - ---- fields (total size 5 words):
 - final 'readOnly' 'Z' @12  false (0x00)
 - final 'length' 'J' @16  0 (0x0000000000000000)
 - final 'scope' 'Ljdk/internal/foreign/MemorySessionImpl;' @24  a 'jdk/internal/foreign/SharedSession'{0x00000004207ee720} (0x840fdce4)
 - final 'min' 'J' @32  140079167102736 (0x00007f66b8fedf10)
R10=0x00007f667c49e030 points into unknown readable memory: 0x000087c7e5894855 | 55 48 89 e5 c7 87 00 00
R11=0x00007f66a82cde00 is at entry_point+0 in (nmethod*)0x00007f66a82cdd08
Compiled method (n/a) 18485 4673     n 0       java.lang.invoke.MethodHandle::linkToNative(JJJL)V (native)
 total in heap  [0x00007f66a82cdd08,0x00007f66a82cde08] = 256
 main code      [0x00007f66a82cde00,0x00007f66a82cde07] = 7
 stub code      [0x00007f66a82cde07,0x00007f66a82cde08] = 1
R12=0x0 is null
R13=0x00007f66be3fc5d8 is pointing into the stack for thread: 0x00007f66b802b810
R14=0x00007f66be3fc6a0 is pointing into the stack for thread: 0x00007f66b802b810
R15=0x00007f66b802b810 is a thread

Top of Stack: (sp=0x00007f66be3fc5b0)
0x00007f66be3fc5b0:   00007f66be3fc5c0 00007f66a7bd229d   ..?.f...."..f...
0x00007f66be3fc5c0:   00007f66be3fc658 00007f66a7867438   X.?.f...8t..f...
0x00007f66be3fc5d0:   00007f66a7867438 000000041e099eb0   8t..f...........
0x00007f66be3fc5e0:   00007f66b8d26600 0000000000000000   .f..f...........
0x00007f66be3fc5f0:   00007f66b8fedf10 0000000000000000   ....f...........
0x00007f66be3fc600:   00007f667c49e030 0000000000000000   0.I|f...........
0x00007f66be3fc610:   fffffffffffffff7 00007f665d9e5654   ........TV.]f...
0x00007f66be3fc620:   0000000000000009 00007f665d9e5800   .........X.]f...
0x00007f66be3fc630:   0000000000000000 000000041e099e18   ................
0x00007f66be3fc640:   00007f665d9e5660 fffffffffffffff0   `V.]f...........
0x00007f66be3fc650:   00007f66be3fc670 00007f66be3fc6f0   p.?.f.....?.f...
0x00007f66be3fc660:   00007f66a7867438 000000041e099eb0   8t..f...........
0x00007f66be3fc670:   00007f66b8d26600 0000000000000000   .f..f...........
0x00007f66be3fc680:   00007f66b8fedf10 0000000000000000   ....f...........
0x00007f66be3fc690:   00007f667c49e030 0000000000000000   0.I|f...........
0x00007f66be3fc6a0:   000000041e099a88 fffffffffffffff7   ................
0x00007f66be3fc6b0:   00007f665d9f5e9f 0000000000000009   .^.]f...........
0x00007f66be3fc6c0:   00007f665d9f6068 0000000000000000   h`.]f...........
0x00007f66be3fc6d0:   000000041e096da0 00007f665d9f5eb0   .m.......^.]f...
0x00007f66be3fc6e0:   fffffffffffffff0 00007f66be3fc700   ..........?.f...
0x00007f66be3fc6f0:   00007f66be3fc788 00007f66a7867438   ..?.f...8t..f...
0x00007f66be3fc700:   000000041e0e4138 00007f66b8d26600   8A.......f..f...
0x00007f66be3fc710:   0000000000000000 00007f66b8fedf10   ............f...
0x00007f66be3fc720:   0000000000000000 00007f667c49e030   ........0.I|f...
0x00007f66be3fc730:   0000000000000000 000000041e099a88   ................
0x00007f66be3fc740:   fffffffffffffff7 00007f665d9e60a9   .........`.]f...
0x00007f66be3fc750:   000000000000000f 00007f665d9e6288   .........b.]f...
0x00007f66be3fc760:   0000000000000000 000000041e0999b0   ................
0x00007f66be3fc770:   00007f665d9e5f38 ffffffffffffffef   8_.]f...........
0x00007f66be3fc780:   00007f66be3fc7e0 00007f66be3fc850   ..?.f...P.?.f...
0x00007f66be3fc790:   00007f66a7867438 00000007ff5a25f8   8t..f....%Z.....
0x00007f66be3fc7a0:   00000007ff5a1d70 00000004207ee720   p.Z..... .~ ....

Instructions: (pc=0x00007f667c49e034)
  0x00007f667c49df34:   00 00 00 00 00 00 00 00 00 00 00 00 00 00 00 00
  0x00007f667c49df44:   00 00 00 00 00 00 00 00 00 00 00 00 00 00 00 00
  0x00007f667c49df54:   00 00 00 00 00 00 00 00 00 00 00 00 00 00 00 00
  0x00007f667c49df64:   00 00 00 00 00 00 00 00 00 00 00 00 00 00 00 00
  0x00007f667c49df74:   00 00 00 00 00 00 00 00 00 00 00 00 00 00 00 00
  0x00007f667c49df84:   00 00 00 00 00 00 00 00 00 00 00 00 00 00 00 00
  0x00007f667c49df94:   00 00 00 00 00 00 00 00 00 00 00 00 00 00 00 00
  0x00007f667c49dfa4:   00 00 00 00 00 00 00 00 00 00 00 00 00 00 00 00
  0x00007f667c49dfb4:   00 00 00 00 00 00 00 00 00 00 00 00 00 00 00 00
  0x00007f667c49dfc4:   00 00 00 00 00 00 00 00 00 00 00 00 00 00 00 00
  0x00007f667c49dfd4:   00 00 00 00 00 00 00 00 00 00 00 00 00 00 00 00
  0x00007f667c49dfe4:   00 00 00 00 00 00 00 00 00 00 00 00 00 00 00 00
  0x00007f667c49dff4:   00 00 00 00 00 00 00 00 00 00 00 00 55 48 89 e5
  0x00007f667c49e004:   8b 07 48 89 ec 5d c3 00 00 00 00 00 55 48 89 e5
  0x00007f667c49e014:   c7 07 02 00 00 00 48 89 ec 5d c3 00 55 48 89 e5
  0x00007f667c49e024:   8b 87 00 00 01 00 48 89 ec 5d c3 00 55 48 89 e5
=>0x00007f667c49e034:   c7 87 00 00 01 00 03 00 00 00 48 89 ec 5d c3 00
  0x00007f667c49e044:   00 00 00 00 00 00 00 00 00 00 00 00 55 48 89 e5
  0x00007f667c49e054:   48 83 ec 10 4c 89 24 24 89 56 24 4c 8b 8e d0 00
  0x00007f667c49e064:   00 00 49 89 f4 4c 89 e7 41 ff d1 4c 89 e6 4c 8b
  0x00007f667c49e074:   8e e0 00 00 00 4c 8b 24 24 48 83 c4 10 48 89 ec
  0x00007f667c49e084:   5d c3 00 00 00 00 00 00 00 00 00 00 55 48 89 e5
  0x00007f667c49e094:   8b 86 d8 00 00 00 48 89 ec 5d c3 00 00 00 00 00
  0x00007f667c49e0a4:   00 00 00 00 00 00 00 00 00 00 00 00 00 00 00 00
  0x00007f667c49e0b4:   00 00 00 00 00 00 00 00 00 00 00 00 00 00 00 00
  0x00007f667c49e0c4:   00 00 00 00 00 00 00 00 00 00 00 00 00 00 00 00
  0x00007f667c49e0d4:   00 00 00 00 00 00 00 00 00 00 00 00 00 00 00 00
  0x00007f667c49e0e4:   00 00 00 00 00 00 00 00 00 00 00 00 00 00 00 00
  0x00007f667c49e0f4:   00 00 00 00 00 00 00 00 00 00 00 00 00 00 00 00
  0x00007f667c49e104:   00 00 00 00 00 00 00 00 00 00 00 00 00 00 00 00
  0x00007f667c49e114:   00 00 00 00 00 00 00 00 00 00 00 00 00 00 00 00
  0x00007f667c49e124:   00 00 00 00 00 00 00 00 00 00 00 00 00 00 00 00


Stack slot to memory mapping:

stack at sp + 0 slots: 0x00007f66be3fc5c0 is pointing into the stack for thread: 0x00007f66b802b810
stack at sp + 1 slots: 0x00007f66a7bd229d is at code_begin+61 in 
[CodeBlob kind:6 (0x00007f66a7bd2208)]
Framesize: 2
Runtime Stub (0x00007f66a7bd2208): nep_invoker_blob
--------------------------------------------------------------------------------
Decoding CodeBlob, name: nep_invoker_blob, at  [0x00007f66a7bd2260, 0x00007f66a7bd2348]  232 bytes
[MachCode]
  0x00007f66a7bd2260: 5548 8bec | c5f8 7749 | 89af 9004 | 0000 49ba | 6422 bda7 | 667f 0000 | 4d89 9788 | 0400 0049 
  0x00007f66a7bd2280: 89a7 8004 | 0000 41c7 | 872c 0500 | 0004 0000 | 004c 8bd6 | 488b f148 | 8bfa 41ff | d2c5 f877 
  0x00007f66a7bd22a0: 41c7 872c | 0500 0005 | 0000 00f0 | 8344 24c0 | 0049 3b6f | 280f 874d | 0000 0041 | 83bf 2805 
  0x00007f66a7bd22c0: 0000 000f | 853f 0000 | 0041 c787 | 2c05 0000 | 0800 0000 | 4183 bfa8 | 0500 0002 | 0f84 4400 
  0x00007f66a7bd22e0: 0000 49c7 | 8780 0400 | 0000 0000 | 0049 c787 | 9004 0000 | 0000 0000 | 49c7 8788 | 0400 0000 
  0x00007f66a7bd2300: 0000 00c5 | f877 c9c3 | 498b ffc5 | f877 4c8b | e448 83ec | 0048 83e4 | f0e8 52a6 | 2617 498b 
  0x00007f66a7bd2320: e44d 33e4 | eba3 c5f8 | 774c 8be4 | 4883 ec00 | 4883 e4f0 | e8d7 b777 | 1749 8be4 | 4d33 e4eb 
  0x00007f66a7bd2340: a1f4 f4f4 | f4f4 f4f4 
[/MachCode]
--------------------------------------------------------------------------------
stack at sp + 2 slots: 0x00007f66be3fc658 is pointing into the stack for thread: 0x00007f66b802b810
stack at sp + 3 slots: 0x00007f66a7867438 is at code_begin+1272 in an Interpreter codelet
return entry points  [0x00007f66a7866f40, 0x00007f66a7867bb8]  3192 bytes
stack at sp + 4 slots: 0x00007f66a7867438 is at code_begin+1272 in an Interpreter codelet
return entry points  [0x00007f66a7866f40, 0x00007f66a7867bb8]  3192 bytes
stack at sp + 5 slots: 0x000000041e099eb0 is an oop: jdk.internal.foreign.abi.NativeEntryPoint 
{0x000000041e099eb0} - klass: 'jdk/internal/foreign/abi/NativeEntryPoint' - flags: 

 - ---- fields (total size 3 words):
 - private final 'methodType' 'Ljava/lang/invoke/MethodType;' @12  a 'java/lang/invoke/MethodType'{0x000000041e0e4138} = (JJJ)V (0x83c1c827)
 - private final 'downcallStubAddress' 'J' @16  140078877581920 (0x00007f66a7bd2260)
stack at sp + 6 slots: 0x00007f66b8d26600 points into unknown readable memory: 0x00007f66b877adf0 | f0 ad 77 b8 66 7f 00 00
stack at sp + 7 slots: 0x0 is null

Lock stack of current Java thread (top to bottom):

--------------------------------------------------------------------------------
Decoding CodeBlob, name: nep_invoker_blob, at  [0x00007f66a7bd2260, 0x00007f66a7bd2348]  232 bytes
[MachCode]
  0x00007f66a7bd2260: 5548 8bec | c5f8 7749 | 89af 9004 | 0000 49ba | 6422 bda7 | 667f 0000 | 4d89 9788 | 0400 0049 
  0x00007f66a7bd2280: 89a7 8004 | 0000 41c7 | 872c 0500 | 0004 0000 | 004c 8bd6 | 488b f148 | 8bfa 41ff | d2c5 f877 
  0x00007f66a7bd22a0: 41c7 872c | 0500 0005 | 0000 00f0 | 8344 24c0 | 0049 3b6f | 280f 874d | 0000 0041 | 83bf 2805 
  0x00007f66a7bd22c0: 0000 000f | 853f 0000 | 0041 c787 | 2c05 0000 | 0800 0000 | 4183 bfa8 | 0500 0002 | 0f84 4400 
  0x00007f66a7bd22e0: 0000 49c7 | 8780 0400 | 0000 0000 | 0049 c787 | 9004 0000 | 0000 0000 | 49c7 8788 | 0400 0000 
  0x00007f66a7bd2300: 0000 00c5 | f877 c9c3 | 498b ffc5 | f877 4c8b | e448 83ec | 0048 83e4 | f0e8 52a6 | 2617 498b 
  0x00007f66a7bd2320: e44d 33e4 | eba3 c5f8 | 774c 8be4 | 4883 ec00 | 4883 e4f0 | e8d7 b777 | 1749 8be4 | 4d33 e4eb 
  0x00007f66a7bd2340: a1f4 f4f4 | f4f4 f4f4 
[/MachCode]
--------------------------------------------------------------------------------


Compiled method (c1) 18491 7669       3       java.lang.invoke.LambdaForm$MH/0x000000003d1b5800::invoke (56 bytes)
 total in heap  [0x00007f66a1cb6388,0x00007f66a1cb7150] = 3528
 main code      [0x00007f66a1cb6480,0x00007f66a1cb70c0] = 3136
 stub code      [0x00007f66a1cb70c0,0x00007f66a1cb7148] = 136
 oops           [0x00007f66a1cb7148,0x00007f66a1cb7150] = 8
 mutable data [0x00007f663874abf0,0x00007f663874acf8] = 264
 relocation     [0x00007f663874abf0,0x00007f663874acd0] = 224
 metadata       [0x00007f663874acd0,0x00007f663874acf8] = 40
 immutable data [0x00007f663874a8d0,0x00007f663874abe0] = 784
 dependencies   [0x00007f663874a8d0,0x00007f663874a8e0] = 16
 nul chk table  [0x00007f663874a8e0,0x00007f663874a918] = 56
 scopes pcs     [0x00007f663874a918,0x00007f663874aa98] = 384
 scopes data    [0x00007f663874aa98,0x00007f663874abe0] = 328

[Constant Pool (empty)]

[MachCode]
[Verified Entry Point]
  # {method} {0x00007f665d9f3f60} 'invoke' '(Ljava/lang/Object;Ljava/lang/Object;Ljava/lang/Object;)Ljava/lang/Object;' in 'java/lang/invoke/LambdaForm$MH+0x000000003d1b5800'
  # parm0:    rsi:rsi   = 'java/lang/Object'
  # parm1:    rdx:rdx   = 'java/lang/Object'
  # parm2:    rcx:rcx   = 'java/lang/Object'
  #           [sp+0xb0]  (sp of caller)
  0x00007f66a1cb6480: 8984 2400 | c0fe ff55 | 4881 eca0 | 0000 0090 | 4181 7f20 | 0500 0000 

  0x00007f66a1cb6498: ;   {runtime_call Stub::method_entry_barrier}
  0x00007f66a1cb6498: 7405 e821 

  0x00007f66a1cb649c: ;   {metadata(method data for {method} {0x00007f665d9f3f60} 'invoke' '(Ljava/lang/Object;Ljava/lang/Object;Ljava/lang/Object;)Ljava/lang/Object;' in 'java/lang/invoke/LambdaForm$MH+0x000000003d1b5800')}
  0x00007f66a1cb649c: 11be 0548 | bf00 20ea | 5d66 7f00 | 0048 8dbf | f002 0000 | 4885 f675 | 0cf6 0701 | 7548 f048 
  0x00007f66a1cb64bc: 830f 01eb | 418b 5e08 | 41ba 0000 | 003c 4903 | da4c 8bd3 | 4833 1f48 | f7c3 fcff | ffff 7426 
  0x00007f66a1cb64dc: f6c3 0275 | 2148 f707 | feff ffff | 7415 498b | da48 331f | 48f7 c3fc | ffff ff74 | 0948 830f 
  0x00007f66a1cb64fc: 02eb 0348 | 891f 4885 | d275 0ef6 | 4710 0175 | 4ef0 4883 | 4f10 01eb | 468b 5a08 | 41ba 0000 
  0x00007f66a1cb651c: 003c 4903 | da4c 8bd3 | 4833 5f10 | 48f7 c3fc | ffff ff74 | 2af6 c302 | 7525 48f7 | 4710 feff 
  0x00007f66a1cb653c: ffff 7417 | 498b da48 | 335f 1048 | f7c3 fcff | ffff 740b | 4883 4f10 | 02eb 0448 

  0x00007f66a1cb6558: ;   {metadata(method data for {method} {0x00007f665d9f3f60} 'invoke' '(Ljava/lang/Object;Ljava/lang/Object;Ljava/lang/Object;)Ljava/lang/Object;' in 'java/lang/invoke/LambdaForm$MH+0x000000003d1b5800')}
  0x00007f66a1cb6558: 895f 1048 | bf00 20ea | 5d66 7f00 | 008b 9f90 | 0000 0083 | c302 899f | 9000 0000 | 81e3 fe07 
  0x00007f66a1cb6578: 0000 85db | 0f84 f109 | 0000 4889 | 5424 6048 | 8974 2458 

  0x00007f66a1cb658c: ;   {metadata(method data for {method} {0x00007f665d9f3f60} 'invoke' '(Ljava/lang/Object;Ljava/lang/Object;Ljava/lang/Object;)Ljava/lang/Object;' in 'java/lang/invoke/LambdaForm$MH+0x000000003d1b5800')}
  0x00007f66a1cb658c: 48bf 0020 | ea5d 667f | 0000 488d | bfe8 0000 | 0048 85c9 | 750e f647 | 0801 754e | f048 834f 
  0x00007f66a1cb65ac: 0801 eb46 | 8b59 0841 | ba00 0000 | 3c49 03da | 4c8b d348 | 335f 0848 | f7c3 fcff | ffff 742a 
  0x00007f66a1cb65cc: f6c3 0275 | 2548 f747 | 08fe ffff | ff74 1749 | 8bda 4833 | 5f08 48f7 | c3fc ffff | ff74 0b48 
  0x00007f66a1cb65ec: 834f 0802 | eb04 4889 

  0x00007f66a1cb65f4: ;   {metadata(method data for {method} {0x00007f665d9f3f60} 'invoke' '(Ljava/lang/Object;Ljava/lang/Object;Ljava/lang/Object;)Ljava/lang/Object;' in 'java/lang/invoke/LambdaForm$MH+0x000000003d1b5800')}
  0x00007f66a1cb65f4: 5f08 48bf | 0020 ea5d | 667f 0000 | 4883 87d8 | 0000 0001 | 488b f1ba | 0200 0000 | 4889 4c24 
  0x00007f66a1cb6614: ;   {static_call}
  0x00007f66a1cb6614: 5066 90e8 

  0x00007f66a1cb6618: ; ImmutableOopMap {[80]=Oop [88]=Oop [96]=Oop }
                      ;*invokestatic checkSpreadArgument {reexecute=0 rethrow=0 return_oop=0}
                      ; - java.lang.invoke.LambdaForm$MH/0x000000003d1b5800::invoke@2
  0x00007f66a1cb6618: 64d9 9006 

  0x00007f66a1cb661c: ;   {post_call_nop}
  0x00007f66a1cb661c: 0f1f 8400 | 9402 0000 | 488b 4c24 | 5048 85c9 

  0x00007f66a1cb662c: ;   {metadata(method data for {method} {0x00007f665d9f3f60} 'invoke' '(Ljava/lang/Object;Ljava/lang/Object;Ljava/lang/Object;)Ljava/lang/Object;' in 'java/lang/invoke/LambdaForm$MH+0x000000003d1b5800')}
  0x00007f66a1cb662c: 48bf 0020 | ea5d 667f | 0000 750c | 808f f900 | 0000 01e9 | a700 0000 | 8b59 0841 | ba00 0000 
  0x00007f66a1cb664c: 3c49 03da | 483b 9f08 | 0100 0075 | 0d48 8387 | 1001 0000 | 01e9 6000 | 0000 483b | 9f18 0100 
  0x00007f66a1cb666c: 0075 0d48 | 8387 2001 | 0000 01e9 | 4a00 0000 | 4883 bf08 | 0100 0000 | 7517 4889 | 9f08 0100 
  0x00007f66a1cb668c: 0048 c787 | 1001 0000 | 0100 0000 | e929 0000 | 0048 83bf | 1801 0000 | 0075 1748 | 899f 1801 
  0x00007f66a1cb66ac: 0000 48c7 | 8720 0100 | 0001 0000 | 00e9 0800 | 0000 4883 | 8700 0100 

  0x00007f66a1cb66c4: ;   {metadata('java/lang/Object'[])}
  0x00007f66a1cb66c4: 0001 48bb | e01f 173c | 0000 0000 | 8b79 0841 | ba00 0000 | 3c49 03fa | 483b 5f38 | 0f85 ae08 
  0x00007f66a1cb66e4: 0000 e900 | 0000 0048 | 8bd1 837a | 0c00 0f86 | af08 0000 | 8b7a 1048 | c1e7 0383 | 7a0c 010f 
  0x00007f66a1cb6704: 86b0 0800 | 008b 5a14 | 48c1 e303 | 488b 7424 | 5848 85f6 

  0x00007f66a1cb6718: ;   {metadata(method data for {method} {0x00007f665d9f3f60} 'invoke' '(Ljava/lang/Object;Ljava/lang/Object;Ljava/lang/Object;)Ljava/lang/Object;' in 'java/lang/invoke/LambdaForm$MH+0x000000003d1b5800')}
  0x00007f66a1cb6718: 48b8 0020 | ea5d 667f | 0000 750c | 8088 2901 | 0000 01e9 | a600 0000 | 8b4e 0841 | ba00 0000 
  0x00007f66a1cb6738: 3c49 03ca | 483b 8838 | 0100 0075 | 0d48 8380 | 4001 0000 | 01e9 6000 | 0000 483b | 8848 0100 
  0x00007f66a1cb6758: 0075 0d48 | 8380 5001 | 0000 01e9 | 4a00 0000 | 4883 b838 | 0100 0000 | 7517 4889 | 8838 0100 
  0x00007f66a1cb6778: 0048 c780 | 4001 0000 | 0100 0000 | e929 0000 | 0048 83b8 | 4801 0000 | 0075 1748 | 8988 4801 
  0x00007f66a1cb6798: 0000 48c7 | 8050 0100 | 0001 0000 | 00e9 0800 | 0000 4883 | 8030 0100 

  0x00007f66a1cb67b0: ;   {metadata('java/lang/invoke/BoundMethodHandle$Species_L')}
  0x00007f66a1cb67b0: 0001 48b9 | c0ac 323c | 0000 0000 | 8b56 0841 | ba00 0000 | 3c49 03d2 | 483b ca0f | 85fa 0700 
  0x00007f66a1cb67d0: 00e9 0000 | 0000 488b | d68b 5220 | 48c1 e203 | 488b 7424 | 6048 85f6 

  0x00007f66a1cb67e8: ;   {metadata(method data for {method} {0x00007f665d9f3f60} 'invoke' '(Ljava/lang/Object;Ljava/lang/Object;Ljava/lang/Object;)Ljava/lang/Object;' in 'java/lang/invoke/LambdaForm$MH+0x000000003d1b5800')}
  0x00007f66a1cb67e8: 48b9 0020 | ea5d 667f | 0000 750c | 8089 5901 | 0000 01e9 | a800 0000 | 448b 4608 | 41ba 0000 
  0x00007f66a1cb6808: 003c 4d03 | c24c 3b81 | 6801 0000 | 750d 4883 | 8170 0100 | 0001 e960 | 0000 004c | 3b81 7801 
  0x00007f66a1cb6828: 0000 750d | 4883 8180 | 0100 0001 | e94a 0000 | 0048 83b9 | 6801 0000 | 0075 174c | 8981 6801 
  0x00007f66a1cb6848: 0000 48c7 | 8170 0100 | 0001 0000 | 00e9 2900 | 0000 4883 | b978 0100 | 0000 7517 | 4c89 8178 
  0x00007f66a1cb6868: 0100 0048 | c781 8001 | 0000 0100 | 0000 e908 | 0000 0048 | 8381 6001 

  0x00007f66a1cb6880: ;   {metadata('java/lang/invoke/MethodHandle')}
  0x00007f66a1cb6880: 0000 0149 | b890 e51e | 3c00 0000 | 008b 4e08 | 41ba 0000 | 003c 4903 | ca4c 3b41 | 380f 8536 
  0x00007f66a1cb68a0: 0700 00e9 | 0000 0000 | 488b c648 

  0x00007f66a1cb68ac: ;   {metadata(method data for {method} {0x00007f665d9f3f60} 'invoke' '(Ljava/lang/Object;Ljava/lang/Object;Ljava/lang/Object;)Ljava/lang/Object;' in 'java/lang/invoke/LambdaForm$MH+0x000000003d1b5800')}
  0x00007f66a1cb68ac: 85d2 48be | 0020 ea5d | 667f 0000 | 750c 808e | 8901 0000 | 01e9 a700 | 0000 448b | 4208 41ba 
  0x00007f66a1cb68cc: 0000 003c | 4d03 c24c | 3b86 9801 | 0000 750d | 4883 86a0 | 0100 0001 | e960 0000 | 004c 3b86 
  0x00007f66a1cb68ec: a801 0000 | 750d 4883 | 86b0 0100 | 0001 e94a | 0000 0048 | 83be 9801 | 0000 0075 | 174c 8986 
  0x00007f66a1cb690c: 9801 0000 | 48c7 86a0 | 0100 0001 | 0000 00e9 | 2900 0000 | 4883 bea8 | 0100 0000 | 7517 4c89 
  0x00007f66a1cb692c: 86a8 0100 | 0048 c786 | b001 0000 | 0100 0000 | e908 0000 | 0048 8386 | 9001 0000 

  0x00007f66a1cb6948: ;   {metadata('java/lang/invoke/MethodType')}
  0x00007f66a1cb6948: 0149 b860 | f81e 3c00 | 0000 008b | 4a08 41ba | 0000 003c | 4903 ca4c | 3bc1 0f85 | 7a06 0000 
  0x00007f66a1cb6968: e900 0000 | 0048 8bca 

  0x00007f66a1cb6970: ;   {metadata(method data for {method} {0x00007f665d9f3f60} 'invoke' '(Ljava/lang/Object;Ljava/lang/Object;Ljava/lang/Object;)Ljava/lang/Object;' in 'java/lang/invoke/LambdaForm$MH+0x000000003d1b5800')}
  0x00007f66a1cb6970: 48ba 0020 | ea5d 667f | 0000 488d | 92d0 0100 | 0048 85c0 | 750e f642 | 0801 754f | f048 834a 
  0x00007f66a1cb6990: 0801 eb47 | 8b70 0841 | ba00 0000 | 3c49 03f2 | 4c8b d648 | 3372 0848 | f7c6 fcff | ffff 742b 
  0x00007f66a1cb69b0: 40f6 c602 | 7525 48f7 | 4208 feff | ffff 7417 | 498b f248 | 3372 0848 | f7c6 fcff | ffff 740b 
  0x00007f66a1cb69d0: 4883 4a08 | 02eb 0448 | 8972 0848 | 85c9 750c | f642 1801 | 7506 f048 | 834a 1801 

  0x00007f66a1cb69ec: ;   {metadata(method data for {method} {0x00007f665d9f3f60} 'invoke' '(Ljava/lang/Object;Ljava/lang/Object;Ljava/lang/Object;)Ljava/lang/Object;' in 'java/lang/invoke/LambdaForm$MH+0x000000003d1b5800')}
  0x00007f66a1cb69ec: 48ba 0020 | ea5d 667f | 0000 4883 | 82c0 0100 

  0x00007f66a1cb69fc: ;   {metadata(method data for {method} {0x000000003c470010} 'checkGenericType' '(Ljava/lang/invoke/MethodHandle;Ljava/lang/invoke/MethodType;)Ljava/lang/invoke/MethodHandle;' in 'java/lang/invoke/Invokers')}
  0x00007f66a1cb69fc: 0001 48ba | e06b b15d | 667f 0000 | 8bb2 9000 | 0000 83c6 | 0289 b290 | 0000 0081 | e6fe ff1f 
  0x00007f66a1cb6a1c: 0085 f60f | 84c6 0500 | 0048 3b00 

  0x00007f66a1cb6a28: ;   {metadata(method data for {method} {0x000000003c470010} 'checkGenericType' '(Ljava/lang/invoke/MethodHandle;Ljava/lang/invoke/MethodType;)Ljava/lang/invoke/MethodHandle;' in 'java/lang/invoke/Invokers')}
  0x00007f66a1cb6a28: 488b d048 | bee0 6bb1 | 5d66 7f00 | 008b 5208 | 41ba 0000 | 003c 4903 | d248 3b96 | e000 0000 
  0x00007f66a1cb6a48: 750d 4883 | 86e8 0000 | 0001 e960 | 0000 0048 | 3b96 f000 | 0000 750d | 4883 86f8 | 0000 0001 
  0x00007f66a1cb6a68: e94a 0000 | 0048 83be | e000 0000 | 0075 1748 | 8996 e000 | 0000 48c7 | 86e8 0000 | 0001 0000 
  0x00007f66a1cb6a88: 00e9 2900 | 0000 4883 | bef0 0000 | 0000 7517 | 4889 96f0 | 0000 0048 | c786 f800 | 0000 0100 
  0x00007f66a1cb6aa8: 0000 e908 | 0000 0048 | 8386 d800 

  0x00007f66a1cb6ab4: ;   {metadata(method data for {method} {0x000000003c4783e0} 'asType' '(Ljava/lang/invoke/MethodType;)Ljava/lang/invoke/MethodHandle;' in 'java/lang/invoke/MethodHandle')}
  0x00007f66a1cb6ab4: 0000 0148 | ba90 f924 | 5c66 7f00 | 008b b290 | 0000 0083 | c602 89b2 | 9000 0000 | 81e6 feff 
  0x00007f66a1cb6ad4: 1f00 85f6 | 0f84 3305 | 0000 8b50 | 1048 c1e2 | 0348 3bca 

  0x00007f66a1cb6ae8: ;   {metadata(method data for {method} {0x000000003c4783e0} 'asType' '(Ljava/lang/invoke/MethodType;)Ljava/lang/invoke/MethodHandle;' in 'java/lang/invoke/MethodHandle')}
  0x00007f66a1cb6ae8: 48ba 90f9 | 245c 667f | 0000 bee8 | 0000 0074 | 05be d800 | 0000 4c8b | 0432 4d8d | 4001 4c89 
  0x00007f66a1cb6b08: 0432 4889 | 9c24 8000 | 0000 4889 | 7c24 780f | 8497 0000 | 0048 8bd0 

  0x00007f66a1cb6b20: ;   {metadata(method data for {method} {0x000000003c4783e0} 'asType' '(Ljava/lang/invoke/MethodType;)Ljava/lang/invoke/MethodHandle;' in 'java/lang/invoke/MethodHandle')}
  0x00007f66a1cb6b20: 48be 90f9 | 245c 667f | 0000 4883 | 86f8 0000 | 0001 488b | d148 8bf0 | 4889 4c24 | 7048 8944 
  0x00007f66a1cb6b40: 2468 0f1f 

  0x00007f66a1cb6b44: ;   {optimized virtual_call}
  0x00007f66a1cb6b44: 4400 00e8 

  0x00007f66a1cb6b48: ; ImmutableOopMap {[104]=Oop [112]=Oop [120]=Oop [128]=Oop }
                      ;*invokevirtual asTypeCached {reexecute=0 rethrow=0 return_oop=0}
                      ; - java.lang.invoke.MethodHandle::asType@12 (line 869)
                      ; - java.lang.invoke.Invokers::checkGenericType@2 (line 541)
                      ; - java.lang.invoke.LambdaForm$MH/0x000000003d1b5800::invoke@37
  0x00007f66a1cb6b48: 946f bf05 

  0x00007f66a1cb6b4c: ;   {post_call_nop}
  0x00007f66a1cb6b4c: 0f1f 8400 | c407 0001 

  0x00007f66a1cb6b54: ;   {metadata(method data for {method} {0x000000003c4783e0} 'asType' '(Ljava/lang/invoke/MethodType;)Ljava/lang/invoke/MethodHandle;' in 'java/lang/invoke/MethodHandle')}
  0x00007f66a1cb6b54: 4885 c048 | ba90 f924 | 5c66 7f00 | 00be 3801 | 0000 7505 | be28 0100 | 0048 8b3c | 3248 8d7f 
  0x00007f66a1cb6b74: 0148 893c | 320f 8535 | 0000 0048 | 8b4c 2470 | 488b 4424 | 6848 8bd0 

  0x00007f66a1cb6b8c: ;   {metadata(method data for {method} {0x000000003c4783e0} 'asType' '(Ljava/lang/invoke/MethodType;)Ljava/lang/invoke/MethodHandle;' in 'java/lang/invoke/MethodHandle')}
  0x00007f66a1cb6b8c: 48be 90f9 | 245c 667f | 0000 4883 | 8648 0100 | 0001 488b | d148 8bf0 

  0x00007f66a1cb6ba4: ;   {optimized virtual_call}
  0x00007f66a1cb6ba4: 6666 90e8 

  0x00007f66a1cb6ba8: ; ImmutableOopMap {[120]=Oop [128]=Oop }
                      ;*invokevirtual setAsTypeCache {reexecute=0 rethrow=0 return_oop=0}
                      ; - java.lang.invoke.MethodHandle::asType@24 (line 873)
                      ; - java.lang.invoke.Invokers::checkGenericType@2 (line 541)
                      ; - java.lang.invoke.LambdaForm$MH/0x000000003d1b5800::invoke@37
  0x00007f66a1cb6ba8: 346f bf05 

  0x00007f66a1cb6bac: ;   {post_call_nop}
  0x00007f66a1cb6bac: 0f1f 8400 | 2408 0002 

  0x00007f66a1cb6bb4: ;   {metadata(method data for {method} {0x00007f665d9f3f60} 'invoke' '(Ljava/lang/Object;Ljava/lang/Object;Ljava/lang/Object;)Ljava/lang/Object;' in 'java/lang/invoke/LambdaForm$MH+0x000000003d1b5800')}
  0x00007f66a1cb6bb4: 48be 0020 | ea5d 667f | 0000 488d | b6f0 0100 | 0048 85c0 | 750c f606 | 0175 49f0 | 4883 0e01 
  0x00007f66a1cb6bd4: eb42 8b78 | 0841 ba00 | 0000 3c49 | 03fa 4c8b | d748 333e | 48f7 c7fc | ffff ff74 | 2740 f6c7 
  0x00007f66a1cb6bf4: 0275 2148 | f706 feff | ffff 7415 | 498b fa48 | 333e 48f7 | c7fc ffff | ff74 0948 | 830e 02eb 
  0x00007f66a1cb6c14: 0348 893e 

  0x00007f66a1cb6c18: ;   {metadata(method data for {method} {0x00007f665d9f3f60} 'invoke' '(Ljava/lang/Object;Ljava/lang/Object;Ljava/lang/Object;)Ljava/lang/Object;' in 'java/lang/invoke/LambdaForm$MH+0x000000003d1b5800')}
  0x00007f66a1cb6c18: 48be 0020 | ea5d 667f | 0000 488d | b610 0200 | 0048 85c0 | 750e f646 | 0801 754f | f048 834e 
  0x00007f66a1cb6c38: 0801 eb47 | 8b78 0841 | ba00 0000 | 3c49 03fa | 4c8b d748 | 337e 0848 | f7c7 fcff | ffff 742b 
  0x00007f66a1cb6c58: 40f6 c702 | 7525 48f7 | 4608 feff | ffff 7417 | 498b fa48 | 337e 0848 | f7c7 fcff | ffff 740b 
  0x00007f66a1cb6c78: 4883 4e08 | 02eb 0448 

  0x00007f66a1cb6c80: ;   {metadata(method data for {method} {0x00007f665d9f3f60} 'invoke' '(Ljava/lang/Object;Ljava/lang/Object;Ljava/lang/Object;)Ljava/lang/Object;' in 'java/lang/invoke/LambdaForm$MH+0x000000003d1b5800')}
  0x00007f66a1cb6c80: 897e 0848 | be00 20ea | 5d66 7f00 | 0048 8386 | 0002 0000 

  0x00007f66a1cb6c94: ;   {metadata(method data for {method} {0x000000003c46ff60} 'checkCustomized' '(Ljava/lang/invoke/MethodHandle;)V' in 'java/lang/invoke/Invokers')}
  0x00007f66a1cb6c94: 0148 bef0 | 552a 5c66 | 7f00 008b | be90 0000 | 0083 c702 | 89be 9000 | 0000 81e7 | feff 1f00 
  0x00007f66a1cb6cb4: 85ff 0f84 | 7603 0000 

  0x00007f66a1cb6cbc: ;   {metadata(method data for {method} {0x000000003c46ff60} 'checkCustomized' '(Ljava/lang/invoke/MethodHandle;)V' in 'java/lang/invoke/Invokers')}
  0x00007f66a1cb6cbc: 48be f055 | 2a5c 667f | 0000 4883 | 86d8 0000 

  0x00007f66a1cb6ccc: ;   {metadata(method data for {method} {0x000000003c1f59a8} 'isCompileConstant' '(Ljava/lang/Object;)Z' in 'java/lang/invoke/MethodHandleImpl')}
  0x00007f66a1cb6ccc: 0001 48be | 105a 2a5c | 667f 0000 | 8bbe 9000 | 0000 83c7 | 0289 be90 | 0000 0081 | e7fe ff1f 
  0x00007f66a1cb6cec: 0085 ff0f | 845e 0300 

  0x00007f66a1cb6cf4: ;   {metadata(method data for {method} {0x000000003c46ff60} 'checkCustomized' '(Ljava/lang/invoke/MethodHandle;)V' in 'java/lang/invoke/Invokers')}
  0x00007f66a1cb6cf4: 0048 bef0 | 552a 5c66 | 7f00 00ff | 86e8 0000 | 008b 7014 | 48c1 e603 

  0x00007f66a1cb6d0c: ; implicit exception: dispatches to 0x00007f66a1cb7079
  0x00007f66a1cb6d0c: 8b76 1c48 | c1e6 0348 

  0x00007f66a1cb6d14: ;   {metadata(method data for {method} {0x000000003c46ff60} 'checkCustomized' '(Ljava/lang/invoke/MethodHandle;)V' in 'java/lang/invoke/Invokers')}
  0x00007f66a1cb6d14: 85f6 48be | f055 2a5c | 667f 0000 | bf18 0100 | 0074 05bf | 0801 0000 | 488b 1c3e | 488d 5b01 
  0x00007f66a1cb6d34: 4889 1c3e | 0f84 0d00 | 0000 4889 | 8424 8800 | 0000 e931 

  0x00007f66a1cb6d48: ;   {metadata(method data for {method} {0x000000003c46ff60} 'checkCustomized' '(Ljava/lang/invoke/MethodHandle;)V' in 'java/lang/invoke/Invokers')}
  0x00007f66a1cb6d48: 0000 0048 | bef0 552a | 5c66 7f00 | 0048 8386 | 2801 0000 | 0148 8bf0 | 4889 8424 | 8800 0000 
  0x00007f66a1cb6d68: 0f1f 8000 

  0x00007f66a1cb6d6c: ;   {static_call}
  0x00007f66a1cb6d6c: 0000 00e8 

  0x00007f66a1cb6d70: ; ImmutableOopMap {[120]=Oop [128]=Oop [136]=Oop }
                      ;*invokestatic maybeCustomize {reexecute=0 rethrow=0 return_oop=0}
                      ; - java.lang.invoke.Invokers::checkCustomized@19 (line 626)
                      ; - java.lang.invoke.LambdaForm$MH/0x000000003d1b5800::invoke@44
  0x00007f66a1cb6d70: 0c5f 8606 

  0x00007f66a1cb6d74: ;   {post_call_nop}
  0x00007f66a1cb6d74: 0f1f 8400 | ec09 0003 | 488b 8424 | 8800 0000 | 488b 9c24 | 8000 0000 | 488b 7c24 

  0x00007f66a1cb6d90: ;   {metadata(method data for {method} {0x00007f665d9f3f60} 'invoke' '(Ljava/lang/Object;Ljava/lang/Object;Ljava/lang/Object;)Ljava/lang/Object;' in 'java/lang/invoke/LambdaForm$MH+0x000000003d1b5800')}
  0x00007f66a1cb6d90: 7848 ba00 | 20ea 5d66 | 7f00 0048 | 8d92 5802 | 0000 4885 | ff75 0ef6 | 4208 0175 | 4ef0 4883 
  0x00007f66a1cb6db0: 4a08 01eb | 468b 4f08 | 41ba 0000 | 003c 4903 | ca4c 8bd1 | 4833 4a08 | 48f7 c1fc | ffff ff74 
  0x00007f66a1cb6dd0: 2af6 c102 | 7525 48f7 | 4208 feff | ffff 7417 | 498b ca48 | 334a 0848 | f7c1 fcff | ffff 740b 
  0x00007f66a1cb6df0: 4883 4a08 | 02eb 0448 | 894a 0848 | 85db 750e | f642 1801 | 754e f048 | 834a 1801 | eb46 8b4b 
  0x00007f66a1cb6e10: 0841 ba00 | 0000 3c49 | 03ca 4c8b | d148 334a | 1848 f7c1 | fcff ffff | 742a f6c1 | 0275 2548 
  0x00007f66a1cb6e30: f742 18fe | ffff ff74 | 1749 8bca | 4833 4a18 | 48f7 c1fc | ffff ff74 | 0b48 834a | 1802 eb04 
  0x00007f66a1cb6e50: 4889 4a18 

  0x00007f66a1cb6e54: ;   {metadata(method data for {method} {0x00007f665d9f3f60} 'invoke' '(Ljava/lang/Object;Ljava/lang/Object;Ljava/lang/Object;)Ljava/lang/Object;' in 'java/lang/invoke/LambdaForm$MH+0x000000003d1b5800')}
  0x00007f66a1cb6e54: 488b d048 | b900 20ea | 5d66 7f00 | 008b 5208 | 41ba 0000 | 003c 4903 | d248 3b91 | 3002 0000 
  0x00007f66a1cb6e74: 750d 4883 | 8138 0200 | 0001 e960 | 0000 0048 | 3b91 4002 | 0000 750d | 4883 8148 | 0200 0001 
  0x00007f66a1cb6e94: e94a 0000 | 0048 83b9 | 3002 0000 | 0075 1748 | 8991 3002 | 0000 48c7 | 8138 0200 | 0001 0000 
  0x00007f66a1cb6eb4: 00e9 2900 | 0000 4883 | b940 0200 | 0000 7517 | 4889 9140 | 0200 0048 | c781 4802 | 0000 0100 
  0x00007f66a1cb6ed4: 0000 e908 | 0000 0048 | 8381 2802 | 0000 0148 | 8bd7 488b | cb48 8bf0 

  0x00007f66a1cb6eec: ;   {optimized virtual_call}
  0x00007f66a1cb6eec: 6666 90e8 

  0x00007f66a1cb6ef0: ; ImmutableOopMap {}
                      ;*invokevirtual invokeBasic {reexecute=0 rethrow=0 return_oop=0}
                      ; - java.lang.invoke.LambdaForm$MH/0x000000003d1b5800::invoke@52
  0x00007f66a1cb6ef0: 8c39 3006 

  0x00007f66a1cb6ef4: ;   {post_call_nop}
  0x00007f66a1cb6ef4: 0f1f 8400 | 6c0b 0004 

  0x00007f66a1cb6efc: ;   {metadata(method data for {method} {0x00007f665d9f3f60} 'invoke' '(Ljava/lang/Object;Ljava/lang/Object;Ljava/lang/Object;)Ljava/lang/Object;' in 'java/lang/invoke/LambdaForm$MH+0x000000003d1b5800')}
  0x00007f66a1cb6efc: 48be 0020 | ea5d 667f | 0000 488d | b678 0200 | 0048 85c0 | 750c f606 | 0175 49f0 | 4883 0e01 
  0x00007f66a1cb6f1c: eb42 8b78 | 0841 ba00 | 0000 3c49 | 03fa 4c8b | d748 333e | 48f7 c7fc | ffff ff74 | 2740 f6c7 
  0x00007f66a1cb6f3c: 0275 2148 | f706 feff | ffff 7415 | 498b fa48 | 333e 48f7 | c7fc ffff | ff74 0948 | 830e 02eb 
  0x00007f66a1cb6f5c: 0348 893e | 4881 c4a0 | 0000 005d 

  0x00007f66a1cb6f68: ;   {poll_return}
  0x00007f66a1cb6f68: 493b 6728 | 0f87 0c01 

  0x00007f66a1cb6f70: ;   {metadata({method} {0x00007f665d9f3f60} 'invoke' '(Ljava/lang/Object;Ljava/lang/Object;Ljava/lang/Object;)Ljava/lang/Object;' in 'java/lang/invoke/LambdaForm$MH+0x000000003d1b5800')}
  0x00007f66a1cb6f70: 0000 c349 | ba60 3f9f | 5d66 7f00 | 004c 8954 | 2408 48c7 | 0424 ffff 

  0x00007f66a1cb6f88: ;   {runtime_call C1 Runtime counter_overflow_blob}
  0x00007f66a1cb6f88: ffff e8d1 

  0x00007f66a1cb6f8c: ; ImmutableOopMap {rsi=Oop rdx=Oop rcx=Oop }
                      ;*synchronization entry
                      ; - java.lang.invoke.LambdaForm$MH/0x000000003d1b5800::invoke@-1
  0x00007f66a1cb6f8c: 51cd 05e9 | eef5 ffff | 4889 0c24 

  0x00007f66a1cb6f98: ;   {runtime_call C1 Runtime throw_class_cast_exception_blob}
  0x00007f66a1cb6f98: e8c3 14cd 

  0x00007f66a1cb6f9c: ; ImmutableOopMap {[88]=Oop [96]=Oop }
                      ;*checkcast {reexecute=0 rethrow=0 return_oop=0}
                      ; - java.lang.invoke.LambdaForm$MH/0x000000003d1b5800::invoke@6
                      ;   {runtime_call C1 Runtime throw_null_pointer_exception_blob}
  0x00007f66a1cb6f9c: 05e8 3ee7 

  0x00007f66a1cb6fa0: ; ImmutableOopMap {rdx=Oop [88]=Oop [96]=Oop }
                      ;*aaload {reexecute=0 rethrow=0 return_oop=0}
                      ; - java.lang.invoke.LambdaForm$MH/0x000000003d1b5800::invoke@12
                      ;   {runtime_call C1 Runtime throw_null_pointer_exception_blob}
  0x00007f66a1cb6fa0: cc05 e839 

  0x00007f66a1cb6fa4: ; ImmutableOopMap {rdx=Oop [88]=Oop [96]=Oop }
                      ;*aaload {reexecute=0 rethrow=0 return_oop=0}
                      ; - java.lang.invoke.LambdaForm$MH/0x000000003d1b5800::invoke@12
  0x00007f66a1cb6fa4: e7cc 0548 | c704 2400 | 0000 0048 | 8954 2408 

  0x00007f66a1cb6fb4: ;   {runtime_call C1 Runtime throw_range_check_failed_blob}
  0x00007f66a1cb6fb4: e827 decc 

  0x00007f66a1cb6fb8: ; ImmutableOopMap {rdx=Oop [88]=Oop [96]=Oop }
                      ;*aaload {reexecute=0 rethrow=0 return_oop=0}
                      ; - java.lang.invoke.LambdaForm$MH/0x000000003d1b5800::invoke@12
  0x00007f66a1cb6fb8: 0548 c704 | 2401 0000 | 0048 8954 

  0x00007f66a1cb6fc4: ;   {runtime_call C1 Runtime throw_range_check_failed_blob}
  0x00007f66a1cb6fc4: 2408 e815 

  0x00007f66a1cb6fc8: ; ImmutableOopMap {rdx=Oop rdi=Oop [88]=Oop [96]=Oop }
                      ;*aaload {reexecute=0 rethrow=0 return_oop=0}
                      ; - java.lang.invoke.LambdaForm$MH/0x000000003d1b5800::invoke@16
  0x00007f66a1cb6fc8: decc 0548 

  0x00007f66a1cb6fcc: ;   {runtime_call C1 Runtime throw_class_cast_exception_blob}
  0x00007f66a1cb6fcc: 8934 24e8 

  0x00007f66a1cb6fd0: ; ImmutableOopMap {rdi=Oop rbx=Oop [96]=Oop }
                      ;*checkcast {reexecute=0 rethrow=0 return_oop=0}
                      ; - java.lang.invoke.LambdaForm$MH/0x000000003d1b5800::invoke@20
  0x00007f66a1cb6fd0: 8c14 cd05 

  0x00007f66a1cb6fd4: ;   {runtime_call C1 Runtime throw_null_pointer_exception_blob}
  0x00007f66a1cb6fd4: e807 e7cc 

  0x00007f66a1cb6fd8: ; ImmutableOopMap {rdi=Oop rbx=Oop [96]=Oop }
                      ;*getfield argL0 {reexecute=1 rethrow=0 return_oop=0}
                      ; - (reexecute) java.lang.invoke.LambdaForm$MH/0x000000003d1b5800::invoke@23
  0x00007f66a1cb6fd8: 0548 8934 

  0x00007f66a1cb6fdc: ;   {runtime_call C1 Runtime throw_class_cast_exception_blob}
  0x00007f66a1cb6fdc: 24e8 7e14 

  0x00007f66a1cb6fe0: ; ImmutableOopMap {rdi=Oop rbx=Oop rdx=Oop }
                      ;*checkcast {reexecute=0 rethrow=0 return_oop=0}
                      ; - java.lang.invoke.LambdaForm$MH/0x000000003d1b5800::invoke@29
  0x00007f66a1cb6fe0: cd05 4889 

  0x00007f66a1cb6fe4: ;   {runtime_call C1 Runtime throw_class_cast_exception_blob}
  0x00007f66a1cb6fe4: 1424 e875 

  0x00007f66a1cb6fe8: ; ImmutableOopMap {rdi=Oop rbx=Oop rax=Oop }
                      ;*checkcast {reexecute=0 rethrow=0 return_oop=0}
                      ; - java.lang.invoke.LambdaForm$MH/0x000000003d1b5800::invoke@34
                      ;   {metadata({method} {0x000000003c470010} 'checkGenericType' '(Ljava/lang/invoke/MethodHandle;Ljava/lang/invoke/MethodType;)Ljava/lang/invoke/MethodHandle;' in 'java/lang/invoke/Invokers')}
  0x00007f66a1cb6fe8: 14cd 0549 | ba10 0047 | 3c00 0000 | 004c 8954 | 2408 48c7 | 0424 ffff 

  0x00007f66a1cb7000: ;   {runtime_call C1 Runtime counter_overflow_blob}
  0x00007f66a1cb7000: ffff e859 

  0x00007f66a1cb7004: ; ImmutableOopMap {rdi=Oop rbx=Oop rax=Oop rcx=Oop }
                      ;*synchronization entry
                      ; - java.lang.invoke.Invokers::checkGenericType@-1 (line 541)
                      ; - java.lang.invoke.LambdaForm$MH/0x000000003d1b5800::invoke@37
  0x00007f66a1cb7004: 51cd 05e9 | 19fa ffff 

  0x00007f66a1cb700c: ;   {runtime_call C1 Runtime throw_null_pointer_exception_blob}
  0x00007f66a1cb700c: e8cf e6cc 

  0x00007f66a1cb7010: ; ImmutableOopMap {rdi=Oop rbx=Oop rax=Oop rcx=Oop }
                      ;*invokevirtual asType {reexecute=0 rethrow=0 return_oop=0}
                      ; - java.lang.invoke.Invokers::checkGenericType@2 (line 541)
                      ; - java.lang.invoke.LambdaForm$MH/0x000000003d1b5800::invoke@37
                      ;   {metadata({method} {0x000000003c4783e0} 'asType' '(Ljava/lang/invoke/MethodType;)Ljava/lang/invoke/MethodHandle;' in 'java/lang/invoke/MethodHandle')}
  0x00007f66a1cb7010: 0549 bae0 | 8347 3c00 | 0000 004c | 8954 2408 | 48c7 0424 | ffff ffff 

  0x00007f66a1cb7028: ;   {runtime_call C1 Runtime counter_overflow_blob}
  0x00007f66a1cb7028: e833 51cd 

  0x00007f66a1cb702c: ; ImmutableOopMap {rdi=Oop rbx=Oop rax=Oop rcx=Oop }
                      ;*synchronization entry
                      ; - java.lang.invoke.MethodHandle::asType@-1 (line 865)
                      ; - java.lang.invoke.Invokers::checkGenericType@2 (line 541)
                      ; - java.lang.invoke.LambdaForm$MH/0x000000003d1b5800::invoke@37
  0x00007f66a1cb702c: 05e9 acfa 

  0x00007f66a1cb7030: ;   {metadata({method} {0x000000003c46ff60} 'checkCustomized' '(Ljava/lang/invoke/MethodHandle;)V' in 'java/lang/invoke/Invokers')}
  0x00007f66a1cb7030: ffff 49ba | 60ff 463c | 0000 0000 | 4c89 5424 | 0848 c704 | 24ff ffff 

  0x00007f66a1cb7048: ;   {runtime_call C1 Runtime counter_overflow_blob}
  0x00007f66a1cb7048: ffe8 1251 

  0x00007f66a1cb704c: ; ImmutableOopMap {rax=Oop [120]=Oop [128]=Oop }
                      ;*synchronization entry
                      ; - java.lang.invoke.Invokers::checkCustomized@-1 (line 622)
                      ; - java.lang.invoke.LambdaForm$MH/0x000000003d1b5800::invoke@44
  0x00007f66a1cb704c: cd05 e969 

  0x00007f66a1cb7050: ;   {metadata({method} {0x000000003c1f59a8} 'isCompileConstant' '(Ljava/lang/Object;)Z' in 'java/lang/invoke/MethodHandleImpl')}
  0x00007f66a1cb7050: fcff ff49 | baa8 591f | 3c00 0000 | 004c 8954 | 2408 48c7 | 0424 ffff 

  0x00007f66a1cb7068: ;   {runtime_call C1 Runtime counter_overflow_blob}
  0x00007f66a1cb7068: ffff e8f1 

  0x00007f66a1cb706c: ; ImmutableOopMap {rax=Oop [120]=Oop [128]=Oop }
                      ;*synchronization entry
                      ; - java.lang.invoke.MethodHandleImpl::isCompileConstant@-1 (line 625)
                      ; - java.lang.invoke.Invokers::checkCustomized@1 (line 622)
                      ; - java.lang.invoke.LambdaForm$MH/0x000000003d1b5800::invoke@44
  0x00007f66a1cb706c: 50cd 05e9 | 81fc ffff 

  0x00007f66a1cb7074: ;   {runtime_call C1 Runtime throw_null_pointer_exception_blob}
  0x00007f66a1cb7074: e867 e6cc 

  0x00007f66a1cb7078: ; ImmutableOopMap {rax=Oop [120]=Oop [128]=Oop }
                      ;*getfield form {reexecute=1 rethrow=0 return_oop=0}
                      ; - (reexecute) java.lang.invoke.Invokers::checkCustomized@9 (line 625)
                      ; - java.lang.invoke.LambdaForm$MH/0x000000003d1b5800::invoke@44
                      ;   {runtime_call C1 Runtime throw_null_pointer_exception_blob}
  0x00007f66a1cb7078: 05e8 62e6 

  0x00007f66a1cb707c: ; ImmutableOopMap {rax=Oop [120]=Oop [128]=Oop }
                      ;*getfield customized {reexecute=1 rethrow=0 return_oop=0}
                      ; - (reexecute) java.lang.invoke.Invokers::checkCustomized@12 (line 625)
                      ; - java.lang.invoke.LambdaForm$MH/0x000000003d1b5800::invoke@44
                      ;   {internal_word}
  0x00007f66a1cb707c: cc05 49ba | 686f cba1 | 667f 0000 | 4d89 9738 

  0x00007f66a1cb708c: ;   {runtime_call SafepointBlob}
  0x00007f66a1cb708c: 0500 00e9 | cc9a bf05 | 498b 87e0 | 0500 0049 | c787 e005 | 0000 0000 | 0000 49c7 | 87e8 0500 
  0x00007f66a1cb70ac: 0000 0000 | 0048 81c4 | a000 0000 

  0x00007f66a1cb70b8: ;   {runtime_call C1 Runtime unwind_exception_blob}
  0x00007f66a1cb70b8: 5de9 22d7 | cc05 f4f4 
[Stub Code]
  0x00007f66a1cb70c0: ;   {static_stub}
  0x00007f66a1cb70c0: 48bb 0000 | 0000 0000 

  0x00007f66a1cb70c8: ;   {runtime_call nmethod}
  0x00007f66a1cb70c8: 0000 e9fb 

  0x00007f66a1cb70cc: ;   {static_stub}
  0x00007f66a1cb70cc: ffff ff48 | bb00 0000 | 0000 0000 

  0x00007f66a1cb70d8: ;   {runtime_call nmethod}
  0x00007f66a1cb70d8: 00e9 fbff 

  0x00007f66a1cb70dc: ;   {static_stub}
  0x00007f66a1cb70dc: ffff 48bb | 0000 0000 | 0000 0000 

  0x00007f66a1cb70e8: ;   {runtime_call nmethod}
  0x00007f66a1cb70e8: e9fb ffff 

  0x00007f66a1cb70ec: ;   {static_stub}
  0x00007f66a1cb70ec: ff48 bb00 | 0000 0000 

  0x00007f66a1cb70f4: ;   {runtime_call nmethod}
  0x00007f66a1cb70f4: 0000 00e9 | fbff ffff 

  0x00007f66a1cb70fc: ;   {static_stub}
  0x00007f66a1cb70fc: 48bb 0000 | 0000 0000 

  0x00007f66a1cb7104: ;   {runtime_call nmethod}
  0x00007f66a1cb7104: 0000 e9fb 

  0x00007f66a1cb7108: ;   {runtime_call C1 Runtime handle_exception_from_callee_blob}
  0x00007f66a1cb7108: ffff ffe8 | d007 cd05 

  0x00007f66a1cb7110: ;   {external_word}
  0x00007f66a1cb7110: 48bf 28c7 | 6ebf 667f | 0000 4883 

  0x00007f66a1cb711c: ;   {runtime_call MacroAssembler::debug64(char*, long, long*)}
  0x00007f66a1cb711c: e4f0 e81d | 1d49 1df4 
[Deopt Handler Code]
  0x00007f66a1cb7124: ;   {section_word}
  0x00007f66a1cb7124: 49ba 2471 | cba1 667f | 0000 4152 

  0x00007f66a1cb7130: ;   {runtime_call DeoptimizationBlob}
  0x00007f66a1cb7130: e9ab 81bf 

  0x00007f66a1cb7134: ;   {section_word}
  0x00007f66a1cb7134: 0549 ba35 | 71cb a166 | 7f00 0041 

  0x00007f66a1cb7140: ;   {runtime_call DeoptimizationBlob}
  0x00007f66a1cb7140: 52e9 9a81 | bf05 f4f4 
[/MachCode]


Compiled method (c1) 18511 9062       3       java.lang.invoke.MethodHandle::invokeWithArguments (32 bytes)
 total in heap  [0x00007f66a0608d88,0x00007f66a06097e8] = 2656
 main code      [0x00007f66a0608e80,0x00007f66a0609728] = 2216
 stub code      [0x00007f66a0609728,0x00007f66a06097e0] = 184
 oops           [0x00007f66a06097e0,0x00007f66a06097e8] = 8
 mutable data [0x00007f662471f850,0x00007f662471f9b0] = 352
 relocation     [0x00007f662471f850,0x00007f662471f960] = 272
 metadata       [0x00007f662471f960,0x00007f662471f9b0] = 80
 immutable data [0x00007f662471f550,0x00007f662471f848] = 760
 dependencies   [0x00007f662471f550,0x00007f662471f568] = 24
 nul chk table  [0x00007f662471f568,0x00007f662471f5a0] = 56
 scopes pcs     [0x00007f662471f5a0,0x00007f662471f710] = 368
 scopes data    [0x00007f662471f710,0x00007f662471f848] = 312

[Constant Pool (empty)]

[MachCode]
[Instructions begin]
  0x00007f66a0608e80: 6666 660f | 1f84 0000 | 0000 0066 | 6666 9066 | 6690 448b | 5608 443b 

  0x00007f66a0608e98: ;   {runtime_call Shared Runtime ic_miss_blob}
  0x00007f66a0608e98: 5008 0f85 | 4047 2a07 
[Verified Entry Point]
  0x00007f66a0608ea0: 8984 2400 | c0fe ff55 | 4881 eca0 | 0000 0090 | 4181 7f20 | 0500 0000 

  0x00007f66a0608eb8: ;   {runtime_call Stub::method_entry_barrier}
  0x00007f66a0608eb8: 7405 e801 | e728 0748 | 8974 2468 | 4889 5424 

  0x00007f66a0608ec8: ;   {metadata(method data for {method} {0x000000003c1eedc0} 'invokeWithArguments' '([Ljava/lang/Object;)Ljava/lang/Object;' in 'java/lang/invoke/MethodHandle')}
  0x00007f66a0608ec8: 7048 bf00 | c5b4 5d66 | 7f00 008b | 9f90 0000 | 0083 c302 | 899f 9000 | 0000 81e3 | fe07 0000 
  0x00007f66a0608ee8: 85db 0f84 | ec06 0000 

  0x00007f66a0608ef0: ;   {metadata(method data for {method} {0x000000003c1eedc0} 'invokeWithArguments' '([Ljava/lang/Object;)Ljava/lang/Object;' in 'java/lang/invoke/MethodHandle')}
  0x00007f66a0608ef0: 4885 d248 | bf00 c5b4 | 5d66 7f00 | 00bb d800 | 0000 7505 | bbe8 0000 | 0048 8b04 | 1f48 8d40 
  0x00007f66a0608f10: 0148 8904 | 1f0f 851a 

  0x00007f66a0608f18: ;   {metadata(method data for {method} {0x000000003c1eedc0} 'invokeWithArguments' '([Ljava/lang/Object;)Ljava/lang/Object;' in 'java/lang/invoke/MethodHandle')}
  0x00007f66a0608f18: 0000 0048 | bf00 c5b4 | 5d66 7f00 | 00ff 87f8 | 0000 00bf | 0000 0000 | e903 0000 | 008b 7a0c 
  0x00007f66a0608f38: ;   {metadata(method data for {method} {0x000000003c1eedc0} 'invokeWithArguments' '([Ljava/lang/Object;)Ljava/lang/Object;' in 'java/lang/invoke/MethodHandle')}
  0x00007f66a0608f38: 48bb 00c5 | b45d 667f | 0000 4883 | 8310 0100 

  0x00007f66a0608f48: ;   {metadata(method data for {method} {0x000000003c4775b8} 'genericMethodType' '(I)Ljava/lang/invoke/MethodType;' in 'java/lang/invoke/MethodType')}
  0x00007f66a0608f48: 0001 48bb | 7064 0f5d | 667f 0000 | 8b83 9000 | 0000 83c0 | 0289 8390 | 0000 0025 | feff 1f00 
  0x00007f66a0608f68: 85c0 0f84 | 9206 0000 

  0x00007f66a0608f70: ;   {metadata(method data for {method} {0x000000003c4775b8} 'genericMethodType' '(I)Ljava/lang/invoke/MethodType;' in 'java/lang/invoke/MethodType')}
  0x00007f66a0608f70: 48bb 7064 | 0f5d 667f | 0000 4883 | 83d8 0000 | 0001 488b | f7ba 0000 | 0000 0f1f 

  0x00007f66a0608f8c: ;   {static_call}
  0x00007f66a0608f8c: 4400 00e8 

  0x00007f66a0608f90: ; ImmutableOopMap {[104]=Oop [112]=Oop }
                      ;*invokestatic genericMethodType {reexecute=0 rethrow=0 return_oop=0}
                      ; - java.lang.invoke.MethodType::genericMethodType@2 (line 455)
                      ; - java.lang.invoke.MethodHandle::invokeWithArguments@10 (line 734)
  0x00007f66a0608f90: ec46 ed07 

  0x00007f66a0608f94: ;   {post_call_nop}
  0x00007f66a0608f94: 0f1f 8400 | 0c02 0000 | 4889 4424 | 7848 3b00 

  0x00007f66a0608fa4: ;   {metadata(method data for {method} {0x000000003c1eedc0} 'invokeWithArguments' '([Ljava/lang/Object;)Ljava/lang/Object;' in 'java/lang/invoke/MethodHandle')}
  0x00007f66a0608fa4: 488b f048 | bf00 c5b4 | 5d66 7f00 | 008b 7608 | 41ba 0000 | 003c 4903 | f248 3bb7 | 2801 0000 
  0x00007f66a0608fc4: 750d 4883 | 8730 0100 | 0001 e960 | 0000 0048 | 3bb7 3801 | 0000 750d | 4883 8740 | 0100 0001 
  0x00007f66a0608fe4: e94a 0000 | 0048 83bf | 2801 0000 | 0075 1748 | 89b7 2801 | 0000 48c7 | 8730 0100 | 0001 0000 
  0x00007f66a0609004: 00e9 2900 | 0000 4883 | bf38 0100 | 0000 7517 | 4889 b738 | 0100 0048 | c787 4001 | 0000 0100 
  0x00007f66a0609024: 0000 e908 | 0000 0048 | 8387 2001 | 0000 0148 

  0x00007f66a0609034: ;   {optimized virtual_call}
  0x00007f66a0609034: 8bf0 90e8 

  0x00007f66a0609038: ; ImmutableOopMap {[104]=Oop [112]=Oop [120]=Oop }
                      ;*invokevirtual invokers {reexecute=0 rethrow=0 return_oop=0}
                      ; - java.lang.invoke.MethodHandle::invokeWithArguments@15 (line 735)
  0x00007f66a0609038: 54b2 f607 

  0x00007f66a060903c: ;   {post_call_nop}
  0x00007f66a060903c: 0f1f 8400 | b402 0001 

  0x00007f66a0609044: ; implicit exception: dispatches to 0x00007f66a0609628
  0x00007f66a0609044: 483b 0048 

  0x00007f66a0609048: ;   {metadata(method data for {method} {0x000000003c1eedc0} 'invokeWithArguments' '([Ljava/lang/Object;)Ljava/lang/Object;' in 'java/lang/invoke/MethodHandle')}
  0x00007f66a0609048: 8bd0 48be | 00c5 b45d | 667f 0000 | 4883 8660 | 0100 0001 | ba00 0000 | 0048 8bf0 

  0x00007f66a0609064: ;   {optimized virtual_call}
  0x00007f66a0609064: 6666 90e8 

  0x00007f66a0609068: ; ImmutableOopMap {[104]=Oop [112]=Oop [120]=Oop }
                      ;*invokevirtual spreadInvoker {reexecute=0 rethrow=0 return_oop=0}
                      ; - java.lang.invoke.MethodHandle::invokeWithArguments@19 (line 735)
  0x00007f66a0609068: 2463 fb07 

  0x00007f66a060906c: ;   {post_call_nop}
  0x00007f66a060906c: 0f1f 8400 | e402 0002 | 4889 8424 | 8000 0000 | 488b 7424 

  0x00007f66a0609080: ;   {metadata(method data for {method} {0x000000003c1eedc0} 'invokeWithArguments' '([Ljava/lang/Object;)Ljava/lang/Object;' in 'java/lang/invoke/MethodHandle')}
  0x00007f66a0609080: 6848 ba00 | c5b4 5d66 | 7f00 008b | 7608 41ba | 0000 003c | 4903 f248 | 3bb2 8801 | 0000 750d 
  0x00007f66a06090a0: 4883 8290 | 0100 0001 | e960 0000 | 0048 3bb2 | 9801 0000 | 750d 4883 | 82a0 0100 | 0001 e94a 
  0x00007f66a06090c0: 0000 0048 | 83ba 8801 | 0000 0075 | 1748 89b2 | 8801 0000 | 48c7 8290 | 0100 0001 | 0000 00e9 
  0x00007f66a06090e0: 2900 0000 | 4883 ba98 | 0100 0000 | 7517 4889 | b298 0100 | 0048 c782 | a001 0000 | 0100 0000 
  0x00007f66a0609100: e908 0000 | 0048 8382 | 8001 0000 

  0x00007f66a060910c: ;   {metadata(method data for {method} {0x000000003c4783e0} 'asType' '(Ljava/lang/invoke/MethodType;)Ljava/lang/invoke/MethodHandle;' in 'java/lang/invoke/MethodHandle')}
  0x00007f66a060910c: 0148 ba90 | f924 5c66 | 7f00 008b | b290 0000 | 0083 c602 | 89b2 9000 | 0000 81e6 | feff 1f00 
  0x00007f66a060912c: 85f6 0f84 | f904 0000 | 488b 7424 | 688b 5610 | 48c1 e203 | 488b 7c24 | 7848 3bfa 

  0x00007f66a0609148: ;   {metadata(method data for {method} {0x000000003c4783e0} 'asType' '(Ljava/lang/invoke/MethodType;)Ljava/lang/invoke/MethodHandle;' in 'java/lang/invoke/MethodHandle')}
  0x00007f66a0609148: 48ba 90f9 | 245c 667f | 0000 bbe8 | 0000 0074 | 05bb d800 | 0000 488b | 0c1a 488d | 4901 4889 
  0x00007f66a0609168: 0c1a 0f84 | a700 0000 

  0x00007f66a0609170: ;   {metadata(method data for {method} {0x000000003c4783e0} 'asType' '(Ljava/lang/invoke/MethodType;)Ljava/lang/invoke/MethodHandle;' in 'java/lang/invoke/MethodHandle')}
  0x00007f66a0609170: 488b d648 | bb90 f924 | 5c66 7f00 | 0048 8383 | f800 0000 | 0148 8bd7 | 488b de48 

  0x00007f66a060918c: ;   {optimized virtual_call}
  0x00007f66a060918c: 8bf3 90e8 

  0x00007f66a0609190: ; ImmutableOopMap {[104]=Oop [112]=Oop [120]=Oop [128]=Oop }
                      ;*invokevirtual asTypeCached {reexecute=0 rethrow=0 return_oop=0}
                      ; - java.lang.invoke.MethodHandle::asType@12 (line 869)
                      ; - java.lang.invoke.MethodHandle::invokeWithArguments@24 (line 735)
  0x00007f66a0609190: fc68 f307 

  0x00007f66a0609194: ;   {post_call_nop}
  0x00007f66a0609194: 0f1f 8400 | 0c04 0003 

  0x00007f66a060919c: ;   {metadata(method data for {method} {0x000000003c4783e0} 'asType' '(Ljava/lang/invoke/MethodType;)Ljava/lang/invoke/MethodHandle;' in 'java/lang/invoke/MethodHandle')}
  0x00007f66a060919c: 4885 c048 | ba90 f924 | 5c66 7f00 | 00be 2801 | 0000 7405 | be38 0100 | 0048 8b3c | 3248 8d7f 
  0x00007f66a06091bc: 0148 893c | 320f 8410 | 0000 0048 | 8bf0 488b | 8424 8000 | 0000 e940 | 0000 0048 | 8b44 2478 
  0x00007f66a06091dc: 488b 7424 | 6848 8bd6 

  0x00007f66a06091e4: ;   {metadata(method data for {method} {0x000000003c4783e0} 'asType' '(Ljava/lang/invoke/MethodType;)Ljava/lang/invoke/MethodHandle;' in 'java/lang/invoke/MethodHandle')}
  0x00007f66a06091e4: 48bf 90f9 | 245c 667f | 0000 4883 | 8748 0100 | 0001 488b | d066 0f1f 

  0x00007f66a06091fc: ;   {optimized virtual_call}
  0x00007f66a06091fc: 4400 00e8 

  0x00007f66a0609200: ; ImmutableOopMap {[112]=Oop [128]=Oop }
                      ;*invokevirtual setAsTypeCache {reexecute=0 rethrow=0 return_oop=0}
                      ; - java.lang.invoke.MethodHandle::asType@24 (line 873)
                      ; - java.lang.invoke.MethodHandle::invokeWithArguments@24 (line 735)
  0x00007f66a0609200: 0cca f607 

  0x00007f66a0609204: ;   {post_call_nop}
  0x00007f66a0609204: 0f1f 8400 | 7c04 0004 | 488b f048 | 8b84 2480 

  0x00007f66a0609214: ;   {metadata(method data for {method} {0x000000003c1eedc0} 'invokeWithArguments' '([Ljava/lang/Object;)Ljava/lang/Object;' in 'java/lang/invoke/MethodHandle')}
  0x00007f66a0609214: 0000 0048 | bf00 c5b4 | 5d66 7f00 | 0048 8dbf | e001 0000 | 4885 f675 | 0cf6 4708 | 0175 06f0 
  0x00007f66a0609234: 4883 4f08 

  0x00007f66a0609238: ;   {metadata(method data for {method} {0x000000003c209c78} 'invokeExact_MT' '(Ljava/lang/Object;Ljava/lang/Object;Ljava/lang/Object;Ljava/lang/Object;)Ljava/lang/Object;' in 'java/lang/invoke/Invokers$Holder')}
  0x00007f66a0609238: 0148 bf18 | e10b 5d66 | 7f00 0048 | 8dbf 6802 | 0000 4885 | c075 0af6 | 0701 7505 | f048 830f 
  0x00007f66a0609258: ;   {metadata(method data for {method} {0x000000003c1eedc0} 'invokeWithArguments' '([Ljava/lang/Object;)Ljava/lang/Object;' in 'java/lang/invoke/MethodHandle')}
  0x00007f66a0609258: 0148 bf00 | c5b4 5d66 | 7f00 0048 | 8387 b001 

  0x00007f66a0609268: ;   {metadata(method data for {method} {0x000000003c209c78} 'invokeExact_MT' '(Ljava/lang/Object;Ljava/lang/Object;Ljava/lang/Object;Ljava/lang/Object;)Ljava/lang/Object;' in 'java/lang/invoke/Invokers$Holder')}
  0x00007f66a0609268: 0000 0148 | bf18 e10b | 5d66 7f00 | 008b 9f90 | 0000 0083 | c302 899f | 9000 0000 | 81e3 feff 
  0x00007f66a0609288: 1f00 85db | 0f84 bc03 

  0x00007f66a0609290: ;   {metadata(method data for {method} {0x000000003c209c78} 'invokeExact_MT' '(Ljava/lang/Object;Ljava/lang/Object;Ljava/lang/Object;Ljava/lang/Object;)Ljava/lang/Object;' in 'java/lang/invoke/Invokers$Holder')}
  0x00007f66a0609290: 0000 48bf | 18e1 0b5d | 667f 0000 | 488d bf48 | 0100 0048 | 85c0 750c | f647 0801 | 7506 f048 
  0x00007f66a06092b0: 834f 0801 

  0x00007f66a06092b4: ;   {metadata(method data for {method} {0x000000003c209c78} 'invokeExact_MT' '(Ljava/lang/Object;Ljava/lang/Object;Ljava/lang/Object;Ljava/lang/Object;)Ljava/lang/Object;' in 'java/lang/invoke/Invokers$Holder')}
  0x00007f66a06092b4: 48bf 18e1 | 0b5d 667f | 0000 4883 | 8738 0100 

  0x00007f66a06092c4: ;   {metadata(method data for {method} {0x000000003c470068} 'checkExactType' '(Ljava/lang/invoke/MethodHandle;Ljava/lang/invoke/MethodType;)V' in 'java/lang/invoke/Invokers')}
  0x00007f66a06092c4: 0001 48bf | b04e 2a5c | 667f 0000 | 8b9f 9000 | 0000 83c3 | 0289 9f90 | 0000 0081 | e3fe ff1f 
  0x00007f66a06092e4: 0085 db0f | 8482 0300 | 0048 3b00 

  0x00007f66a06092f0: ;   {metadata(method data for {method} {0x000000003c470068} 'checkExactType' '(Ljava/lang/invoke/MethodHandle;Ljava/lang/invoke/MethodType;)V' in 'java/lang/invoke/Invokers')}
  0x00007f66a06092f0: 488b f848 | bbb0 4e2a | 5c66 7f00 | 008b 7f08 | 41ba 0000 | 003c 4903 | fa48 3bbb | e000 0000 
  0x00007f66a0609310: 750d 4883 | 83e8 0000 | 0001 e960 | 0000 0048 | 3bbb f000 | 0000 750d | 4883 83f8 | 0000 0001 
  0x00007f66a0609330: e94a 0000 | 0048 83bb | e000 0000 | 0075 1748 | 89bb e000 | 0000 48c7 | 83e8 0000 | 0001 0000 
  0x00007f66a0609350: 00e9 2900 | 0000 4883 | bbf0 0000 | 0000 7517 | 4889 bbf0 | 0000 0048 | c783 f800 | 0000 0100 
  0x00007f66a0609370: 0000 e908 | 0000 0048 | 8383 d800 | 0000 018b | 7810 48c1 

  0x00007f66a0609384: ;   {oop(a 'java/lang/invoke/MethodType'{0x00000004180682a0} = (Ljava/lang/invoke/MethodHandle;[Ljava/lang/Object;)Ljava/lang/Object;)}
  0x00007f66a0609384: e703 48bb | a082 0618 | 0400 0000 

  0x00007f66a0609390: ;   {metadata(method data for {method} {0x000000003c470068} 'checkExactType' '(Ljava/lang/invoke/MethodHandle;Ljava/lang/invoke/MethodType;)V' in 'java/lang/invoke/Invokers')}
  0x00007f66a0609390: 483b fb48 | bbb0 4e2a | 5c66 7f00 | 00ba 1801 | 0000 7505 | ba08 0100 | 0048 8b0c | 1348 8d49 
  0x00007f66a06093b0: 0148 890c | 130f 85dc 

  0x00007f66a06093b8: ;   {metadata(method data for {method} {0x000000003c209c78} 'invokeExact_MT' '(Ljava/lang/Object;Ljava/lang/Object;Ljava/lang/Object;Ljava/lang/Object;)Ljava/lang/Object;' in 'java/lang/invoke/Invokers$Holder')}
  0x00007f66a06093b8: 0100 0048 | bf18 e10b | 5d66 7f00 | 0048 8387 | 7001 0000 

  0x00007f66a06093cc: ;   {metadata(method data for {method} {0x000000003c46ff60} 'checkCustomized' '(Ljava/lang/invoke/MethodHandle;)V' in 'java/lang/invoke/Invokers')}
  0x00007f66a06093cc: 0148 bff0 | 552a 5c66 | 7f00 008b | 9f90 0000 | 0083 c302 | 899f 9000 | 0000 81e3 | feff 1f00 
  0x00007f66a06093ec: 85db 0f84 | a102 0000 

  0x00007f66a06093f4: ;   {metadata(method data for {method} {0x000000003c46ff60} 'checkCustomized' '(Ljava/lang/invoke/MethodHandle;)V' in 'java/lang/invoke/Invokers')}
  0x00007f66a06093f4: 48bf f055 | 2a5c 667f | 0000 4883 | 87d8 0000 

  0x00007f66a0609404: ;   {metadata(method data for {method} {0x000000003c1f59a8} 'isCompileConstant' '(Ljava/lang/Object;)Z' in 'java/lang/invoke/MethodHandleImpl')}
  0x00007f66a0609404: 0001 48bf | 105a 2a5c | 667f 0000 | 8b9f 9000 | 0000 83c3 | 0289 9f90 | 0000 0081 | e3fe ff1f 
  0x00007f66a0609424: 0085 db0f | 8489 0200 

  0x00007f66a060942c: ;   {metadata(method data for {method} {0x000000003c46ff60} 'checkCustomized' '(Ljava/lang/invoke/MethodHandle;)V' in 'java/lang/invoke/Invokers')}
  0x00007f66a060942c: 0048 bff0 | 552a 5c66 | 7f00 00ff | 87e8 0000 | 008b 7814 | 48c1 e703 

  0x00007f66a0609444: ; implicit exception: dispatches to 0x00007f66a06096d7
  0x00007f66a0609444: 8b7f 1c48 | c1e7 0348 

  0x00007f66a060944c: ;   {metadata(method data for {method} {0x000000003c46ff60} 'checkCustomized' '(Ljava/lang/invoke/MethodHandle;)V' in 'java/lang/invoke/Invokers')}
  0x00007f66a060944c: 85ff 48bf | f055 2a5c | 667f 0000 | bb08 0100 | 0075 05bb | 1801 0000 | 488b 141f | 488d 5201 
  0x00007f66a060946c: 4889 141f | 4889 b424 | 8800 0000 | 0f85 2600 

  0x00007f66a060947c: ;   {metadata(method data for {method} {0x000000003c46ff60} 'checkCustomized' '(Ljava/lang/invoke/MethodHandle;)V' in 'java/lang/invoke/Invokers')}
  0x00007f66a060947c: 0000 48bf | f055 2a5c | 667f 0000 | 4883 8728 | 0100 0001 | 488b f00f 

  0x00007f66a0609494: ;   {static_call}
  0x00007f66a0609494: 1f40 00e8 

  0x00007f66a0609498: ; ImmutableOopMap {[112]=Oop [128]=Oop [136]=Oop }
                      ;*invokestatic maybeCustomize {reexecute=0 rethrow=0 return_oop=0}
                      ; - java.lang.invoke.Invokers::checkCustomized@19 (line 626)
                      ; - java.lang.invoke.Invokers$Holder::invokeExact_MT@14
                      ; - java.lang.invoke.MethodHandle::invokeWithArguments@28 (line 735)
  0x00007f66a0609498: e437 f107 

  0x00007f66a060949c: ;   {post_call_nop}
  0x00007f66a060949c: 0f1f 8400 | 1407 0005 | 488b 5424 

  0x00007f66a06094a8: ;   {metadata(method data for {method} {0x000000003c209c78} 'invokeExact_MT' '(Ljava/lang/Object;Ljava/lang/Object;Ljava/lang/Object;Ljava/lang/Object;)Ljava/lang/Object;' in 'java/lang/invoke/Invokers$Holder')}
  0x00007f66a06094a8: 7048 b918 | e10b 5d66 | 7f00 0048 | 8d89 c801 | 0000 4885 | d275 0cf6 | 4118 0175 | 06f0 4883 
  0x00007f66a06094c8: 4918 0148 | 8b84 2480 

  0x00007f66a06094d0: ;   {metadata(method data for {method} {0x000000003c209c78} 'invokeExact_MT' '(Ljava/lang/Object;Ljava/lang/Object;Ljava/lang/Object;Ljava/lang/Object;)Ljava/lang/Object;' in 'java/lang/invoke/Invokers$Holder')}
  0x00007f66a06094d0: 0000 0048 | b918 e10b | 5d66 7f00 | 008b 4008 | 41ba 0000 | 003c 4903 | c248 3b81 | a001 0000 
  0x00007f66a06094f0: 750d 4883 | 81a8 0100 | 0001 e960 | 0000 0048 | 3b81 b001 | 0000 750d | 4883 81b8 | 0100 0001 
  0x00007f66a0609510: e94a 0000 | 0048 83b9 | a001 0000 | 0075 1748 | 8981 a001 | 0000 48c7 | 81a8 0100 | 0001 0000 
  0x00007f66a0609530: 00e9 2900 | 0000 4883 | b9b0 0100 | 0000 7517 | 4889 81b0 | 0100 0048 | c781 b801 | 0000 0100 
  0x00007f66a0609550: 0000 e908 | 0000 0048 | 8381 9801 | 0000 0148 | 8bda 488b | 9424 8800 | 0000 488b | cb48 8bb4 
  0x00007f66a0609570: 2480 0000 

  0x00007f66a0609574: ;   {optimized virtual_call}
  0x00007f66a0609574: 0066 90e8 

  0x00007f66a0609578: ; ImmutableOopMap {}
                      ;*invokevirtual invokeBasic {reexecute=0 rethrow=0 return_oop=0}
                      ; - java.lang.invoke.Invokers$Holder::invokeExact_MT@20
                      ; - java.lang.invoke.MethodHandle::invokeWithArguments@28 (line 735)
  0x00007f66a0609578: 0413 9b07 

  0x00007f66a060957c: ;   {post_call_nop}
  0x00007f66a060957c: 0f1f 8400 | f407 0006 | 4881 c4a0 | 0000 005d 

  0x00007f66a060958c: ;   {poll_return}
  0x00007f66a060958c: 493b 6728 | 0f87 4601 | 0000 c348 | 89b4 2488 

  0x00007f66a060959c: ;   {metadata(method data for {method} {0x000000003c470068} 'checkExactType' '(Ljava/lang/invoke/MethodHandle;Ljava/lang/invoke/MethodType;)V' in 'java/lang/invoke/Invokers')}
  0x00007f66a060959c: 0000 0048 | bbb0 4e2a | 5c66 7f00 | 0048 8383 | 2801 0000 

  0x00007f66a06095b0: ;   {oop(a 'java/lang/invoke/MethodType'{0x00000004180682a0} = (Ljava/lang/invoke/MethodHandle;[Ljava/lang/Object;)Ljava/lang/Object;)}
  0x00007f66a06095b0: 0148 bba0 | 8206 1804 | 0000 0048 | 8bf7 488b | d366 0f1f 

  0x00007f66a06095c4: ;   {static_call}
  0x00007f66a06095c4: 4400 00e8 

  0x00007f66a06095c8: ; ImmutableOopMap {[112]=Oop [128]=Oop [136]=Oop }
                      ;*invokestatic newWrongMethodTypeException {reexecute=0 rethrow=0 return_oop=0}
                      ; - java.lang.invoke.Invokers::checkExactType@12 (line 531)
                      ; - java.lang.invoke.Invokers$Holder::invokeExact_MT@10
                      ; - java.lang.invoke.MethodHandle::invokeWithArguments@28 (line 735)
  0x00007f66a06095c8: 144f 2a07 

  0x00007f66a06095cc: ;   {post_call_nop}
  0x00007f66a06095cc: 0f1f 8400 | 4408 0007 

  0x00007f66a06095d4: ; implicit exception: dispatches to 0x00007f66a06096f2
  0x00007f66a06095d4: 483b 00e9 | 3801 0000 

  0x00007f66a06095dc: ;   {metadata({method} {0x000000003c1eedc0} 'invokeWithArguments' '([Ljava/lang/Object;)Ljava/lang/Object;' in 'java/lang/invoke/MethodHandle')}
  0x00007f66a06095dc: 49ba c0ed | 1e3c 0000 | 0000 4c89 | 5424 0848 | c704 24ff 

  0x00007f66a06095f0: ;   {runtime_call C1 Runtime counter_overflow_blob}
  0x00007f66a06095f0: ffff ffe8 

  0x00007f66a06095f4: ; ImmutableOopMap {rsi=Oop rdx=Oop [104]=Oop [112]=Oop }
                      ;*synchronization entry
                      ; - java.lang.invoke.MethodHandle::invokeWithArguments@-1 (line 734)
  0x00007f66a06095f4: 682b 3807 | e9f3 f8ff 

  0x00007f66a06095fc: ;   {runtime_call C1 Runtime throw_null_pointer_exception_blob}
  0x00007f66a06095fc: ffe8 dec0 

  0x00007f66a0609600: ; ImmutableOopMap {rsi=Oop rdx=Oop [104]=Oop [112]=Oop }
                      ;*arraylength {reexecute=0 rethrow=0 return_oop=0}
                      ; - java.lang.invoke.MethodHandle::invokeWithArguments@9 (line 734)
                      ;   {metadata({method} {0x000000003c4775b8} 'genericMethodType' '(I)Ljava/lang/invoke/MethodType;' in 'java/lang/invoke/MethodType')}
  0x00007f66a0609600: 3707 49ba | b875 473c | 0000 0000 | 4c89 5424 | 0848 c704 | 24ff ffff 

  0x00007f66a0609618: ;   {runtime_call C1 Runtime counter_overflow_blob}
  0x00007f66a0609618: ffe8 422b 

  0x00007f66a060961c: ; ImmutableOopMap {[104]=Oop [112]=Oop }
                      ;*synchronization entry
                      ; - java.lang.invoke.MethodType::genericMethodType@-1 (line 455)
                      ; - java.lang.invoke.MethodHandle::invokeWithArguments@10 (line 734)
  0x00007f66a060961c: 3807 e94d 

  0x00007f66a0609620: ;   {runtime_call C1 Runtime throw_null_pointer_exception_blob}
  0x00007f66a0609620: f9ff ffe8 

  0x00007f66a0609624: ; ImmutableOopMap {rax=Oop [104]=Oop [112]=Oop [120]=Oop }
                      ;*invokevirtual invokers {reexecute=0 rethrow=0 return_oop=0}
                      ; - java.lang.invoke.MethodHandle::invokeWithArguments@15 (line 735)
  0x00007f66a0609624: b8c0 3707 

  0x00007f66a0609628: ;   {runtime_call C1 Runtime throw_null_pointer_exception_blob}
  0x00007f66a0609628: e8b3 c037 

  0x00007f66a060962c: ; ImmutableOopMap {rax=Oop [104]=Oop [112]=Oop [120]=Oop }
                      ;*invokevirtual spreadInvoker {reexecute=0 rethrow=0 return_oop=0}
                      ; - java.lang.invoke.MethodHandle::invokeWithArguments@19 (line 735)
                      ;   {metadata({method} {0x000000003c4783e0} 'asType' '(Ljava/lang/invoke/MethodType;)Ljava/lang/invoke/MethodHandle;' in 'java/lang/invoke/MethodHandle')}
  0x00007f66a060962c: 0749 bae0 | 8347 3c00 | 0000 004c | 8954 2408 | 48c7 0424 | ffff ffff 

  0x00007f66a0609644: ;   {runtime_call C1 Runtime counter_overflow_blob}
  0x00007f66a0609644: e817 2b38 

  0x00007f66a0609648: ; ImmutableOopMap {rax=Oop [104]=Oop [112]=Oop [120]=Oop [128]=Oop }
                      ;*synchronization entry
                      ; - java.lang.invoke.MethodHandle::asType@-1 (line 865)
                      ; - java.lang.invoke.MethodHandle::invokeWithArguments@24 (line 735)
  0x00007f66a0609648: 07e9 e6fa 

  0x00007f66a060964c: ;   {metadata({method} {0x000000003c209c78} 'invokeExact_MT' '(Ljava/lang/Object;Ljava/lang/Object;Ljava/lang/Object;Ljava/lang/Object;)Ljava/lang/Object;' in 'java/lang/invoke/Invokers$Holder')}
  0x00007f66a060964c: ffff 49ba | 789c 203c | 0000 0000 | 4c89 5424 | 0848 c704 | 24ff ffff 

  0x00007f66a0609664: ;   {runtime_call C1 Runtime counter_overflow_blob}
  0x00007f66a0609664: ffe8 f62a 

  0x00007f66a0609668: ; ImmutableOopMap {rsi=Oop rax=Oop [112]=Oop [128]=Oop }
                      ;*synchronization entry
                      ; - java.lang.invoke.Invokers$Holder::invokeExact_MT@-1
                      ; - java.lang.invoke.MethodHandle::invokeWithArguments@28 (line 735)
  0x00007f66a0609668: 3807 e923 

  0x00007f66a060966c: ;   {metadata({method} {0x000000003c470068} 'checkExactType' '(Ljava/lang/invoke/MethodHandle;Ljava/lang/invoke/MethodType;)V' in 'java/lang/invoke/Invokers')}
  0x00007f66a060966c: fcff ff49 | ba68 0047 | 3c00 0000 | 004c 8954 | 2408 48c7 | 0424 ffff 

  0x00007f66a0609684: ;   {runtime_call C1 Runtime counter_overflow_blob}
  0x00007f66a0609684: ffff e8d5 

  0x00007f66a0609688: ; ImmutableOopMap {rsi=Oop rax=Oop [112]=Oop [128]=Oop }
                      ;*synchronization entry
                      ; - java.lang.invoke.Invokers::checkExactType@-1 (line 529)
                      ; - java.lang.invoke.Invokers$Holder::invokeExact_MT@10
                      ; - java.lang.invoke.MethodHandle::invokeWithArguments@28 (line 735)
  0x00007f66a0609688: 2a38 07e9 | 5dfc ffff 

  0x00007f66a0609690: ;   {runtime_call C1 Runtime throw_null_pointer_exception_blob}
  0x00007f66a0609690: e84b c037 

  0x00007f66a0609694: ; ImmutableOopMap {rsi=Oop rax=Oop [112]=Oop [128]=Oop }
                      ;*invokevirtual type {reexecute=0 rethrow=0 return_oop=0}
                      ; - java.lang.invoke.Invokers::checkExactType@1 (line 529)
                      ; - java.lang.invoke.Invokers$Holder::invokeExact_MT@10
                      ; - java.lang.invoke.MethodHandle::invokeWithArguments@28 (line 735)
                      ;   {metadata({method} {0x000000003c46ff60} 'checkCustomized' '(Ljava/lang/invoke/MethodHandle;)V' in 'java/lang/invoke/Invokers')}
  0x00007f66a0609694: 0749 ba60 | ff46 3c00 | 0000 004c | 8954 2408 | 48c7 0424 | ffff ffff 

  0x00007f66a06096ac: ;   {runtime_call C1 Runtime counter_overflow_blob}
  0x00007f66a06096ac: e8af 2a38 

  0x00007f66a06096b0: ; ImmutableOopMap {rsi=Oop rax=Oop [112]=Oop [128]=Oop }
                      ;*synchronization entry
                      ; - java.lang.invoke.Invokers::checkCustomized@-1 (line 622)
                      ; - java.lang.invoke.Invokers$Holder::invokeExact_MT@14
                      ; - java.lang.invoke.MethodHandle::invokeWithArguments@28 (line 735)
  0x00007f66a06096b0: 07e9 3efd 

  0x00007f66a06096b4: ;   {metadata({method} {0x000000003c1f59a8} 'isCompileConstant' '(Ljava/lang/Object;)Z' in 'java/lang/invoke/MethodHandleImpl')}
  0x00007f66a06096b4: ffff 49ba | a859 1f3c | 0000 0000 | 4c89 5424 | 0848 c704 | 24ff ffff 

  0x00007f66a06096cc: ;   {runtime_call C1 Runtime counter_overflow_blob}
  0x00007f66a06096cc: ffe8 8e2a 

  0x00007f66a06096d0: ; ImmutableOopMap {rsi=Oop rax=Oop [112]=Oop [128]=Oop }
                      ;*synchronization entry
                      ; - java.lang.invoke.MethodHandleImpl::isCompileConstant@-1 (line 625)
                      ; - java.lang.invoke.Invokers::checkCustomized@1 (line 622)
                      ; - java.lang.invoke.Invokers$Holder::invokeExact_MT@14
                      ; - java.lang.invoke.MethodHandle::invokeWithArguments@28 (line 735)
  0x00007f66a06096d0: 3807 e956 

  0x00007f66a06096d4: ;   {runtime_call C1 Runtime throw_null_pointer_exception_blob}
  0x00007f66a06096d4: fdff ffe8 

  0x00007f66a06096d8: ; ImmutableOopMap {rsi=Oop rax=Oop [112]=Oop [128]=Oop }
                      ;*getfield customized {reexecute=1 rethrow=0 return_oop=0}
                      ; - (reexecute) java.lang.invoke.Invokers::checkCustomized@12 (line 625)
                      ; - java.lang.invoke.Invokers$Holder::invokeExact_MT@14
                      ; - java.lang.invoke.MethodHandle::invokeWithArguments@28 (line 735)
  0x00007f66a06096d8: 04c0 3707 

  0x00007f66a06096dc: ;   {internal_word}
  0x00007f66a06096dc: 49ba 8c95 | 60a0 667f | 0000 4d89 | 9738 0500 

  0x00007f66a06096ec: ;   {runtime_call SafepointBlob}
  0x00007f66a06096ec: 00e9 6e74 

  0x00007f66a06096f0: ;   {runtime_call C1 Runtime throw_null_pointer_exception_blob}
  0x00007f66a06096f0: 2a07 e8e9 

  0x00007f66a06096f4: ; ImmutableOopMap {rax=Oop [112]=Oop [128]=Oop [136]=Oop }
                      ;*athrow {reexecute=1 rethrow=0 return_oop=0}
                      ; - (reexecute) java.lang.invoke.Invokers::checkExactType@15 (line 531)
                      ; - java.lang.invoke.Invokers$Holder::invokeExact_MT@10
                      ; - java.lang.invoke.MethodHandle::invokeWithArguments@28 (line 735)
  0x00007f66a06096f4: bf37 0749 | 8b87 e005 | 0000 49c7 | 87e0 0500 | 0000 0000 | 0049 c787 | e805 0000 | 0000 0000 
  0x00007f66a0609714: 4881 c4a0 | 0000 005d 

  0x00007f66a060971c: ;   {runtime_call C1 Runtime unwind_exception_blob}
  0x00007f66a060971c: e9bf b037 | 07f4 f4f4 | f4f4 f4f4 
[Stub Code]
  0x00007f66a0609728: ;   {other}
  0x00007f66a0609728: 0f1f 4400 

  0x00007f66a060972c: ;   {static_stub}
  0x00007f66a060972c: 0048 bb00 | 0000 0000 

  0x00007f66a0609734: ;   {runtime_call nmethod}
  0x00007f66a0609734: 0000 00e9 | fbff ffff 

  0x00007f66a060973c: ;   {static_stub}
  0x00007f66a060973c: 48bb 0000 | 0000 0000 

  0x00007f66a0609744: ;   {runtime_call nmethod}
  0x00007f66a0609744: 0000 e9fb 

  0x00007f66a0609748: ;   {static_stub}
  0x00007f66a0609748: ffff ff48 | bb00 0000 | 0000 0000 

  0x00007f66a0609754: ;   {runtime_call nmethod}
  0x00007f66a0609754: 00e9 fbff 

  0x00007f66a0609758: ;   {static_stub}
  0x00007f66a0609758: ffff 48bb | 0000 0000 | 0000 0000 

  0x00007f66a0609764: ;   {runtime_call nmethod}
  0x00007f66a0609764: e9fb ffff 

  0x00007f66a0609768: ;   {static_stub}
  0x00007f66a0609768: ff48 bb00 | 0000 0000 

  0x00007f66a0609770: ;   {runtime_call nmethod}
  0x00007f66a0609770: 0000 00e9 | fbff ffff 

  0x00007f66a0609778: ;   {static_stub}
  0x00007f66a0609778: 48bb 0000 | 0000 0000 

  0x00007f66a0609780: ;   {runtime_call nmethod}
  0x00007f66a0609780: 0000 e9fb 

  0x00007f66a0609784: ;   {static_stub}
  0x00007f66a0609784: ffff ff48 | bb00 0000 | 0000 0000 

  0x00007f66a0609790: ;   {runtime_call nmethod}
  0x00007f66a0609790: 00e9 fbff 

  0x00007f66a0609794: ;   {static_stub}
  0x00007f66a0609794: ffff 48bb | 0000 0000 | 0000 0000 

  0x00007f66a06097a0: ;   {runtime_call nmethod}
  0x00007f66a06097a0: e9fb ffff 

  0x00007f66a06097a4: ;   {runtime_call C1 Runtime handle_exception_from_callee_blob}
  0x00007f66a06097a4: ffe8 36e1 

  0x00007f66a06097a8: ;   {external_word}
  0x00007f66a06097a8: 3707 48bf | 28c7 6ebf | 667f 0000 | 4883 e4f0 

  0x00007f66a06097b8: ;   {runtime_call MacroAssembler::debug64(char*, long, long*)}
  0x00007f66a06097b8: e883 f6b3 

  0x00007f66a06097bc: ;   {section_word}
  0x00007f66a06097bc: 1ef4 49ba | be97 60a0 | 667f 0000 

  0x00007f66a06097c8: ;   {runtime_call DeoptimizationBlob}
  0x00007f66a06097c8: 4152 e911 

  0x00007f66a06097cc: ;   {section_word}
  0x00007f66a06097cc: 5b2a 0749 | bacf 9760 | a066 7f00 

  0x00007f66a06097d8: ;   {runtime_call DeoptimizationBlob}
  0x00007f66a06097d8: 0041 52e9 | 005b 2a07 
[/MachCode]


---------------  P R O C E S S  ---------------

Threads class SMR info:
_java_thread_list=0x00007f65d017f430, length=19, elements={
0x00007f66b802b810, 0x00007f66b81052c0, 0x00007f66b8106300, 0x00007f66b8107830,
0x00007f66b8109150, 0x00007f66b810a9d0, 0x00007f66b810c850, 0x00007f66b810e240,
0x00007f66b8146d80, 0x00007f66b8149370, 0x00007f66b82860c0, 0x00007f66b8291030,
0x00007f663832b4f0, 0x00007f663832c570, 0x00007f66382d6880, 0x00007f663c382920,
0x00007f6644339fe0, 0x00007f66202ad600, 0x00007f6610338850
}

Java Threads: ( => current thread )
=>0x00007f66b802b810 JavaThread "main"                              [_thread_in_native, id=146306, stack(0x00007f66be300000,0x00007f66be400000) (1024K)]
  0x00007f66b81052c0 JavaThread "Reference Handler"          daemon [_thread_blocked, id=146318, stack(0x00007f669c480000,0x00007f669c580000) (1024K)]
  0x00007f66b8106300 JavaThread "Finalizer"                  daemon [_thread_blocked, id=146319, stack(0x00007f668c7ff000,0x00007f668c8ff000) (1024K)]
  0x00007f66b8107830 JavaThread "Signal Dispatcher"          daemon [_thread_blocked, id=146320, stack(0x00007f668c5fd000,0x00007f668c6fd000) (1024K)]
  0x00007f66b8109150 JavaThread "Service Thread"             daemon [_thread_blocked, id=146321, stack(0x00007f668c4fd000,0x00007f668c5fd000) (1024K)]
  0x00007f66b810a9d0 JavaThread "Monitor Deflation Thread"   daemon [_thread_blocked, id=146322, stack(0x00007f668c3fd000,0x00007f668c4fd000) (1024K)]
  0x00007f66b810c850 JavaThread "C2 CompilerThread0"         daemon [_thread_blocked, id=146323, stack(0x00007f668c2fd000,0x00007f668c3fd000) (1024K)]
  0x00007f66b810e240 JavaThread "C1 CompilerThread0"         daemon [_thread_blocked, id=146324, stack(0x00007f668c1fd000,0x00007f668c2fd000) (1024K)]
  0x00007f66b8146d80 JavaThread "Notification Thread"        daemon [_thread_blocked, id=146328, stack(0x00007f667df00000,0x00007f667e000000) (1024K)]
  0x00007f66b8149370 JavaThread "Common-Cleaner"             daemon [_thread_blocked, id=146330, stack(0x00007f667de00000,0x00007f667df00000) (1024K)]
  0x00007f66b82860c0 JavaThread "surefire-forkedjvm-stream-flusher" daemon [_thread_blocked, id=146335, stack(0x00007f667d900000,0x00007f667da00000) (1024K)]
  0x00007f66b8291030 JavaThread "surefire-forkedjvm-command-thread" daemon [_thread_in_native, id=146336, stack(0x00007f667d800000,0x00007f667d900000) (1024K)]
  0x00007f663832b4f0 JavaThread "C1 CompilerThread1"         daemon [_thread_blocked, id=146374, stack(0x00007f668c0fd000,0x00007f668c1fd000) (1024K)]
  0x00007f663832c570 JavaThread "C1 CompilerThread2"         daemon [_thread_blocked, id=146375, stack(0x00007f667da00000,0x00007f667db00000) (1024K)]
  0x00007f66382d6880 JavaThread "C2 CompilerThread1"         daemon [_thread_in_native, id=146379, stack(0x00007f667d700000,0x00007f667d800000) (1024K)]
  0x00007f663c382920 JavaThread "C1 CompilerThread3"         daemon [_thread_blocked, id=146380, stack(0x00007f667db00000,0x00007f667dc00000) (1024K)]
  0x00007f6644339fe0 JavaThread "C2 CompilerThread2"         daemon [_thread_blocked, id=146381, stack(0x00007f667c8f4000,0x00007f667c9f4000) (1024K)]
  0x00007f66202ad600 JavaThread "C2 CompilerThread3"         daemon [_thread_blocked, id=146389, stack(0x00007f667d600000,0x00007f667d700000) (1024K)]
  0x00007f6610338850 JavaThread "C2 CompilerThread4"         daemon [_thread_blocked, id=146406, stack(0x00007f667dd00000,0x00007f667de00000) (1024K)]
Total: 19

Other Threads:
  0x00007f66b80fb340 VMThread "VM Thread"                           [id=146317, stack(0x00007f668c6fe000,0x00007f668c7fe000) (1024K)]
  0x00007f66b80ea9a0 WatcherThread "VM Periodic Task Thread"        [id=146316, stack(0x00007f668c900000,0x00007f668ca00000) (1024K)]
  0x00007f66b8059d30 WorkerThread "GC Thread#0"                     [id=146307, stack(0x00007f66bd1a4000,0x00007f66bd2a4000) (1024K)]
  0x00007f6660008d70 WorkerThread "GC Thread#1"                     [id=146339, stack(0x00007f667d500000,0x00007f667d600000) (1024K)]
  0x00007f6660009970 WorkerThread "GC Thread#2"                     [id=146340, stack(0x00007f667d3ff000,0x00007f667d4ff000) (1024K)]
  0x00007f666000a6b0 WorkerThread "GC Thread#3"                     [id=146341, stack(0x00007f667d2fe000,0x00007f667d3fe000) (1024K)]
  0x00007f666000b410 WorkerThread "GC Thread#4"                     [id=146342, stack(0x00007f667d1fd000,0x00007f667d2fd000) (1024K)]
  0x00007f666000c190 WorkerThread "GC Thread#5"                     [id=146343, stack(0x00007f667d0fc000,0x00007f667d1fc000) (1024K)]
  0x00007f666000cf10 WorkerThread "GC Thread#6"                     [id=146344, stack(0x00007f667cffb000,0x00007f667d0fb000) (1024K)]
  0x00007f666000dc90 WorkerThread "GC Thread#7"                     [id=146345, stack(0x00007f667cefa000,0x00007f667cffa000) (1024K)]
  0x00007f666000ea10 WorkerThread "GC Thread#8"                     [id=146346, stack(0x00007f667cdf9000,0x00007f667cef9000) (1024K)]
  0x00007f666000f790 WorkerThread "GC Thread#9"                     [id=146347, stack(0x00007f667ccf8000,0x00007f667cdf8000) (1024K)]
  0x00007f6660010510 WorkerThread "GC Thread#10"                    [id=146348, stack(0x00007f667cbf7000,0x00007f667ccf7000) (1024K)]
  0x00007f6660011290 WorkerThread "GC Thread#11"                    [id=146349, stack(0x00007f667caf6000,0x00007f667cbf6000) (1024K)]
  0x00007f6660012010 WorkerThread "GC Thread#12"                    [id=146350, stack(0x00007f667c9f5000,0x00007f667caf5000) (1024K)]
  0x00007f66b8072cf0 ConcurrentGCThread "G1 Main Marker"            [id=146308, stack(0x00007f66bd0a3000,0x00007f66bd1a3000) (1024K)]
  0x00007f66b8073ec0 WorkerThread "G1 Conc#0"                       [id=146309, stack(0x00007f66bcfa2000,0x00007f66bd0a2000) (1024K)]
  0x00007f6680000cd0 WorkerThread "G1 Conc#1"                       [id=146384, stack(0x00007f667c7f4000,0x00007f667c8f4000) (1024K)]
  0x00007f6680001840 WorkerThread "G1 Conc#2"                       [id=146385, stack(0x00007f667c6f3000,0x00007f667c7f3000) (1024K)]
  0x00007f66b80da530 ConcurrentGCThread "G1 Refine#0"               [id=146310, stack(0x00007f66bc194000,0x00007f66bc294000) (1024K)]
  0x00007f66b80db720 ConcurrentGCThread "G1 Service"                [id=146311, stack(0x00007f66bc093000,0x00007f66bc193000) (1024K)]
Total: 21

Threads with active compile tasks:
C2 CompilerThread1  18528 9067       4       com.dylibso.chicory.cranelift.CraneliftMachineFuncGroup_0::func_4051 (6118 bytes)
Total: 1

VM state: not at safepoint (normal execution)

VM Mutex/Monitor currently owned by a thread: None

Heap address: 0x0000000418000000, size: 16000 MB, Compressed Oops mode: Zero based, Oop shift amount: 3

CDS archive(s) mapped at: [0x000000003c000000-0x000000003cd8c000-0x000000003cd8c000), size 14204928, SharedBaseAddress: 0x000000003c000000, ArchiveRelocationMode: 1.
Compressed class space mapped at: 0x000000003d000000-0x000000007d000000, reserved size: 1073741824
UseCompressedClassPointers 1, UseCompactObjectHeaders 0
Narrow klass pointer bits 32, Max shift 3
Narrow klass base: 0x000000003c000000, Narrow klass shift: 0
Encoding Range: [0x000000003c000000 - 0x000000013c000000), (4294967296 bytes)
Klass Range:    [0x000000003c001000 - 0x000000007d000000), (1090514944 bytes)
Klass ID Range:  [4096 - 1090519033) (1090514937)
Protection zone: [0x000000003c000000 - 0x000000003c001000), (4096 bytes)

GC Precious Log:
 CardTable entry size: 512
 Card Set container configuration: InlinePtr #cards 4 size 8 Array Of Cards #cards 64 size 144 Howl #buckets 8 coarsen threshold 14745 Howl Bitmap #cards 2048 size 272 coarsen threshold 1843 Card regions per heap region 1 cards per card region 16384
 CPUs: 16 total, 16 available
 Memory: 63992M
 Large Page Support: Disabled
 NUMA Support: Disabled
 Compressed Oops: Enabled (Zero based)
 Heap Region Size: 8M
 Heap Min Capacity: 8M
 Heap Initial Capacity: 1000M
 Heap Max Capacity: 16000M
 Pre-touch: Disabled
 Parallel Workers: 13
 Concurrent Workers: 3
 Concurrent Refinement Workers: 13
 Periodic GC: Disabled

Heap:
 garbage-first heap   total reserved 16384000K, committed 278528K, used 208582K [0x0000000418000000, 0x0000000800000000)
  region size 8192K, 20 young (163840K), 2 survivors (16384K)

Heap Regions: E=young(eden), S=young(survivor), O=old, HS=humongous(starts), HC=humongous(continues), CS=collection set, F=free, TAMS=top-at-mark-start, PB=parsable bottom
|   0|0x0000000418000000, 0x0000000418269830, 0x0000000418800000| 30%| O|Cm|TAMS 0x0000000418000000| PB 0x0000000418000000| Complete |  0
|   1|0x0000000418800000, 0x0000000419000000, 0x0000000419000000|100%| O|  |TAMS 0x0000000418800000| PB 0x0000000418800000| Untracked |  0
|   2|0x0000000419000000, 0x0000000419800000, 0x0000000419800000|100%| O|  |TAMS 0x0000000419000000| PB 0x0000000419000000| Untracked |  0
|   3|0x0000000419800000, 0x000000041a000000, 0x000000041a000000|100%| O|  |TAMS 0x0000000419800000| PB 0x0000000419800000| Untracked |  0
|   4|0x000000041a000000, 0x000000041a800000, 0x000000041a800000|100%| O|  |TAMS 0x000000041a000000| PB 0x000000041a000000| Untracked |  0
|   5|0x000000041a800000, 0x000000041b000000, 0x000000041b000000|100%| O|  |TAMS 0x000000041a800000| PB 0x000000041a800000| Untracked |  0
|   6|0x000000041b000000, 0x000000041b3fb9c0, 0x000000041b800000| 49%| O|  |TAMS 0x000000041b000000| PB 0x000000041b000000| Untracked |  0
|   7|0x000000041b800000, 0x000000041b800000, 0x000000041c000000|  0%| F|  |TAMS 0x000000041b800000| PB 0x000000041b800000| Untracked |  0
|   8|0x000000041c000000, 0x000000041c000000, 0x000000041c800000|  0%| F|  |TAMS 0x000000041c000000| PB 0x000000041c000000| Untracked |  0
|   9|0x000000041c800000, 0x000000041c800000, 0x000000041d000000|  0%| F|  |TAMS 0x000000041c800000| PB 0x000000041c800000| Untracked |  0
|  10|0x000000041d000000, 0x000000041d000000, 0x000000041d800000|  0%| F|  |TAMS 0x000000041d000000| PB 0x000000041d000000| Untracked |  0
|  11|0x000000041d800000, 0x000000041dd4c728, 0x000000041e000000| 66%| S|CS|TAMS 0x000000041d800000| PB 0x000000041d800000| Complete |  0
|  12|0x000000041e000000, 0x000000041e800000, 0x000000041e800000|100%| S|CS|TAMS 0x000000041e000000| PB 0x000000041e000000| Complete |  0
|  13|0x000000041e800000, 0x000000041e800000, 0x000000041f000000|  0%| F|  |TAMS 0x000000041e800000| PB 0x000000041e800000| Untracked |  0
|  14|0x000000041f000000, 0x000000041f000000, 0x000000041f800000|  0%| F|  |TAMS 0x000000041f000000| PB 0x000000041f000000| Untracked |  0
|  15|0x000000041f800000, 0x000000041fe46560, 0x0000000420000000| 78%| E|  |TAMS 0x000000041f800000| PB 0x000000041f800000| Complete |  0
|  16|0x0000000420000000, 0x0000000420800000, 0x0000000420800000|100%| E|CS|TAMS 0x0000000420000000| PB 0x0000000420000000| Complete |  0
|  17|0x0000000420800000, 0x0000000421000000, 0x0000000421000000|100%| E|CS|TAMS 0x0000000420800000| PB 0x0000000420800000| Complete |  0
|  18|0x0000000421000000, 0x0000000421800000, 0x0000000421800000|100%| E|CS|TAMS 0x0000000421000000| PB 0x0000000421000000| Complete |  0
|  19|0x0000000421800000, 0x0000000422000000, 0x0000000422000000|100%| E|CS|TAMS 0x0000000421800000| PB 0x0000000421800000| Complete |  0
|  20|0x0000000422000000, 0x0000000422800000, 0x0000000422800000|100%| E|CS|TAMS 0x0000000422000000| PB 0x0000000422000000| Complete |  0
|  21|0x0000000422800000, 0x0000000423000000, 0x0000000423000000|100%| E|CS|TAMS 0x0000000422800000| PB 0x0000000422800000| Complete |  0
|  22|0x0000000423000000, 0x0000000423800000, 0x0000000423800000|100%| E|CS|TAMS 0x0000000423000000| PB 0x0000000423000000| Complete |  0
|  23|0x0000000423800000, 0x0000000424000000, 0x0000000424000000|100%| E|CS|TAMS 0x0000000423800000| PB 0x0000000423800000| Complete |  0
|  24|0x0000000424000000, 0x0000000424800000, 0x0000000424800000|100%| E|CS|TAMS 0x0000000424000000| PB 0x0000000424000000| Complete |  0
|  25|0x0000000424800000, 0x0000000425000000, 0x0000000425000000|100%| E|CS|TAMS 0x0000000424800000| PB 0x0000000424800000| Complete |  0
|  26|0x0000000425000000, 0x0000000425800000, 0x0000000425800000|100%| E|CS|TAMS 0x0000000425000000| PB 0x0000000425000000| Complete |  0
|  27|0x0000000425800000, 0x0000000426000000, 0x0000000426000000|100%| E|CS|TAMS 0x0000000425800000| PB 0x0000000425800000| Complete |  0
|  28|0x0000000426000000, 0x0000000426800000, 0x0000000426800000|100%| E|CS|TAMS 0x0000000426000000| PB 0x0000000426000000| Complete |  0
|  36|0x000000042a000000, 0x000000042a800000, 0x000000042a800000|100%| E|CS|TAMS 0x000000042a000000| PB 0x000000042a000000| Complete |  0
|  37|0x000000042a800000, 0x000000042b000000, 0x000000042b000000|100%| E|CS|TAMS 0x000000042a800000| PB 0x000000042a800000| Complete |  0
| 218|0x0000000485000000, 0x0000000485800000, 0x0000000485800000|100%| E|CS|TAMS 0x0000000485000000| PB 0x0000000485000000| Complete |  0
|1998|0x00000007ff000000, 0x00000007ff800000, 0x00000007ff800000|100%| O|  |TAMS 0x00000007ff000000| PB 0x00000007ff000000| Untracked |  0
|1999|0x00000007ff800000, 0x0000000800000000, 0x0000000800000000|100%| E|CS|TAMS 0x00000007ff800000| PB 0x00000007ff800000| Complete |  0

Card table byte_map: [0x00007f669c580000,0x00007f669e4c0000] _byte_map_base: 0x00007f669a4c0000

Marking Bits: (CMBitMap*) 0x00007f66b805aa80
 Bits: [0x00007f668ca00000, 0x00007f669c400000)

Polling page: 0x00007f66bfef1000

Metaspace:
Metaspace        used 35857K, committed 36800K, reserved 1114112K
 class space     used 2275K, committed 2688K, reserved 1048576K

Usage:
  Non-class:     32.80 MB used.
      Class:      2.22 MB used.
       Both:     35.02 MB used.

Virtual space:
  Non-class space:       64.00 MB reserved,      33.31 MB ( 52%) committed,  1 nodes.
      Class space:        1.00 GB reserved,       2.62 MB ( <1%) committed,  1 nodes.
             Both:        1.06 GB reserved,      35.94 MB (  3%) committed. 

Chunk freelists:
   Non-Class:  14.22 MB
       Class:  13.39 MB
        Both:  27.61 MB

MaxMetaspaceSize: unlimited
CompressedClassSpaceSize: 1.00 GB
Initial GC threshold: 21.00 MB
Current GC threshold: 58.75 MB
CDS: on
 - commit_granule_bytes: 65536.
 - commit_granule_words: 8192.
 - virtual_space_node_default_size: 8388608.
 - enlarge_chunks_in_place: 1.
UseCompressedClassPointers 1, UseCompactObjectHeaders 0
Narrow klass pointer bits 32, Max shift 3
Narrow klass base: 0x000000003c000000, Narrow klass shift: 0
Encoding Range: [0x000000003c000000 - 0x000000013c000000), (4294967296 bytes)
Klass Range:    [0x000000003c001000 - 0x000000007d000000), (1090514944 bytes)
Klass ID Range:  [4096 - 1090519033) (1090514937)
Protection zone: [0x000000003c000000 - 0x000000003c001000), (4096 bytes)


Internal statistics:

num_allocs_failed_limit: 26.
num_arena_births: 1358.
num_arena_deaths: 0.
num_vsnodes_births: 2.
num_vsnodes_deaths: 0.
num_space_committed: 558.
num_space_uncommitted: 0.
num_chunks_returned_to_freelist: 26.
num_chunks_taken_from_freelist: 2629.
num_chunk_merges: 26.
num_chunk_splits: 1781.
num_chunks_enlarged: 1139.
num_inconsistent_stats: 0.

CodeHeap 'non-profiled nmethods': size=119172Kb used=7484Kb max_used=7650Kb free=111687Kb
 bounds [0x00007f66a7f9f000, 0x00007f66a871f000, 0x00007f66af400000]
CodeHeap 'profiled nmethods': size=119164Kb used=29903Kb max_used=29903Kb free=89261Kb
 bounds [0x00007f66a0400000, 0x00007f66a2240000, 0x00007f66a785f000]
CodeHeap 'non-nmethods': size=7424Kb used=4257Kb max_used=4338Kb free=3166Kb
 bounds [0x00007f66a785f000, 0x00007f66a7caf000, 0x00007f66a7f9f000]
CodeCache: size=245760Kb, used=41644Kb, max_used=41891Kb, free=204114Kb
 total_blobs=9824, nmethods=8181, adapters=630, full_count=0
Compilation: enabled, stopped_count=0, restarted_count=0

Compilation events (20 events):
Event: 18.434 Thread 0x00007f66202ad600 9118       4       org.junit.platform.launcher.core.CompositeEngineExecutionListener::notifyEach (13 bytes)
Event: 18.434 Thread 0x00007f6644339fe0 9119       4       java.lang.StringLatin1$CharsSpliterator::estimateSize (11 bytes)
Event: 18.434 Thread 0x00007f6644339fe0 nmethod 9119 0x00007f66a8049208 code [0x00007f66a8049300, 0x00007f66a8049380]
Event: 18.435 Thread 0x00007f6644339fe0 9120       4       java.nio.ByteBuffer::limit (8 bytes)
Event: 18.435 Thread 0x00007f6644339fe0 nmethod 9120 0x00007f66a809cc88 code [0x00007f66a809cd80, 0x00007f66a809ce78]
Event: 18.437 Thread 0x00007f66202ad600 nmethod 9118 0x00007f66a801f388 code [0x00007f66a801f480, 0x00007f66a801f7c8]
Event: 18.447 Thread 0x00007f663832b4f0 9122       3       java.lang.Class::arrayContentsEq (70 bytes)
Event: 18.447 Thread 0x00007f663c382920 9121       3       java.lang.Class::getDeclaredMethod (42 bytes)
Event: 18.448 Thread 0x00007f663832b4f0 nmethod 9122 0x00007f66a064e408 code [0x00007f66a064e500, 0x00007f66a064e8f0]
Event: 18.448 Thread 0x00007f663c382920 nmethod 9121 0x00007f66a040ed08 code [0x00007f66a040ee00, 0x00007f66a040f550]
Event: 18.449 Thread 0x00007f66202ad600 9123       4       java.util.ImmutableCollections$MapN::get (35 bytes)
Event: 18.449 Thread 0x00007f6644339fe0 9124       4       com.dylibso.chicory.wabt.Wat2WasmModuleMachineFuncGroup_0::func_1604 (146 bytes)
Event: 18.457 Thread 0x00007f66b810c850 nmethod 9117 0x00007f66a812f908 code [0x00007f66a812fa20, 0x00007f66a8132560]
Event: 18.457 Thread 0x00007f66b810c850 9125       4       org.junit.platform.commons.util.AnnotationUtils::findAnnotatedFields (44 bytes)
Event: 18.459 Thread 0x00007f66202ad600 nmethod 9123 0x00007f66a803ca08 code [0x00007f66a803cb00, 0x00007f66a803d518]
Event: 18.471 Thread 0x00007f6644339fe0 nmethod 9124 0x00007f66a8178f88 code [0x00007f66a8179080, 0x00007f66a817a7c0]
Event: 18.475 Thread 0x00007f6644339fe0 9126       4       java.lang.invoke.MethodType::leadingReferenceParameter (30 bytes)
Event: 18.476 Thread 0x00007f6644339fe0 nmethod 9126 0x00007f66a8178a88 code [0x00007f66a8178b80, 0x00007f66a8178c68]
Event: 18.477 Thread 0x00007f6610338850 nmethod 9103 0x00007f66a80b3188 code [0x00007f66a80b3280, 0x00007f66a80b65e8]
Event: 18.478 Thread 0x00007f6610338850 9127       4       jdk.internal.classfile.impl.StackMapGenerator$Frame::<init> (75 bytes)

GC Heap Usage History (20 events):
Event: 12.454 {heap Before GC invocations=21 (full 0):
 garbage-first heap   total reserved 16384000K, committed 335872K, used 247184K [0x0000000418000000, 0x0000000800000000)
  region size 8192K, 24 young (196608K), 1 survivors (8192K)
}
Event: 12.457 {heap After GC invocations=22 (full 0):
 garbage-first heap   total reserved 16384000K, committed 335872K, used 59701K [0x0000000418000000, 0x0000000800000000)
  region size 8192K, 1 young (8192K), 1 survivors (8192K)
}
Event: 12.895 {heap Before GC invocations=22 (full 0):
 garbage-first heap   total reserved 16384000K, committed 335872K, used 248117K [0x0000000418000000, 0x0000000800000000)
  region size 8192K, 24 young (196608K), 1 survivors (8192K)
}
Event: 12.897 {heap After GC invocations=23 (full 0):
 garbage-first heap   total reserved 16384000K, committed 335872K, used 60039K [0x0000000418000000, 0x0000000800000000)
  region size 8192K, 1 young (8192K), 1 survivors (8192K)
}
Event: 13.309 {heap Before GC invocations=23 (full 0):
 garbage-first heap   total reserved 16384000K, committed 335872K, used 248455K [0x0000000418000000, 0x0000000800000000)
  region size 8192K, 24 young (196608K), 1 survivors (8192K)
}
Event: 13.312 {heap After GC invocations=24 (full 0):
 garbage-first heap   total reserved 16384000K, committed 335872K, used 59706K [0x0000000418000000, 0x0000000800000000)
  region size 8192K, 1 young (8192K), 1 survivors (8192K)
}
Event: 14.070 {heap Before GC invocations=24 (full 0):
 garbage-first heap   total reserved 16384000K, committed 335872K, used 248122K [0x0000000418000000, 0x0000000800000000)
  region size 8192K, 24 young (196608K), 1 survivors (8192K)
}
Event: 14.075 {heap After GC invocations=25 (full 0):
 garbage-first heap   total reserved 16384000K, committed 335872K, used 61323K [0x0000000418000000, 0x0000000800000000)
  region size 8192K, 1 young (8192K), 1 survivors (8192K)
}
Event: 14.721 {heap Before GC invocations=25 (full 0):
 garbage-first heap   total reserved 16384000K, committed 335872K, used 249739K [0x0000000418000000, 0x0000000800000000)
  region size 8192K, 24 young (196608K), 1 survivors (8192K)
}
Event: 14.728 {heap After GC invocations=26 (full 0):
 garbage-first heap   total reserved 16384000K, committed 335872K, used 63857K [0x0000000418000000, 0x0000000800000000)
  region size 8192K, 1 young (8192K), 1 survivors (8192K)
}
Event: 15.481 {heap Before GC invocations=26 (full 0):
 garbage-first heap   total reserved 16384000K, committed 335872K, used 252273K [0x0000000418000000, 0x0000000800000000)
  region size 8192K, 24 young (196608K), 1 survivors (8192K)
}
Event: 15.491 {heap After GC invocations=27 (full 0):
 garbage-first heap   total reserved 16384000K, committed 335872K, used 66770K [0x0000000418000000, 0x0000000800000000)
  region size 8192K, 2 young (16384K), 2 survivors (16384K)
}
Event: 15.958 {heap Before GC invocations=27 (full 0):
 garbage-first heap   total reserved 16384000K, committed 335872K, used 238802K [0x0000000418000000, 0x0000000800000000)
  region size 8192K, 24 young (196608K), 2 survivors (16384K)
}
Event: 15.964 {heap After GC invocations=28 (full 0):
 garbage-first heap   total reserved 16384000K, committed 409600K, used 67288K [0x0000000418000000, 0x0000000800000000)
  region size 8192K, 2 young (16384K), 2 survivors (16384K)
}
Event: 16.856 {heap Before GC invocations=28 (full 0):
 garbage-first heap   total reserved 16384000K, committed 409600K, used 288472K [0x0000000418000000, 0x0000000800000000)
  region size 8192K, 30 young (245760K), 2 survivors (16384K)
}
Event: 16.863 {heap After GC invocations=29 (full 0):
 garbage-first heap   total reserved 16384000K, committed 409600K, used 68830K [0x0000000418000000, 0x0000000800000000)
  region size 8192K, 2 young (16384K), 2 survivors (16384K)
}
Event: 17.205 {heap Before GC invocations=29 (full 0):
 garbage-first heap   total reserved 16384000K, committed 409600K, used 150750K [0x0000000418000000, 0x0000000800000000)
  region size 8192K, 13 young (106496K), 2 survivors (16384K)
}
Event: 17.212 {heap After GC invocations=30 (full 0):
 garbage-first heap   total reserved 16384000K, committed 409600K, used 67532K [0x0000000418000000, 0x0000000800000000)
  region size 8192K, 2 young (16384K), 2 survivors (16384K)
}
Event: 17.842 {heap Before GC invocations=31 (full 0):
 garbage-first heap   total reserved 16384000K, committed 278528K, used 214988K [0x0000000418000000, 0x0000000800000000)
  region size 8192K, 20 young (163840K), 2 survivors (16384K)
}
Event: 17.850 {heap After GC invocations=32 (full 0):
 garbage-first heap   total reserved 16384000K, committed 278528K, used 69318K [0x0000000418000000, 0x0000000800000000)
  region size 8192K, 2 young (16384K), 2 survivors (16384K)
}

Metaspace Usage History (20 events):
Event: 12.454 {metaspace Before GC invocations=21 (full 0):
 Metaspace       used 32247K, committed 32832K, reserved 1114112K
  class space    used 1774K, committed 2048K, reserved 1048576K
}
Event: 12.457 {metaspace After GC invocations=22 (full 0):
 Metaspace       used 32247K, committed 32832K, reserved 1114112K
  class space    used 1774K, committed 2048K, reserved 1048576K
}
Event: 12.895 {metaspace Before GC invocations=22 (full 0):
 Metaspace       used 32902K, committed 33472K, reserved 1114112K
  class space    used 1774K, committed 2048K, reserved 1048576K
}
Event: 12.897 {metaspace After GC invocations=23 (full 0):
 Metaspace       used 32902K, committed 33472K, reserved 1114112K
  class space    used 1774K, committed 2048K, reserved 1048576K
}
Event: 13.309 {metaspace Before GC invocations=23 (full 0):
 Metaspace       used 32925K, committed 33536K, reserved 1114112K
  class space    used 1775K, committed 2048K, reserved 1048576K
}
Event: 13.312 {metaspace After GC invocations=24 (full 0):
 Metaspace       used 32925K, committed 33536K, reserved 1114112K
  class space    used 1775K, committed 2048K, reserved 1048576K
}
Event: 14.070 {metaspace Before GC invocations=24 (full 0):
 Metaspace       used 33314K, committed 33920K, reserved 1114112K
  class space    used 1811K, committed 2112K, reserved 1048576K
}
Event: 14.075 {metaspace After GC invocations=25 (full 0):
 Metaspace       used 33314K, committed 33920K, reserved 1114112K
  class space    used 1811K, committed 2112K, reserved 1048576K
}
Event: 14.721 {metaspace Before GC invocations=25 (full 0):
 Metaspace       used 33732K, committed 34496K, reserved 1114112K
  class space    used 1853K, committed 2176K, reserved 1048576K
}
Event: 14.728 {metaspace After GC invocations=26 (full 0):
 Metaspace       used 33732K, committed 34496K, reserved 1114112K
  class space    used 1853K, committed 2176K, reserved 1048576K
}
Event: 15.481 {metaspace Before GC invocations=26 (full 0):
 Metaspace       used 34018K, committed 34752K, reserved 1114112K
  class space    used 1869K, committed 2176K, reserved 1048576K
}
Event: 15.491 {metaspace After GC invocations=27 (full 0):
 Metaspace       used 34018K, committed 34752K, reserved 1114112K
  class space    used 1869K, committed 2176K, reserved 1048576K
}
Event: 15.958 {metaspace Before GC invocations=27 (full 0):
 Metaspace       used 34235K, committed 34944K, reserved 1114112K
  class space    used 1913K, committed 2240K, reserved 1048576K
}
Event: 15.964 {metaspace After GC invocations=28 (full 0):
 Metaspace       used 34235K, committed 34944K, reserved 1114112K
  class space    used 1913K, committed 2240K, reserved 1048576K
}
Event: 16.856 {metaspace Before GC invocations=28 (full 0):
 Metaspace       used 35050K, committed 35840K, reserved 1114112K
  class space    used 2074K, committed 2432K, reserved 1048576K
}
Event: 16.863 {metaspace After GC invocations=29 (full 0):
 Metaspace       used 35050K, committed 35840K, reserved 1114112K
  class space    used 2074K, committed 2432K, reserved 1048576K
}
Event: 17.205 {metaspace Before GC invocations=29 (full 0):
 Metaspace       used 35149K, committed 36032K, reserved 1114112K
  class space    used 2092K, committed 2496K, reserved 1048576K
}
Event: 17.212 {metaspace After GC invocations=30 (full 0):
 Metaspace       used 35149K, committed 36032K, reserved 1114112K
  class space    used 2092K, committed 2496K, reserved 1048576K
}
Event: 17.842 {metaspace Before GC invocations=31 (full 0):
 Metaspace       used 35639K, committed 36544K, reserved 1114112K
  class space    used 2227K, committed 2624K, reserved 1048576K
}
Event: 17.850 {metaspace After GC invocations=32 (full 0):
 Metaspace       used 35639K, committed 36544K, reserved 1114112K
  class space    used 2227K, committed 2624K, reserved 1048576K
}

Dll operation events (9 events):
Event: 0.002 Loaded shared library /home/andreatp/.sdkman/candidates/java/25-tem/lib/libjava.so
Event: 0.037 Loaded shared library /home/andreatp/.sdkman/candidates/java/25-tem/lib/libsimdsort.so
Event: 0.051 Loaded shared library /home/andreatp/.sdkman/candidates/java/25-tem/lib/libnio.so
Event: 0.054 Loaded shared library /home/andreatp/.sdkman/candidates/java/25-tem/lib/libzip.so
Event: 0.095 Loaded shared library /home/andreatp/.sdkman/candidates/java/25-tem/lib/libmanagement.so
Event: 0.096 Loaded shared library /home/andreatp/.sdkman/candidates/java/25-tem/lib/libmanagement_ext.so
Event: 0.113 Loaded shared library /home/andreatp/.sdkman/candidates/java/25-tem/lib/libjimage.so
Event: 6.767 Loaded shared library /home/andreatp/.sdkman/candidates/java/25-tem/lib/libnet.so
Event: 7.665 Loaded shared library /home/andreatp/.sdkman/candidates/java/25-tem/lib/libsyslookup.so

Deoptimization events (20 events):
Event: 17.737 Thread 0x00007f66b802b810 Uncommon trap: trap_request=0xffffff45 fr.pc=0x00007f66a81cfc18 relative=0x0000000000000118
Event: 17.737 Thread 0x00007f66b802b810 Uncommon trap: reason=unstable_if action=reinterpret pc=0x00007f66a81cfc18 method=com.dylibso.chicory.wasm.Validator.getLocalType(I)Lcom/dylibso/chicory/wasm/types/ValType; @ 10 c2
Event: 17.737 Thread 0x00007f66b802b810 DEOPT PACKING pc=0x00007f66a81cfc18 sp=0x00007f66be3fc8f0
Event: 17.737 Thread 0x00007f66b802b810 DEOPT UNPACKING pc=0x00007f66a798f479 sp=0x00007f66be3fc8a8 mode 2
Event: 17.991 Thread 0x00007f66b802b810 Uncommon trap: trap_request=0xffffffde fr.pc=0x00007f66a84a452c relative=0x000000000000162c
Event: 17.991 Thread 0x00007f66b802b810 Uncommon trap: reason=class_check action=maybe_recompile pc=0x00007f66a84a452c method=com.dylibso.chicory.runtime.Instance.initialize(Z)Lcom/dylibso/chicory/runtime/Instance; @ 173 c2
Event: 17.991 Thread 0x00007f66b802b810 DEOPT PACKING pc=0x00007f66a84a452c sp=0x00007f66be3fcfa0
Event: 17.991 Thread 0x00007f66b802b810 DEOPT UNPACKING pc=0x00007f66a798f479 sp=0x00007f66be3fcf40 mode 2
Event: 18.016 Thread 0x00007f66b802b810 Uncommon trap: trap_request=0xffffff45 fr.pc=0x00007f66a81d5680 relative=0x0000000000000180
Event: 18.016 Thread 0x00007f66b802b810 Uncommon trap: reason=unstable_if action=reinterpret pc=0x00007f66a81d5680 method=com.dylibso.chicory.wasm.Validator.setLocal(I)V @ 10 c2
Event: 18.016 Thread 0x00007f66b802b810 DEOPT PACKING pc=0x00007f66a81d5680 sp=0x00007f66be3fc8f0
Event: 18.016 Thread 0x00007f66b802b810 DEOPT UNPACKING pc=0x00007f66a798f479 sp=0x00007f66be3fc8b8 mode 2
Event: 18.319 Thread 0x00007f66b802b810 Uncommon trap: trap_request=0xffffff45 fr.pc=0x00007f66a86bd6bc relative=0x0000000000003f9c
Event: 18.319 Thread 0x00007f66b802b810 Uncommon trap: reason=unstable_if action=reinterpret pc=0x00007f66a86bd6bc method=com.dylibso.chicory.cranelift.CraneliftMachineFuncGroup_0.func_3874(IIILcom/dylibso/chicory/runtime/Memory;Lcom/dylibso/chicory/runtime/Instance;)V @ 248 c2
Event: 18.319 Thread 0x00007f66b802b810 DEOPT PACKING pc=0x00007f66a86bd6bc sp=0x00007f66be3fb2c0
Event: 18.319 Thread 0x00007f66b802b810 DEOPT UNPACKING pc=0x00007f66a798f479 sp=0x00007f66be3fb2e8 mode 2
Event: 18.365 Thread 0x00007f66b802b810 Uncommon trap: trap_request=0xffffffde fr.pc=0x00007f66a84a452c relative=0x000000000000162c
Event: 18.365 Thread 0x00007f66b802b810 Uncommon trap: reason=class_check action=maybe_recompile pc=0x00007f66a84a452c method=com.dylibso.chicory.runtime.Instance.initialize(Z)Lcom/dylibso/chicory/runtime/Instance; @ 173 c2
Event: 18.365 Thread 0x00007f66b802b810 DEOPT PACKING pc=0x00007f66a84a452c sp=0x00007f66be3fcfa0
Event: 18.365 Thread 0x00007f66b802b810 DEOPT UNPACKING pc=0x00007f66a798f479 sp=0x00007f66be3fcf40 mode 2

Classes loaded (20 events):
Event: 9.042 Loading class java/lang/StackTraceElement$HashedModules
Event: 9.042 Loading class java/lang/StackTraceElement$HashedModules done
Event: 9.043 Loading class java/util/AbstractList$RandomAccessSubList
Event: 9.043 Loading class java/util/AbstractList$SubList
Event: 9.043 Loading class java/util/AbstractList$SubList done
Event: 9.043 Loading class java/util/AbstractList$RandomAccessSubList done
Event: 9.043 Loading class java/util/AbstractList$SubList$1
Event: 9.043 Loading class java/util/AbstractList$SubList$1 done
Event: 9.046 Loading class java/io/PrintWriter
Event: 9.046 Loading class java/io/PrintWriter done
Event: 9.046 Loading class java/lang/Throwable$WrappedPrintWriter
Event: 9.046 Loading class java/lang/Throwable$PrintStreamOrWriter
Event: 9.046 Loading class java/lang/Throwable$PrintStreamOrWriter done
Event: 9.046 Loading class java/lang/Throwable$WrappedPrintWriter done
Event: 17.645 Loading class java/lang/invoke/BoundMethodHandle$Species_LLLLLLLL
Event: 17.645 Loading class java/lang/invoke/BoundMethodHandle$Species_LLLLLLLL done
Event: 17.646 Loading class java/lang/invoke/BoundMethodHandle$Species_LLLLLLLLL
Event: 17.646 Loading class java/lang/invoke/BoundMethodHandle$Species_LLLLLLLLL done
Event: 17.650 Loading class java/lang/invoke/BoundMethodHandle$Species_LLLLLLLLLL
Event: 17.650 Loading class java/lang/invoke/BoundMethodHandle$Species_LLLLLLLLLL done

Classes unloaded (0 events):
No events

Classes redefined (0 events):
No events

Internal exceptions (20 events):
Event: 17.179 Thread 0x00007f66b802b810 Exception <a 'java/lang/NoSuchMethodError'{0x000000043e1c50b0}: 'void java.lang.invoke.DelegatingMethodHandle$Holder.reinvoke_L(java.lang.Object, java.lang.Object, long, long)'> (0x000000043e1c50b0) 
thrown [src/hotspot/share/interpreter/linkResolver.cpp, line 803]
Event: 17.179 Thread 0x00007f66b802b810 Exception <a 'java/lang/NoSuchMethodError'{0x000000043e1d5880}: 'void java.lang.invoke.DirectMethodHandle$Holder.invokeSpecial(java.lang.Object, java.lang.Object, long, long)'> (0x000000043e1d5880) 
thrown [src/hotspot/share/interpreter/linkResolver.cpp, line 803]
Event: 17.179 Thread 0x00007f66b802b810 Exception <a 'java/lang/NoSuchMethodError'{0x000000043e1dddc8}: 'void java.lang.invoke.Invokers$Holder.exactInvoker(java.lang.Object, java.lang.Object, long, long)'> (0x000000043e1dddc8) 
thrown [src/hotspot/share/interpreter/linkResolver.cpp, line 803]
Event: 17.180 Thread 0x00007f66b802b810 Exception <a 'java/lang/NoSuchMethodError'{0x000000043e1e69e8}: 'void java.lang.invoke.DelegatingMethodHandle$Holder.delegate(java.lang.Object, java.lang.Object, long, long)'> (0x000000043e1e69e8) 
thrown [src/hotspot/share/interpreter/linkResolver.cpp, line 803]
Event: 17.181 Thread 0x00007f66b802b810 Exception <a 'java/lang/ArrayIndexOutOfBoundsException'{0x000000043e258d80}: Index 1 out of bounds for length 1> (0x000000043e258d80) 
thrown [src/hotspot/share/interpreter/interpreterRuntime.cpp, line 420]
Event: 17.182 Thread 0x00007f66b802b810 Exception <a 'java/lang/ArrayIndexOutOfBoundsException'{0x000000043e26dbd8}: Index 1 out of bounds for length 1> (0x000000043e26dbd8) 
thrown [src/hotspot/share/interpreter/interpreterRuntime.cpp, line 420]
Event: 17.182 Thread 0x00007f66b802b810 Exception <a 'java/lang/ArrayIndexOutOfBoundsException'{0x000000043e282390}: Index 1 out of bounds for length 1> (0x000000043e282390) 
thrown [src/hotspot/share/interpreter/interpreterRuntime.cpp, line 420]
Event: 17.182 Thread 0x00007f66b802b810 Exception <a 'java/lang/ArrayIndexOutOfBoundsException'{0x000000043e296b48}: Index 1 out of bounds for length 1> (0x000000043e296b48) 
thrown [src/hotspot/share/interpreter/interpreterRuntime.cpp, line 420]
Event: 17.636 Thread 0x00007f66b802b810 Exception <a 'java/lang/NoSuchMethodError'{0x0000000420d87a78}: 'void java.lang.invoke.DirectMethodHandle$Holder.invokeStaticInit(java.lang.Object, java.lang.Object, java.lang.Object, java.lang.Object, java.lang.Object, long, float, double, int, int)'> (0x0000000420d87a78) 
thrown [src/hotspot/share/interpreter/linkResolver.cpp, line 803]
Event: 17.636 Thread 0x00007f66b802b810 Exception <a 'java/lang/NoSuchMethodError'{0x0000000420d98978}: 'void java.lang.invoke.DelegatingMethodHandle$Holder.reinvoke_L(java.lang.Object, java.lang.Object, java.lang.Object, java.lang.Object, java.lang.Object, long, float, double, int, int)'> (0x0000000420d98978) 
thrown [src/hotspot/share/interpreter/linkResolver.cpp, line 803]
Event: 17.639 Thread 0x00007f66b802b810 Exception <a 'java/lang/NoSuchMethodError'{0x0000000420de4600}: 'double java.lang.invoke.DirectMethodHandle$Holder.invokeStaticInit(java.lang.Object, java.lang.Object, java.lang.Object, java.lang.Object, java.lang.Object, long, float, double, int, int)'> (0x0000000420de4600) 
thrown [src/hotspot/share/interpreter/linkResolver.cpp, line 803]
Event: 17.639 Thread 0x00007f66b802b810 Exception <a 'java/lang/NoSuchMethodError'{0x0000000420df5500}: 'double java.lang.invoke.DelegatingMethodHandle$Holder.reinvoke_L(java.lang.Object, java.lang.Object, java.lang.Object, java.lang.Object, java.lang.Object, long, float, double, int, int)'> (0x0000000420df5500) 
thrown [src/hotspot/share/interpreter/linkResolver.cpp, line 803]
Event: 17.643 Thread 0x00007f66b802b810 Implicit null exception at 0x00007f66a85c00e6 to 0x00007f66a85c0864
Event: 17.643 Thread 0x00007f66b802b810 Exception <a 'java/lang/NoSuchMethodError'{0x0000000420eeb958}: 'java.lang.Object java.lang.invoke.Invokers$Holder.invoker(java.lang.Object, java.lang.Object, java.lang.Object, java.lang.Object, java.lang.Object, java.lang.Object, java.lang.Object, java.lang.Object, java.lang.Object)'> (0x0000000420eeb958) 
thrown [src/hotspot/share/interpreter/linkResolver.cpp, line 803]
Event: 17.643 Thread 0x00007f66b802b810 Implicit null exception at 0x00007f66a85c377e to 0x00007f66a85c3b38
Event: 17.646 Thread 0x00007f66b802b810 Exception <a 'java/lang/NoSuchMethodError'{0x0000000420f2ec60}: 'java.lang.Object java.lang.invoke.DirectMethodHandle$Holder.invokeStatic(java.lang.Object, java.lang.Object, java.lang.Object, java.lang.Object, java.lang.Object, java.lang.Object, java.lang.Object, java.lang.Object, java.lang.Object, java.lang.Object, java.lang.Object)'> (0x0000000420f2ec60) 
thrown [src/hotspot/share/interpreter/linkResolver.cpp, line 803]
Event: 17.647 Thread 0x00007f66b802b810 Exception <a 'java/lang/NoSuchMethodError'{0x0000000420f56180}: 'java.lang.Object java.lang.invoke.DirectMethodHandle$Holder.invokeStatic(java.lang.Object, java.lang.Object, java.lang.Object, java.lang.Object, java.lang.Object, java.lang.Object, java.lang.Object, java.lang.Object, java.lang.Object, java.lang.Object, java.lang.Object, java.lang.Object)'> (0x0000000420f56180) 
thrown [src/hotspot/share/interpreter/linkResolver.cpp, line 803]
Event: 17.650 Thread 0x00007f66b802b810 Exception <a 'java/lang/NoSuchMethodError'{0x0000000420fd78c8}: 'java.lang.Object java.lang.invoke.DirectMethodHandle$Holder.invokeStatic(java.lang.Object, java.lang.Object, java.lang.Object, java.lang.Object, java.lang.Object, java.lang.Object, java.lang.Object, java.lang.Object, java.lang.Object, java.lang.Object, java.lang.Object, java.lang.Object, java.lang.Object)'> (0x0000000420fd78c8) 
thrown [src/hotspot/share/interpreter/linkResolver.cpp, line 803]
Event: 17.715 Thread 0x00007f66b802b810 Exception <a 'java/lang/NoSuchMethodError'{0x000000041f9c2478}: 'long java.lang.invoke.DirectMethodHandle$Holder.invokeStaticInit(java.lang.Object, java.lang.Object, java.lang.Object, java.lang.Object, java.lang.Object, long, float, double, int, int)'> (0x000000041f9c2478) 
thrown [src/hotspot/share/interpreter/linkResolver.cpp, line 803]
Event: 17.716 Thread 0x00007f66b802b810 Exception <a 'java/lang/NoSuchMethodError'{0x000000041f9d3378}: 'long java.lang.invoke.DelegatingMethodHandle$Holder.reinvoke_L(java.lang.Object, java.lang.Object, java.lang.Object, java.lang.Object, java.lang.Object, long, float, double, int, int)'> (0x000000041f9d3378) 
thrown [src/hotspot/share/interpreter/linkResolver.cpp, line 803]

VM Operations (20 events):
Event: 14.070 Executing safepoint VM operation: G1CollectForAllocation (G1 Evacuation Pause)
Event: 14.075 Executing safepoint VM operation: G1CollectForAllocation (G1 Evacuation Pause) done
Event: 14.721 Executing safepoint VM operation: G1CollectForAllocation (G1 Evacuation Pause)
Event: 14.728 Executing safepoint VM operation: G1CollectForAllocation (G1 Evacuation Pause) done
Event: 15.481 Executing safepoint VM operation: G1CollectForAllocation (G1 Evacuation Pause)
Event: 15.491 Executing safepoint VM operation: G1CollectForAllocation (G1 Evacuation Pause) done
Event: 15.958 Executing safepoint VM operation: G1CollectForAllocation (G1 Evacuation Pause)
Event: 15.964 Executing safepoint VM operation: G1CollectForAllocation (G1 Evacuation Pause) done
Event: 16.150 Executing non-safepoint VM operation: HandshakeAllThreads (Deoptimize)
Event: 16.150 Executing non-safepoint VM operation: HandshakeAllThreads (Deoptimize) done
Event: 16.856 Executing safepoint VM operation: G1CollectForAllocation (G1 Evacuation Pause)
Event: 16.863 Executing safepoint VM operation: G1CollectForAllocation (G1 Evacuation Pause) done
Event: 17.205 Executing safepoint VM operation: G1TryInitiateConcMark (CodeCache GC Threshold)
Event: 17.212 Executing safepoint VM operation: G1TryInitiateConcMark (CodeCache GC Threshold) done
Event: 17.261 Executing safepoint VM operation: G1PauseRemark
Event: 17.268 Executing safepoint VM operation: G1PauseRemark done
Event: 17.294 Executing safepoint VM operation: G1PauseCleanup
Event: 17.295 Executing safepoint VM operation: G1PauseCleanup done
Event: 17.842 Executing safepoint VM operation: G1CollectForAllocation (G1 Evacuation Pause)
Event: 17.850 Executing safepoint VM operation: G1CollectForAllocation (G1 Evacuation Pause) done

Memory protections (20 events):
Event: 4.261 Protecting memory [0x00007f668c0fd000,0x00007f668c101000] with protection modes 0
Event: 4.262 Protecting memory [0x00007f667da00000,0x00007f667da04000] with protection modes 0
Event: 4.262 Protecting memory [0x00007f667d700000,0x00007f667d704000] with protection modes 0
Event: 6.642 Protecting memory [0x00007f667d700000,0x00007f667d704000] with protection modes 0
Event: 6.643 Protecting memory [0x00007f667db00000,0x00007f667db04000] with protection modes 0
Event: 6.659 Protecting memory [0x00007f667c8f4000,0x00007f667c8f8000] with protection modes 0
Event: 6.678 Protecting memory [0x00007f667d600000,0x00007f667d604000] with protection modes 0
Event: 6.678 Protecting memory [0x00007f667dd00000,0x00007f667dd04000] with protection modes 0
Event: 8.565 Protecting memory [0x00007f667d600000,0x00007f667d604000] with protection modes 0
Event: 9.454 Protecting memory [0x00007f667dd00000,0x00007f667dd04000] with protection modes 0
Event: 9.461 Protecting memory [0x00007f667dc00000,0x00007f667dc04000] with protection modes 0
Event: 9.462 Protecting memory [0x00007f667c5f2000,0x00007f667c5f6000] with protection modes 0
Event: 11.334 Protecting memory [0x00007f667c5f2000,0x00007f667c5f6000] with protection modes 0
Event: 13.907 Protecting memory [0x00007f667dd00000,0x00007f667dd04000] with protection modes 0
Event: 14.026 Protecting memory [0x00007f667dc00000,0x00007f667dc04000] with protection modes 0
Event: 14.739 Protecting memory [0x00007f667c5f2000,0x00007f667c5f6000] with protection modes 0
Event: 14.739 Protecting memory [0x00007f667c4b2000,0x00007f667c4b6000] with protection modes 0
Event: 16.499 Protecting memory [0x00007f667dc00000,0x00007f667dc04000] with protection modes 0
Event: 16.499 Protecting memory [0x00007f667c5f2000,0x00007f667c5f6000] with protection modes 0
Event: 16.499 Protecting memory [0x00007f667c4b2000,0x00007f667c4b6000] with protection modes 0

Nmethod flushes (20 events):
Event: 17.266 Thread 0x00007f66b80fb340 flushing  nmethod 0x00007f66a069ee88
Event: 17.266 Thread 0x00007f66b80fb340 flushing  nmethod 0x00007f66a06b5808
Event: 17.266 Thread 0x00007f66b80fb340 flushing  nmethod 0x00007f66a06b7408
Event: 17.266 Thread 0x00007f66b80fb340 flushing  nmethod 0x00007f66a06b8508
Event: 17.266 Thread 0x00007f66b80fb340 flushing  nmethod 0x00007f66a06b8f88
Event: 17.266 Thread 0x00007f66b80fb340 flushing  nmethod 0x00007f66a06b9588
Event: 17.266 Thread 0x00007f66b80fb340 flushing  nmethod 0x00007f66a06b9a08
Event: 17.266 Thread 0x00007f66b80fb340 flushing  nmethod 0x00007f66a06b9d08
Event: 17.266 Thread 0x00007f66b80fb340 flushing  nmethod 0x00007f66a06baf88
Event: 17.266 Thread 0x00007f66b80fb340 flushing  nmethod 0x00007f66a06bb808
Event: 17.266 Thread 0x00007f66b80fb340 flushing  nmethod 0x00007f66a06bbe88
Event: 17.266 Thread 0x00007f66b80fb340 flushing  nmethod 0x00007f66a08afe88
Event: 17.266 Thread 0x00007f66b80fb340 flushing  nmethod 0x00007f66a08b0508
Event: 17.266 Thread 0x00007f66b80fb340 flushing  nmethod 0x00007f66a08b0988
Event: 17.266 Thread 0x00007f66b80fb340 flushing  nmethod 0x00007f66a08b0c88
Event: 17.266 Thread 0x00007f66b80fb340 flushing  nmethod 0x00007f66a08b1288
Event: 17.266 Thread 0x00007f66b80fb340 flushing  nmethod 0x00007f66a08b2a88
Event: 17.266 Thread 0x00007f66b80fb340 flushing  nmethod 0x00007f66a08b3c08
Event: 17.266 Thread 0x00007f66b80fb340 flushing  nmethod 0x00007f66a08b4788
Event: 17.266 Thread 0x00007f66b80fb340 flushing  nmethod 0x00007f66a08b5588

Events (20 events):
Event: 9.461 Thread 0x00007f663c382920 Thread added: 0x00007f66207e2d50
Event: 9.462 Thread 0x00007f663c382920 Thread added: 0x00007f66207e4170
Event: 10.684 Thread 0x00007f66207e4170 Thread exited: 0x00007f66207e4170
Event: 11.334 Thread 0x00007f663832c570 Thread added: 0x00007f66252ffbf0
Event: 12.151 Thread 0x00007f66252ffbf0 Thread exited: 0x00007f66252ffbf0
Event: 12.543 Thread 0x00007f66207e2d50 Thread exited: 0x00007f66207e2d50
Event: 12.828 Thread 0x00007f66106c1350 Thread exited: 0x00007f66106c1350
Event: 13.907 Thread 0x00007f66382d6880 Thread added: 0x00007f6610338850
Event: 14.026 Thread 0x00007f66202ad600 Thread added: 0x00007f65d827a310
Event: 14.739 Thread 0x00007f6644339fe0 Thread added: 0x00007f6614416fe0
Event: 14.739 Thread 0x00007f6644339fe0 Thread added: 0x00007f6614417fd0
Event: 15.600 Thread 0x00007f6614417fd0 Thread exited: 0x00007f6614417fd0
Event: 15.666 Thread 0x00007f6614416fe0 Thread exited: 0x00007f6614416fe0
Event: 15.899 Thread 0x00007f65d827a310 Thread exited: 0x00007f65d827a310
Event: 16.499 Thread 0x00007f6610338850 Thread added: 0x00007f6628180470
Event: 16.499 Thread 0x00007f6610338850 Thread added: 0x00007f6628181310
Event: 16.499 Thread 0x00007f6610338850 Thread added: 0x00007f66281822d0
Event: 16.647 Thread 0x00007f66281822d0 Thread exited: 0x00007f66281822d0
Event: 16.649 Thread 0x00007f6628181310 Thread exited: 0x00007f6628181310
Event: 17.161 Thread 0x00007f6628180470 Thread exited: 0x00007f6628180470


Dynamic libraries:
3c000000-3c001000 ---p 00000000 00:00 0 
3c001000-3cd8c000 rw-p 00001000 00:24 62088005                           /home/andreatp/.sdkman/candidates/java/25-tem/lib/server/classes.jsa
3cd8c000-3d000000 ---p 00000000 00:00 0 
3d000000-3d040000 rw-p 00000000 00:00 0 
3d040000-3d140000 rw-p 00000000 00:00 0 
3d140000-3d180000 rw-p 00000000 00:00 0 
3d180000-3d2a0000 rw-p 00000000 00:00 0 
3d2a0000-7d000000 ---p 00000000 00:00 0 
418000000-426800000 rw-p 00000000 00:00 0 
426800000-42a000000 ---p 00000000 00:00 0 
42a000000-42b000000 rw-p 00000000 00:00 0 
42b000000-485000000 ---p 00000000 00:00 0 
485000000-485800000 rw-p 00000000 00:00 0 
485800000-7ff000000 ---p 00000000 00:00 0 
7ff000000-7ff800000 rw-p 00000000 00:00 0 
7ff800000-7ff921000 rw-p 00dbf000 00:24 62088005                         /home/andreatp/.sdkman/candidates/java/25-tem/lib/server/classes.jsa
7ff921000-800000000 rw-p 00000000 00:00 0 
55e504424000-55e504425000 r--p 00000000 00:24 62087964                   /home/andreatp/.sdkman/candidates/java/25-tem/bin/java
55e504425000-55e504426000 r-xp 00001000 00:24 62087964                   /home/andreatp/.sdkman/candidates/java/25-tem/bin/java
55e504426000-55e504427000 r--p 00002000 00:24 62087964                   /home/andreatp/.sdkman/candidates/java/25-tem/bin/java
55e504427000-55e504428000 r--p 00002000 00:24 62087964                   /home/andreatp/.sdkman/candidates/java/25-tem/bin/java
55e504428000-55e504429000 rw-p 00003000 00:24 62087964                   /home/andreatp/.sdkman/candidates/java/25-tem/bin/java
55e512429000-55e512472000 rw-p 00000000 00:00 0                          [heap]
7f65c8000000-7f65c9068000 rw-p 00000000 00:00 0 
7f65c9068000-7f65cc000000 ---p 00000000 00:00 0 
7f65d0000000-7f65d1df1000 rw-p 00000000 00:00 0 
7f65d1df1000-7f65d4000000 ---p 00000000 00:00 0 
7f65d4000000-7f65d4ef4000 rw-p 00000000 00:00 0 
7f65d4ef4000-7f65d8000000 ---p 00000000 00:00 0 
7f65d8000000-7f65da049000 rw-p 00000000 00:00 0 
7f65da049000-7f65dc000000 ---p 00000000 00:00 0 
7f65dc000000-7f65dc021000 rw-p 00000000 00:00 0 
7f65dc021000-7f65e0000000 ---p 00000000 00:00 0 
7f65e0000000-7f65e0021000 rw-p 00000000 00:00 0 
7f65e0021000-7f65e4000000 ---p 00000000 00:00 0 
7f65e4000000-7f65e4021000 rw-p 00000000 00:00 0 
7f65e4021000-7f65e8000000 ---p 00000000 00:00 0 
7f65e8000000-7f65e8074000 rw-p 00000000 00:00 0 
7f65e8074000-7f65ec000000 ---p 00000000 00:00 0 
7f65ec000000-7f65ec021000 rw-p 00000000 00:00 0 
7f65ec021000-7f65f0000000 ---p 00000000 00:00 0 
7f65f0000000-7f65f0021000 rw-p 00000000 00:00 0 
7f65f0021000-7f65f4000000 ---p 00000000 00:00 0 
7f65f4000000-7f65f4021000 rw-p 00000000 00:00 0 
7f65f4021000-7f65f8000000 ---p 00000000 00:00 0 
7f65f8000000-7f65f8038000 rw-p 00000000 00:00 0 
7f65f8038000-7f65fc000000 ---p 00000000 00:00 0 
7f65fc000000-7f65fc021000 rw-p 00000000 00:00 0 
7f65fc021000-7f6600000000 ---p 00000000 00:00 0 
7f6600000000-7f6600038000 rw-p 00000000 00:00 0 
7f6600038000-7f6604000000 ---p 00000000 00:00 0 
7f6604000000-7f6604021000 rw-p 00000000 00:00 0 
7f6604021000-7f6608000000 ---p 00000000 00:00 0 
7f6608000000-7f6608023000 rw-p 00000000 00:00 0 
7f6608023000-7f660c000000 ---p 00000000 00:00 0 
7f660c000000-7f660c078000 rw-p 00000000 00:00 0 
7f660c078000-7f6610000000 ---p 00000000 00:00 0 
7f6610000000-7f66119f9000 rw-p 00000000 00:00 0 
7f66119f9000-7f6614000000 ---p 00000000 00:00 0 
7f6614000000-7f66165f9000 rw-p 00000000 00:00 0 
7f66165f9000-7f6618000000 ---p 00000000 00:00 0 
7f6618000000-7f6618021000 rw-p 00000000 00:00 0 
7f6618021000-7f661c000000 ---p 00000000 00:00 0 
7f661c000000-7f661c021000 rw-p 00000000 00:00 0 
7f661c021000-7f6620000000 ---p 00000000 00:00 0 
7f6620000000-7f6621310000 rw-p 00000000 00:00 0 
7f6621310000-7f6624000000 ---p 00000000 00:00 0 
7f6624000000-7f662595b000 rw-p 00000000 00:00 0 
7f662595b000-7f6628000000 ---p 00000000 00:00 0 
7f6628000000-7f662968d000 rw-p 00000000 00:00 0 
7f662968d000-7f662c000000 ---p 00000000 00:00 0 
7f662c000000-7f662c33a000 rw-p 00000000 00:00 0 
7f662c33a000-7f6630000000 ---p 00000000 00:00 0 
7f6630000000-7f6630021000 rw-p 00000000 00:00 0 
7f6630021000-7f6634000000 ---p 00000000 00:00 0 
7f6634000000-7f6634021000 rw-p 00000000 00:00 0 
7f6634021000-7f6638000000 ---p 00000000 00:00 0 
7f6638000000-7f6638d8f000 rw-p 00000000 00:00 0 
7f6638d8f000-7f663c000000 ---p 00000000 00:00 0 
7f663c000000-7f663cd97000 rw-p 00000000 00:00 0 
7f663cd97000-7f6640000000 ---p 00000000 00:00 0 
7f6640000000-7f6640021000 rw-p 00000000 00:00 0 
7f6640021000-7f6644000000 ---p 00000000 00:00 0 
7f6644000000-7f66464cc000 rw-p 00000000 00:00 0 
7f66464cc000-7f6648000000 ---p 00000000 00:00 0 
7f6648000000-7f664803d000 rw-p 00000000 00:00 0 
7f664803d000-7f664c000000 ---p 00000000 00:00 0 
7f664e000000-7f665be70000 r--p 00000000 00:24 16857077                   /usr/lib/locale/locale-archive
7f665c000000-7f665c400000 rw-p 00000000 00:00 0 
7f665c400000-7f665cfc0000 rw-p 00000000 00:00 0 
7f665cfc0000-7f665d100000 rw-p 00000000 00:00 0 
7f665d100000-7f665d1c0000 rw-p 00000000 00:00 0 
7f665d1c0000-7f665d720000 rw-p 00000000 00:00 0 
7f665d720000-7f665d840000 rw-p 00000000 00:00 0 
7f665d840000-7f665d940000 rw-p 00000000 00:00 0 
7f665d940000-7f665da60000 rw-p 00000000 00:00 0 
7f665da60000-7f665dae0000 rw-p 00000000 00:00 0 
7f665dae0000-7f665db80000 rw-p 00000000 00:00 0 
7f665db80000-7f665dc00000 ---p 00000000 00:00 0 
7f665dc00000-7f665df20000 rw-p 00000000 00:00 0 
7f665df20000-7f665e1d0000 rw-p 00000000 00:00 0 
7f665e1d0000-7f6660000000 ---p 00000000 00:00 0 
7f6660000000-7f6660037000 rw-p 00000000 00:00 0 
7f6660037000-7f6664000000 ---p 00000000 00:00 0 
7f6664000000-7f6664021000 rw-p 00000000 00:00 0 
7f6664021000-7f6668000000 ---p 00000000 00:00 0 
7f6668000000-7f6668021000 rw-p 00000000 00:00 0 
7f6668021000-7f666c000000 ---p 00000000 00:00 0 
7f666c000000-7f666c021000 rw-p 00000000 00:00 0 
7f666c021000-7f6670000000 ---p 00000000 00:00 0 
7f6670000000-7f6670021000 rw-p 00000000 00:00 0 
7f6670021000-7f6674000000 ---p 00000000 00:00 0 
7f6674000000-7f6674021000 rw-p 00000000 00:00 0 
7f6674021000-7f6678000000 ---p 00000000 00:00 0 
7f6678000000-7f6678021000 rw-p 00000000 00:00 0 
7f6678021000-7f667c000000 ---p 00000000 00:00 0 
7f667c497000-7f667c49e000 r--s 00000000 00:24 17059797                   /usr/lib64/gconv/gconv-modules.cache
7f667c49e000-7f667c4a8000 r-xp 00000000 00:00 0 
7f667c4a8000-7f667c4ae000 r-xp 00000000 00:00 0 
7f667c4ae000-7f667c4b2000 r-xp 00000000 00:00 0 
7f667c4b2000-7f667c4b6000 ---p 00000000 00:00 0 
7f667c4b6000-7f667c5b2000 rw-p 00000000 00:00 0 
7f667c5b2000-7f667c5f2000 r-xp 00000000 00:00 0 
7f667c5f2000-7f667c5f6000 ---p 00000000 00:00 0 
7f667c5f6000-7f667c6f2000 rw-p 00000000 00:00 0 
7f667c6f2000-7f667c6f3000 ---p 00000000 00:00 0 
7f667c6f3000-7f667c7f3000 rw-p 00000000 00:00 0 
7f667c7f3000-7f667c7f4000 ---p 00000000 00:00 0 
7f667c7f4000-7f667c8f4000 rw-p 00000000 00:00 0 
7f667c8f4000-7f667c8f8000 ---p 00000000 00:00 0 
7f667c8f8000-7f667c9f4000 rw-p 00000000 00:00 0 
7f667c9f4000-7f667c9f5000 ---p 00000000 00:00 0 
7f667c9f5000-7f667caf5000 rw-p 00000000 00:00 0 
7f667caf5000-7f667caf6000 ---p 00000000 00:00 0 
7f667caf6000-7f667cbf6000 rw-p 00000000 00:00 0 
7f667cbf6000-7f667cbf7000 ---p 00000000 00:00 0 
7f667cbf7000-7f667ccf7000 rw-p 00000000 00:00 0 
7f667ccf7000-7f667ccf8000 ---p 00000000 00:00 0 
7f667ccf8000-7f667cdf8000 rw-p 00000000 00:00 0 
7f667cdf8000-7f667cdf9000 ---p 00000000 00:00 0 
7f667cdf9000-7f667cef9000 rw-p 00000000 00:00 0 
7f667cef9000-7f667cefa000 ---p 00000000 00:00 0 
7f667cefa000-7f667cffa000 rw-p 00000000 00:00 0 
7f667cffa000-7f667cffb000 ---p 00000000 00:00 0 
7f667cffb000-7f667d0fb000 rw-p 00000000 00:00 0 
7f667d0fb000-7f667d0fc000 ---p 00000000 00:00 0 
7f667d0fc000-7f667d1fc000 rw-p 00000000 00:00 0 
7f667d1fc000-7f667d1fd000 ---p 00000000 00:00 0 
7f667d1fd000-7f667d2fd000 rw-p 00000000 00:00 0 
7f667d2fd000-7f667d2fe000 ---p 00000000 00:00 0 
7f667d2fe000-7f667d3fe000 rw-p 00000000 00:00 0 
7f667d3fe000-7f667d3ff000 ---p 00000000 00:00 0 
7f667d3ff000-7f667d4ff000 rw-p 00000000 00:00 0 
7f667d4ff000-7f667d500000 ---p 00000000 00:00 0 
7f667d500000-7f667d600000 rw-p 00000000 00:00 0 
7f667d600000-7f667d604000 ---p 00000000 00:00 0 
7f667d604000-7f667d700000 rw-p 00000000 00:00 0 
7f667d700000-7f667d704000 ---p 00000000 00:00 0 
7f667d704000-7f667d800000 rw-p 00000000 00:00 0 
7f667d800000-7f667d804000 ---p 00000000 00:00 0 
7f667d804000-7f667d900000 rw-p 00000000 00:00 0 
7f667d900000-7f667d904000 ---p 00000000 00:00 0 
7f667d904000-7f667da00000 rw-p 00000000 00:00 0 
7f667da00000-7f667da04000 ---p 00000000 00:00 0 
7f667da04000-7f667db00000 rw-p 00000000 00:00 0 
7f667db00000-7f667db04000 ---p 00000000 00:00 0 
7f667db04000-7f667dc00000 rw-p 00000000 00:00 0 
7f667dc00000-7f667dc04000 ---p 00000000 00:00 0 
7f667dc04000-7f667dd00000 rw-p 00000000 00:00 0 
7f667dd00000-7f667dd04000 ---p 00000000 00:00 0 
7f667dd04000-7f667de00000 rw-p 00000000 00:00 0 
7f667de00000-7f667de04000 ---p 00000000 00:00 0 
7f667de04000-7f667df00000 rw-p 00000000 00:00 0 
7f667df00000-7f667df04000 ---p 00000000 00:00 0 
7f667df04000-7f667e000000 rw-p 00000000 00:00 0 
7f667e000000-7f6680021000 rw-p 00000000 00:00 0 
7f6680021000-7f6684000000 ---p 00000000 00:00 0 
7f6684000000-7f6684021000 rw-p 00000000 00:00 0 
7f6684021000-7f6688000000 ---p 00000000 00:00 0 
7f6688000000-7f6688021000 rw-p 00000000 00:00 0 
7f6688021000-7f668c000000 ---p 00000000 00:00 0 
7f668c000000-7f668c0fd000 r-xp 00000000 00:00 0 
7f668c0fd000-7f668c101000 ---p 00000000 00:00 0 
7f668c101000-7f668c1fd000 rw-p 00000000 00:00 0 
7f668c1fd000-7f668c201000 ---p 00000000 00:00 0 
7f668c201000-7f668c2fd000 rw-p 00000000 00:00 0 
7f668c2fd000-7f668c301000 ---p 00000000 00:00 0 
7f668c301000-7f668c3fd000 rw-p 00000000 00:00 0 
7f668c3fd000-7f668c401000 ---p 00000000 00:00 0 
7f668c401000-7f668c4fd000 rw-p 00000000 00:00 0 
7f668c4fd000-7f668c501000 ---p 00000000 00:00 0 
7f668c501000-7f668c5fd000 rw-p 00000000 00:00 0 
7f668c5fd000-7f668c601000 ---p 00000000 00:00 0 
7f668c601000-7f668c6fd000 rw-p 00000000 00:00 0 
7f668c6fd000-7f668c6fe000 ---p 00000000 00:00 0 
7f668c6fe000-7f668c7fe000 rw-p 00000000 00:00 0 
7f668c7fe000-7f668c7ff000 ---p 00000000 00:00 0 
7f668c7ff000-7f668c803000 ---p 00000000 00:00 0 
7f668c803000-7f668c8ff000 rw-p 00000000 00:00 0 
7f668c8ff000-7f668c900000 ---p 00000000 00:00 0 
7f668c900000-7f668ca00000 rw-p 00000000 00:00 0 
7f668ca00000-7f668cda0000 rw-p 00000000 00:00 0 
7f668cda0000-7f668ce80000 ---p 00000000 00:00 0 
7f668ce80000-7f668cec0000 rw-p 00000000 00:00 0 
7f668cec0000-7f668e540000 ---p 00000000 00:00 0 
7f668e540000-7f668e560000 rw-p 00000000 00:00 0 
7f668e560000-7f669c3c0000 ---p 00000000 00:00 0 
7f669c3c0000-7f669c400000 rw-p 00000000 00:00 0 
7f669c400000-7f669c401000 r-xp 00000000 00:00 0 
7f669c401000-7f669c44a000 r-xp 00000000 00:00 0 
7f669c44a000-7f669c44c000 r--p 00000000 00:24 62087985                   /home/andreatp/.sdkman/candidates/java/25-tem/lib/libzip.so
7f669c44c000-7f669c45e000 r-xp 00002000 00:24 62087985                   /home/andreatp/.sdkman/candidates/java/25-tem/lib/libzip.so
7f669c45e000-7f669c466000 r--p 00014000 00:24 62087985                   /home/andreatp/.sdkman/candidates/java/25-tem/lib/libzip.so
7f669c466000-7f669c467000 r--p 0001b000 00:24 62087985                   /home/andreatp/.sdkman/candidates/java/25-tem/lib/libzip.so
7f669c467000-7f669c468000 rw-p 0001c000 00:24 62087985                   /home/andreatp/.sdkman/candidates/java/25-tem/lib/libzip.so
7f669c468000-7f669c470000 r--p 00000000 00:24 62088041                   /home/andreatp/.sdkman/candidates/java/25-tem/lib/libnio.so
7f669c470000-7f669c479000 r-xp 00008000 00:24 62088041                   /home/andreatp/.sdkman/candidates/java/25-tem/lib/libnio.so
7f669c479000-7f669c47d000 r--p 00011000 00:24 62088041                   /home/andreatp/.sdkman/candidates/java/25-tem/lib/libnio.so
7f669c47d000-7f669c47e000 r--p 00015000 00:24 62088041                   /home/andreatp/.sdkman/candidates/java/25-tem/lib/libnio.so
7f669c47e000-7f669c47f000 rw-p 00016000 00:24 62088041                   /home/andreatp/.sdkman/candidates/java/25-tem/lib/libnio.so
7f669c47f000-7f669c480000 ---p 00000000 00:00 0 
7f669c480000-7f669c484000 ---p 00000000 00:00 0 
7f669c484000-7f669c580000 rw-p 00000000 00:00 0 
7f669c580000-7f669c5f4000 rw-p 00000000 00:00 0 
7f669c5f4000-7f669c610000 ---p 00000000 00:00 0 
7f669c610000-7f669c618000 rw-p 00000000 00:00 0 
7f669c618000-7f669c8e8000 ---p 00000000 00:00 0 
7f669c8e8000-7f669c8ec000 rw-p 00000000 00:00 0 
7f669c8ec000-7f669e4b8000 ---p 00000000 00:00 0 
7f669e4b8000-7f669e534000 rw-p 00000000 00:00 0 
7f669e534000-7f669e550000 ---p 00000000 00:00 0 
7f669e550000-7f669e558000 rw-p 00000000 00:00 0 
7f669e558000-7f669e828000 ---p 00000000 00:00 0 
7f669e828000-7f669e82c000 rw-p 00000000 00:00 0 
7f669e82c000-7f66a03f8000 ---p 00000000 00:00 0 
7f66a03f8000-7f66a0400000 rw-p 00000000 00:00 0 
7f66a0400000-7f66a2240000 rwxp 00000000 00:00 0 
7f66a2240000-7f66a785f000 ---p 00000000 00:00 0 
7f66a785f000-7f66a7caf000 rwxp 00000000 00:00 0 
7f66a7caf000-7f66a7f9f000 ---p 00000000 00:00 0 
7f66a7f9f000-7f66a871f000 rwxp 00000000 00:00 0 
7f66a871f000-7f66af400000 ---p 00000000 00:00 0 
7f66af400000-7f66b7f14000 r--s 00000000 00:24 62088042                   /home/andreatp/.sdkman/candidates/java/25-tem/lib/modules
7f66b7f14000-7f66b7f24000 r-xp 00000000 00:00 0 
7f66b7f24000-7f66b952c000 rw-p 00000000 00:00 0 
7f66b952c000-7f66bc000000 ---p 00000000 00:00 0 
7f66bc000000-7f66bc007000 r-xp 00000000 00:00 0 
7f66bc007000-7f66bc009000 r--p 00000000 00:24 62088016                   /home/andreatp/.sdkman/candidates/java/25-tem/lib/libmanagement_ext.so
7f66bc009000-7f66bc00c000 r-xp 00002000 00:24 62088016                   /home/andreatp/.sdkman/candidates/java/25-tem/lib/libmanagement_ext.so
7f66bc00c000-7f66bc00d000 r--p 00005000 00:24 62088016                   /home/andreatp/.sdkman/candidates/java/25-tem/lib/libmanagement_ext.so
7f66bc00d000-7f66bc00e000 r--p 00006000 00:24 62088016                   /home/andreatp/.sdkman/candidates/java/25-tem/lib/libmanagement_ext.so
7f66bc00e000-7f66bc00f000 rw-p 00007000 00:24 62088016                   /home/andreatp/.sdkman/candidates/java/25-tem/lib/libmanagement_ext.so
7f66bc00f000-7f66bc010000 r--p 00000000 00:24 62088018                   /home/andreatp/.sdkman/candidates/java/25-tem/lib/libsimdsort.so
7f66bc010000-7f66bc049000 r-xp 00001000 00:24 62088018                   /home/andreatp/.sdkman/candidates/java/25-tem/lib/libsimdsort.so
7f66bc049000-7f66bc04f000 r--p 0003a000 00:24 62088018                   /home/andreatp/.sdkman/candidates/java/25-tem/lib/libsimdsort.so
7f66bc04f000-7f66bc050000 r--p 0003f000 00:24 62088018                   /home/andreatp/.sdkman/candidates/java/25-tem/lib/libsimdsort.so
7f66bc050000-7f66bc051000 rw-p 00040000 00:24 62088018                   /home/andreatp/.sdkman/candidates/java/25-tem/lib/libsimdsort.so
7f66bc051000-7f66bc092000 rw-p 00000000 00:00 0 
7f66bc092000-7f66bc093000 ---p 00000000 00:00 0 
7f66bc093000-7f66bc193000 rw-p 00000000 00:00 0 
7f66bc193000-7f66bc194000 ---p 00000000 00:00 0 
7f66bc194000-7f66bc294000 rw-p 00000000 00:00 0 
7f66bc294000-7f66bcfa1000 rw-p 00000000 00:00 0 
7f66bcfa1000-7f66bcfa2000 ---p 00000000 00:00 0 
7f66bcfa2000-7f66bd0a2000 rw-p 00000000 00:00 0 
7f66bd0a2000-7f66bd0a3000 ---p 00000000 00:00 0 
7f66bd0a3000-7f66bd1a3000 rw-p 00000000 00:00 0 
7f66bd1a3000-7f66bd1a4000 ---p 00000000 00:00 0 
7f66bd1a4000-7f66bd2a4000 rw-p 00000000 00:00 0 
7f66bd2a4000-7f66be13d000 rw-p 00000000 00:00 0 
7f66be13d000-7f66be217000 ---p 00000000 00:00 0 
7f66be217000-7f66be254000 rw-p 00000000 00:00 0 
7f66be254000-7f66be300000 ---p 00000000 00:00 0 
7f66be300000-7f66be304000 ---p 00000000 00:00 0 
7f66be304000-7f66be400000 rw-p 00000000 00:00 0 
7f66be400000-7f66be6e2000 r--p 00000000 00:24 62088004                   /home/andreatp/.sdkman/candidates/java/25-tem/lib/server/libjvm.so
7f66be6e2000-7f66bf6e2000 r-xp 002e2000 00:24 62088004                   /home/andreatp/.sdkman/candidates/java/25-tem/lib/server/libjvm.so
7f66bf6e2000-7f66bf9f2000 r--p 012e2000 00:24 62088004                   /home/andreatp/.sdkman/candidates/java/25-tem/lib/server/libjvm.so
7f66bf9f2000-7f66bfadd000 r--p 015f2000 00:24 62088004                   /home/andreatp/.sdkman/candidates/java/25-tem/lib/server/libjvm.so
7f66bfadd000-7f66bfb08000 rw-p 016dd000 00:24 62088004                   /home/andreatp/.sdkman/candidates/java/25-tem/lib/server/libjvm.so
7f66bfb08000-7f66bfb84000 rw-p 00000000 00:00 0 
7f66bfb84000-7f66bfb85000 r-xp 00000000 00:00 0 
7f66bfb85000-7f66bfb87000 r-xp 00000000 00:00 0 
7f66bfb87000-7f66bfb8a000 r--p 00000000 00:24 62088001                   /home/andreatp/.sdkman/candidates/java/25-tem/lib/libnet.so
7f66bfb8a000-7f66bfb92000 r-xp 00003000 00:24 62088001                   /home/andreatp/.sdkman/candidates/java/25-tem/lib/libnet.so
7f66bfb92000-7f66bfb94000 r--p 0000b000 00:24 62088001                   /home/andreatp/.sdkman/candidates/java/25-tem/lib/libnet.so
7f66bfb94000-7f66bfb95000 r--p 0000c000 00:24 62088001                   /home/andreatp/.sdkman/candidates/java/25-tem/lib/libnet.so
7f66bfb95000-7f66bfb96000 rw-p 0000d000 00:24 62088001                   /home/andreatp/.sdkman/candidates/java/25-tem/lib/libnet.so
7f66bfb96000-7f66bfb9f000 rw-p 00000000 00:00 0 
7f66bfb9f000-7f66bfba5000 ---p 00000000 00:00 0 
7f66bfba5000-7f66bfbb3000 r--p 00000000 00:24 62087993                   /home/andreatp/.sdkman/candidates/java/25-tem/lib/libjava.so
7f66bfbb3000-7f66bfbc1000 r-xp 0000e000 00:24 62087993                   /home/andreatp/.sdkman/candidates/java/25-tem/lib/libjava.so
7f66bfbc1000-7f66bfbc6000 r--p 0001c000 00:24 62087993                   /home/andreatp/.sdkman/candidates/java/25-tem/lib/libjava.so
7f66bfbc6000-7f66bfbc7000 r--p 00021000 00:24 62087993                   /home/andreatp/.sdkman/candidates/java/25-tem/lib/libjava.so
7f66bfbc7000-7f66bfbc8000 rw-p 00022000 00:24 62087993                   /home/andreatp/.sdkman/candidates/java/25-tem/lib/libjava.so
7f66bfbc8000-7f66bfbc9000 rw-p 00000000 00:00 0 
7f66bfbc9000-7f66bfbcd000 r--p 00000000 00:24 62087996                   /home/andreatp/.sdkman/candidates/java/25-tem/lib/libjimage.so
7f66bfbcd000-7f66bfbe5000 r-xp 00004000 00:24 62087996                   /home/andreatp/.sdkman/candidates/java/25-tem/lib/libjimage.so
7f66bfbe5000-7f66bfbeb000 r--p 0001c000 00:24 62087996                   /home/andreatp/.sdkman/candidates/java/25-tem/lib/libjimage.so
7f66bfbeb000-7f66bfbed000 r--p 00021000 00:24 62087996                   /home/andreatp/.sdkman/candidates/java/25-tem/lib/libjimage.so
7f66bfbed000-7f66bfbee000 rw-p 00023000 00:24 62087996                   /home/andreatp/.sdkman/candidates/java/25-tem/lib/libjimage.so
7f66bfbee000-7f66bfc6b000 r-xp 00000000 00:24 16857124                   /usr/lib64/libm.so.6
7f66bfc6b000-7f66bfcdb000 r--p 0007d000 00:24 16857124                   /usr/lib64/libm.so.6
7f66bfcdb000-7f66bfcdc000 r--p 000ec000 00:24 16857124                   /usr/lib64/libm.so.6
7f66bfcdc000-7f66bfcdd000 rw-p 000ed000 00:24 16857124                   /usr/lib64/libm.so.6
7f66bfcdd000-7f66bfcde000 r-xp 00000000 00:24 16857132                   /usr/lib64/librt.so.1
7f66bfcde000-7f66bfcdf000 r--p 00001000 00:24 16857132                   /usr/lib64/librt.so.1
7f66bfcdf000-7f66bfce0000 r--p 00001000 00:24 16857132                   /usr/lib64/librt.so.1
7f66bfce0000-7f66bfce3000 rw-p 00000000 00:00 0 
7f66bfce3000-7f66bfce4000 r-xp 00000000 00:24 16857130                   /usr/lib64/libpthread.so.0
7f66bfce4000-7f66bfce5000 r--p 00001000 00:24 16857130                   /usr/lib64/libpthread.so.0
7f66bfce5000-7f66bfce6000 r--p 00001000 00:24 16857130                   /usr/lib64/libpthread.so.0
7f66bfce6000-7f66bfce7000 rw-p 00000000 00:00 0 
7f66bfce7000-7f66bfce8000 r-xp 00000000 00:24 16857123                   /usr/lib64/libdl.so.2
7f66bfce8000-7f66bfce9000 r--p 00001000 00:24 16857123                   /usr/lib64/libdl.so.2
7f66bfce9000-7f66bfcea000 r--p 00001000 00:24 16857123                   /usr/lib64/libdl.so.2
7f66bfcea000-7f66bfceb000 rw-p 00000000 00:00 0 
7f66bfceb000-7f66bfe59000 r-xp 00000000 00:24 16857122                   /usr/lib64/libc.so.6
7f66bfe59000-7f66bfece000 r--p 0016e000 00:24 16857122                   /usr/lib64/libc.so.6
7f66bfece000-7f66bfed2000 r--p 001e2000 00:24 16857122                   /usr/lib64/libc.so.6
7f66bfed2000-7f66bfed4000 rw-p 001e6000 00:24 16857122                   /usr/lib64/libc.so.6
7f66bfed4000-7f66bfedc000 rw-p 00000000 00:00 0 
7f66bfedc000-7f66bfedd000 r-xp 00000000 00:00 0 
7f66bfedd000-7f66bfede000 r--p 00000000 00:24 62087997                   /home/andreatp/.sdkman/candidates/java/25-tem/lib/libsyslookup.so
7f66bfede000-7f66bfedf000 r-xp 00001000 00:24 62087997                   /home/andreatp/.sdkman/candidates/java/25-tem/lib/libsyslookup.so
7f66bfedf000-7f66bfee0000 r--p 00002000 00:24 62087997                   /home/andreatp/.sdkman/candidates/java/25-tem/lib/libsyslookup.so
7f66bfee0000-7f66bfee1000 r--p 00002000 00:24 62087997                   /home/andreatp/.sdkman/candidates/java/25-tem/lib/libsyslookup.so
7f66bfee1000-7f66bfee2000 rw-p 00003000 00:24 62087997                   /home/andreatp/.sdkman/candidates/java/25-tem/lib/libsyslookup.so
7f66bfee2000-7f66bfee5000 r--p 00000000 00:24 62088022                   /home/andreatp/.sdkman/candidates/java/25-tem/lib/libmanagement.so
7f66bfee5000-7f66bfee6000 r-xp 00003000 00:24 62088022                   /home/andreatp/.sdkman/candidates/java/25-tem/lib/libmanagement.so
7f66bfee6000-7f66bfee7000 r--p 00004000 00:24 62088022                   /home/andreatp/.sdkman/candidates/java/25-tem/lib/libmanagement.so
7f66bfee7000-7f66bfee8000 r--p 00004000 00:24 62088022                   /home/andreatp/.sdkman/candidates/java/25-tem/lib/libmanagement.so
7f66bfee8000-7f66bfee9000 rw-p 00005000 00:24 62088022                   /home/andreatp/.sdkman/candidates/java/25-tem/lib/libmanagement.so
7f66bfee9000-7f66bfef1000 rw-s 00000000 00:2b 7279                       /tmp/hsperfdata_andreatp/146304
7f66bfef1000-7f66bfef2000 ---p 00000000 00:00 0 
7f66bfef2000-7f66bfef3000 r--p 00000000 00:00 0 
7f66bfef3000-7f66bfef4000 ---p 00000000 00:00 0 
7f66bfef4000-7f66bfef7000 r--p 00000000 00:24 62088010                   /home/andreatp/.sdkman/candidates/java/25-tem/lib/libjli.so
7f66bfef7000-7f66bff08000 r-xp 00003000 00:24 62088010                   /home/andreatp/.sdkman/candidates/java/25-tem/lib/libjli.so
7f66bff08000-7f66bff0f000 r--p 00014000 00:24 62088010                   /home/andreatp/.sdkman/candidates/java/25-tem/lib/libjli.so
7f66bff0f000-7f66bff10000 r--p 0001a000 00:24 62088010                   /home/andreatp/.sdkman/candidates/java/25-tem/lib/libjli.so
7f66bff10000-7f66bff11000 rw-p 0001b000 00:24 62088010                   /home/andreatp/.sdkman/candidates/java/25-tem/lib/libjli.so
7f66bff11000-7f66bff13000 rw-p 00000000 00:00 0 
7f66bff13000-7f66bff17000 r--p 00000000 00:00 0                          [vvar]
7f66bff17000-7f66bff19000 r--p 00000000 00:00 0                          [vvar_vclock]
7f66bff19000-7f66bff1b000 r-xp 00000000 00:00 0                          [vdso]
7f66bff1b000-7f66bff45000 r-xp 00000000 00:24 16857119                   /usr/lib64/ld-linux-x86-64.so.2
7f66bff45000-7f66bff50000 r--p 0002a000 00:24 16857119                   /usr/lib64/ld-linux-x86-64.so.2
7f66bff50000-7f66bff52000 r--p 00035000 00:24 16857119                   /usr/lib64/ld-linux-x86-64.so.2
7f66bff52000-7f66bff53000 rw-p 00037000 00:24 16857119                   /usr/lib64/ld-linux-x86-64.so.2
7f66bff53000-7f66bff54000 rw-p 00000000 00:00 0 
7fffcb073000-7fffcb095000 rw-p 00000000 00:00 0                          [stack]
ffffffffff600000-ffffffffff601000 --xp 00000000 00:00 0                  [vsyscall]
Total number of mappings: 353

JVMTI agents: none


VM Arguments:
jvm_args: --enable-preview --enable-native-access=ALL-UNNAMED 
java_command: /home/andreatp/workspace/chicory2/cranelift-compiler/target/surefire/surefirebooter-20260311190725662_3.jar /home/andreatp/workspace/chicory2/cranelift-compiler/target/surefire 2026-03-11T19-07-25_585-jvmRun1 surefire-20260311190725662_1tmp surefire_0-20260311190725662_2tmp
java_class_path (initial): /home/andreatp/workspace/chicory2/cranelift-compiler/target/surefire/surefirebooter-20260311190725662_3.jar
Launcher Type: SUN_STANDARD

[Global flags]
     intx CICompilerCount                          = 12                                        {product} {ergonomic}
     uint ConcGCThreads                            = 3                                         {product} {ergonomic}
     uint G1ConcRefinementThreads                  = 13                                        {product} {ergonomic}
   size_t G1HeapRegionSize                         = 8388608                                   {product} {ergonomic}
   size_t InitialHeapSize                          = 1048576000                                {product} {ergonomic}
   size_t MarkStackSize                            = 4194304                                   {product} {ergonomic}
   size_t MarkStackSizeMax                         = 536870912                                 {product} {ergonomic}
   size_t MaxHeapSize                              = 16777216000                               {product} {ergonomic}
   size_t MaxNewSize                               = 10066329600                               {product} {ergonomic}
   size_t MinHeapDeltaBytes                        = 8388608                                   {product} {ergonomic}
   size_t MinHeapSize                              = 8388608                                   {product} {ergonomic}
    uintx NonNMethodCodeHeapSize                   = 7602176                                {pd product} {ergonomic}
    uintx NonProfiledCodeHeapSize                  = 122032128                              {pd product} {ergonomic}
    uintx ProfiledCodeHeapSize                     = 122023936                              {pd product} {ergonomic}
    uintx ReservedCodeCacheSize                    = 251658240                              {pd product} {ergonomic}
     bool SegmentedCodeCache                       = true                                      {product} {ergonomic}
   size_t SoftMaxHeapSize                          = 16777216000                            {manageable} {ergonomic}
     bool UseCompressedOops                        = true                           {product lp64_product} {ergonomic}
     bool UseG1GC                                  = true                                      {product} {ergonomic}

Logging:
Log output configuration:
 #0: stdout all=warning uptime,level,tags foldmultilines=false
 #1: stderr all=off uptime,level,tags foldmultilines=false

Release file:
IMPLEMENTOR="Eclipse Adoptium"
IMPLEMENTOR_VERSION="Temurin-25+36"
JAVA_RUNTIME_VERSION="25+36-LTS"
JAVA_VERSION="25"
JAVA_VERSION_DATE="2025-09-16"
LIBC="gnu"
MODULES="java.base java.compiler java.datatransfer java.xml java.prefs java.desktop java.instrument java.logging java.management java.security.sasl java.naming java.rmi java.management.rmi java.net.http java.scripting java.security.jgss java.transaction.xa java.sql java.sql.rowset java.xml.crypto java.se java.smartcardio jdk.accessibility jdk.internal.jvmstat jdk.attach jdk.charsets jdk.internal.opt jdk.zipfs jdk.compiler jdk.crypto.cryptoki jdk.crypto.ec jdk.dynalink jdk.internal.ed jdk.editpad jdk.internal.vm.ci jdk.graal.compiler jdk.graal.compiler.management jdk.hotspot.agent jdk.httpserver jdk.incubator.vector jdk.internal.le jdk.internal.md jdk.jartool jdk.javadoc jdk.jcmd jdk.management jdk.management.agent jdk.jconsole jdk.jdeps jdk.jdwp.agent jdk.jdi jdk.jfr jdk.jlink jdk.jpackage jdk.jshell jdk.jsobject jdk.jstatd jdk.localedata jdk.management.jfr jdk.naming.dns jdk.naming.rmi jdk.net jdk.nio.mapmode jdk.sctp jdk.security.auth jdk.security.jgss jdk.unsupported jdk.unsupported.desktop jdk.xml.dom"
OS_ARCH="x86_64"
OS_NAME="Linux"
SOURCE=".:git:ef82ae723551"
BUILD_SOURCE="git:b7337f50fb2a765519e79674ae790c2a7450149e"
BUILD_SOURCE_REPO="https://github.com/adoptium/temurin-build.git"
SOURCE_REPO="https://github.com/adoptium/jdk.git"
FULL_VERSION="25+36-LTS"
SEMANTIC_VERSION="25+36"
BUILD_INFO="OS: Linux Version: 6.8.0-1031-azure"
JVM_VARIANT="Hotspot"
JVM_VERSION="25+36-LTS"
IMAGE_TYPE="JDK"

Environment Variables:
JAVA_HOME=/home/andreatp/.sdkman/candidates/java/current
PATH=/home/andreatp/.jbang/bin:/home/andreatp/Downloads/google-cloud-sdk/bin:/home/andreatp/.pyenv/shims:/home/andreatp/.pyenv/bin:/home/andreatp/.nvm/versions/node/v24.2.0/bin:/home/andreatp/.sdkman/candidates/visualvm/current/bin:/home/andreatp/.sdkman/candidates/sbt/current/bin:/home/andreatp/.sdkman/candidates/maven/current/bin:/home/andreatp/.sdkman/candidates/jbang/current/bin:/home/andreatp/.sdkman/candidates/java/current/bin:/home/andreatp/.sdkman/candidates/gradle/current/bin:/home/andreatp/.local/share/swiftly/bin:/home/andreatp/.local/bin:/home/andreatp/.cargo/bin:/usr/local/bin:/usr/bin:/var/lib/snapd/snap/bin:/home/andreatp/.rvm/bin:/usr/local/go/bin:/home/andreatp/.wasmtime/bin:/home/andreatp/.cargo/bin:/home/andreatp/.rvm/bin
USERNAME=andreatp
SHELL=/usr/bin/zsh
DISPLAY=:0
LANG=en_US.UTF-8
TERM=dumb

Active Locale:
LC_ALL=en_US.UTF-8
LC_COLLATE=en_US.UTF-8
LC_CTYPE=en_US.UTF-8
LC_MESSAGES=en_US.UTF-8
LC_MONETARY=en_US.UTF-8
LC_NUMERIC=en_US.UTF-8
LC_TIME=en_US.UTF-8

Signal Handlers:
   SIGSEGV: crash_handler in libjvm.so, mask=11100100010111111101111111111110, flags=SA_RESTART|SA_SIGINFO, unblocked
    SIGBUS: crash_handler in libjvm.so, mask=11100100010111111101111111111110, flags=SA_RESTART|SA_SIGINFO, unblocked
    SIGFPE: crash_handler in libjvm.so, mask=11100100010111111101111111111110, flags=SA_RESTART|SA_SIGINFO, unblocked
   SIGPIPE: javaSignalHandler in libjvm.so, mask=11100100010111111101111111111110, flags=SA_RESTART|SA_SIGINFO, blocked
   SIGXFSZ: javaSignalHandler in libjvm.so, mask=11100100010111111101111111111110, flags=SA_RESTART|SA_SIGINFO, blocked
    SIGILL: crash_handler in libjvm.so, mask=11100100010111111101111111111110, flags=SA_RESTART|SA_SIGINFO, unblocked
   SIGUSR2: SR_handler in libjvm.so, mask=00000000000000000000000000000000, flags=SA_RESTART|SA_SIGINFO, blocked
    SIGHUP: UserHandler in libjvm.so, mask=11100100010111111101111111111110, flags=SA_RESTART|SA_SIGINFO, blocked
    SIGINT: UserHandler in libjvm.so, mask=11100100010111111101111111111110, flags=SA_RESTART|SA_SIGINFO, blocked
   SIGTERM: UserHandler in libjvm.so, mask=11100100010111111101111111111110, flags=SA_RESTART|SA_SIGINFO, blocked
   SIGQUIT: UserHandler in libjvm.so, mask=11100100010111111101111111111110, flags=SA_RESTART|SA_SIGINFO, blocked
   SIGTRAP: crash_handler in libjvm.so, mask=11100100010111111101111111111110, flags=SA_RESTART|SA_SIGINFO, unblocked


Compilation memory statistics disabled.

Periodic native trim disabled

---------------  S Y S T E M  ---------------

OS:
Fedora release 42 (Adams)
uname: Linux 6.18.8-100.fc42.x86_64 #1 SMP PREEMPT_DYNAMIC Fri Jan 30 19:22:23 UTC 2026 x86_64
OS uptime: 0 days 9:09 hours
libc: glibc 2.41 NPTL 2.41 
rlimit (soft/hard): STACK 12500k/infinity , CORE infinity/infinity , NPROC 255769/255769 , NOFILE 524288/524288 , AS infinity/infinity , CPU infinity/infinity , DATA infinity/infinity , FSIZE infinity/infinity , MEMLOCK 8192k/8192k
load average: 5.44 5.04 2.79

/proc/meminfo:
MemTotal:       65528664 kB
MemFree:        13785284 kB
MemAvailable:   39561208 kB
Buffers:           15960 kB
Cached:         30180956 kB
SwapCached:            0 kB
Active:         26989524 kB
Inactive:       17947500 kB
Active(anon):   19858968 kB
Inactive(anon):        0 kB
Active(file):    7130556 kB
Inactive(file): 17947500 kB
Unevictable:     3824424 kB
Mlocked:            5816 kB
SwapTotal:       8388604 kB
SwapFree:        8388604 kB
Zswap:                 0 kB
Zswapped:              0 kB
Dirty:             19524 kB
Writeback:             0 kB
AnonPages:      18565016 kB
Mapped:          2304176 kB
Shmem:           5114060 kB
KReclaimable:    1425196 kB
Slab:            2227644 kB
SReclaimable:    1425196 kB
SUnreclaim:       802448 kB
KernelStack:       59056 kB
PageTables:       221624 kB
SecPageTables:      4188 kB
NFS_Unstable:          0 kB
Bounce:                0 kB
WritebackTmp:          0 kB
CommitLimit:    41152936 kB
Committed_AS:   108941976 kB
VmallocTotal:   34359738367 kB
VmallocUsed:      190028 kB
VmallocChunk:          0 kB
Percpu:            15360 kB
HardwareCorrupted:     0 kB
AnonHugePages:         0 kB
ShmemHugePages:  3745792 kB
ShmemPmdMapped:        0 kB
FileHugePages:         0 kB
FilePmdMapped:         0 kB
CmaTotal:              0 kB
CmaFree:               0 kB
Unaccepted:            0 kB
Balloon:               0 kB
HugePages_Total:       0
HugePages_Free:        0
HugePages_Rsvd:        0
HugePages_Surp:        0
Hugepagesize:       2048 kB
Hugetlb:               0 kB
DirectMap4k:      452032 kB
DirectMap2M:    16021504 kB
DirectMap1G:    51380224 kB

/sys/kernel/mm/transparent_hugepage/enabled: always [madvise] never
/sys/kernel/mm/transparent_hugepage/hpage_pmd_size: 2097152
/sys/kernel/mm/transparent_hugepage/shmem_enabled: always within_size advise [never] deny force
/sys/kernel/mm/transparent_hugepage/defrag (defrag/compaction efforts parameter): always defer defer+madvise [madvise] never

Process Memory:
Virtual Size: 21407348K (peak: 21472776K)
Resident Set Size: 640152K (peak: 1324960K) (anon: 613368K, file: 26752K, shmem: 32K)
Swapped out: 0K
C-Heap outstanding allocations: 174826K, retained: 179341K
glibc malloc tunables: (default)

/proc/sys/kernel/threads-max (system-wide limit on the number of threads): 511538
/proc/sys/vm/max_map_count (maximum number of memory map areas a process may have): 1048576
/proc/sys/vm/swappiness (control to define how aggressively the kernel swaps out anonymous memory): 60
/proc/sys/kernel/pid_max (system-wide limit on number of process identifiers): 4194304

container information not found.
Steal ticks since vm start: 0
Steal ticks percentage since vm start:  0.000

CPU: total 16 (initial active 16) (8 cores per cpu, 2 threads per core) family 6 model 141 stepping 1 microcode 0x58, cx8, cmov, fxsr, ht, mmx, 3dnowpref, sse, sse2, sse3, ssse3, sse4.1, sse4.2, popcnt, lzcnt, tsc, tscinvbit, avx, avx2, aes, erms, clmul, bmi1, bmi2, adx, avx512f, avx512dq, avx512cd, avx512bw, avx512vl, sha, fma, vzeroupper, avx512_vpopcntdq, avx512_vpclmulqdq, avx512_vaes, avx512_vnni, clflush, clflushopt, clwb, avx512_vbmi2, avx512_vbmi, rdtscp, rdpid, fsrm, gfni, avx512_bitalg, f16c, pku, ospke, cet_ibt, cet_ss, avx512_ifma
CPU Model and flags from /proc/cpuinfo:
model name	: 11th Gen Intel(R) Core(TM) i7-11850H @ 2.50GHz
flags		: fpu vme de pse tsc msr pae mce cx8 apic sep mtrr pge mca cmov pat pse36 clflush dts acpi mmx fxsr sse sse2 ss ht tm pbe syscall nx pdpe1gb rdtscp lm constant_tsc art arch_perfmon pebs bts rep_good nopl xtopology nonstop_tsc cpuid aperfmperf tsc_known_freq pni pclmulqdq dtes64 monitor ds_cpl vmx smx est tm2 ssse3 sdbg fma cx16 xtpr pdcm pcid sse4_1 sse4_2 x2apic movbe popcnt tsc_deadline_timer aes xsave avx f16c rdrand lahf_lm abm 3dnowprefetch cpuid_fault epb cat_l2 cdp_l2 ssbd ibrs ibpb stibp ibrs_enhanced tpr_shadow flexpriority ept vpid ept_ad fsgsbase tsc_adjust bmi1 avx2 smep bmi2 erms invpcid rdt_a avx512f avx512dq rdseed adx smap avx512ifma clflushopt clwb intel_pt avx512cd sha_ni avx512bw avx512vl xsaveopt xsavec xgetbv1 xsaves split_lock_detect user_shstk dtherm ida arat pln pts hwp hwp_notify hwp_act_window hwp_epp hwp_pkg_req vnmi avx512vbmi umip pku ospke avx512_vbmi2 gfni vaes vpclmulqdq avx512_vnni avx512_bitalg avx512_vpopcntdq rdpid movdiri movdir64b fsrm avx512_vp2intersect md_clear ibt flush_l1d arch_capabilities

Online cpus: 0-15
Offline cpus: 
BIOS frequency limitation: <Not Available>
Frequency switch latency (ns): 0
Available cpu frequencies: <Not Available>
Current governor: powersave
Core performance/turbo boost: <Not Available>

Memory: 4k page, physical 65528664k(39561208k free), swap 8388604k(8388604k free)
Page Sizes: 4k

vm_info: OpenJDK 64-Bit Server VM (25+36-LTS) for linux-amd64 JRE (25+36-LTS), built on 2025-09-16T00:00:00Z with gcc 14.2.0

END.
