#
# A fatal error has been detected by the Java Runtime Environment:
#
#  SIGSEGV (0xb) at pc=0x00007f885ccc5034, pid=147322, tid=147323
#
# JRE version: OpenJDK Runtime Environment Temurin-25+36 (25.0+36) (build 25+36-LTS)
# Java VM: OpenJDK 64-Bit Server VM Temurin-25+36 (25+36-LTS, mixed mode, sharing, tiered, compressed oops, compressed class ptrs, g1 gc, linux-amd64)
# Problematic frame:
# C  0x00007f885ccc5034
#
# Core dump will be written. Default location: Core dumps may be processed with "/usr/lib/systemd/systemd-coredump %P %u %g %s %t %c %h %d %F" (or dumping to /home/andreatp/workspace/chicory2/cranelift-compiler/core.147322)
#
# If you would like to submit a bug report, please visit:
#   https://github.com/adoptium/adoptium-support/issues
# The crash happened outside the Java Virtual Machine in native code.
# See problematic frame for where to report the bug.
#

---------------  S U M M A R Y ------------

Command Line: --enable-preview --enable-native-access=ALL-UNNAMED /home/andreatp/workspace/chicory2/cranelift-compiler/target/surefire/surefirebooter-20260311191015862_3.jar /home/andreatp/workspace/chicory2/cranelift-compiler/target/surefire 2026-03-11T19-10-15_780-jvmRun1 surefire-20260311191015862_1tmp surefire_0-20260311191015862_2tmp

Host: 11th Gen Intel(R) Core(TM) i7-11850H @ 2.50GHz, 16 cores, 62G, Fedora release 42 (Adams)
Time: Wed Mar 11 19:10:36 2026 WET elapsed time: 20.981148 seconds (0d 0h 0m 20s)

---------------  T H R E A D  ---------------

Current thread (0x00007f88c402b870):  JavaThread "main"             [_thread_in_native, id=147323, stack(0x00007f88ca185000,0x00007f88ca285000) (1024K)]

Stack: [0x00007f88ca185000,0x00007f88ca285000],  sp=0x00007f88ca281500,  free space=1009k
Native frames: (J=compiled Java code, j=interpreted, Vv=VM code, C=native code)
C  0x00007f885ccc5034
v  ~RuntimeStub::nep_invoker_blob 0x00007f88b3bbc49d
j  java.lang.invoke.LambdaForm$MH+0x00000000811ae400.invoke(Ljava/lang/Object;JJJ)V+12 java.base@25
j  java.lang.invoke.LambdaForm$MH+0x00000000811b8800.invokeExact_MT(Ljava/lang/Object;JJJLjava/lang/Object;)V+23 java.base@25
j  jdk.internal.foreign.abi.DowncallStub+0x00000000811ae800.invoke(Ljava/lang/foreign/SegmentAllocator;Ljava/lang/foreign/MemorySegment;Ljava/lang/foreign/MemorySegment;Ljava/lang/foreign/MemorySegment;)V+113 java.base@25
j  java.lang.invoke.DirectMethodHandle$Holder.invokeStatic(Ljava/lang/Object;Ljava/lang/Object;Ljava/lang/Object;Ljava/lang/Object;Ljava/lang/Object;)V+16 java.base@25
j  java.lang.invoke.LambdaForm$MH+0x00000000811b8000.invoke(Ljava/lang/Object;Ljava/lang/Object;Ljava/lang/Object;)Ljava/lang/Object;+76 java.base@25
J 7667 c1 java.lang.invoke.LambdaForm$MH+0x00000000811b5800.invoke(Ljava/lang/Object;Ljava/lang/Object;Ljava/lang/Object;)Ljava/lang/Object; java.base@25 (56 bytes) @ 0x00007f88adcd2e74 [0x00007f88adcd2400+0x0000000000000a74]
J 9071 c1 java.lang.invoke.MethodHandle.invokeWithArguments([Ljava/lang/Object;)Ljava/lang/Object; java.base@25 (32 bytes) @ 0x00007f88ac60907c [0x00007f88ac608980+0x00000000000006fc]
J 8949 c1 com.dylibso.chicory.cranelift.compiler.NativeMachine.call(I[J)[J (669 bytes) @ 0x00007f88ae1a0484 [0x00007f88ae19ae80+0x0000000000005604]
J 5972 c2 com.dylibso.chicory.runtime.Instance$Exports$$Lambda+0x000000008112a940.apply([J)[J (13 bytes) @ 0x00007f88b437347c [0x00007f88b4373200+0x000000000000027c]
j  com.dylibso.chicory.test.gen.SpecV1MemoryGrowTest.lambda$test4$0(Lcom/dylibso/chicory/runtime/ExportFunction;)V+7
j  com.dylibso.chicory.test.gen.SpecV1MemoryGrowTest$$Lambda+0x00000000812988c0.execute()V+4
J 7215 c1 org.junit.jupiter.api.AssertThrows.assertThrows(Ljava/lang/Class;Lorg/junit/jupiter/api/function/Executable;Ljava/lang/Object;)Ljava/lang/Throwable; (85 bytes) @ 0x00007f88adb62a7c [0x00007f88adb62980+0x00000000000000fc]
J 7213 c1 org.junit.jupiter.api.Assertions.assertThrows(Ljava/lang/Class;Lorg/junit/jupiter/api/function/Executable;)Ljava/lang/Throwable; (6 bytes) @ 0x00007f88adb6241c [0x00007f88adb62380+0x000000000000009c]
j  com.dylibso.chicory.test.gen.SpecV1MemoryGrowTest.test4()V+20
J 8334 c2 java.lang.invoke.LambdaForm$DMH+0x00000000810fc000.invokeVirtual(Ljava/lang/Object;Ljava/lang/Object;)V java.base@25 (14 bytes) @ 0x00007f88b4620240 [0x00007f88b4620200+0x0000000000000040]
J 8333 c2 java.lang.invoke.LambdaForm$MH+0x00000000810fc800.invoke(Ljava/lang/Object;Ljava/lang/Object;)Ljava/lang/Object; java.base@25 (36 bytes) @ 0x00007f88b461ff74 [0x00007f88b461ff00+0x0000000000000074]
J 8106 c2 org.junit.platform.commons.util.ReflectionUtils.invokeMethod(Ljava/lang/reflect/Method;Ljava/lang/Object;[Ljava/lang/Object;)Ljava/lang/Object; (55 bytes) @ 0x00007f88b4586a04 [0x00007f88b4586200+0x0000000000000804]
J 8157 c2 org.junit.jupiter.engine.execution.InvocationInterceptorChain.invoke(Lorg/junit/jupiter/api/extension/InvocationInterceptor$Invocation;Lorg/junit/jupiter/engine/extension/ExtensionRegistry;Lorg/junit/jupiter/engine/execution/InvocationInterceptorChain$InterceptorCall;)Ljava/lang/Object; (35 bytes) @ 0x00007f88b45d6054 [0x00007f88b45d4d80+0x00000000000012d4]
J 8273 c2 org.junit.platform.engine.support.hierarchical.NodeTestTask$$Lambda+0x00000000810e25c0.execute()V (8 bytes) @ 0x00007f88b4610318 [0x00007f88b460f500+0x0000000000000e18]
J 8325 c2 org.junit.platform.engine.support.hierarchical.NodeTestTask$$Lambda+0x00000000810e2390.invoke(Lorg/junit/platform/engine/support/hierarchical/EngineExecutionContext;)V (9 bytes) @ 0x00007f88b46171f4 [0x00007f88b4617100+0x00000000000000f4]
J 8252 c2 org.junit.platform.engine.support.hierarchical.SameThreadHierarchicalTestExecutorService$$Lambda+0x00000000810e3100.accept(Ljava/lang/Object;)V (10 bytes) @ 0x00007f88b4634c08 [0x00007f88b4632600+0x0000000000002608]
J 2405 c2 java.util.ArrayList.forEach(Ljava/util/function/Consumer;)V java.base@25 (74 bytes) @ 0x00007f88b40a51e4 [0x00007f88b40a5100+0x00000000000000e4]
j  org.junit.platform.engine.support.hierarchical.SameThreadHierarchicalTestExecutorService.invokeAll(Ljava/util/List;)V+6
J 8252 c2 org.junit.platform.engine.support.hierarchical.SameThreadHierarchicalTestExecutorService$$Lambda+0x00000000810e3100.accept(Ljava/lang/Object;)V (10 bytes) @ 0x00007f88b4636120 [0x00007f88b4632600+0x0000000000003b20]
J 2405 c2 java.util.ArrayList.forEach(Ljava/util/function/Consumer;)V java.base@25 (74 bytes) @ 0x00007f88b40a51e4 [0x00007f88b40a5100+0x00000000000000e4]
j  org.junit.platform.engine.support.hierarchical.SameThreadHierarchicalTestExecutorService.invokeAll(Ljava/util/List;)V+6
j  org.junit.platform.engine.support.hierarchical.NodeTestTask.lambda$executeRecursively$6()V+116
j  org.junit.platform.engine.support.hierarchical.NodeTestTask$$Lambda+0x00000000810e25c0.execute()V+4
j  org.junit.platform.engine.support.hierarchical.ThrowableCollector.execute(Lorg/junit/platform/engine/support/hierarchical/ThrowableCollector$Executable;)V+1
j  org.junit.platform.engine.support.hierarchical.NodeTestTask.lambda$executeRecursively$8(Lorg/junit/platform/engine/support/hierarchical/EngineExecutionContext;)V+15
j  org.junit.platform.engine.support.hierarchical.NodeTestTask$$Lambda+0x00000000810e2390.invoke(Lorg/junit/platform/engine/support/hierarchical/EngineExecutionContext;)V+5
j  org.junit.platform.engine.support.hierarchical.Node.around(Lorg/junit/platform/engine/support/hierarchical/EngineExecutionContext;Lorg/junit/platform/engine/support/hierarchical/Node$Invocation;)V+2
j  org.junit.platform.engine.support.hierarchical.NodeTestTask.lambda$executeRecursively$9()V+14
j  org.junit.platform.engine.support.hierarchical.NodeTestTask$$Lambda+0x00000000810e2160.execute()V+4
j  org.junit.platform.engine.support.hierarchical.ThrowableCollector.execute(Lorg/junit/platform/engine/support/hierarchical/ThrowableCollector$Executable;)V+1
j  org.junit.platform.engine.support.hierarchical.NodeTestTask.executeRecursively()V+31
j  org.junit.platform.engine.support.hierarchical.NodeTestTask.execute()V+55
j  org.junit.platform.engine.support.hierarchical.SameThreadHierarchicalTestExecutorService.submit(Lorg/junit/platform/engine/support/hierarchical/HierarchicalTestExecutorService$TestTask;)Ljava/util/concurrent/Future;+1
j  org.junit.platform.engine.support.hierarchical.HierarchicalTestExecutor.execute()Ljava/util/concurrent/Future;+74
j  org.junit.platform.engine.support.hierarchical.HierarchicalTestEngine.execute(Lorg/junit/platform/engine/ExecutionRequest;)V+31
j  org.junit.platform.launcher.core.EngineExecutionOrchestrator.executeEngine(Lorg/junit/platform/engine/TestDescriptor;Lorg/junit/platform/engine/EngineExecutionListener;Lorg/junit/platform/engine/ConfigurationParameters;Lorg/junit/platform/engine/TestEngine;Lorg/junit/platform/engine/OutputDirectoryCreator;Lorg/junit/platform/launcher/core/DiscoveryIssueNotifier;Lorg/junit/platform/engine/support/store/NamespacedHierarchicalStore;)V+24
j  org.junit.platform.launcher.core.EngineExecutionOrchestrator.failOrExecuteEngine(Lorg/junit/platform/launcher/core/LauncherDiscoveryResult;Lorg/junit/platform/engine/EngineExecutionListener;Lorg/junit/platform/engine/TestEngine;Lorg/junit/platform/engine/support/store/NamespacedHierarchicalStore;)V+124
j  org.junit.platform.launcher.core.EngineExecutionOrchestrator.execute(Lorg/junit/platform/launcher/core/LauncherDiscoveryResult;Lorg/junit/platform/engine/EngineExecutionListener;Lorg/junit/platform/engine/support/store/NamespacedHierarchicalStore;)V+68
j  org.junit.platform.launcher.core.EngineExecutionOrchestrator.execute(Lorg/junit/platform/launcher/core/InternalTestPlan;Lorg/junit/platform/engine/EngineExecutionListener;Lorg/junit/platform/launcher/TestExecutionListener;Lorg/junit/platform/engine/support/store/NamespacedHierarchicalStore;)V+57
j  org.junit.platform.launcher.core.EngineExecutionOrchestrator.lambda$execute$0(Lorg/junit/platform/launcher/core/InternalTestPlan;Lorg/junit/platform/engine/support/store/NamespacedHierarchicalStore;Lorg/junit/platform/launcher/TestExecutionListener;)V+7
j  org.junit.platform.launcher.core.EngineExecutionOrchestrator$$Lambda+0x00000000810d16e0.accept(Ljava/lang/Object;)V+16
j  org.junit.platform.launcher.core.EngineExecutionOrchestrator.withInterceptedStreams(Lorg/junit/platform/engine/ConfigurationParameters;Lorg/junit/platform/launcher/core/ListenerRegistry;Ljava/util/function/Consumer;)V+51
j  org.junit.platform.launcher.core.EngineExecutionOrchestrator.execute(Lorg/junit/platform/launcher/core/InternalTestPlan;Lorg/junit/platform/engine/support/store/NamespacedHierarchicalStore;[Lorg/junit/platform/launcher/TestExecutionListener;)V+26
j  org.junit.platform.launcher.core.DefaultLauncher.execute(Lorg/junit/platform/launcher/core/InternalTestPlan;[Lorg/junit/platform/launcher/TestExecutionListener;)V+12
j  org.junit.platform.launcher.core.DefaultLauncher.execute(Lorg/junit/platform/launcher/LauncherDiscoveryRequest;[Lorg/junit/platform/launcher/TestExecutionListener;)V+34
j  org.junit.platform.launcher.core.DelegatingLauncher.execute(Lorg/junit/platform/launcher/LauncherDiscoveryRequest;[Lorg/junit/platform/launcher/TestExecutionListener;)V+6
j  org.junit.platform.launcher.core.InterceptingLauncher.lambda$execute$1(Lorg/junit/platform/launcher/LauncherDiscoveryRequest;[Lorg/junit/platform/launcher/TestExecutionListener;)Ljava/lang/Object;+3
j  org.junit.platform.launcher.core.InterceptingLauncher$$Lambda+0x00000000810d14b0.proceed()Ljava/lang/Object;+12
j  org.junit.platform.launcher.core.ClasspathAlignmentCheckingLauncherInterceptor.intercept(Lorg/junit/platform/launcher/LauncherInterceptor$Invocation;)Ljava/lang/Object;+1
j  org.junit.platform.launcher.core.InterceptingLauncher.execute(Lorg/junit/platform/launcher/LauncherDiscoveryRequest;[Lorg/junit/platform/launcher/TestExecutionListener;)V+12
j  org.junit.platform.launcher.core.DelegatingLauncher.execute(Lorg/junit/platform/launcher/LauncherDiscoveryRequest;[Lorg/junit/platform/launcher/TestExecutionListener;)V+6
j  org.apache.maven.surefire.junitplatform.LauncherAdapter.executeWithoutCancellationToken(Lorg/junit/platform/launcher/LauncherDiscoveryRequest;[Lorg/junit/platform/launcher/TestExecutionListener;)V+6
j  org.apache.maven.surefire.junitplatform.LauncherAdapter.execute(Lorg/junit/platform/launcher/LauncherDiscoveryRequest;[Lorg/junit/platform/launcher/TestExecutionListener;)V+10
j  org.apache.maven.surefire.junitplatform.JUnitPlatformProvider.execute(Lorg/apache/maven/surefire/junitplatform/LauncherAdapter;Lorg/apache/maven/surefire/api/util/TestsToRun;Lorg/apache/maven/surefire/junitplatform/RunListenerAdapter;)V+61
j  org.apache.maven.surefire.junitplatform.JUnitPlatformProvider.invokeAllTests(Lorg/apache/maven/surefire/junitplatform/LauncherAdapter;Lorg/apache/maven/surefire/api/util/TestsToRun;Lorg/apache/maven/surefire/junitplatform/RunListenerAdapter;)V+36
j  org.apache.maven.surefire.junitplatform.JUnitPlatformProvider.invoke(Ljava/lang/Object;)Lorg/apache/maven/surefire/api/suite/RunResult;+144
j  org.apache.maven.surefire.booter.ForkedBooter.runSuitesInProcess()V+8
j  org.apache.maven.surefire.booter.ForkedBooter.execute()V+1
j  org.apache.maven.surefire.booter.ForkedBooter.run(Lorg/apache/maven/surefire/booter/ForkedBooter;[Ljava/lang/String;)V+27
j  org.apache.maven.surefire.booter.ForkedBooter.main([Ljava/lang/String;)V+10
v  ~StubRoutines::call_stub 0x00007f88b385ffa6
V  [libjvm.so+0xa21400]  JavaCalls::call_helper(JavaValue*, methodHandle const&, JavaCallArguments*, JavaThread*)+0x2b0
V  [libjvm.so+0xaeae76]  jni_invoke_static(JNIEnv_*, JavaValue*, _jobject*, JNICallType, _jmethodID*, JNI_ArgumentPusher*, JavaThread*) [clone .constprop.1]+0x396
V  [libjvm.so+0xaedd31]  jni_CallStaticVoidMethod+0x161
C  [libjli.so+0xa73a]  invokeStaticMainWithArgs+0x4a
C  [libjli.so+0xb7c0]  JavaMain+0xeb0
C  [libjli.so+0xed49]  ThreadJavaMain+0x9
C  [libc.so.6+0x71f14]  start_thread+0x2e4
Java frames: (J=compiled Java code, j=interpreted, Vv=VM code)
v  ~RuntimeStub::nep_invoker_blob 0x00007f88b3bbc464
j  java.lang.invoke.LambdaForm$MH+0x00000000811ae400.invoke(Ljava/lang/Object;JJJ)V+12 java.base@25
j  java.lang.invoke.LambdaForm$MH+0x00000000811b8800.invokeExact_MT(Ljava/lang/Object;JJJLjava/lang/Object;)V+23 java.base@25
j  jdk.internal.foreign.abi.DowncallStub+0x00000000811ae800.invoke(Ljava/lang/foreign/SegmentAllocator;Ljava/lang/foreign/MemorySegment;Ljava/lang/foreign/MemorySegment;Ljava/lang/foreign/MemorySegment;)V+113 java.base@25
j  java.lang.invoke.DirectMethodHandle$Holder.invokeStatic(Ljava/lang/Object;Ljava/lang/Object;Ljava/lang/Object;Ljava/lang/Object;Ljava/lang/Object;)V+16 java.base@25
j  java.lang.invoke.LambdaForm$MH+0x00000000811b8000.invoke(Ljava/lang/Object;Ljava/lang/Object;Ljava/lang/Object;)Ljava/lang/Object;+76 java.base@25
J 7667 c1 java.lang.invoke.LambdaForm$MH+0x00000000811b5800.invoke(Ljava/lang/Object;Ljava/lang/Object;Ljava/lang/Object;)Ljava/lang/Object; java.base@25 (56 bytes) @ 0x00007f88adcd2e74 [0x00007f88adcd2400+0x0000000000000a74]
J 9071 c1 java.lang.invoke.MethodHandle.invokeWithArguments([Ljava/lang/Object;)Ljava/lang/Object; java.base@25 (32 bytes) @ 0x00007f88ac60907c [0x00007f88ac608980+0x00000000000006fc]
J 8949 c1 com.dylibso.chicory.cranelift.compiler.NativeMachine.call(I[J)[J (669 bytes) @ 0x00007f88ae1a0484 [0x00007f88ae19ae80+0x0000000000005604]
J 5972 c2 com.dylibso.chicory.runtime.Instance$Exports$$Lambda+0x000000008112a940.apply([J)[J (13 bytes) @ 0x00007f88b437347c [0x00007f88b4373200+0x000000000000027c]
j  com.dylibso.chicory.test.gen.SpecV1MemoryGrowTest.lambda$test4$0(Lcom/dylibso/chicory/runtime/ExportFunction;)V+7
j  com.dylibso.chicory.test.gen.SpecV1MemoryGrowTest$$Lambda+0x00000000812988c0.execute()V+4
J 7215 c1 org.junit.jupiter.api.AssertThrows.assertThrows(Ljava/lang/Class;Lorg/junit/jupiter/api/function/Executable;Ljava/lang/Object;)Ljava/lang/Throwable; (85 bytes) @ 0x00007f88adb62a7c [0x00007f88adb62980+0x00000000000000fc]
J 7213 c1 org.junit.jupiter.api.Assertions.assertThrows(Ljava/lang/Class;Lorg/junit/jupiter/api/function/Executable;)Ljava/lang/Throwable; (6 bytes) @ 0x00007f88adb6241c [0x00007f88adb62380+0x000000000000009c]
j  com.dylibso.chicory.test.gen.SpecV1MemoryGrowTest.test4()V+20
J 8334 c2 java.lang.invoke.LambdaForm$DMH+0x00000000810fc000.invokeVirtual(Ljava/lang/Object;Ljava/lang/Object;)V java.base@25 (14 bytes) @ 0x00007f88b4620240 [0x00007f88b4620200+0x0000000000000040]
J 8333 c2 java.lang.invoke.LambdaForm$MH+0x00000000810fc800.invoke(Ljava/lang/Object;Ljava/lang/Object;)Ljava/lang/Object; java.base@25 (36 bytes) @ 0x00007f88b461ff74 [0x00007f88b461ff00+0x0000000000000074]
J 8106 c2 org.junit.platform.commons.util.ReflectionUtils.invokeMethod(Ljava/lang/reflect/Method;Ljava/lang/Object;[Ljava/lang/Object;)Ljava/lang/Object; (55 bytes) @ 0x00007f88b4586a04 [0x00007f88b4586200+0x0000000000000804]
J 8157 c2 org.junit.jupiter.engine.execution.InvocationInterceptorChain.invoke(Lorg/junit/jupiter/api/extension/InvocationInterceptor$Invocation;Lorg/junit/jupiter/engine/extension/ExtensionRegistry;Lorg/junit/jupiter/engine/execution/InvocationInterceptorChain$InterceptorCall;)Ljava/lang/Object; (35 bytes) @ 0x00007f88b45d6054 [0x00007f88b45d4d80+0x00000000000012d4]
J 8273 c2 org.junit.platform.engine.support.hierarchical.NodeTestTask$$Lambda+0x00000000810e25c0.execute()V (8 bytes) @ 0x00007f88b4610318 [0x00007f88b460f500+0x0000000000000e18]
J 8325 c2 org.junit.platform.engine.support.hierarchical.NodeTestTask$$Lambda+0x00000000810e2390.invoke(Lorg/junit/platform/engine/support/hierarchical/EngineExecutionContext;)V (9 bytes) @ 0x00007f88b46171f4 [0x00007f88b4617100+0x00000000000000f4]
J 8252 c2 org.junit.platform.engine.support.hierarchical.SameThreadHierarchicalTestExecutorService$$Lambda+0x00000000810e3100.accept(Ljava/lang/Object;)V (10 bytes) @ 0x00007f88b4634c08 [0x00007f88b4632600+0x0000000000002608]
J 2405 c2 java.util.ArrayList.forEach(Ljava/util/function/Consumer;)V java.base@25 (74 bytes) @ 0x00007f88b40a51e4 [0x00007f88b40a5100+0x00000000000000e4]
j  org.junit.platform.engine.support.hierarchical.SameThreadHierarchicalTestExecutorService.invokeAll(Ljava/util/List;)V+6
J 8252 c2 org.junit.platform.engine.support.hierarchical.SameThreadHierarchicalTestExecutorService$$Lambda+0x00000000810e3100.accept(Ljava/lang/Object;)V (10 bytes) @ 0x00007f88b4636120 [0x00007f88b4632600+0x0000000000003b20]
J 2405 c2 java.util.ArrayList.forEach(Ljava/util/function/Consumer;)V java.base@25 (74 bytes) @ 0x00007f88b40a51e4 [0x00007f88b40a5100+0x00000000000000e4]
j  org.junit.platform.engine.support.hierarchical.SameThreadHierarchicalTestExecutorService.invokeAll(Ljava/util/List;)V+6
j  org.junit.platform.engine.support.hierarchical.NodeTestTask.lambda$executeRecursively$6()V+116
j  org.junit.platform.engine.support.hierarchical.NodeTestTask$$Lambda+0x00000000810e25c0.execute()V+4
j  org.junit.platform.engine.support.hierarchical.ThrowableCollector.execute(Lorg/junit/platform/engine/support/hierarchical/ThrowableCollector$Executable;)V+1
j  org.junit.platform.engine.support.hierarchical.NodeTestTask.lambda$executeRecursively$8(Lorg/junit/platform/engine/support/hierarchical/EngineExecutionContext;)V+15
j  org.junit.platform.engine.support.hierarchical.NodeTestTask$$Lambda+0x00000000810e2390.invoke(Lorg/junit/platform/engine/support/hierarchical/EngineExecutionContext;)V+5
j  org.junit.platform.engine.support.hierarchical.Node.around(Lorg/junit/platform/engine/support/hierarchical/EngineExecutionContext;Lorg/junit/platform/engine/support/hierarchical/Node$Invocation;)V+2
j  org.junit.platform.engine.support.hierarchical.NodeTestTask.lambda$executeRecursively$9()V+14
j  org.junit.platform.engine.support.hierarchical.NodeTestTask$$Lambda+0x00000000810e2160.execute()V+4
j  org.junit.platform.engine.support.hierarchical.ThrowableCollector.execute(Lorg/junit/platform/engine/support/hierarchical/ThrowableCollector$Executable;)V+1
j  org.junit.platform.engine.support.hierarchical.NodeTestTask.executeRecursively()V+31
j  org.junit.platform.engine.support.hierarchical.NodeTestTask.execute()V+55
j  org.junit.platform.engine.support.hierarchical.SameThreadHierarchicalTestExecutorService.submit(Lorg/junit/platform/engine/support/hierarchical/HierarchicalTestExecutorService$TestTask;)Ljava/util/concurrent/Future;+1
j  org.junit.platform.engine.support.hierarchical.HierarchicalTestExecutor.execute()Ljava/util/concurrent/Future;+74
j  org.junit.platform.engine.support.hierarchical.HierarchicalTestEngine.execute(Lorg/junit/platform/engine/ExecutionRequest;)V+31
j  org.junit.platform.launcher.core.EngineExecutionOrchestrator.executeEngine(Lorg/junit/platform/engine/TestDescriptor;Lorg/junit/platform/engine/EngineExecutionListener;Lorg/junit/platform/engine/ConfigurationParameters;Lorg/junit/platform/engine/TestEngine;Lorg/junit/platform/engine/OutputDirectoryCreator;Lorg/junit/platform/launcher/core/DiscoveryIssueNotifier;Lorg/junit/platform/engine/support/store/NamespacedHierarchicalStore;)V+24
j  org.junit.platform.launcher.core.EngineExecutionOrchestrator.failOrExecuteEngine(Lorg/junit/platform/launcher/core/LauncherDiscoveryResult;Lorg/junit/platform/engine/EngineExecutionListener;Lorg/junit/platform/engine/TestEngine;Lorg/junit/platform/engine/support/store/NamespacedHierarchicalStore;)V+124
j  org.junit.platform.launcher.core.EngineExecutionOrchestrator.execute(Lorg/junit/platform/launcher/core/LauncherDiscoveryResult;Lorg/junit/platform/engine/EngineExecutionListener;Lorg/junit/platform/engine/support/store/NamespacedHierarchicalStore;)V+68
j  org.junit.platform.launcher.core.EngineExecutionOrchestrator.execute(Lorg/junit/platform/launcher/core/InternalTestPlan;Lorg/junit/platform/engine/EngineExecutionListener;Lorg/junit/platform/launcher/TestExecutionListener;Lorg/junit/platform/engine/support/store/NamespacedHierarchicalStore;)V+57
j  org.junit.platform.launcher.core.EngineExecutionOrchestrator.lambda$execute$0(Lorg/junit/platform/launcher/core/InternalTestPlan;Lorg/junit/platform/engine/support/store/NamespacedHierarchicalStore;Lorg/junit/platform/launcher/TestExecutionListener;)V+7
j  org.junit.platform.launcher.core.EngineExecutionOrchestrator$$Lambda+0x00000000810d16e0.accept(Ljava/lang/Object;)V+16
j  org.junit.platform.launcher.core.EngineExecutionOrchestrator.withInterceptedStreams(Lorg/junit/platform/engine/ConfigurationParameters;Lorg/junit/platform/launcher/core/ListenerRegistry;Ljava/util/function/Consumer;)V+51
j  org.junit.platform.launcher.core.EngineExecutionOrchestrator.execute(Lorg/junit/platform/launcher/core/InternalTestPlan;Lorg/junit/platform/engine/support/store/NamespacedHierarchicalStore;[Lorg/junit/platform/launcher/TestExecutionListener;)V+26
j  org.junit.platform.launcher.core.DefaultLauncher.execute(Lorg/junit/platform/launcher/core/InternalTestPlan;[Lorg/junit/platform/launcher/TestExecutionListener;)V+12
j  org.junit.platform.launcher.core.DefaultLauncher.execute(Lorg/junit/platform/launcher/LauncherDiscoveryRequest;[Lorg/junit/platform/launcher/TestExecutionListener;)V+34
j  org.junit.platform.launcher.core.DelegatingLauncher.execute(Lorg/junit/platform/launcher/LauncherDiscoveryRequest;[Lorg/junit/platform/launcher/TestExecutionListener;)V+6
j  org.junit.platform.launcher.core.InterceptingLauncher.lambda$execute$1(Lorg/junit/platform/launcher/LauncherDiscoveryRequest;[Lorg/junit/platform/launcher/TestExecutionListener;)Ljava/lang/Object;+3
j  org.junit.platform.launcher.core.InterceptingLauncher$$Lambda+0x00000000810d14b0.proceed()Ljava/lang/Object;+12
j  org.junit.platform.launcher.core.ClasspathAlignmentCheckingLauncherInterceptor.intercept(Lorg/junit/platform/launcher/LauncherInterceptor$Invocation;)Ljava/lang/Object;+1
j  org.junit.platform.launcher.core.InterceptingLauncher.execute(Lorg/junit/platform/launcher/LauncherDiscoveryRequest;[Lorg/junit/platform/launcher/TestExecutionListener;)V+12
j  org.junit.platform.launcher.core.DelegatingLauncher.execute(Lorg/junit/platform/launcher/LauncherDiscoveryRequest;[Lorg/junit/platform/launcher/TestExecutionListener;)V+6
j  org.apache.maven.surefire.junitplatform.LauncherAdapter.executeWithoutCancellationToken(Lorg/junit/platform/launcher/LauncherDiscoveryRequest;[Lorg/junit/platform/launcher/TestExecutionListener;)V+6
j  org.apache.maven.surefire.junitplatform.LauncherAdapter.execute(Lorg/junit/platform/launcher/LauncherDiscoveryRequest;[Lorg/junit/platform/launcher/TestExecutionListener;)V+10
j  org.apache.maven.surefire.junitplatform.JUnitPlatformProvider.execute(Lorg/apache/maven/surefire/junitplatform/LauncherAdapter;Lorg/apache/maven/surefire/api/util/TestsToRun;Lorg/apache/maven/surefire/junitplatform/RunListenerAdapter;)V+61
j  org.apache.maven.surefire.junitplatform.JUnitPlatformProvider.invokeAllTests(Lorg/apache/maven/surefire/junitplatform/LauncherAdapter;Lorg/apache/maven/surefire/api/util/TestsToRun;Lorg/apache/maven/surefire/junitplatform/RunListenerAdapter;)V+36
j  org.apache.maven.surefire.junitplatform.JUnitPlatformProvider.invoke(Ljava/lang/Object;)Lorg/apache/maven/surefire/api/suite/RunResult;+144
j  org.apache.maven.surefire.booter.ForkedBooter.runSuitesInProcess()V+8
j  org.apache.maven.surefire.booter.ForkedBooter.execute()V+1
j  org.apache.maven.surefire.booter.ForkedBooter.run(Lorg/apache/maven/surefire/booter/ForkedBooter;[Ljava/lang/String;)V+27
j  org.apache.maven.surefire.booter.ForkedBooter.main([Ljava/lang/String;)V+10
v  ~StubRoutines::call_stub 0x00007f88b385ffa6

siginfo: si_signo: 11 (SIGSEGV), si_code: 2 (SEGV_ACCERR), si_addr: 0x00007f88c4f46400

Registers:
RAX=0x00007f886d0a2408, RBX=0x00007f886d0a2408, RCX=0x00007f88c4f32750, RDX=0x00007f88c4f36400
RSP=0x00007f88ca281500, RBP=0x00007f88ca281500, RSI=0x00007f88c4f32750, RDI=0x00007f88c4f36400
R8 =0x000000041b843e00, R9 =0x00000007ff9a98d8, R10=0x00007f885ccc5030, R11=0x00007f88b42a8b80
R12=0x0000000000000000, R13=0x00007f88ca281528, R14=0x00007f88ca2815f0, R15=0x00007f88c402b870
RIP=0x00007f885ccc5034, EFLAGS=0x0000000000010283, CSGSFS=0x002b000000000033, ERR=0x0000000000000006
  TRAPNO=0x000000000000000e

XMM[0]=0x0000000000000000 0x0000000000000000
XMM[1]=0x0000000000000000 0xffeb1d89ffeb1d89
XMM[2]=0x0000000000000000 0x0000000000000001
XMM[3]=0x0000000000000000 0x0000000000000000
XMM[4]=0x0000000000000000 0x00000007ffdc71a8
XMM[5]=0x0000000000000000 0x00000000ffeb53b1
XMM[6]=0x0000000000000000 0x00000000ffeb1d89
XMM[7]=0x0000000000000000 0x00000007ffd6cb80
XMM[8]=0x060001edb32cd937 0xf852d974a2c147d2
XMM[9]=0xef207f96ef207f96 0xef207f96bc93d830
XMM[10]=0x0000000000000000 0x00000000cd73589a
XMM[11]=0x546f9f27546f9f27 0x546f9f2711037757
XMM[12]=0x0000000000000000 0x00000000bc93d830
XMM[13]=0x0000000000000000 0x0000000000000000
XMM[14]=0x0000000000000000 0x000000000000fff9
XMM[15]=0x0000000000000000 0x00000000fff615b4
  MXCSR=0x00001fbf


Register to memory mapping:

RAX={method} {0x00007f886d0a2408} 'linkToNative' '(JJJLjava/lang/Object;)V' in 'java/lang/invoke/MethodHandle'
RBX={method} {0x00007f886d0a2408} 'linkToNative' '(JJJLjava/lang/Object;)V' in 'java/lang/invoke/MethodHandle'
RCX=0x00007f88c4f32750 points into unknown readable memory: 0x00007f88c4f36420 | 20 64 f3 c4 88 7f 00 00
RDX=0x00007f88c4f36400 points into unknown readable memory: 0x0000000000000002 | 02 00 00 00 00 00 00 00
RSP=0x00007f88ca281500 is pointing into the stack for thread: 0x00007f88c402b870
RBP=0x00007f88ca281500 is pointing into the stack for thread: 0x00007f88c402b870
RSI=0x00007f88c4f32750 points into unknown readable memory: 0x00007f88c4f36420 | 20 64 f3 c4 88 7f 00 00
RDI=0x00007f88c4f36400 points into unknown readable memory: 0x0000000000000002 | 02 00 00 00 00 00 00 00
R8 =0x000000041b843e00 is an oop: jdk.internal.foreign.abi.NativeEntryPoint 
{0x000000041b843e00} - klass: 'jdk/internal/foreign/abi/NativeEntryPoint' - flags: 

 - ---- fields (total size 3 words):
 - private final 'methodType' 'Ljava/lang/invoke/MethodType;' @12  a 'java/lang/invoke/MethodType'{0x000000041b812d88} = (JJJ)V (0x837025b1)
 - private final 'downcallStubAddress' 'J' @16  140225107706976 (0x00007f88b3bbc460)
R9 =0x00000007ff9a98d8 is an oop: jdk.internal.foreign.NativeMemorySegmentImpl 
{0x00000007ff9a98d8} - klass: 'jdk/internal/foreign/NativeMemorySegmentImpl' - flags: 

 - ---- fields (total size 5 words):
 - final 'readOnly' 'Z' @12  false (0x00)
 - final 'length' 'J' @16  0 (0x0000000000000000)
 - final 'scope' 'Ljdk/internal/foreign/MemorySessionImpl;' @24  a 'jdk/internal/foreign/SharedSession'{0x00000007ff9a9860} (0xfff3530c)
 - final 'min' 'J' @32  140225396564992 (0x00007f88c4f36400)
R10=0x00007f885ccc5030 points into unknown readable memory: 0x000087c7e5894855 | 55 48 89 e5 c7 87 00 00
R11=0x00007f88b42a8b80 is at entry_point+0 in (nmethod*)0x00007f88b42a8a88
Compiled method (n/a) 20988 4656     n 0       java.lang.invoke.MethodHandle::linkToNative(JJJL)V (native)
 total in heap  [0x00007f88b42a8a88,0x00007f88b42a8b88] = 256
 main code      [0x00007f88b42a8b80,0x00007f88b42a8b87] = 7
 stub code      [0x00007f88b42a8b87,0x00007f88b42a8b88] = 1
R12=0x0 is null
R13=0x00007f88ca281528 is pointing into the stack for thread: 0x00007f88c402b870
R14=0x00007f88ca2815f0 is pointing into the stack for thread: 0x00007f88c402b870
R15=0x00007f88c402b870 is a thread

Top of Stack: (sp=0x00007f88ca281500)
0x00007f88ca281500:   00007f88ca281510 00007f88b3bbc49d   ..(.............
0x00007f88ca281510:   00007f88ca2815a8 00007f88b3867438   ..(.....8t......
0x00007f88ca281520:   00007f88b3867438 000000041b843e00   8t.......>......
0x00007f88ca281530:   00007f88c4f32750 0000000000000000   P'..............
0x00007f88ca281540:   00007f88c4f36400 0000000000000000   .d..............
0x00007f88ca281550:   00007f885ccc5030 0000000000000000   0P.\............
0x00007f88ca281560:   fffffffffffffff7 00007f886d9e5654   ........TV.m....
0x00007f88ca281570:   0000000000000009 00007f886d9e5800   .........X.m....
0x00007f88ca281580:   0000000000000000 000000041b843d68   ........h=......
0x00007f88ca281590:   00007f886d9e5660 fffffffffffffff0   `V.m............
0x00007f88ca2815a0:   00007f88ca2815c0 00007f88ca281640   ..(.....@.(.....
0x00007f88ca2815b0:   00007f88b3867438 000000041b843e00   8t.......>......
0x00007f88ca2815c0:   00007f88c4f32750 0000000000000000   P'..............
0x00007f88ca2815d0:   00007f88c4f36400 0000000000000000   .d..............
0x00007f88ca2815e0:   00007f885ccc5030 0000000000000000   0P.\............
0x00007f88ca2815f0:   000000041b843ad8 fffffffffffffff7   .:..............
0x00007f88ca281600:   00007f886d9f5e9f 0000000000000009   .^.m............
0x00007f88ca281610:   00007f886d9f6068 0000000000000000   h`.m............
0x00007f88ca281620:   000000041b8c4940 00007f886d9f5eb0   @I.......^.m....
0x00007f88ca281630:   fffffffffffffff0 00007f88ca281650   ........P.(.....
0x00007f88ca281640:   00007f88ca2816d8 00007f88b3867438   ..(.....8t......
0x00007f88ca281650:   000000041b812d88 00007f88c4f32750   .-......P'......
0x00007f88ca281660:   0000000000000000 00007f88c4f36400   .........d......
0x00007f88ca281670:   0000000000000000 00007f885ccc5030   ........0P.\....
0x00007f88ca281680:   0000000000000000 000000041b843ad8   .........:......
0x00007f88ca281690:   fffffffffffffff7 00007f886d9e60a9   .........`.m....
0x00007f88ca2816a0:   000000000000000f 00007f886d9e6288   .........b.m....
0x00007f88ca2816b0:   0000000000000000 000000041b843a00   .........:......
0x00007f88ca2816c0:   00007f886d9e5f38 ffffffffffffffef   8_.m............
0x00007f88ca2816d0:   00007f88ca281730 00007f88ca2817a0   0.(.......(.....
0x00007f88ca2816e0:   00007f88b3867438 00000007ff5aabc8   8t........Z.....
0x00007f88ca2816f0:   00000007ff5a9940 00000007ff9a9860   @.Z.....`.......

Instructions: (pc=0x00007f885ccc5034)
  0x00007f885ccc4f34:   00 00 00 00 00 00 00 00 00 00 00 00 00 00 00 00
  0x00007f885ccc4f44:   00 00 00 00 00 00 00 00 00 00 00 00 00 00 00 00
  0x00007f885ccc4f54:   00 00 00 00 00 00 00 00 00 00 00 00 00 00 00 00
  0x00007f885ccc4f64:   00 00 00 00 00 00 00 00 00 00 00 00 00 00 00 00
  0x00007f885ccc4f74:   00 00 00 00 00 00 00 00 00 00 00 00 00 00 00 00
  0x00007f885ccc4f84:   00 00 00 00 00 00 00 00 00 00 00 00 00 00 00 00
  0x00007f885ccc4f94:   00 00 00 00 00 00 00 00 00 00 00 00 00 00 00 00
  0x00007f885ccc4fa4:   00 00 00 00 00 00 00 00 00 00 00 00 00 00 00 00
  0x00007f885ccc4fb4:   00 00 00 00 00 00 00 00 00 00 00 00 00 00 00 00
  0x00007f885ccc4fc4:   00 00 00 00 00 00 00 00 00 00 00 00 00 00 00 00
  0x00007f885ccc4fd4:   00 00 00 00 00 00 00 00 00 00 00 00 00 00 00 00
  0x00007f885ccc4fe4:   00 00 00 00 00 00 00 00 00 00 00 00 00 00 00 00
  0x00007f885ccc4ff4:   00 00 00 00 00 00 00 00 00 00 00 00 55 48 89 e5
  0x00007f885ccc5004:   8b 07 48 89 ec 5d c3 00 00 00 00 00 55 48 89 e5
  0x00007f885ccc5014:   c7 07 02 00 00 00 48 89 ec 5d c3 00 55 48 89 e5
  0x00007f885ccc5024:   8b 87 00 00 01 00 48 89 ec 5d c3 00 55 48 89 e5
=>0x00007f885ccc5034:   c7 87 00 00 01 00 03 00 00 00 48 89 ec 5d c3 00
  0x00007f885ccc5044:   00 00 00 00 00 00 00 00 00 00 00 00 55 48 89 e5
  0x00007f885ccc5054:   48 83 ec 10 4c 89 24 24 89 56 24 4c 8b 8e d0 00
  0x00007f885ccc5064:   00 00 49 89 f4 4c 89 e7 41 ff d1 4c 89 e6 4c 8b
  0x00007f885ccc5074:   8e e0 00 00 00 4c 8b 24 24 48 83 c4 10 48 89 ec
  0x00007f885ccc5084:   5d c3 00 00 00 00 00 00 00 00 00 00 55 48 89 e5
  0x00007f885ccc5094:   8b 86 d8 00 00 00 48 89 ec 5d c3 00 00 00 00 00
  0x00007f885ccc50a4:   00 00 00 00 00 00 00 00 00 00 00 00 00 00 00 00
  0x00007f885ccc50b4:   00 00 00 00 00 00 00 00 00 00 00 00 00 00 00 00
  0x00007f885ccc50c4:   00 00 00 00 00 00 00 00 00 00 00 00 00 00 00 00
  0x00007f885ccc50d4:   00 00 00 00 00 00 00 00 00 00 00 00 00 00 00 00
  0x00007f885ccc50e4:   00 00 00 00 00 00 00 00 00 00 00 00 00 00 00 00
  0x00007f885ccc50f4:   00 00 00 00 00 00 00 00 00 00 00 00 00 00 00 00
  0x00007f885ccc5104:   00 00 00 00 00 00 00 00 00 00 00 00 00 00 00 00
  0x00007f885ccc5114:   00 00 00 00 00 00 00 00 00 00 00 00 00 00 00 00
  0x00007f885ccc5124:   00 00 00 00 00 00 00 00 00 00 00 00 00 00 00 00


Stack slot to memory mapping:

stack at sp + 0 slots: 0x00007f88ca281510 is pointing into the stack for thread: 0x00007f88c402b870
stack at sp + 1 slots: 0x00007f88b3bbc49d is at code_begin+61 in 
[CodeBlob kind:6 (0x00007f88b3bbc408)]
Framesize: 2
Runtime Stub (0x00007f88b3bbc408): nep_invoker_blob
--------------------------------------------------------------------------------
Decoding CodeBlob, name: nep_invoker_blob, at  [0x00007f88b3bbc460, 0x00007f88b3bbc548]  232 bytes
[MachCode]
  0x00007f88b3bbc460: 5548 8bec | c5f8 7749 | 89af 9004 | 0000 49ba | 64c4 bbb3 | 887f 0000 | 4d89 9788 | 0400 0049 
  0x00007f88b3bbc480: 89a7 8004 | 0000 41c7 | 872c 0500 | 0004 0000 | 004c 8bd6 | 488b f148 | 8bfa 41ff | d2c5 f877 
  0x00007f88b3bbc4a0: 41c7 872c | 0500 0005 | 0000 00f0 | 8344 24c0 | 0049 3b6f | 280f 874d | 0000 0041 | 83bf 2805 
  0x00007f88b3bbc4c0: 0000 000f | 853f 0000 | 0041 c787 | 2c05 0000 | 0800 0000 | 4183 bfa8 | 0500 0002 | 0f84 4400 
  0x00007f88b3bbc4e0: 0000 49c7 | 8780 0400 | 0000 0000 | 0049 c787 | 9004 0000 | 0000 0000 | 49c7 8788 | 0400 0000 
  0x00007f88b3bbc500: 0000 00c5 | f877 c9c3 | 498b ffc5 | f877 4c8b | e448 83ec | 0048 83e4 | f0e8 5204 | 8815 498b 
  0x00007f88b3bbc520: e44d 33e4 | eba3 c5f8 | 774c 8be4 | 4883 ec00 | 4883 e4f0 | e8d7 15d9 | 1549 8be4 | 4d33 e4eb 
  0x00007f88b3bbc540: a1f4 f4f4 | f4f4 f4f4 
[/MachCode]
--------------------------------------------------------------------------------
stack at sp + 2 slots: 0x00007f88ca2815a8 is pointing into the stack for thread: 0x00007f88c402b870
stack at sp + 3 slots: 0x00007f88b3867438 is at code_begin+1272 in an Interpreter codelet
return entry points  [0x00007f88b3866f40, 0x00007f88b3867bb8]  3192 bytes
stack at sp + 4 slots: 0x00007f88b3867438 is at code_begin+1272 in an Interpreter codelet
return entry points  [0x00007f88b3866f40, 0x00007f88b3867bb8]  3192 bytes
stack at sp + 5 slots: 0x000000041b843e00 is an oop: jdk.internal.foreign.abi.NativeEntryPoint 
{0x000000041b843e00} - klass: 'jdk/internal/foreign/abi/NativeEntryPoint' - flags: 

 - ---- fields (total size 3 words):
 - private final 'methodType' 'Ljava/lang/invoke/MethodType;' @12  a 'java/lang/invoke/MethodType'{0x000000041b812d88} = (JJJ)V (0x837025b1)
 - private final 'downcallStubAddress' 'J' @16  140225107706976 (0x00007f88b3bbc460)
stack at sp + 6 slots: 0x00007f88c4f32750 points into unknown readable memory: 0x00007f88c4f36420 | 20 64 f3 c4 88 7f 00 00
stack at sp + 7 slots: 0x0 is null

Lock stack of current Java thread (top to bottom):

--------------------------------------------------------------------------------
Decoding CodeBlob, name: nep_invoker_blob, at  [0x00007f88b3bbc460, 0x00007f88b3bbc548]  232 bytes
[MachCode]
  0x00007f88b3bbc460: 5548 8bec | c5f8 7749 | 89af 9004 | 0000 49ba | 64c4 bbb3 | 887f 0000 | 4d89 9788 | 0400 0049 
  0x00007f88b3bbc480: 89a7 8004 | 0000 41c7 | 872c 0500 | 0004 0000 | 004c 8bd6 | 488b f148 | 8bfa 41ff | d2c5 f877 
  0x00007f88b3bbc4a0: 41c7 872c | 0500 0005 | 0000 00f0 | 8344 24c0 | 0049 3b6f | 280f 874d | 0000 0041 | 83bf 2805 
  0x00007f88b3bbc4c0: 0000 000f | 853f 0000 | 0041 c787 | 2c05 0000 | 0800 0000 | 4183 bfa8 | 0500 0002 | 0f84 4400 
  0x00007f88b3bbc4e0: 0000 49c7 | 8780 0400 | 0000 0000 | 0049 c787 | 9004 0000 | 0000 0000 | 49c7 8788 | 0400 0000 
  0x00007f88b3bbc500: 0000 00c5 | f877 c9c3 | 498b ffc5 | f877 4c8b | e448 83ec | 0048 83e4 | f0e8 5204 | 8815 498b 
  0x00007f88b3bbc520: e44d 33e4 | eba3 c5f8 | 774c 8be4 | 4883 ec00 | 4883 e4f0 | e8d7 15d9 | 1549 8be4 | 4d33 e4eb 
  0x00007f88b3bbc540: a1f4 f4f4 | f4f4 f4f4 
[/MachCode]
--------------------------------------------------------------------------------


Compiled method (c1) 20994 7667       3       java.lang.invoke.LambdaForm$MH/0x00000000811b5800::invoke (56 bytes)
 total in heap  [0x00007f88adcd2308,0x00007f88adcd30d0] = 3528
 main code      [0x00007f88adcd2400,0x00007f88adcd3040] = 3136
 stub code      [0x00007f88adcd3040,0x00007f88adcd30c8] = 136
 oops           [0x00007f88adcd30c8,0x00007f88adcd30d0] = 8
 mutable data [0x00007f8824f78be0,0x00007f8824f78ce8] = 264
 relocation     [0x00007f8824f78be0,0x00007f8824f78cc0] = 224
 metadata       [0x00007f8824f78cc0,0x00007f8824f78ce8] = 40
 immutable data [0x00007f8824f788c0,0x00007f8824f78bd0] = 784
 dependencies   [0x00007f8824f788c0,0x00007f8824f788d0] = 16
 nul chk table  [0x00007f8824f788d0,0x00007f8824f78908] = 56
 scopes pcs     [0x00007f8824f78908,0x00007f8824f78a88] = 384
 scopes data    [0x00007f8824f78a88,0x00007f8824f78bd0] = 328

[Constant Pool (empty)]

[MachCode]
[Verified Entry Point]
  # {method} {0x00007f886d9f3f60} 'invoke' '(Ljava/lang/Object;Ljava/lang/Object;Ljava/lang/Object;)Ljava/lang/Object;' in 'java/lang/invoke/LambdaForm$MH+0x00000000811b5800'
  # parm0:    rsi:rsi   = 'java/lang/Object'
  # parm1:    rdx:rdx   = 'java/lang/Object'
  # parm2:    rcx:rcx   = 'java/lang/Object'
  #           [sp+0xb0]  (sp of caller)
  0x00007f88adcd2400: 8984 2400 | c0fe ff55 | 4881 eca0 | 0000 0090 | 4181 7f20 | 0500 0000 

  0x00007f88adcd2418: ;   {runtime_call Stub::method_entry_barrier}
  0x00007f88adcd2418: 7405 e8a1 

  0x00007f88adcd241c: ;   {metadata(method data for {method} {0x00007f886d9f3f60} 'invoke' '(Ljava/lang/Object;Ljava/lang/Object;Ljava/lang/Object;)Ljava/lang/Object;' in 'java/lang/invoke/LambdaForm$MH+0x00000000811b5800')}
  0x00007f88adcd241c: 51bc 0548 | bf00 00eb | 6d88 7f00 | 0048 8dbf | f002 0000 | 4885 f675 | 0cf6 0701 | 7548 f048 
  0x00007f88adcd243c: 830f 01eb | 418b 5e08 | 41ba 0000 | 0080 4903 | da4c 8bd3 | 4833 1f48 | f7c3 fcff | ffff 7426 
  0x00007f88adcd245c: f6c3 0275 | 2148 f707 | feff ffff | 7415 498b | da48 331f | 48f7 c3fc | ffff ff74 | 0948 830f 
  0x00007f88adcd247c: 02eb 0348 | 891f 4885 | d275 0ef6 | 4710 0175 | 4ef0 4883 | 4f10 01eb | 468b 5a08 | 41ba 0000 
  0x00007f88adcd249c: 0080 4903 | da4c 8bd3 | 4833 5f10 | 48f7 c3fc | ffff ff74 | 2af6 c302 | 7525 48f7 | 4710 feff 
  0x00007f88adcd24bc: ffff 7417 | 498b da48 | 335f 1048 | f7c3 fcff | ffff 740b | 4883 4f10 | 02eb 0448 

  0x00007f88adcd24d8: ;   {metadata(method data for {method} {0x00007f886d9f3f60} 'invoke' '(Ljava/lang/Object;Ljava/lang/Object;Ljava/lang/Object;)Ljava/lang/Object;' in 'java/lang/invoke/LambdaForm$MH+0x00000000811b5800')}
  0x00007f88adcd24d8: 895f 1048 | bf00 00eb | 6d88 7f00 | 008b 9f90 | 0000 0083 | c302 899f | 9000 0000 | 81e3 fe07 
  0x00007f88adcd24f8: 0000 85db | 0f84 f109 | 0000 4889 | 5424 6048 | 8974 2458 

  0x00007f88adcd250c: ;   {metadata(method data for {method} {0x00007f886d9f3f60} 'invoke' '(Ljava/lang/Object;Ljava/lang/Object;Ljava/lang/Object;)Ljava/lang/Object;' in 'java/lang/invoke/LambdaForm$MH+0x00000000811b5800')}
  0x00007f88adcd250c: 48bf 0000 | eb6d 887f | 0000 488d | bfe8 0000 | 0048 85c9 | 750e f647 | 0801 754e | f048 834f 
  0x00007f88adcd252c: 0801 eb46 | 8b59 0841 | ba00 0000 | 8049 03da | 4c8b d348 | 335f 0848 | f7c3 fcff | ffff 742a 
  0x00007f88adcd254c: f6c3 0275 | 2548 f747 | 08fe ffff | ff74 1749 | 8bda 4833 | 5f08 48f7 | c3fc ffff | ff74 0b48 
  0x00007f88adcd256c: 834f 0802 | eb04 4889 

  0x00007f88adcd2574: ;   {metadata(method data for {method} {0x00007f886d9f3f60} 'invoke' '(Ljava/lang/Object;Ljava/lang/Object;Ljava/lang/Object;)Ljava/lang/Object;' in 'java/lang/invoke/LambdaForm$MH+0x00000000811b5800')}
  0x00007f88adcd2574: 5f08 48bf | 0000 eb6d | 887f 0000 | 4883 87d8 | 0000 0001 | 488b f1ba | 0200 0000 | 4889 4c24 
  0x00007f88adcd2594: ;   {static_call}
  0x00007f88adcd2594: 5066 90e8 

  0x00007f88adcd2598: ; ImmutableOopMap {[80]=Oop [88]=Oop [96]=Oop }
                      ;*invokestatic checkSpreadArgument {reexecute=0 rethrow=0 return_oop=0}
                      ; - java.lang.invoke.LambdaForm$MH/0x00000000811b5800::invoke@2
  0x00007f88adcd2598: e474 9d06 

  0x00007f88adcd259c: ;   {post_call_nop}
  0x00007f88adcd259c: 0f1f 8400 | 9402 0000 | 488b 4c24 | 5048 85c9 

  0x00007f88adcd25ac: ;   {metadata(method data for {method} {0x00007f886d9f3f60} 'invoke' '(Ljava/lang/Object;Ljava/lang/Object;Ljava/lang/Object;)Ljava/lang/Object;' in 'java/lang/invoke/LambdaForm$MH+0x00000000811b5800')}
  0x00007f88adcd25ac: 48bf 0000 | eb6d 887f | 0000 750c | 808f f900 | 0000 01e9 | a700 0000 | 8b59 0841 | ba00 0000 
  0x00007f88adcd25cc: 8049 03da | 483b 9f08 | 0100 0075 | 0d48 8387 | 1001 0000 | 01e9 6000 | 0000 483b | 9f18 0100 
  0x00007f88adcd25ec: 0075 0d48 | 8387 2001 | 0000 01e9 | 4a00 0000 | 4883 bf08 | 0100 0000 | 7517 4889 | 9f08 0100 
  0x00007f88adcd260c: 0048 c787 | 1001 0000 | 0100 0000 | e929 0000 | 0048 83bf | 1801 0000 | 0075 1748 | 899f 1801 
  0x00007f88adcd262c: 0000 48c7 | 8720 0100 | 0001 0000 | 00e9 0800 | 0000 4883 | 8700 0100 

  0x00007f88adcd2644: ;   {metadata('java/lang/Object'[])}
  0x00007f88adcd2644: 0001 48bb | e01f 1780 | 0000 0000 | 8b79 0841 | ba00 0000 | 8049 03fa | 483b 5f38 | 0f85 ae08 
  0x00007f88adcd2664: 0000 e900 | 0000 0048 | 8bd1 837a | 0c00 0f86 | af08 0000 | 8b7a 1048 | c1e7 0383 | 7a0c 010f 
  0x00007f88adcd2684: 86b0 0800 | 008b 5a14 | 48c1 e303 | 488b 7424 | 5848 85f6 

  0x00007f88adcd2698: ;   {metadata(method data for {method} {0x00007f886d9f3f60} 'invoke' '(Ljava/lang/Object;Ljava/lang/Object;Ljava/lang/Object;)Ljava/lang/Object;' in 'java/lang/invoke/LambdaForm$MH+0x00000000811b5800')}
  0x00007f88adcd2698: 48b8 0000 | eb6d 887f | 0000 750c | 8088 2901 | 0000 01e9 | a600 0000 | 8b4e 0841 | ba00 0000 
  0x00007f88adcd26b8: 8049 03ca | 483b 8838 | 0100 0075 | 0d48 8380 | 4001 0000 | 01e9 6000 | 0000 483b | 8848 0100 
  0x00007f88adcd26d8: 0075 0d48 | 8380 5001 | 0000 01e9 | 4a00 0000 | 4883 b838 | 0100 0000 | 7517 4889 | 8838 0100 
  0x00007f88adcd26f8: 0048 c780 | 4001 0000 | 0100 0000 | e929 0000 | 0048 83b8 | 4801 0000 | 0075 1748 | 8988 4801 
  0x00007f88adcd2718: 0000 48c7 | 8050 0100 | 0001 0000 | 00e9 0800 | 0000 4883 | 8030 0100 

  0x00007f88adcd2730: ;   {metadata('java/lang/invoke/BoundMethodHandle$Species_L')}
  0x00007f88adcd2730: 0001 48b9 | c0ac 3280 | 0000 0000 | 8b56 0841 | ba00 0000 | 8049 03d2 | 483b ca0f | 85fa 0700 
  0x00007f88adcd2750: 00e9 0000 | 0000 488b | d68b 5220 | 48c1 e203 | 488b 7424 | 6048 85f6 

  0x00007f88adcd2768: ;   {metadata(method data for {method} {0x00007f886d9f3f60} 'invoke' '(Ljava/lang/Object;Ljava/lang/Object;Ljava/lang/Object;)Ljava/lang/Object;' in 'java/lang/invoke/LambdaForm$MH+0x00000000811b5800')}
  0x00007f88adcd2768: 48b9 0000 | eb6d 887f | 0000 750c | 8089 5901 | 0000 01e9 | a800 0000 | 448b 4608 | 41ba 0000 
  0x00007f88adcd2788: 0080 4d03 | c24c 3b81 | 6801 0000 | 750d 4883 | 8170 0100 | 0001 e960 | 0000 004c | 3b81 7801 
  0x00007f88adcd27a8: 0000 750d | 4883 8180 | 0100 0001 | e94a 0000 | 0048 83b9 | 6801 0000 | 0075 174c | 8981 6801 
  0x00007f88adcd27c8: 0000 48c7 | 8170 0100 | 0001 0000 | 00e9 2900 | 0000 4883 | b978 0100 | 0000 7517 | 4c89 8178 
  0x00007f88adcd27e8: 0100 0048 | c781 8001 | 0000 0100 | 0000 e908 | 0000 0048 | 8381 6001 

  0x00007f88adcd2800: ;   {metadata('java/lang/invoke/MethodHandle')}
  0x00007f88adcd2800: 0000 0149 | b890 e51e | 8000 0000 | 008b 4e08 | 41ba 0000 | 0080 4903 | ca4c 3b41 | 380f 8536 
  0x00007f88adcd2820: 0700 00e9 | 0000 0000 | 488b c648 

  0x00007f88adcd282c: ;   {metadata(method data for {method} {0x00007f886d9f3f60} 'invoke' '(Ljava/lang/Object;Ljava/lang/Object;Ljava/lang/Object;)Ljava/lang/Object;' in 'java/lang/invoke/LambdaForm$MH+0x00000000811b5800')}
  0x00007f88adcd282c: 85d2 48be | 0000 eb6d | 887f 0000 | 750c 808e | 8901 0000 | 01e9 a700 | 0000 448b | 4208 41ba 
  0x00007f88adcd284c: 0000 0080 | 4d03 c24c | 3b86 9801 | 0000 750d | 4883 86a0 | 0100 0001 | e960 0000 | 004c 3b86 
  0x00007f88adcd286c: a801 0000 | 750d 4883 | 86b0 0100 | 0001 e94a | 0000 0048 | 83be 9801 | 0000 0075 | 174c 8986 
  0x00007f88adcd288c: 9801 0000 | 48c7 86a0 | 0100 0001 | 0000 00e9 | 2900 0000 | 4883 bea8 | 0100 0000 | 7517 4c89 
  0x00007f88adcd28ac: 86a8 0100 | 0048 c786 | b001 0000 | 0100 0000 | e908 0000 | 0048 8386 | 9001 0000 

  0x00007f88adcd28c8: ;   {metadata('java/lang/invoke/MethodType')}
  0x00007f88adcd28c8: 0149 b860 | f81e 8000 | 0000 008b | 4a08 41ba | 0000 0080 | 4903 ca4c | 3bc1 0f85 | 7a06 0000 
  0x00007f88adcd28e8: e900 0000 | 0048 8bca 

  0x00007f88adcd28f0: ;   {metadata(method data for {method} {0x00007f886d9f3f60} 'invoke' '(Ljava/lang/Object;Ljava/lang/Object;Ljava/lang/Object;)Ljava/lang/Object;' in 'java/lang/invoke/LambdaForm$MH+0x00000000811b5800')}
  0x00007f88adcd28f0: 48ba 0000 | eb6d 887f | 0000 488d | 92d0 0100 | 0048 85c0 | 750e f642 | 0801 754f | f048 834a 
  0x00007f88adcd2910: 0801 eb47 | 8b70 0841 | ba00 0000 | 8049 03f2 | 4c8b d648 | 3372 0848 | f7c6 fcff | ffff 742b 
  0x00007f88adcd2930: 40f6 c602 | 7525 48f7 | 4208 feff | ffff 7417 | 498b f248 | 3372 0848 | f7c6 fcff | ffff 740b 
  0x00007f88adcd2950: 4883 4a08 | 02eb 0448 | 8972 0848 | 85c9 750c | f642 1801 | 7506 f048 | 834a 1801 

  0x00007f88adcd296c: ;   {metadata(method data for {method} {0x00007f886d9f3f60} 'invoke' '(Ljava/lang/Object;Ljava/lang/Object;Ljava/lang/Object;)Ljava/lang/Object;' in 'java/lang/invoke/LambdaForm$MH+0x00000000811b5800')}
  0x00007f88adcd296c: 48ba 0000 | eb6d 887f | 0000 4883 | 82c0 0100 

  0x00007f88adcd297c: ;   {metadata(method data for {method} {0x0000000080470010} 'checkGenericType' '(Ljava/lang/invoke/MethodHandle;Ljava/lang/invoke/MethodType;)Ljava/lang/invoke/MethodHandle;' in 'java/lang/invoke/Invokers')}
  0x00007f88adcd297c: 0001 48ba | 906a b16d | 887f 0000 | 8bb2 9000 | 0000 83c6 | 0289 b290 | 0000 0081 | e6fe ff1f 
  0x00007f88adcd299c: 0085 f60f | 84c6 0500 | 0048 3b00 

  0x00007f88adcd29a8: ;   {metadata(method data for {method} {0x0000000080470010} 'checkGenericType' '(Ljava/lang/invoke/MethodHandle;Ljava/lang/invoke/MethodType;)Ljava/lang/invoke/MethodHandle;' in 'java/lang/invoke/Invokers')}
  0x00007f88adcd29a8: 488b d048 | be90 6ab1 | 6d88 7f00 | 008b 5208 | 41ba 0000 | 0080 4903 | d248 3b96 | e000 0000 
  0x00007f88adcd29c8: 750d 4883 | 86e8 0000 | 0001 e960 | 0000 0048 | 3b96 f000 | 0000 750d | 4883 86f8 | 0000 0001 
  0x00007f88adcd29e8: e94a 0000 | 0048 83be | e000 0000 | 0075 1748 | 8996 e000 | 0000 48c7 | 86e8 0000 | 0001 0000 
  0x00007f88adcd2a08: 00e9 2900 | 0000 4883 | bef0 0000 | 0000 7517 | 4889 96f0 | 0000 0048 | c786 f800 | 0000 0100 
  0x00007f88adcd2a28: 0000 e908 | 0000 0048 | 8386 d800 

  0x00007f88adcd2a34: ;   {metadata(method data for {method} {0x00000000804783e0} 'asType' '(Ljava/lang/invoke/MethodType;)Ljava/lang/invoke/MethodHandle;' in 'java/lang/invoke/MethodHandle')}
  0x00007f88adcd2a34: 0000 0148 | ba20 0d25 | 6c88 7f00 | 008b b290 | 0000 0083 | c602 89b2 | 9000 0000 | 81e6 feff 
  0x00007f88adcd2a54: 1f00 85f6 | 0f84 3305 | 0000 8b50 | 1048 c1e2 | 0348 3bca 

  0x00007f88adcd2a68: ;   {metadata(method data for {method} {0x00000000804783e0} 'asType' '(Ljava/lang/invoke/MethodType;)Ljava/lang/invoke/MethodHandle;' in 'java/lang/invoke/MethodHandle')}
  0x00007f88adcd2a68: 48ba 200d | 256c 887f | 0000 bee8 | 0000 0074 | 05be d800 | 0000 4c8b | 0432 4d8d | 4001 4c89 
  0x00007f88adcd2a88: 0432 4889 | 9c24 8000 | 0000 4889 | 7c24 780f | 8497 0000 | 0048 8bd0 

  0x00007f88adcd2aa0: ;   {metadata(method data for {method} {0x00000000804783e0} 'asType' '(Ljava/lang/invoke/MethodType;)Ljava/lang/invoke/MethodHandle;' in 'java/lang/invoke/MethodHandle')}
  0x00007f88adcd2aa0: 48be 200d | 256c 887f | 0000 4883 | 86f8 0000 | 0001 488b | d148 8bf0 | 4889 4c24 | 7048 8944 
  0x00007f88adcd2ac0: 2468 0f1f 

  0x00007f88adcd2ac4: ;   {optimized virtual_call}
  0x00007f88adcd2ac4: 4400 00e8 

  0x00007f88adcd2ac8: ; ImmutableOopMap {[104]=Oop [112]=Oop [120]=Oop [128]=Oop }
                      ;*invokevirtual asTypeCached {reexecute=0 rethrow=0 return_oop=0}
                      ; - java.lang.invoke.MethodHandle::asType@12 (line 869)
                      ; - java.lang.invoke.Invokers::checkGenericType@2 (line 541)
                      ; - java.lang.invoke.LambdaForm$MH/0x00000000811b5800::invoke@37
  0x00007f88adcd2ac8: 14b0 bd05 

  0x00007f88adcd2acc: ;   {post_call_nop}
  0x00007f88adcd2acc: 0f1f 8400 | c407 0001 

  0x00007f88adcd2ad4: ;   {metadata(method data for {method} {0x00000000804783e0} 'asType' '(Ljava/lang/invoke/MethodType;)Ljava/lang/invoke/MethodHandle;' in 'java/lang/invoke/MethodHandle')}
  0x00007f88adcd2ad4: 4885 c048 | ba20 0d25 | 6c88 7f00 | 00be 3801 | 0000 7505 | be28 0100 | 0048 8b3c | 3248 8d7f 
  0x00007f88adcd2af4: 0148 893c | 320f 8535 | 0000 0048 | 8b4c 2470 | 488b 4424 | 6848 8bd0 

  0x00007f88adcd2b0c: ;   {metadata(method data for {method} {0x00000000804783e0} 'asType' '(Ljava/lang/invoke/MethodType;)Ljava/lang/invoke/MethodHandle;' in 'java/lang/invoke/MethodHandle')}
  0x00007f88adcd2b0c: 48be 200d | 256c 887f | 0000 4883 | 8648 0100 | 0001 488b | d148 8bf0 

  0x00007f88adcd2b24: ;   {optimized virtual_call}
  0x00007f88adcd2b24: 6666 90e8 

  0x00007f88adcd2b28: ; ImmutableOopMap {[120]=Oop [128]=Oop }
                      ;*invokevirtual setAsTypeCache {reexecute=0 rethrow=0 return_oop=0}
                      ; - java.lang.invoke.MethodHandle::asType@24 (line 873)
                      ; - java.lang.invoke.Invokers::checkGenericType@2 (line 541)
                      ; - java.lang.invoke.LambdaForm$MH/0x00000000811b5800::invoke@37
  0x00007f88adcd2b28: b4af bd05 

  0x00007f88adcd2b2c: ;   {post_call_nop}
  0x00007f88adcd2b2c: 0f1f 8400 | 2408 0002 

  0x00007f88adcd2b34: ;   {metadata(method data for {method} {0x00007f886d9f3f60} 'invoke' '(Ljava/lang/Object;Ljava/lang/Object;Ljava/lang/Object;)Ljava/lang/Object;' in 'java/lang/invoke/LambdaForm$MH+0x00000000811b5800')}
  0x00007f88adcd2b34: 48be 0000 | eb6d 887f | 0000 488d | b6f0 0100 | 0048 85c0 | 750c f606 | 0175 49f0 | 4883 0e01 
  0x00007f88adcd2b54: eb42 8b78 | 0841 ba00 | 0000 8049 | 03fa 4c8b | d748 333e | 48f7 c7fc | ffff ff74 | 2740 f6c7 
  0x00007f88adcd2b74: 0275 2148 | f706 feff | ffff 7415 | 498b fa48 | 333e 48f7 | c7fc ffff | ff74 0948 | 830e 02eb 
  0x00007f88adcd2b94: 0348 893e 

  0x00007f88adcd2b98: ;   {metadata(method data for {method} {0x00007f886d9f3f60} 'invoke' '(Ljava/lang/Object;Ljava/lang/Object;Ljava/lang/Object;)Ljava/lang/Object;' in 'java/lang/invoke/LambdaForm$MH+0x00000000811b5800')}
  0x00007f88adcd2b98: 48be 0000 | eb6d 887f | 0000 488d | b610 0200 | 0048 85c0 | 750e f646 | 0801 754f | f048 834e 
  0x00007f88adcd2bb8: 0801 eb47 | 8b78 0841 | ba00 0000 | 8049 03fa | 4c8b d748 | 337e 0848 | f7c7 fcff | ffff 742b 
  0x00007f88adcd2bd8: 40f6 c702 | 7525 48f7 | 4608 feff | ffff 7417 | 498b fa48 | 337e 0848 | f7c7 fcff | ffff 740b 
  0x00007f88adcd2bf8: 4883 4e08 | 02eb 0448 

  0x00007f88adcd2c00: ;   {metadata(method data for {method} {0x00007f886d9f3f60} 'invoke' '(Ljava/lang/Object;Ljava/lang/Object;Ljava/lang/Object;)Ljava/lang/Object;' in 'java/lang/invoke/LambdaForm$MH+0x00000000811b5800')}
  0x00007f88adcd2c00: 897e 0848 | be00 00eb | 6d88 7f00 | 0048 8386 | 0002 0000 

  0x00007f88adcd2c14: ;   {metadata(method data for {method} {0x000000008046ff60} 'checkCustomized' '(Ljava/lang/invoke/MethodHandle;)V' in 'java/lang/invoke/Invokers')}
  0x00007f88adcd2c14: 0148 bec8 | 562a 6c88 | 7f00 008b | be90 0000 | 0083 c702 | 89be 9000 | 0000 81e7 | feff 1f00 
  0x00007f88adcd2c34: 85ff 0f84 | 7603 0000 

  0x00007f88adcd2c3c: ;   {metadata(method data for {method} {0x000000008046ff60} 'checkCustomized' '(Ljava/lang/invoke/MethodHandle;)V' in 'java/lang/invoke/Invokers')}
  0x00007f88adcd2c3c: 48be c856 | 2a6c 887f | 0000 4883 | 86d8 0000 

  0x00007f88adcd2c4c: ;   {metadata(method data for {method} {0x00000000801f59a8} 'isCompileConstant' '(Ljava/lang/Object;)Z' in 'java/lang/invoke/MethodHandleImpl')}
  0x00007f88adcd2c4c: 0001 48be | a059 2a6c | 887f 0000 | 8bbe 9000 | 0000 83c7 | 0289 be90 | 0000 0081 | e7fe ff1f 
  0x00007f88adcd2c6c: 0085 ff0f | 845e 0300 

  0x00007f88adcd2c74: ;   {metadata(method data for {method} {0x000000008046ff60} 'checkCustomized' '(Ljava/lang/invoke/MethodHandle;)V' in 'java/lang/invoke/Invokers')}
  0x00007f88adcd2c74: 0048 bec8 | 562a 6c88 | 7f00 00ff | 86e8 0000 | 008b 7014 | 48c1 e603 

  0x00007f88adcd2c8c: ; implicit exception: dispatches to 0x00007f88adcd2ff9
  0x00007f88adcd2c8c: 8b76 1c48 | c1e6 0348 

  0x00007f88adcd2c94: ;   {metadata(method data for {method} {0x000000008046ff60} 'checkCustomized' '(Ljava/lang/invoke/MethodHandle;)V' in 'java/lang/invoke/Invokers')}
  0x00007f88adcd2c94: 85f6 48be | c856 2a6c | 887f 0000 | bf18 0100 | 0074 05bf | 0801 0000 | 488b 1c3e | 488d 5b01 
  0x00007f88adcd2cb4: 4889 1c3e | 0f84 0d00 | 0000 4889 | 8424 8800 | 0000 e931 

  0x00007f88adcd2cc8: ;   {metadata(method data for {method} {0x000000008046ff60} 'checkCustomized' '(Ljava/lang/invoke/MethodHandle;)V' in 'java/lang/invoke/Invokers')}
  0x00007f88adcd2cc8: 0000 0048 | bec8 562a | 6c88 7f00 | 0048 8386 | 2801 0000 | 0148 8bf0 | 4889 8424 | 8800 0000 
  0x00007f88adcd2ce8: 0f1f 8000 

  0x00007f88adcd2cec: ;   {static_call}
  0x00007f88adcd2cec: 0000 00e8 

  0x00007f88adcd2cf0: ; ImmutableOopMap {[120]=Oop [128]=Oop [136]=Oop }
                      ;*invokestatic maybeCustomize {reexecute=0 rethrow=0 return_oop=0}
                      ; - java.lang.invoke.Invokers::checkCustomized@19 (line 626)
                      ; - java.lang.invoke.LambdaForm$MH/0x00000000811b5800::invoke@44
  0x00007f88adcd2cf0: 8cad 8306 

  0x00007f88adcd2cf4: ;   {post_call_nop}
  0x00007f88adcd2cf4: 0f1f 8400 | ec09 0003 | 488b 8424 | 8800 0000 | 488b 9c24 | 8000 0000 | 488b 7c24 

  0x00007f88adcd2d10: ;   {metadata(method data for {method} {0x00007f886d9f3f60} 'invoke' '(Ljava/lang/Object;Ljava/lang/Object;Ljava/lang/Object;)Ljava/lang/Object;' in 'java/lang/invoke/LambdaForm$MH+0x00000000811b5800')}
  0x00007f88adcd2d10: 7848 ba00 | 00eb 6d88 | 7f00 0048 | 8d92 5802 | 0000 4885 | ff75 0ef6 | 4208 0175 | 4ef0 4883 
  0x00007f88adcd2d30: 4a08 01eb | 468b 4f08 | 41ba 0000 | 0080 4903 | ca4c 8bd1 | 4833 4a08 | 48f7 c1fc | ffff ff74 
  0x00007f88adcd2d50: 2af6 c102 | 7525 48f7 | 4208 feff | ffff 7417 | 498b ca48 | 334a 0848 | f7c1 fcff | ffff 740b 
  0x00007f88adcd2d70: 4883 4a08 | 02eb 0448 | 894a 0848 | 85db 750e | f642 1801 | 754e f048 | 834a 1801 | eb46 8b4b 
  0x00007f88adcd2d90: 0841 ba00 | 0000 8049 | 03ca 4c8b | d148 334a | 1848 f7c1 | fcff ffff | 742a f6c1 | 0275 2548 
  0x00007f88adcd2db0: f742 18fe | ffff ff74 | 1749 8bca | 4833 4a18 | 48f7 c1fc | ffff ff74 | 0b48 834a | 1802 eb04 
  0x00007f88adcd2dd0: 4889 4a18 

  0x00007f88adcd2dd4: ;   {metadata(method data for {method} {0x00007f886d9f3f60} 'invoke' '(Ljava/lang/Object;Ljava/lang/Object;Ljava/lang/Object;)Ljava/lang/Object;' in 'java/lang/invoke/LambdaForm$MH+0x00000000811b5800')}
  0x00007f88adcd2dd4: 488b d048 | b900 00eb | 6d88 7f00 | 008b 5208 | 41ba 0000 | 0080 4903 | d248 3b91 | 3002 0000 
  0x00007f88adcd2df4: 750d 4883 | 8138 0200 | 0001 e960 | 0000 0048 | 3b91 4002 | 0000 750d | 4883 8148 | 0200 0001 
  0x00007f88adcd2e14: e94a 0000 | 0048 83b9 | 3002 0000 | 0075 1748 | 8991 3002 | 0000 48c7 | 8138 0200 | 0001 0000 
  0x00007f88adcd2e34: 00e9 2900 | 0000 4883 | b940 0200 | 0000 7517 | 4889 9140 | 0200 0048 | c781 4802 | 0000 0100 
  0x00007f88adcd2e54: 0000 e908 | 0000 0048 | 8381 2802 | 0000 0148 | 8bd7 488b | cb48 8bf0 

  0x00007f88adcd2e6c: ;   {optimized virtual_call}
  0x00007f88adcd2e6c: 6666 90e8 

  0x00007f88adcd2e70: ; ImmutableOopMap {}
                      ;*invokevirtual invokeBasic {reexecute=0 rethrow=0 return_oop=0}
                      ; - java.lang.invoke.LambdaForm$MH/0x00000000811b5800::invoke@52
  0x00007f88adcd2e70: 0c74 2e06 

  0x00007f88adcd2e74: ;   {post_call_nop}
  0x00007f88adcd2e74: 0f1f 8400 | 6c0b 0004 

  0x00007f88adcd2e7c: ;   {metadata(method data for {method} {0x00007f886d9f3f60} 'invoke' '(Ljava/lang/Object;Ljava/lang/Object;Ljava/lang/Object;)Ljava/lang/Object;' in 'java/lang/invoke/LambdaForm$MH+0x00000000811b5800')}
  0x00007f88adcd2e7c: 48be 0000 | eb6d 887f | 0000 488d | b678 0200 | 0048 85c0 | 750c f606 | 0175 49f0 | 4883 0e01 
  0x00007f88adcd2e9c: eb42 8b78 | 0841 ba00 | 0000 8049 | 03fa 4c8b | d748 333e | 48f7 c7fc | ffff ff74 | 2740 f6c7 
  0x00007f88adcd2ebc: 0275 2148 | f706 feff | ffff 7415 | 498b fa48 | 333e 48f7 | c7fc ffff | ff74 0948 | 830e 02eb 
  0x00007f88adcd2edc: 0348 893e | 4881 c4a0 | 0000 005d 

  0x00007f88adcd2ee8: ;   {poll_return}
  0x00007f88adcd2ee8: 493b 6728 | 0f87 0c01 

  0x00007f88adcd2ef0: ;   {metadata({method} {0x00007f886d9f3f60} 'invoke' '(Ljava/lang/Object;Ljava/lang/Object;Ljava/lang/Object;)Ljava/lang/Object;' in 'java/lang/invoke/LambdaForm$MH+0x00000000811b5800')}
  0x00007f88adcd2ef0: 0000 c349 | ba60 3f9f | 6d88 7f00 | 004c 8954 | 2408 48c7 | 0424 ffff 

  0x00007f88adcd2f08: ;   {runtime_call C1 Runtime counter_overflow_blob}
  0x00007f88adcd2f08: ffff e851 

  0x00007f88adcd2f0c: ; ImmutableOopMap {rsi=Oop rdx=Oop rcx=Oop }
                      ;*synchronization entry
                      ; - java.lang.invoke.LambdaForm$MH/0x00000000811b5800::invoke@-1
  0x00007f88adcd2f0c: b3cb 05e9 | eef5 ffff | 4889 0c24 

  0x00007f88adcd2f18: ;   {runtime_call C1 Runtime throw_class_cast_exception_blob}
  0x00007f88adcd2f18: e8c3 70cb 

  0x00007f88adcd2f1c: ; ImmutableOopMap {[88]=Oop [96]=Oop }
                      ;*checkcast {reexecute=0 rethrow=0 return_oop=0}
                      ; - java.lang.invoke.LambdaForm$MH/0x00000000811b5800::invoke@6
                      ;   {runtime_call C1 Runtime throw_null_pointer_exception_blob}
  0x00007f88adcd2f1c: 05e8 3e38 

  0x00007f88adcd2f20: ; ImmutableOopMap {rdx=Oop [88]=Oop [96]=Oop }
                      ;*aaload {reexecute=0 rethrow=0 return_oop=0}
                      ; - java.lang.invoke.LambdaForm$MH/0x00000000811b5800::invoke@12
                      ;   {runtime_call C1 Runtime throw_null_pointer_exception_blob}
  0x00007f88adcd2f20: cb05 e839 

  0x00007f88adcd2f24: ; ImmutableOopMap {rdx=Oop [88]=Oop [96]=Oop }
                      ;*aaload {reexecute=0 rethrow=0 return_oop=0}
                      ; - java.lang.invoke.LambdaForm$MH/0x00000000811b5800::invoke@12
  0x00007f88adcd2f24: 38cb 0548 | c704 2400 | 0000 0048 | 8954 2408 

  0x00007f88adcd2f34: ;   {runtime_call C1 Runtime throw_range_check_failed_blob}
  0x00007f88adcd2f34: e8a7 29cb 

  0x00007f88adcd2f38: ; ImmutableOopMap {rdx=Oop [88]=Oop [96]=Oop }
                      ;*aaload {reexecute=0 rethrow=0 return_oop=0}
                      ; - java.lang.invoke.LambdaForm$MH/0x00000000811b5800::invoke@12
  0x00007f88adcd2f38: 0548 c704 | 2401 0000 | 0048 8954 

  0x00007f88adcd2f44: ;   {runtime_call C1 Runtime throw_range_check_failed_blob}
  0x00007f88adcd2f44: 2408 e895 

  0x00007f88adcd2f48: ; ImmutableOopMap {rdx=Oop rdi=Oop [88]=Oop [96]=Oop }
                      ;*aaload {reexecute=0 rethrow=0 return_oop=0}
                      ; - java.lang.invoke.LambdaForm$MH/0x00000000811b5800::invoke@16
  0x00007f88adcd2f48: 29cb 0548 

  0x00007f88adcd2f4c: ;   {runtime_call C1 Runtime throw_class_cast_exception_blob}
  0x00007f88adcd2f4c: 8934 24e8 

  0x00007f88adcd2f50: ; ImmutableOopMap {rdi=Oop rbx=Oop [96]=Oop }
                      ;*checkcast {reexecute=0 rethrow=0 return_oop=0}
                      ; - java.lang.invoke.LambdaForm$MH/0x00000000811b5800::invoke@20
  0x00007f88adcd2f50: 8c70 cb05 

  0x00007f88adcd2f54: ;   {runtime_call C1 Runtime throw_null_pointer_exception_blob}
  0x00007f88adcd2f54: e807 38cb 

  0x00007f88adcd2f58: ; ImmutableOopMap {rdi=Oop rbx=Oop [96]=Oop }
                      ;*getfield argL0 {reexecute=1 rethrow=0 return_oop=0}
                      ; - (reexecute) java.lang.invoke.LambdaForm$MH/0x00000000811b5800::invoke@23
  0x00007f88adcd2f58: 0548 8934 

  0x00007f88adcd2f5c: ;   {runtime_call C1 Runtime throw_class_cast_exception_blob}
  0x00007f88adcd2f5c: 24e8 7e70 

  0x00007f88adcd2f60: ; ImmutableOopMap {rdi=Oop rbx=Oop rdx=Oop }
                      ;*checkcast {reexecute=0 rethrow=0 return_oop=0}
                      ; - java.lang.invoke.LambdaForm$MH/0x00000000811b5800::invoke@29
  0x00007f88adcd2f60: cb05 4889 

  0x00007f88adcd2f64: ;   {runtime_call C1 Runtime throw_class_cast_exception_blob}
  0x00007f88adcd2f64: 1424 e875 

  0x00007f88adcd2f68: ; ImmutableOopMap {rdi=Oop rbx=Oop rax=Oop }
                      ;*checkcast {reexecute=0 rethrow=0 return_oop=0}
                      ; - java.lang.invoke.LambdaForm$MH/0x00000000811b5800::invoke@34
                      ;   {metadata({method} {0x0000000080470010} 'checkGenericType' '(Ljava/lang/invoke/MethodHandle;Ljava/lang/invoke/MethodType;)Ljava/lang/invoke/MethodHandle;' in 'java/lang/invoke/Invokers')}
  0x00007f88adcd2f68: 70cb 0549 | ba10 0047 | 8000 0000 | 004c 8954 | 2408 48c7 | 0424 ffff 

  0x00007f88adcd2f80: ;   {runtime_call C1 Runtime counter_overflow_blob}
  0x00007f88adcd2f80: ffff e8d9 

  0x00007f88adcd2f84: ; ImmutableOopMap {rdi=Oop rbx=Oop rax=Oop rcx=Oop }
                      ;*synchronization entry
                      ; - java.lang.invoke.Invokers::checkGenericType@-1 (line 541)
                      ; - java.lang.invoke.LambdaForm$MH/0x00000000811b5800::invoke@37
  0x00007f88adcd2f84: b2cb 05e9 | 19fa ffff 

  0x00007f88adcd2f8c: ;   {runtime_call C1 Runtime throw_null_pointer_exception_blob}
  0x00007f88adcd2f8c: e8cf 37cb 

  0x00007f88adcd2f90: ; ImmutableOopMap {rdi=Oop rbx=Oop rax=Oop rcx=Oop }
                      ;*invokevirtual asType {reexecute=0 rethrow=0 return_oop=0}
                      ; - java.lang.invoke.Invokers::checkGenericType@2 (line 541)
                      ; - java.lang.invoke.LambdaForm$MH/0x00000000811b5800::invoke@37
                      ;   {metadata({method} {0x00000000804783e0} 'asType' '(Ljava/lang/invoke/MethodType;)Ljava/lang/invoke/MethodHandle;' in 'java/lang/invoke/MethodHandle')}
  0x00007f88adcd2f90: 0549 bae0 | 8347 8000 | 0000 004c | 8954 2408 | 48c7 0424 | ffff ffff 

  0x00007f88adcd2fa8: ;   {runtime_call C1 Runtime counter_overflow_blob}
  0x00007f88adcd2fa8: e8b3 b2cb 

  0x00007f88adcd2fac: ; ImmutableOopMap {rdi=Oop rbx=Oop rax=Oop rcx=Oop }
                      ;*synchronization entry
                      ; - java.lang.invoke.MethodHandle::asType@-1 (line 865)
                      ; - java.lang.invoke.Invokers::checkGenericType@2 (line 541)
                      ; - java.lang.invoke.LambdaForm$MH/0x00000000811b5800::invoke@37
  0x00007f88adcd2fac: 05e9 acfa 

  0x00007f88adcd2fb0: ;   {metadata({method} {0x000000008046ff60} 'checkCustomized' '(Ljava/lang/invoke/MethodHandle;)V' in 'java/lang/invoke/Invokers')}
  0x00007f88adcd2fb0: ffff 49ba | 60ff 4680 | 0000 0000 | 4c89 5424 | 0848 c704 | 24ff ffff 

  0x00007f88adcd2fc8: ;   {runtime_call C1 Runtime counter_overflow_blob}
  0x00007f88adcd2fc8: ffe8 92b2 

  0x00007f88adcd2fcc: ; ImmutableOopMap {rax=Oop [120]=Oop [128]=Oop }
                      ;*synchronization entry
                      ; - java.lang.invoke.Invokers::checkCustomized@-1 (line 622)
                      ; - java.lang.invoke.LambdaForm$MH/0x00000000811b5800::invoke@44
  0x00007f88adcd2fcc: cb05 e969 

  0x00007f88adcd2fd0: ;   {metadata({method} {0x00000000801f59a8} 'isCompileConstant' '(Ljava/lang/Object;)Z' in 'java/lang/invoke/MethodHandleImpl')}
  0x00007f88adcd2fd0: fcff ff49 | baa8 591f | 8000 0000 | 004c 8954 | 2408 48c7 | 0424 ffff 

  0x00007f88adcd2fe8: ;   {runtime_call C1 Runtime counter_overflow_blob}
  0x00007f88adcd2fe8: ffff e871 

  0x00007f88adcd2fec: ; ImmutableOopMap {rax=Oop [120]=Oop [128]=Oop }
                      ;*synchronization entry
                      ; - java.lang.invoke.MethodHandleImpl::isCompileConstant@-1 (line 625)
                      ; - java.lang.invoke.Invokers::checkCustomized@1 (line 622)
                      ; - java.lang.invoke.LambdaForm$MH/0x00000000811b5800::invoke@44
  0x00007f88adcd2fec: b2cb 05e9 | 81fc ffff 

  0x00007f88adcd2ff4: ;   {runtime_call C1 Runtime throw_null_pointer_exception_blob}
  0x00007f88adcd2ff4: e867 37cb 

  0x00007f88adcd2ff8: ; ImmutableOopMap {rax=Oop [120]=Oop [128]=Oop }
                      ;*getfield form {reexecute=1 rethrow=0 return_oop=0}
                      ; - (reexecute) java.lang.invoke.Invokers::checkCustomized@9 (line 625)
                      ; - java.lang.invoke.LambdaForm$MH/0x00000000811b5800::invoke@44
                      ;   {runtime_call C1 Runtime throw_null_pointer_exception_blob}
  0x00007f88adcd2ff8: 05e8 6237 

  0x00007f88adcd2ffc: ; ImmutableOopMap {rax=Oop [120]=Oop [128]=Oop }
                      ;*getfield customized {reexecute=1 rethrow=0 return_oop=0}
                      ; - (reexecute) java.lang.invoke.Invokers::checkCustomized@12 (line 625)
                      ; - java.lang.invoke.LambdaForm$MH/0x00000000811b5800::invoke@44
                      ;   {internal_word}
  0x00007f88adcd2ffc: cb05 49ba | e82e cdad | 887f 0000 | 4d89 9738 

  0x00007f88adcd300c: ;   {runtime_call SafepointBlob}
  0x00007f88adcd300c: 0500 00e9 | 4cdb bd05 | 498b 87e0 | 0500 0049 | c787 e005 | 0000 0000 | 0000 49c7 | 87e8 0500 
  0x00007f88adcd302c: 0000 0000 | 0048 81c4 | a000 0000 

  0x00007f88adcd3038: ;   {runtime_call C1 Runtime unwind_exception_blob}
  0x00007f88adcd3038: 5de9 a222 | cb05 f4f4 
[Stub Code]
  0x00007f88adcd3040: ;   {static_stub}
  0x00007f88adcd3040: 48bb 0000 | 0000 0000 

  0x00007f88adcd3048: ;   {runtime_call nmethod}
  0x00007f88adcd3048: 0000 e9fb 

  0x00007f88adcd304c: ;   {static_stub}
  0x00007f88adcd304c: ffff ff48 | bb00 0000 | 0000 0000 

  0x00007f88adcd3058: ;   {runtime_call nmethod}
  0x00007f88adcd3058: 00e9 fbff 

  0x00007f88adcd305c: ;   {static_stub}
  0x00007f88adcd305c: ffff 48bb | 0000 0000 | 0000 0000 

  0x00007f88adcd3068: ;   {runtime_call nmethod}
  0x00007f88adcd3068: e9fb ffff 

  0x00007f88adcd306c: ;   {static_stub}
  0x00007f88adcd306c: ff48 bb00 | 0000 0000 

  0x00007f88adcd3074: ;   {runtime_call nmethod}
  0x00007f88adcd3074: 0000 00e9 | fbff ffff 

  0x00007f88adcd307c: ;   {static_stub}
  0x00007f88adcd307c: 48bb 0000 | 0000 0000 

  0x00007f88adcd3084: ;   {runtime_call nmethod}
  0x00007f88adcd3084: 0000 e9fb 

  0x00007f88adcd3088: ;   {runtime_call C1 Runtime handle_exception_from_callee_blob}
  0x00007f88adcd3088: ffff ffe8 | d063 cb05 

  0x00007f88adcd3090: ;   {external_word}
  0x00007f88adcd3090: 48bf 28c7 | cec9 887f | 0000 4883 

  0x00007f88adcd309c: ;   {runtime_call MacroAssembler::debug64(char*, long, long*)}
  0x00007f88adcd309c: e4f0 e89d | 5da7 1bf4 
[Deopt Handler Code]
  0x00007f88adcd30a4: ;   {section_word}
  0x00007f88adcd30a4: 49ba a430 | cdad 887f | 0000 4152 

  0x00007f88adcd30b0: ;   {runtime_call DeoptimizationBlob}
  0x00007f88adcd30b0: e92b c2bd 

  0x00007f88adcd30b4: ;   {section_word}
  0x00007f88adcd30b4: 0549 bab5 | 30cd ad88 | 7f00 0041 

  0x00007f88adcd30c0: ;   {runtime_call DeoptimizationBlob}
  0x00007f88adcd30c0: 52e9 1ac2 | bd05 f4f4 
[/MachCode]


Compiled method (c1) 21012 9071       3       java.lang.invoke.MethodHandle::invokeWithArguments (32 bytes)
 total in heap  [0x00007f88ac608888,0x00007f88ac6092e8] = 2656
 main code      [0x00007f88ac608980,0x00007f88ac609228] = 2216
 stub code      [0x00007f88ac609228,0x00007f88ac6092e0] = 184
 oops           [0x00007f88ac6092e0,0x00007f88ac6092e8] = 8
 mutable data [0x00007f8820d72fe0,0x00007f8820d73140] = 352
 relocation     [0x00007f8820d72fe0,0x00007f8820d730f0] = 272
 metadata       [0x00007f8820d730f0,0x00007f8820d73140] = 80
 immutable data [0x00007f8820d72ce0,0x00007f8820d72fd8] = 760
 dependencies   [0x00007f8820d72ce0,0x00007f8820d72cf8] = 24
 nul chk table  [0x00007f8820d72cf8,0x00007f8820d72d30] = 56
 scopes pcs     [0x00007f8820d72d30,0x00007f8820d72ea0] = 368
 scopes data    [0x00007f8820d72ea0,0x00007f8820d72fd8] = 312

[Constant Pool (empty)]

[MachCode]
[Instructions begin]
  0x00007f88ac608980: 6666 660f | 1f84 0000 | 0000 0066 | 6666 9066 | 6690 448b | 5608 443b 

  0x00007f88ac608998: ;   {runtime_call Shared Runtime ic_miss_blob}
  0x00007f88ac608998: 5008 0f85 | 404c 2a07 
[Verified Entry Point]
  0x00007f88ac6089a0: 8984 2400 | c0fe ff55 | 4881 eca0 | 0000 0090 | 4181 7f20 | 0500 0000 

  0x00007f88ac6089b8: ;   {runtime_call Stub::method_entry_barrier}
  0x00007f88ac6089b8: 7405 e801 | ec28 0748 | 8974 2468 | 4889 5424 

  0x00007f88ac6089c8: ;   {metadata(method data for {method} {0x00000000801eedc0} 'invokeWithArguments' '([Ljava/lang/Object;)Ljava/lang/Object;' in 'java/lang/invoke/MethodHandle')}
  0x00007f88ac6089c8: 7048 bf30 | d7b4 6d88 | 7f00 008b | 9f90 0000 | 0083 c302 | 899f 9000 | 0000 81e3 | fe07 0000 
  0x00007f88ac6089e8: 85db 0f84 | ec06 0000 

  0x00007f88ac6089f0: ;   {metadata(method data for {method} {0x00000000801eedc0} 'invokeWithArguments' '([Ljava/lang/Object;)Ljava/lang/Object;' in 'java/lang/invoke/MethodHandle')}
  0x00007f88ac6089f0: 4885 d248 | bf30 d7b4 | 6d88 7f00 | 00bb d800 | 0000 7505 | bbe8 0000 | 0048 8b04 | 1f48 8d40 
  0x00007f88ac608a10: 0148 8904 | 1f0f 851a 

  0x00007f88ac608a18: ;   {metadata(method data for {method} {0x00000000801eedc0} 'invokeWithArguments' '([Ljava/lang/Object;)Ljava/lang/Object;' in 'java/lang/invoke/MethodHandle')}
  0x00007f88ac608a18: 0000 0048 | bf30 d7b4 | 6d88 7f00 | 00ff 87f8 | 0000 00bf | 0000 0000 | e903 0000 | 008b 7a0c 
  0x00007f88ac608a38: ;   {metadata(method data for {method} {0x00000000801eedc0} 'invokeWithArguments' '([Ljava/lang/Object;)Ljava/lang/Object;' in 'java/lang/invoke/MethodHandle')}
  0x00007f88ac608a38: 48bb 30d7 | b46d 887f | 0000 4883 | 8310 0100 

  0x00007f88ac608a48: ;   {metadata(method data for {method} {0x00000000804775b8} 'genericMethodType' '(I)Ljava/lang/invoke/MethodType;' in 'java/lang/invoke/MethodType')}
  0x00007f88ac608a48: 0001 48bb | a065 0f6d | 887f 0000 | 8b83 9000 | 0000 83c0 | 0289 8390 | 0000 0025 | feff 1f00 
  0x00007f88ac608a68: 85c0 0f84 | 9206 0000 

  0x00007f88ac608a70: ;   {metadata(method data for {method} {0x00000000804775b8} 'genericMethodType' '(I)Ljava/lang/invoke/MethodType;' in 'java/lang/invoke/MethodType')}
  0x00007f88ac608a70: 48bb a065 | 0f6d 887f | 0000 4883 | 83d8 0000 | 0001 488b | f7ba 0000 | 0000 0f1f 

  0x00007f88ac608a8c: ;   {static_call}
  0x00007f88ac608a8c: 4400 00e8 

  0x00007f88ac608a90: ; ImmutableOopMap {[104]=Oop [112]=Oop }
                      ;*invokestatic genericMethodType {reexecute=0 rethrow=0 return_oop=0}
                      ; - java.lang.invoke.MethodType::genericMethodType@2 (line 455)
                      ; - java.lang.invoke.MethodHandle::invokeWithArguments@10 (line 734)
  0x00007f88ac608a90: 6c5b ec07 

  0x00007f88ac608a94: ;   {post_call_nop}
  0x00007f88ac608a94: 0f1f 8400 | 0c02 0000 | 4889 4424 | 7848 3b00 

  0x00007f88ac608aa4: ;   {metadata(method data for {method} {0x00000000801eedc0} 'invokeWithArguments' '([Ljava/lang/Object;)Ljava/lang/Object;' in 'java/lang/invoke/MethodHandle')}
  0x00007f88ac608aa4: 488b f048 | bf30 d7b4 | 6d88 7f00 | 008b 7608 | 41ba 0000 | 0080 4903 | f248 3bb7 | 2801 0000 
  0x00007f88ac608ac4: 750d 4883 | 8730 0100 | 0001 e960 | 0000 0048 | 3bb7 3801 | 0000 750d | 4883 8740 | 0100 0001 
  0x00007f88ac608ae4: e94a 0000 | 0048 83bf | 2801 0000 | 0075 1748 | 89b7 2801 | 0000 48c7 | 8730 0100 | 0001 0000 
  0x00007f88ac608b04: 00e9 2900 | 0000 4883 | bf38 0100 | 0000 7517 | 4889 b738 | 0100 0048 | c787 4001 | 0000 0100 
  0x00007f88ac608b24: 0000 e908 | 0000 0048 | 8387 2001 | 0000 0148 

  0x00007f88ac608b34: ;   {optimized virtual_call}
  0x00007f88ac608b34: 8bf0 90e8 

  0x00007f88ac608b38: ; ImmutableOopMap {[104]=Oop [112]=Oop [120]=Oop }
                      ;*invokevirtual invokers {reexecute=0 rethrow=0 return_oop=0}
                      ; - java.lang.invoke.MethodHandle::invokeWithArguments@15 (line 735)
  0x00007f88ac608b38: d4e5 f607 

  0x00007f88ac608b3c: ;   {post_call_nop}
  0x00007f88ac608b3c: 0f1f 8400 | b402 0001 

  0x00007f88ac608b44: ; implicit exception: dispatches to 0x00007f88ac609128
  0x00007f88ac608b44: 483b 0048 

  0x00007f88ac608b48: ;   {metadata(method data for {method} {0x00000000801eedc0} 'invokeWithArguments' '([Ljava/lang/Object;)Ljava/lang/Object;' in 'java/lang/invoke/MethodHandle')}
  0x00007f88ac608b48: 8bd0 48be | 30d7 b46d | 887f 0000 | 4883 8660 | 0100 0001 | ba00 0000 | 0048 8bf0 

  0x00007f88ac608b64: ;   {optimized virtual_call}
  0x00007f88ac608b64: 6666 90e8 

  0x00007f88ac608b68: ; ImmutableOopMap {[104]=Oop [112]=Oop [120]=Oop }
                      ;*invokevirtual spreadInvoker {reexecute=0 rethrow=0 return_oop=0}
                      ; - java.lang.invoke.MethodHandle::invokeWithArguments@19 (line 735)
  0x00007f88ac608b68: b438 6501 

  0x00007f88ac608b6c: ;   {post_call_nop}
  0x00007f88ac608b6c: 0f1f 8400 | e402 0002 | 4889 8424 | 8000 0000 | 488b 7424 

  0x00007f88ac608b80: ;   {metadata(method data for {method} {0x00000000801eedc0} 'invokeWithArguments' '([Ljava/lang/Object;)Ljava/lang/Object;' in 'java/lang/invoke/MethodHandle')}
  0x00007f88ac608b80: 6848 ba30 | d7b4 6d88 | 7f00 008b | 7608 41ba | 0000 0080 | 4903 f248 | 3bb2 8801 | 0000 750d 
  0x00007f88ac608ba0: 4883 8290 | 0100 0001 | e960 0000 | 0048 3bb2 | 9801 0000 | 750d 4883 | 82a0 0100 | 0001 e94a 
  0x00007f88ac608bc0: 0000 0048 | 83ba 8801 | 0000 0075 | 1748 89b2 | 8801 0000 | 48c7 8290 | 0100 0001 | 0000 00e9 
  0x00007f88ac608be0: 2900 0000 | 4883 ba98 | 0100 0000 | 7517 4889 | b298 0100 | 0048 c782 | a001 0000 | 0100 0000 
  0x00007f88ac608c00: e908 0000 | 0048 8382 | 8001 0000 

  0x00007f88ac608c0c: ;   {metadata(method data for {method} {0x00000000804783e0} 'asType' '(Ljava/lang/invoke/MethodType;)Ljava/lang/invoke/MethodHandle;' in 'java/lang/invoke/MethodHandle')}
  0x00007f88ac608c0c: 0148 ba20 | 0d25 6c88 | 7f00 008b | b290 0000 | 0083 c602 | 89b2 9000 | 0000 81e6 | feff 1f00 
  0x00007f88ac608c2c: 85f6 0f84 | f904 0000 | 488b 7424 | 688b 5610 | 48c1 e203 | 488b 7c24 | 7848 3bfa 

  0x00007f88ac608c48: ;   {metadata(method data for {method} {0x00000000804783e0} 'asType' '(Ljava/lang/invoke/MethodType;)Ljava/lang/invoke/MethodHandle;' in 'java/lang/invoke/MethodHandle')}
  0x00007f88ac608c48: 48ba 200d | 256c 887f | 0000 bbe8 | 0000 0074 | 05bb d800 | 0000 488b | 0c1a 488d | 4901 4889 
  0x00007f88ac608c68: 0c1a 0f84 | a700 0000 

  0x00007f88ac608c70: ;   {metadata(method data for {method} {0x00000000804783e0} 'asType' '(Ljava/lang/invoke/MethodType;)Ljava/lang/invoke/MethodHandle;' in 'java/lang/invoke/MethodHandle')}
  0x00007f88ac608c70: 488b d648 | bb20 0d25 | 6c88 7f00 | 0048 8383 | f800 0000 | 0148 8bd7 | 488b de48 

  0x00007f88ac608c8c: ;   {optimized virtual_call}
  0x00007f88ac608c8c: 8bf3 90e8 

  0x00007f88ac608c90: ; ImmutableOopMap {[104]=Oop [112]=Oop [120]=Oop [128]=Oop }
                      ;*invokevirtual asTypeCached {reexecute=0 rethrow=0 return_oop=0}
                      ; - java.lang.invoke.MethodHandle::asType@12 (line 869)
                      ; - java.lang.invoke.MethodHandle::invokeWithArguments@24 (line 735)
  0x00007f88ac608c90: fc73 f107 

  0x00007f88ac608c94: ;   {post_call_nop}
  0x00007f88ac608c94: 0f1f 8400 | 0c04 0003 

  0x00007f88ac608c9c: ;   {metadata(method data for {method} {0x00000000804783e0} 'asType' '(Ljava/lang/invoke/MethodType;)Ljava/lang/invoke/MethodHandle;' in 'java/lang/invoke/MethodHandle')}
  0x00007f88ac608c9c: 4885 c048 | ba20 0d25 | 6c88 7f00 | 00be 2801 | 0000 7405 | be38 0100 | 0048 8b3c | 3248 8d7f 
  0x00007f88ac608cbc: 0148 893c | 320f 8410 | 0000 0048 | 8bf0 488b | 8424 8000 | 0000 e940 | 0000 0048 | 8b44 2478 
  0x00007f88ac608cdc: 488b 7424 | 6848 8bd6 

  0x00007f88ac608ce4: ;   {metadata(method data for {method} {0x00000000804783e0} 'asType' '(Ljava/lang/invoke/MethodType;)Ljava/lang/invoke/MethodHandle;' in 'java/lang/invoke/MethodHandle')}
  0x00007f88ac608ce4: 48bf 200d | 256c 887f | 0000 4883 | 8748 0100 | 0001 488b | d066 0f1f 

  0x00007f88ac608cfc: ;   {optimized virtual_call}
  0x00007f88ac608cfc: 4400 00e8 

  0x00007f88ac608d00: ; ImmutableOopMap {[112]=Oop [128]=Oop }
                      ;*invokevirtual setAsTypeCache {reexecute=0 rethrow=0 return_oop=0}
                      ; - java.lang.invoke.MethodHandle::asType@24 (line 873)
                      ; - java.lang.invoke.MethodHandle::invokeWithArguments@24 (line 735)
  0x00007f88ac608d00: 0c5a f707 

  0x00007f88ac608d04: ;   {post_call_nop}
  0x00007f88ac608d04: 0f1f 8400 | 7c04 0004 | 488b f048 | 8b84 2480 

  0x00007f88ac608d14: ;   {metadata(method data for {method} {0x00000000801eedc0} 'invokeWithArguments' '([Ljava/lang/Object;)Ljava/lang/Object;' in 'java/lang/invoke/MethodHandle')}
  0x00007f88ac608d14: 0000 0048 | bf30 d7b4 | 6d88 7f00 | 0048 8dbf | e001 0000 | 4885 f675 | 0cf6 4708 | 0175 06f0 
  0x00007f88ac608d34: 4883 4f08 

  0x00007f88ac608d38: ;   {metadata(method data for {method} {0x0000000080209c78} 'invokeExact_MT' '(Ljava/lang/Object;Ljava/lang/Object;Ljava/lang/Object;Ljava/lang/Object;)Ljava/lang/Object;' in 'java/lang/invoke/Invokers$Holder')}
  0x00007f88ac608d38: 0148 bfd8 | e00b 6d88 | 7f00 0048 | 8dbf 6802 | 0000 4885 | c075 0af6 | 0701 7505 | f048 830f 
  0x00007f88ac608d58: ;   {metadata(method data for {method} {0x00000000801eedc0} 'invokeWithArguments' '([Ljava/lang/Object;)Ljava/lang/Object;' in 'java/lang/invoke/MethodHandle')}
  0x00007f88ac608d58: 0148 bf30 | d7b4 6d88 | 7f00 0048 | 8387 b001 

  0x00007f88ac608d68: ;   {metadata(method data for {method} {0x0000000080209c78} 'invokeExact_MT' '(Ljava/lang/Object;Ljava/lang/Object;Ljava/lang/Object;Ljava/lang/Object;)Ljava/lang/Object;' in 'java/lang/invoke/Invokers$Holder')}
  0x00007f88ac608d68: 0000 0148 | bfd8 e00b | 6d88 7f00 | 008b 9f90 | 0000 0083 | c302 899f | 9000 0000 | 81e3 feff 
  0x00007f88ac608d88: 1f00 85db | 0f84 bc03 

  0x00007f88ac608d90: ;   {metadata(method data for {method} {0x0000000080209c78} 'invokeExact_MT' '(Ljava/lang/Object;Ljava/lang/Object;Ljava/lang/Object;Ljava/lang/Object;)Ljava/lang/Object;' in 'java/lang/invoke/Invokers$Holder')}
  0x00007f88ac608d90: 0000 48bf | d8e0 0b6d | 887f 0000 | 488d bf48 | 0100 0048 | 85c0 750c | f647 0801 | 7506 f048 
  0x00007f88ac608db0: 834f 0801 

  0x00007f88ac608db4: ;   {metadata(method data for {method} {0x0000000080209c78} 'invokeExact_MT' '(Ljava/lang/Object;Ljava/lang/Object;Ljava/lang/Object;Ljava/lang/Object;)Ljava/lang/Object;' in 'java/lang/invoke/Invokers$Holder')}
  0x00007f88ac608db4: 48bf d8e0 | 0b6d 887f | 0000 4883 | 8738 0100 

  0x00007f88ac608dc4: ;   {metadata(method data for {method} {0x0000000080470068} 'checkExactType' '(Ljava/lang/invoke/MethodHandle;Ljava/lang/invoke/MethodType;)V' in 'java/lang/invoke/Invokers')}
  0x00007f88ac608dc4: 0001 48bf | a051 2a6c | 887f 0000 | 8b9f 9000 | 0000 83c3 | 0289 9f90 | 0000 0081 | e3fe ff1f 
  0x00007f88ac608de4: 0085 db0f | 8482 0300 | 0048 3b00 

  0x00007f88ac608df0: ;   {metadata(method data for {method} {0x0000000080470068} 'checkExactType' '(Ljava/lang/invoke/MethodHandle;Ljava/lang/invoke/MethodType;)V' in 'java/lang/invoke/Invokers')}
  0x00007f88ac608df0: 488b f848 | bba0 512a | 6c88 7f00 | 008b 7f08 | 41ba 0000 | 0080 4903 | fa48 3bbb | e000 0000 
  0x00007f88ac608e10: 750d 4883 | 83e8 0000 | 0001 e960 | 0000 0048 | 3bbb f000 | 0000 750d | 4883 83f8 | 0000 0001 
  0x00007f88ac608e30: e94a 0000 | 0048 83bb | e000 0000 | 0075 1748 | 89bb e000 | 0000 48c7 | 83e8 0000 | 0001 0000 
  0x00007f88ac608e50: 00e9 2900 | 0000 4883 | bbf0 0000 | 0000 7517 | 4889 bbf0 | 0000 0048 | c783 f800 | 0000 0100 
  0x00007f88ac608e70: 0000 e908 | 0000 0048 | 8383 d800 | 0000 018b | 7810 48c1 

  0x00007f88ac608e84: ;   {oop(a 'java/lang/invoke/MethodType'{0x000000041b812cc0} = (Ljava/lang/invoke/MethodHandle;[Ljava/lang/Object;)Ljava/lang/Object;)}
  0x00007f88ac608e84: e703 48bb | c02c 811b | 0400 0000 

  0x00007f88ac608e90: ;   {metadata(method data for {method} {0x0000000080470068} 'checkExactType' '(Ljava/lang/invoke/MethodHandle;Ljava/lang/invoke/MethodType;)V' in 'java/lang/invoke/Invokers')}
  0x00007f88ac608e90: 483b fb48 | bba0 512a | 6c88 7f00 | 00ba 1801 | 0000 7505 | ba08 0100 | 0048 8b0c | 1348 8d49 
  0x00007f88ac608eb0: 0148 890c | 130f 85dc 

  0x00007f88ac608eb8: ;   {metadata(method data for {method} {0x0000000080209c78} 'invokeExact_MT' '(Ljava/lang/Object;Ljava/lang/Object;Ljava/lang/Object;Ljava/lang/Object;)Ljava/lang/Object;' in 'java/lang/invoke/Invokers$Holder')}
  0x00007f88ac608eb8: 0100 0048 | bfd8 e00b | 6d88 7f00 | 0048 8387 | 7001 0000 

  0x00007f88ac608ecc: ;   {metadata(method data for {method} {0x000000008046ff60} 'checkCustomized' '(Ljava/lang/invoke/MethodHandle;)V' in 'java/lang/invoke/Invokers')}
  0x00007f88ac608ecc: 0148 bfc8 | 562a 6c88 | 7f00 008b | 9f90 0000 | 0083 c302 | 899f 9000 | 0000 81e3 | feff 1f00 
  0x00007f88ac608eec: 85db 0f84 | a102 0000 

  0x00007f88ac608ef4: ;   {metadata(method data for {method} {0x000000008046ff60} 'checkCustomized' '(Ljava/lang/invoke/MethodHandle;)V' in 'java/lang/invoke/Invokers')}
  0x00007f88ac608ef4: 48bf c856 | 2a6c 887f | 0000 4883 | 87d8 0000 

  0x00007f88ac608f04: ;   {metadata(method data for {method} {0x00000000801f59a8} 'isCompileConstant' '(Ljava/lang/Object;)Z' in 'java/lang/invoke/MethodHandleImpl')}
  0x00007f88ac608f04: 0001 48bf | a059 2a6c | 887f 0000 | 8b9f 9000 | 0000 83c3 | 0289 9f90 | 0000 0081 | e3fe ff1f 
  0x00007f88ac608f24: 0085 db0f | 8489 0200 

  0x00007f88ac608f2c: ;   {metadata(method data for {method} {0x000000008046ff60} 'checkCustomized' '(Ljava/lang/invoke/MethodHandle;)V' in 'java/lang/invoke/Invokers')}
  0x00007f88ac608f2c: 0048 bfc8 | 562a 6c88 | 7f00 00ff | 87e8 0000 | 008b 7814 | 48c1 e703 

  0x00007f88ac608f44: ; implicit exception: dispatches to 0x00007f88ac6091d7
  0x00007f88ac608f44: 8b7f 1c48 | c1e7 0348 

  0x00007f88ac608f4c: ;   {metadata(method data for {method} {0x000000008046ff60} 'checkCustomized' '(Ljava/lang/invoke/MethodHandle;)V' in 'java/lang/invoke/Invokers')}
  0x00007f88ac608f4c: 85ff 48bf | c856 2a6c | 887f 0000 | bb08 0100 | 0075 05bb | 1801 0000 | 488b 141f | 488d 5201 
  0x00007f88ac608f6c: 4889 141f | 4889 b424 | 8800 0000 | 0f85 2600 

  0x00007f88ac608f7c: ;   {metadata(method data for {method} {0x000000008046ff60} 'checkCustomized' '(Ljava/lang/invoke/MethodHandle;)V' in 'java/lang/invoke/Invokers')}
  0x00007f88ac608f7c: 0000 48bf | c856 2a6c | 887f 0000 | 4883 8728 | 0100 0001 | 488b f00f 

  0x00007f88ac608f94: ;   {static_call}
  0x00007f88ac608f94: 1f40 00e8 

  0x00007f88ac608f98: ; ImmutableOopMap {[112]=Oop [128]=Oop [136]=Oop }
                      ;*invokestatic maybeCustomize {reexecute=0 rethrow=0 return_oop=0}
                      ; - java.lang.invoke.Invokers::checkCustomized@19 (line 626)
                      ; - java.lang.invoke.Invokers$Holder::invokeExact_MT@14
                      ; - java.lang.invoke.MethodHandle::invokeWithArguments@28 (line 735)
  0x00007f88ac608f98: e44a f007 

  0x00007f88ac608f9c: ;   {post_call_nop}
  0x00007f88ac608f9c: 0f1f 8400 | 1407 0005 | 488b 5424 

  0x00007f88ac608fa8: ;   {metadata(method data for {method} {0x0000000080209c78} 'invokeExact_MT' '(Ljava/lang/Object;Ljava/lang/Object;Ljava/lang/Object;Ljava/lang/Object;)Ljava/lang/Object;' in 'java/lang/invoke/Invokers$Holder')}
  0x00007f88ac608fa8: 7048 b9d8 | e00b 6d88 | 7f00 0048 | 8d89 c801 | 0000 4885 | d275 0cf6 | 4118 0175 | 06f0 4883 
  0x00007f88ac608fc8: 4918 0148 | 8b84 2480 

  0x00007f88ac608fd0: ;   {metadata(method data for {method} {0x0000000080209c78} 'invokeExact_MT' '(Ljava/lang/Object;Ljava/lang/Object;Ljava/lang/Object;Ljava/lang/Object;)Ljava/lang/Object;' in 'java/lang/invoke/Invokers$Holder')}
  0x00007f88ac608fd0: 0000 0048 | b9d8 e00b | 6d88 7f00 | 008b 4008 | 41ba 0000 | 0080 4903 | c248 3b81 | a001 0000 
  0x00007f88ac608ff0: 750d 4883 | 81a8 0100 | 0001 e960 | 0000 0048 | 3b81 b001 | 0000 750d | 4883 81b8 | 0100 0001 
  0x00007f88ac609010: e94a 0000 | 0048 83b9 | a001 0000 | 0075 1748 | 8981 a001 | 0000 48c7 | 81a8 0100 | 0001 0000 
  0x00007f88ac609030: 00e9 2900 | 0000 4883 | b9b0 0100 | 0000 7517 | 4889 81b0 | 0100 0048 | c781 b801 | 0000 0100 
  0x00007f88ac609050: 0000 e908 | 0000 0048 | 8381 9801 | 0000 0148 | 8bda 488b | 9424 8800 | 0000 488b | cb48 8bb4 
  0x00007f88ac609070: 2480 0000 

  0x00007f88ac609074: ;   {optimized virtual_call}
  0x00007f88ac609074: 0066 90e8 

  0x00007f88ac609078: ; ImmutableOopMap {}
                      ;*invokevirtual invokeBasic {reexecute=0 rethrow=0 return_oop=0}
                      ; - java.lang.invoke.Invokers$Holder::invokeExact_MT@20
                      ; - java.lang.invoke.MethodHandle::invokeWithArguments@28 (line 735)
  0x00007f88ac609078: 0412 9b07 

  0x00007f88ac60907c: ;   {post_call_nop}
  0x00007f88ac60907c: 0f1f 8400 | f407 0006 | 4881 c4a0 | 0000 005d 

  0x00007f88ac60908c: ;   {poll_return}
  0x00007f88ac60908c: 493b 6728 | 0f87 4601 | 0000 c348 | 89b4 2488 

  0x00007f88ac60909c: ;   {metadata(method data for {method} {0x0000000080470068} 'checkExactType' '(Ljava/lang/invoke/MethodHandle;Ljava/lang/invoke/MethodType;)V' in 'java/lang/invoke/Invokers')}
  0x00007f88ac60909c: 0000 0048 | bba0 512a | 6c88 7f00 | 0048 8383 | 2801 0000 

  0x00007f88ac6090b0: ;   {oop(a 'java/lang/invoke/MethodType'{0x000000041b812cc0} = (Ljava/lang/invoke/MethodHandle;[Ljava/lang/Object;)Ljava/lang/Object;)}
  0x00007f88ac6090b0: 0148 bbc0 | 2c81 1b04 | 0000 0048 | 8bf7 488b | d366 0f1f 

  0x00007f88ac6090c4: ;   {static_call}
  0x00007f88ac6090c4: 4400 00e8 

  0x00007f88ac6090c8: ; ImmutableOopMap {[112]=Oop [128]=Oop [136]=Oop }
                      ;*invokestatic newWrongMethodTypeException {reexecute=0 rethrow=0 return_oop=0}
                      ; - java.lang.invoke.Invokers::checkExactType@12 (line 531)
                      ; - java.lang.invoke.Invokers$Holder::invokeExact_MT@10
                      ; - java.lang.invoke.MethodHandle::invokeWithArguments@28 (line 735)
  0x00007f88ac6090c8: 1454 2a07 

  0x00007f88ac6090cc: ;   {post_call_nop}
  0x00007f88ac6090cc: 0f1f 8400 | 4408 0007 

  0x00007f88ac6090d4: ; implicit exception: dispatches to 0x00007f88ac6091f2
  0x00007f88ac6090d4: 483b 00e9 | 3801 0000 

  0x00007f88ac6090dc: ;   {metadata({method} {0x00000000801eedc0} 'invokeWithArguments' '([Ljava/lang/Object;)Ljava/lang/Object;' in 'java/lang/invoke/MethodHandle')}
  0x00007f88ac6090dc: 49ba c0ed | 1e80 0000 | 0000 4c89 | 5424 0848 | c704 24ff 

  0x00007f88ac6090f0: ;   {runtime_call C1 Runtime counter_overflow_blob}
  0x00007f88ac6090f0: ffff ffe8 

  0x00007f88ac6090f4: ; ImmutableOopMap {rsi=Oop rdx=Oop [104]=Oop [112]=Oop }
                      ;*synchronization entry
                      ; - java.lang.invoke.MethodHandle::invokeWithArguments@-1 (line 734)
  0x00007f88ac6090f4: 6851 3807 | e9f3 f8ff 

  0x00007f88ac6090fc: ;   {runtime_call C1 Runtime throw_null_pointer_exception_blob}
  0x00007f88ac6090fc: ffe8 5ed6 

  0x00007f88ac609100: ; ImmutableOopMap {rsi=Oop rdx=Oop [104]=Oop [112]=Oop }
                      ;*arraylength {reexecute=0 rethrow=0 return_oop=0}
                      ; - java.lang.invoke.MethodHandle::invokeWithArguments@9 (line 734)
                      ;   {metadata({method} {0x00000000804775b8} 'genericMethodType' '(I)Ljava/lang/invoke/MethodType;' in 'java/lang/invoke/MethodType')}
  0x00007f88ac609100: 3707 49ba | b875 4780 | 0000 0000 | 4c89 5424 | 0848 c704 | 24ff ffff 

  0x00007f88ac609118: ;   {runtime_call C1 Runtime counter_overflow_blob}
  0x00007f88ac609118: ffe8 4251 

  0x00007f88ac60911c: ; ImmutableOopMap {[104]=Oop [112]=Oop }
                      ;*synchronization entry
                      ; - java.lang.invoke.MethodType::genericMethodType@-1 (line 455)
                      ; - java.lang.invoke.MethodHandle::invokeWithArguments@10 (line 734)
  0x00007f88ac60911c: 3807 e94d 

  0x00007f88ac609120: ;   {runtime_call C1 Runtime throw_null_pointer_exception_blob}
  0x00007f88ac609120: f9ff ffe8 

  0x00007f88ac609124: ; ImmutableOopMap {rax=Oop [104]=Oop [112]=Oop [120]=Oop }
                      ;*invokevirtual invokers {reexecute=0 rethrow=0 return_oop=0}
                      ; - java.lang.invoke.MethodHandle::invokeWithArguments@15 (line 735)
  0x00007f88ac609124: 38d6 3707 

  0x00007f88ac609128: ;   {runtime_call C1 Runtime throw_null_pointer_exception_blob}
  0x00007f88ac609128: e833 d637 

  0x00007f88ac60912c: ; ImmutableOopMap {rax=Oop [104]=Oop [112]=Oop [120]=Oop }
                      ;*invokevirtual spreadInvoker {reexecute=0 rethrow=0 return_oop=0}
                      ; - java.lang.invoke.MethodHandle::invokeWithArguments@19 (line 735)
                      ;   {metadata({method} {0x00000000804783e0} 'asType' '(Ljava/lang/invoke/MethodType;)Ljava/lang/invoke/MethodHandle;' in 'java/lang/invoke/MethodHandle')}
  0x00007f88ac60912c: 0749 bae0 | 8347 8000 | 0000 004c | 8954 2408 | 48c7 0424 | ffff ffff 

  0x00007f88ac609144: ;   {runtime_call C1 Runtime counter_overflow_blob}
  0x00007f88ac609144: e817 5138 

  0x00007f88ac609148: ; ImmutableOopMap {rax=Oop [104]=Oop [112]=Oop [120]=Oop [128]=Oop }
                      ;*synchronization entry
                      ; - java.lang.invoke.MethodHandle::asType@-1 (line 865)
                      ; - java.lang.invoke.MethodHandle::invokeWithArguments@24 (line 735)
  0x00007f88ac609148: 07e9 e6fa 

  0x00007f88ac60914c: ;   {metadata({method} {0x0000000080209c78} 'invokeExact_MT' '(Ljava/lang/Object;Ljava/lang/Object;Ljava/lang/Object;Ljava/lang/Object;)Ljava/lang/Object;' in 'java/lang/invoke/Invokers$Holder')}
  0x00007f88ac60914c: ffff 49ba | 789c 2080 | 0000 0000 | 4c89 5424 | 0848 c704 | 24ff ffff 

  0x00007f88ac609164: ;   {runtime_call C1 Runtime counter_overflow_blob}
  0x00007f88ac609164: ffe8 f650 

  0x00007f88ac609168: ; ImmutableOopMap {rsi=Oop rax=Oop [112]=Oop [128]=Oop }
                      ;*synchronization entry
                      ; - java.lang.invoke.Invokers$Holder::invokeExact_MT@-1
                      ; - java.lang.invoke.MethodHandle::invokeWithArguments@28 (line 735)
  0x00007f88ac609168: 3807 e923 

  0x00007f88ac60916c: ;   {metadata({method} {0x0000000080470068} 'checkExactType' '(Ljava/lang/invoke/MethodHandle;Ljava/lang/invoke/MethodType;)V' in 'java/lang/invoke/Invokers')}
  0x00007f88ac60916c: fcff ff49 | ba68 0047 | 8000 0000 | 004c 8954 | 2408 48c7 | 0424 ffff 

  0x00007f88ac609184: ;   {runtime_call C1 Runtime counter_overflow_blob}
  0x00007f88ac609184: ffff e8d5 

  0x00007f88ac609188: ; ImmutableOopMap {rsi=Oop rax=Oop [112]=Oop [128]=Oop }
                      ;*synchronization entry
                      ; - java.lang.invoke.Invokers::checkExactType@-1 (line 529)
                      ; - java.lang.invoke.Invokers$Holder::invokeExact_MT@10
                      ; - java.lang.invoke.MethodHandle::invokeWithArguments@28 (line 735)
  0x00007f88ac609188: 5038 07e9 | 5dfc ffff 

  0x00007f88ac609190: ;   {runtime_call C1 Runtime throw_null_pointer_exception_blob}
  0x00007f88ac609190: e8cb d537 

  0x00007f88ac609194: ; ImmutableOopMap {rsi=Oop rax=Oop [112]=Oop [128]=Oop }
                      ;*invokevirtual type {reexecute=0 rethrow=0 return_oop=0}
                      ; - java.lang.invoke.Invokers::checkExactType@1 (line 529)
                      ; - java.lang.invoke.Invokers$Holder::invokeExact_MT@10
                      ; - java.lang.invoke.MethodHandle::invokeWithArguments@28 (line 735)
                      ;   {metadata({method} {0x000000008046ff60} 'checkCustomized' '(Ljava/lang/invoke/MethodHandle;)V' in 'java/lang/invoke/Invokers')}
  0x00007f88ac609194: 0749 ba60 | ff46 8000 | 0000 004c | 8954 2408 | 48c7 0424 | ffff ffff 

  0x00007f88ac6091ac: ;   {runtime_call C1 Runtime counter_overflow_blob}
  0x00007f88ac6091ac: e8af 5038 

  0x00007f88ac6091b0: ; ImmutableOopMap {rsi=Oop rax=Oop [112]=Oop [128]=Oop }
                      ;*synchronization entry
                      ; - java.lang.invoke.Invokers::checkCustomized@-1 (line 622)
                      ; - java.lang.invoke.Invokers$Holder::invokeExact_MT@14
                      ; - java.lang.invoke.MethodHandle::invokeWithArguments@28 (line 735)
  0x00007f88ac6091b0: 07e9 3efd 

  0x00007f88ac6091b4: ;   {metadata({method} {0x00000000801f59a8} 'isCompileConstant' '(Ljava/lang/Object;)Z' in 'java/lang/invoke/MethodHandleImpl')}
  0x00007f88ac6091b4: ffff 49ba | a859 1f80 | 0000 0000 | 4c89 5424 | 0848 c704 | 24ff ffff 

  0x00007f88ac6091cc: ;   {runtime_call C1 Runtime counter_overflow_blob}
  0x00007f88ac6091cc: ffe8 8e50 

  0x00007f88ac6091d0: ; ImmutableOopMap {rsi=Oop rax=Oop [112]=Oop [128]=Oop }
                      ;*synchronization entry
                      ; - java.lang.invoke.MethodHandleImpl::isCompileConstant@-1 (line 625)
                      ; - java.lang.invoke.Invokers::checkCustomized@1 (line 622)
                      ; - java.lang.invoke.Invokers$Holder::invokeExact_MT@14
                      ; - java.lang.invoke.MethodHandle::invokeWithArguments@28 (line 735)
  0x00007f88ac6091d0: 3807 e956 

  0x00007f88ac6091d4: ;   {runtime_call C1 Runtime throw_null_pointer_exception_blob}
  0x00007f88ac6091d4: fdff ffe8 

  0x00007f88ac6091d8: ; ImmutableOopMap {rsi=Oop rax=Oop [112]=Oop [128]=Oop }
                      ;*getfield customized {reexecute=1 rethrow=0 return_oop=0}
                      ; - (reexecute) java.lang.invoke.Invokers::checkCustomized@12 (line 625)
                      ; - java.lang.invoke.Invokers$Holder::invokeExact_MT@14
                      ; - java.lang.invoke.MethodHandle::invokeWithArguments@28 (line 735)
  0x00007f88ac6091d8: 84d5 3707 

  0x00007f88ac6091dc: ;   {internal_word}
  0x00007f88ac6091dc: 49ba 8c90 | 60ac 887f | 0000 4d89 | 9738 0500 

  0x00007f88ac6091ec: ;   {runtime_call SafepointBlob}
  0x00007f88ac6091ec: 00e9 6e79 

  0x00007f88ac6091f0: ;   {runtime_call C1 Runtime throw_null_pointer_exception_blob}
  0x00007f88ac6091f0: 2a07 e869 

  0x00007f88ac6091f4: ; ImmutableOopMap {rax=Oop [112]=Oop [128]=Oop [136]=Oop }
                      ;*athrow {reexecute=1 rethrow=0 return_oop=0}
                      ; - (reexecute) java.lang.invoke.Invokers::checkExactType@15 (line 531)
                      ; - java.lang.invoke.Invokers$Holder::invokeExact_MT@10
                      ; - java.lang.invoke.MethodHandle::invokeWithArguments@28 (line 735)
  0x00007f88ac6091f4: d537 0749 | 8b87 e005 | 0000 49c7 | 87e0 0500 | 0000 0000 | 0049 c787 | e805 0000 | 0000 0000 
  0x00007f88ac609214: 4881 c4a0 | 0000 005d 

  0x00007f88ac60921c: ;   {runtime_call C1 Runtime unwind_exception_blob}
  0x00007f88ac60921c: e9bf c037 | 07f4 f4f4 | f4f4 f4f4 
[Stub Code]
  0x00007f88ac609228: ;   {other}
  0x00007f88ac609228: 0f1f 4400 

  0x00007f88ac60922c: ;   {static_stub}
  0x00007f88ac60922c: 0048 bb00 | 0000 0000 

  0x00007f88ac609234: ;   {runtime_call nmethod}
  0x00007f88ac609234: 0000 00e9 | fbff ffff 

  0x00007f88ac60923c: ;   {static_stub}
  0x00007f88ac60923c: 48bb 0000 | 0000 0000 

  0x00007f88ac609244: ;   {runtime_call nmethod}
  0x00007f88ac609244: 0000 e9fb 

  0x00007f88ac609248: ;   {static_stub}
  0x00007f88ac609248: ffff ff48 | bb00 0000 | 0000 0000 

  0x00007f88ac609254: ;   {runtime_call nmethod}
  0x00007f88ac609254: 00e9 fbff 

  0x00007f88ac609258: ;   {static_stub}
  0x00007f88ac609258: ffff 48bb | 0000 0000 | 0000 0000 

  0x00007f88ac609264: ;   {runtime_call nmethod}
  0x00007f88ac609264: e9fb ffff 

  0x00007f88ac609268: ;   {static_stub}
  0x00007f88ac609268: ff48 bb00 | 0000 0000 

  0x00007f88ac609270: ;   {runtime_call nmethod}
  0x00007f88ac609270: 0000 00e9 | fbff ffff 

  0x00007f88ac609278: ;   {static_stub}
  0x00007f88ac609278: 48bb 0000 | 0000 0000 

  0x00007f88ac609280: ;   {runtime_call nmethod}
  0x00007f88ac609280: 0000 e9fb 

  0x00007f88ac609284: ;   {static_stub}
  0x00007f88ac609284: ffff ff48 | bb00 0000 | 0000 0000 

  0x00007f88ac609290: ;   {runtime_call nmethod}
  0x00007f88ac609290: 00e9 fbff 

  0x00007f88ac609294: ;   {static_stub}
  0x00007f88ac609294: ffff 48bb | 0000 0000 | 0000 0000 

  0x00007f88ac6092a0: ;   {runtime_call nmethod}
  0x00007f88ac6092a0: e9fb ffff 

  0x00007f88ac6092a4: ;   {runtime_call C1 Runtime handle_exception_from_callee_blob}
  0x00007f88ac6092a4: ffe8 b601 

  0x00007f88ac6092a8: ;   {external_word}
  0x00007f88ac6092a8: 3807 48bf | 28c7 cec9 | 887f 0000 | 4883 e4f0 

  0x00007f88ac6092b8: ;   {runtime_call MacroAssembler::debug64(char*, long, long*)}
  0x00007f88ac6092b8: e883 fb13 

  0x00007f88ac6092bc: ;   {section_word}
  0x00007f88ac6092bc: 1df4 49ba | be92 60ac | 887f 0000 

  0x00007f88ac6092c8: ;   {runtime_call DeoptimizationBlob}
  0x00007f88ac6092c8: 4152 e911 

  0x00007f88ac6092cc: ;   {section_word}
  0x00007f88ac6092cc: 602a 0749 | bacf 9260 | ac88 7f00 

  0x00007f88ac6092d8: ;   {runtime_call DeoptimizationBlob}
  0x00007f88ac6092d8: 0041 52e9 | 0060 2a07 
[/MachCode]


---------------  P R O C E S S  ---------------

Threads class SMR info:
_java_thread_list=0x00007f8840869f80, length=17, elements={
0x00007f88c402b870, 0x00007f88c41052a0, 0x00007f88c41062e0, 0x00007f88c4107810,
0x00007f88c4109130, 0x00007f88c410a9b0, 0x00007f88c410c830, 0x00007f88c410e220,
0x00007f88c4147180, 0x00007f88c4149780, 0x00007f88c427a180, 0x00007f88c4284e70,
0x00007f884c4ff220, 0x00007f884c3ed3c0, 0x00007f884c024970, 0x00007f8848bc2bb0,
0x00007f8848b0afb0
}

Java Threads: ( => current thread )
=>0x00007f88c402b870 JavaThread "main"                              [_thread_in_native, id=147323, stack(0x00007f88ca185000,0x00007f88ca285000) (1024K)]
  0x00007f88c41052a0 JavaThread "Reference Handler"          daemon [_thread_blocked, id=147338, stack(0x00007f8888ef0000,0x00007f8888ff0000) (1024K)]
  0x00007f88c41062e0 JavaThread "Finalizer"                  daemon [_thread_blocked, id=147339, stack(0x00007f8888ff1000,0x00007f88890f1000) (1024K)]
  0x00007f88c4107810 JavaThread "Signal Dispatcher"          daemon [_thread_blocked, id=147340, stack(0x00007f8888cee000,0x00007f8888dee000) (1024K)]
  0x00007f88c4109130 JavaThread "Service Thread"             daemon [_thread_blocked, id=147341, stack(0x00007f8888bee000,0x00007f8888cee000) (1024K)]
  0x00007f88c410a9b0 JavaThread "Monitor Deflation Thread"   daemon [_thread_blocked, id=147342, stack(0x00007f8888aee000,0x00007f8888bee000) (1024K)]
  0x00007f88c410c830 JavaThread "C2 CompilerThread0"         daemon [_thread_blocked, id=147343, stack(0x00007f88889ee000,0x00007f8888aee000) (1024K)]
  0x00007f88c410e220 JavaThread "C1 CompilerThread0"         daemon [_thread_blocked, id=147344, stack(0x00007f88888ee000,0x00007f88889ee000) (1024K)]
  0x00007f88c4147180 JavaThread "Notification Thread"        daemon [_thread_blocked, id=147348, stack(0x00007f88885ac000,0x00007f88886ac000) (1024K)]
  0x00007f88c4149780 JavaThread "Common-Cleaner"             daemon [_thread_blocked, id=147349, stack(0x00007f88884ac000,0x00007f88885ac000) (1024K)]
  0x00007f88c427a180 JavaThread "surefire-forkedjvm-stream-flusher" daemon [_thread_blocked, id=147352, stack(0x00007f88882ac000,0x00007f88883ac000) (1024K)]
  0x00007f88c4284e70 JavaThread "surefire-forkedjvm-command-thread" daemon [_thread_in_native, id=147353, stack(0x00007f88881ac000,0x00007f88882ac000) (1024K)]
  0x00007f884c4ff220 JavaThread "C1 CompilerThread1"         daemon [_thread_blocked, id=147388, stack(0x00007f88883ac000,0x00007f88884ac000) (1024K)]
  0x00007f884c3ed3c0 JavaThread "C1 CompilerThread2"         daemon [_thread_blocked, id=147398, stack(0x00007f885df00000,0x00007f885e000000) (1024K)]
  0x00007f884c024970 JavaThread "C1 CompilerThread3"         daemon [_thread_blocked, id=147399, stack(0x00007f885de00000,0x00007f885df00000) (1024K)]
  0x00007f8848bc2bb0 JavaThread "C2 CompilerThread1"         daemon [_thread_blocked, id=147407, stack(0x00007f886bf00000,0x00007f886c000000) (1024K)]
  0x00007f8848b0afb0 JavaThread "C2 CompilerThread2"         daemon [_thread_in_native, id=147438, stack(0x00007f885dd00000,0x00007f885de00000) (1024K)]
Total: 17

Other Threads:
  0x00007f88c40fb320 VMThread "VM Thread"                           [id=147336, stack(0x00007f88890f2000,0x00007f88891f2000) (1024K)]
  0x00007f88c40eaa00 WatcherThread "VM Periodic Task Thread"        [id=147334, stack(0x00007f8888def000,0x00007f8888eef000) (1024K)]
  0x00007f88c4059d90 WorkerThread "GC Thread#0"                     [id=147325, stack(0x00007f88a7e7a000,0x00007f88a7f7a000) (1024K)]
  0x00007f888000a060 WorkerThread "GC Thread#1"                     [id=147359, stack(0x00007f885dc00000,0x00007f885dd00000) (1024K)]
  0x00007f888000ab20 WorkerThread "GC Thread#2"                     [id=147360, stack(0x00007f885daff000,0x00007f885dbff000) (1024K)]
  0x00007f888000b6f0 WorkerThread "GC Thread#3"                     [id=147361, stack(0x00007f885d9fe000,0x00007f885dafe000) (1024K)]
  0x00007f888000c400 WorkerThread "GC Thread#4"                     [id=147362, stack(0x00007f885d8fd000,0x00007f885d9fd000) (1024K)]
  0x00007f888000d180 WorkerThread "GC Thread#5"                     [id=147363, stack(0x00007f885d7fc000,0x00007f885d8fc000) (1024K)]
  0x00007f888000df00 WorkerThread "GC Thread#6"                     [id=147364, stack(0x00007f885d6fb000,0x00007f885d7fb000) (1024K)]
  0x00007f888000ec80 WorkerThread "GC Thread#7"                     [id=147365, stack(0x00007f885d5fa000,0x00007f885d6fa000) (1024K)]
  0x00007f888000fa00 WorkerThread "GC Thread#8"                     [id=147366, stack(0x00007f885d4f9000,0x00007f885d5f9000) (1024K)]
  0x00007f8880010780 WorkerThread "GC Thread#9"                     [id=147367, stack(0x00007f885d3f8000,0x00007f885d4f8000) (1024K)]
  0x00007f8880011500 WorkerThread "GC Thread#10"                    [id=147368, stack(0x00007f885d2f7000,0x00007f885d3f7000) (1024K)]
  0x00007f8880012280 WorkerThread "GC Thread#11"                    [id=147369, stack(0x00007f885d1f6000,0x00007f885d2f6000) (1024K)]
  0x00007f8880013000 WorkerThread "GC Thread#12"                    [id=147370, stack(0x00007f885d0f5000,0x00007f885d1f5000) (1024K)]
  0x00007f88c4072d50 ConcurrentGCThread "G1 Main Marker"            [id=147326, stack(0x00007f8898300000,0x00007f8898400000) (1024K)]
  0x00007f88c4073f20 WorkerThread "G1 Conc#0"                       [id=147327, stack(0x00007f88981ff000,0x00007f88982ff000) (1024K)]
  0x00007f888c000cd0 WorkerThread "G1 Conc#1"                       [id=147404, stack(0x00007f885cff4000,0x00007f885d0f4000) (1024K)]
  0x00007f888c001840 WorkerThread "G1 Conc#2"                       [id=147405, stack(0x00007f885cef3000,0x00007f885cff3000) (1024K)]
  0x00007f88c40da590 ConcurrentGCThread "G1 Refine#0"               [id=147328, stack(0x00007f88892f4000,0x00007f88893f4000) (1024K)]
  0x00007f88c40db780 ConcurrentGCThread "G1 Service"                [id=147329, stack(0x00007f88891f3000,0x00007f88892f3000) (1024K)]
Total: 21

Threads with active compile tasks:
C2 CompilerThread2  21029 9038       4       com.dylibso.chicory.cranelift.CraneliftMachineFuncGroup_0::func_4051 (6118 bytes)
Total: 1

VM state: not at safepoint (normal execution)

VM Mutex/Monitor currently owned by a thread: None

Heap address: 0x0000000418000000, size: 16000 MB, Compressed Oops mode: Zero based, Oop shift amount: 3

CDS archive(s) mapped at: [0x0000000080000000-0x0000000080d8c000-0x0000000080d8c000), size 14204928, SharedBaseAddress: 0x0000000080000000, ArchiveRelocationMode: 1.
Compressed class space mapped at: 0x0000000081000000-0x00000000c1000000, reserved size: 1073741824
UseCompressedClassPointers 1, UseCompactObjectHeaders 0
Narrow klass pointer bits 32, Max shift 3
Narrow klass base: 0x0000000080000000, Narrow klass shift: 0
Encoding Range: [0x0000000080000000 - 0x0000000180000000), (4294967296 bytes)
Klass Range:    [0x0000000080001000 - 0x00000000c1000000), (1090514944 bytes)
Klass ID Range:  [4096 - 1090519033) (1090514937)
Protection zone: [0x0000000080000000 - 0x0000000080001000), (4096 bytes)

GC Precious Log:
 CardTable entry size: 512
 Card Set container configuration: InlinePtr #cards 4 size 8 Array Of Cards #cards 64 size 144 Howl #buckets 8 coarsen threshold 14745 Howl Bitmap #cards 2048 size 272 coarsen threshold 1843 Card regions per heap region 1 cards per card region 16384
 CPUs: 16 total, 16 available
 Memory: 63992M
 Large Page Support: Disabled
 NUMA Support: Disabled
 Compressed Oops: Enabled (Zero based)
 Heap Region Size: 8M
 Heap Min Capacity: 8M
 Heap Initial Capacity: 1000M
 Heap Max Capacity: 16000M
 Pre-touch: Disabled
 Parallel Workers: 13
 Concurrent Workers: 3
 Concurrent Refinement Workers: 13
 Periodic GC: Disabled

Heap:
 garbage-first heap   total reserved 16384000K, committed 335872K, used 67559K [0x0000000418000000, 0x0000000800000000)
  region size 8192K, 3 young (24576K), 2 survivors (16384K)

Heap Regions: E=young(eden), S=young(survivor), O=old, HS=humongous(starts), HC=humongous(continues), CS=collection set, F=free, TAMS=top-at-mark-start, PB=parsable bottom
|   0|0x0000000418000000, 0x0000000418000000, 0x0000000418800000|  0%| F|  |TAMS 0x0000000418000000| PB 0x0000000418000000| Untracked |  0
|   1|0x0000000418800000, 0x0000000419000000, 0x0000000419000000|100%| O|  |TAMS 0x0000000418800000| PB 0x0000000418800000| Untracked |  0
|   2|0x0000000419000000, 0x0000000419800000, 0x0000000419800000|100%| O|  |TAMS 0x0000000419000000| PB 0x0000000419000000| Untracked |  0
|   3|0x0000000419800000, 0x000000041a000000, 0x000000041a000000|100%| O|  |TAMS 0x0000000419800000| PB 0x0000000419800000| Untracked |  0
|   4|0x000000041a000000, 0x000000041a800000, 0x000000041a800000|100%| O|  |TAMS 0x000000041a000000| PB 0x000000041a000000| Untracked |  0
|   5|0x000000041a800000, 0x000000041b000000, 0x000000041b000000|100%| O|  |TAMS 0x000000041a800000| PB 0x000000041a800000| Untracked |  0
|   6|0x000000041b000000, 0x000000041b2c2200, 0x000000041b800000| 34%| O|  |TAMS 0x000000041b000000| PB 0x000000041b000000| Untracked |  0
|   7|0x000000041b800000, 0x000000041bb67338, 0x000000041c000000| 42%| O|  |TAMS 0x000000041b800000| PB 0x000000041b800000| Untracked |  0
|   8|0x000000041c000000, 0x000000041c000000, 0x000000041c800000|  0%| F|  |TAMS 0x000000041c000000| PB 0x000000041c000000| Untracked |  0
|   9|0x000000041c800000, 0x000000041c800000, 0x000000041d000000|  0%| F|  |TAMS 0x000000041c800000| PB 0x000000041c800000| Untracked |  0
|  10|0x000000041d000000, 0x000000041d000000, 0x000000041d800000|  0%| F|  |TAMS 0x000000041d000000| PB 0x000000041d000000| Untracked |  0
|  11|0x000000041d800000, 0x000000041d800000, 0x000000041e000000|  0%| F|  |TAMS 0x000000041d800000| PB 0x000000041d800000| Untracked |  0
|  12|0x000000041e000000, 0x000000041e000000, 0x000000041e800000|  0%| F|  |TAMS 0x000000041e000000| PB 0x000000041e000000| Untracked |  0
|  13|0x000000041e800000, 0x000000041ebd0810, 0x000000041f000000| 47%| S|CS|TAMS 0x000000041e800000| PB 0x000000041e800000| Complete |  0
|  14|0x000000041f000000, 0x000000041f800000, 0x000000041f800000|100%| S|CS|TAMS 0x000000041f000000| PB 0x000000041f000000| Complete |  0
|  15|0x000000041f800000, 0x000000041f800000, 0x0000000420000000|  0%| F|  |TAMS 0x000000041f800000| PB 0x000000041f800000| Untracked |  0
|  16|0x0000000420000000, 0x0000000420000000, 0x0000000420800000|  0%| F|  |TAMS 0x0000000420000000| PB 0x0000000420000000| Untracked |  0
|  17|0x0000000420800000, 0x0000000420800000, 0x0000000421000000|  0%| F|  |TAMS 0x0000000420800000| PB 0x0000000420800000| Untracked |  0
|  18|0x0000000421000000, 0x0000000421000000, 0x0000000421800000|  0%| F|  |TAMS 0x0000000421000000| PB 0x0000000421000000| Untracked |  0
|  19|0x0000000421800000, 0x0000000421800000, 0x0000000422000000|  0%| F|  |TAMS 0x0000000421800000| PB 0x0000000421800000| Untracked |  0
|  20|0x0000000422000000, 0x0000000422000000, 0x0000000422800000|  0%| F|  |TAMS 0x0000000422000000| PB 0x0000000422000000| Untracked |  0
|  21|0x0000000422800000, 0x0000000422800000, 0x0000000423000000|  0%| F|  |TAMS 0x0000000422800000| PB 0x0000000422800000| Untracked |  0
|  22|0x0000000423000000, 0x0000000423000000, 0x0000000423800000|  0%| F|  |TAMS 0x0000000423000000| PB 0x0000000423000000| Untracked |  0
|  23|0x0000000423800000, 0x0000000423800000, 0x0000000424000000|  0%| F|  |TAMS 0x0000000423800000| PB 0x0000000423800000| Untracked |  0
|  24|0x0000000424000000, 0x0000000424000000, 0x0000000424800000|  0%| F|  |TAMS 0x0000000424000000| PB 0x0000000424000000| Untracked |  0
|  25|0x0000000424800000, 0x0000000424800000, 0x0000000425000000|  0%| F|  |TAMS 0x0000000424800000| PB 0x0000000424800000| Untracked |  0
|  26|0x0000000425000000, 0x0000000425000000, 0x0000000425800000|  0%| F|  |TAMS 0x0000000425000000| PB 0x0000000425000000| Untracked |  0
|  27|0x0000000425800000, 0x0000000425800000, 0x0000000426000000|  0%| F|  |TAMS 0x0000000425800000| PB 0x0000000425800000| Untracked |  0
|  28|0x0000000426000000, 0x0000000426000000, 0x0000000426800000|  0%| F|  |TAMS 0x0000000426000000| PB 0x0000000426000000| Untracked |  0
|  29|0x0000000426800000, 0x0000000426800000, 0x0000000427000000|  0%| F|  |TAMS 0x0000000426800000| PB 0x0000000426800000| Untracked |  0
|  30|0x0000000427000000, 0x0000000427000000, 0x0000000427800000|  0%| F|  |TAMS 0x0000000427000000| PB 0x0000000427000000| Untracked |  0
|  31|0x0000000427800000, 0x0000000427800000, 0x0000000428000000|  0%| F|  |TAMS 0x0000000427800000| PB 0x0000000427800000| Untracked |  0
|  32|0x0000000428000000, 0x0000000428000000, 0x0000000428800000|  0%| F|  |TAMS 0x0000000428000000| PB 0x0000000428000000| Untracked |  0
|  33|0x0000000428800000, 0x0000000428800000, 0x0000000429000000|  0%| F|  |TAMS 0x0000000428800000| PB 0x0000000428800000| Untracked |  0
|  34|0x0000000429000000, 0x0000000429000000, 0x0000000429800000|  0%| F|  |TAMS 0x0000000429000000| PB 0x0000000429000000| Untracked |  0
|  35|0x0000000429800000, 0x0000000429800000, 0x000000042a000000|  0%| F|  |TAMS 0x0000000429800000| PB 0x0000000429800000| Untracked |  0
| 116|0x0000000452000000, 0x0000000452000000, 0x0000000452800000|  0%| F|  |TAMS 0x0000000452000000| PB 0x0000000452000000| Untracked |  0
| 117|0x0000000452800000, 0x0000000452800000, 0x0000000453000000|  0%| F|  |TAMS 0x0000000452800000| PB 0x0000000452800000| Untracked |  0
| 218|0x0000000485000000, 0x0000000485000000, 0x0000000485800000|  0%| F|  |TAMS 0x0000000485000000| PB 0x0000000485000000| Untracked |  0
|1998|0x00000007ff000000, 0x00000007ff800000, 0x00000007ff800000|100%| O|  |TAMS 0x00000007ff000000| PB 0x00000007ff000000| Untracked |  0
|1999|0x00000007ff800000, 0x00000007ffdf7400, 0x0000000800000000| 74%| E|  |TAMS 0x00000007ff800000| PB 0x00000007ff800000| Complete |  0

Card table byte_map: [0x00007f88a7f7a000,0x00007f88a9eba000] _byte_map_base: 0x00007f88a5eba000

Marking Bits: (CMBitMap*) 0x00007f88c405aae0
 Bits: [0x00007f8898400000, 0x00007f88a7e00000)

Polling page: 0x00007f88ca588000

Metaspace:
Metaspace        used 35858K, committed 36800K, reserved 1114112K
 class space     used 2275K, committed 2688K, reserved 1048576K

Usage:
  Non-class:     32.80 MB used.
      Class:      2.22 MB used.
       Both:     35.02 MB used.

Virtual space:
  Non-class space:       64.00 MB reserved,      33.31 MB ( 52%) committed,  1 nodes.
      Class space:        1.00 GB reserved,       2.62 MB ( <1%) committed,  1 nodes.
             Both:        1.06 GB reserved,      35.94 MB (  3%) committed. 

Chunk freelists:
   Non-Class:  14.22 MB
       Class:  13.39 MB
        Both:  27.61 MB

MaxMetaspaceSize: unlimited
CompressedClassSpaceSize: 1.00 GB
Initial GC threshold: 21.00 MB
Current GC threshold: 58.75 MB
CDS: on
 - commit_granule_bytes: 65536.
 - commit_granule_words: 8192.
 - virtual_space_node_default_size: 8388608.
 - enlarge_chunks_in_place: 1.
UseCompressedClassPointers 1, UseCompactObjectHeaders 0
Narrow klass pointer bits 32, Max shift 3
Narrow klass base: 0x0000000080000000, Narrow klass shift: 0
Encoding Range: [0x0000000080000000 - 0x0000000180000000), (4294967296 bytes)
Klass Range:    [0x0000000080001000 - 0x00000000c1000000), (1090514944 bytes)
Klass ID Range:  [4096 - 1090519033) (1090514937)
Protection zone: [0x0000000080000000 - 0x0000000080001000), (4096 bytes)


Internal statistics:

num_allocs_failed_limit: 26.
num_arena_births: 1358.
num_arena_deaths: 0.
num_vsnodes_births: 2.
num_vsnodes_deaths: 0.
num_space_committed: 558.
num_space_uncommitted: 0.
num_chunks_returned_to_freelist: 26.
num_chunks_taken_from_freelist: 2634.
num_chunk_merges: 26.
num_chunk_splits: 1788.
num_chunks_enlarged: 1142.
num_inconsistent_stats: 0.

CodeHeap 'non-profiled nmethods': size=119172Kb used=7648Kb max_used=7707Kb free=111523Kb
 bounds [0x00007f88b3f9f000, 0x00007f88b472f000, 0x00007f88bb400000]
CodeHeap 'profiled nmethods': size=119164Kb used=29861Kb max_used=29861Kb free=89302Kb
 bounds [0x00007f88ac400000, 0x00007f88ae220000, 0x00007f88b385f000]
CodeHeap 'non-nmethods': size=7424Kb used=4260Kb max_used=4336Kb free=3164Kb
 bounds [0x00007f88b385f000, 0x00007f88b3caf000, 0x00007f88b3f9f000]
CodeCache: size=245760Kb, used=41769Kb, max_used=41904Kb, free=203989Kb
 total_blobs=9801, nmethods=8158, adapters=630, full_count=0
Compilation: enabled, stopped_count=0, restarted_count=0

Compilation events (20 events):
Event: 20.896 Thread 0x00007f884c4ff220 nmethod 9084 0x00007f88ac452488 code [0x00007f88ac452580, 0x00007f88ac454ae8]
Event: 20.908 Thread 0x00007f88c410e220 9086       3       com.dylibso.chicory.wabt.Wat2WasmModuleMachineFuncGroup_0::func_1238 (250 bytes)
Event: 20.908 Thread 0x00007f884c3ed3c0 9087       3       com.dylibso.chicory.wabt.Wat2WasmModuleMachineFuncGroup_0::func_39 (280 bytes)
Event: 20.909 Thread 0x00007f8848bc2bb0 nmethod 9074 0x00007f88b40d5808 code [0x00007f88b40d5900, 0x00007f88b40d7038]
Event: 20.909 Thread 0x00007f8848bc2bb0 9085       4       io.roastedroot.zerofs.DirectoryEntry::file (22 bytes)
Event: 20.909 Thread 0x00007f8848bc2bb0 nmethod 9085 0x00007f88b40fe008 code [0x00007f88b40fe100, 0x00007f88b40fe1a0]
Event: 20.909 Thread 0x00007f8848bc2bb0 9081       4       com.dylibso.chicory.wabt.Wat2WasmModuleMachineFuncGroup_0::func_1590 (174 bytes)
Event: 20.910 Thread 0x00007f88c410e220 nmethod 9086 0x00007f88ac67b308 code [0x00007f88ac67b400, 0x00007f88ac67da00]
Event: 20.910 Thread 0x00007f884c3ed3c0 nmethod 9087 0x00007f88ac64fa08 code [0x00007f88ac64fb00, 0x00007f88ac652b48]
Event: 20.933 Thread 0x00007f884c024970 9090       3       java.lang.Class::getDeclaredMethod (42 bytes)
Event: 20.933 Thread 0x00007f884c4ff220 9091       3       java.lang.Class::arrayContentsEq (70 bytes)
Event: 20.933 Thread 0x00007f884c4ff220 nmethod 9091 0x00007f88ac61a108 code [0x00007f88ac61a200, 0x00007f88ac61a5f0]
Event: 20.933 Thread 0x00007f884c024970 nmethod 9090 0x00007f88ac43ac88 code [0x00007f88ac43ad80, 0x00007f88ac43b4d0]
Event: 20.953 Thread 0x00007f8848bc2bb0 nmethod 9081 0x00007f88b40d3508 code [0x00007f88b40d3600, 0x00007f88b40d5778]
Event: 20.953 Thread 0x00007f8848bc2bb0 9092       4       java.util.ImmutableCollections$MapN::get (35 bytes)
Event: 20.963 Thread 0x00007f8848bc2bb0 nmethod 9092 0x00007f88b4194e08 code [0x00007f88b4194f00, 0x00007f88b4195918]
Event: 20.963 Thread 0x00007f8848bc2bb0 9088       4       jdk.internal.classfile.impl.SplitConstantPool::fieldRefEntry (72 bytes)
Event: 20.975 Thread 0x00007f88c410c830 nmethod 9072 0x00007f88b40d0008 code [0x00007f88b40d0100, 0x00007f88b40d3468]
Event: 20.976 Thread 0x00007f88c410c830 9089       4       java.lang.StringLatin1$CharsSpliterator::estimateSize (11 bytes)
Event: 20.976 Thread 0x00007f88c410c830 nmethod 9089 0x00007f88b403af08 code [0x00007f88b403b000, 0x00007f88b403b080]

GC Heap Usage History (20 events):
Event: 14.683 {heap Before GC invocations=22 (full 0):
 garbage-first heap   total reserved 16384000K, committed 344064K, used 246009K [0x0000000418000000, 0x0000000800000000)
  region size 8192K, 25 young (204800K), 1 survivors (8192K)
}
Event: 14.685 {heap After GC invocations=23 (full 0):
 garbage-first heap   total reserved 16384000K, committed 344064K, used 57738K [0x0000000418000000, 0x0000000800000000)
  region size 8192K, 1 young (8192K), 1 survivors (8192K)
}
Event: 15.247 {heap Before GC invocations=23 (full 0):
 garbage-first heap   total reserved 16384000K, committed 344064K, used 254346K [0x0000000418000000, 0x0000000800000000)
  region size 8192K, 25 young (204800K), 1 survivors (8192K)
}
Event: 15.250 {heap After GC invocations=24 (full 0):
 garbage-first heap   total reserved 16384000K, committed 344064K, used 58041K [0x0000000418000000, 0x0000000800000000)
  region size 8192K, 1 young (8192K), 1 survivors (8192K)
}
Event: 16.205 {heap Before GC invocations=24 (full 0):
 garbage-first heap   total reserved 16384000K, committed 344064K, used 254649K [0x0000000418000000, 0x0000000800000000)
  region size 8192K, 25 young (204800K), 1 survivors (8192K)
}
Event: 16.212 {heap After GC invocations=25 (full 0):
 garbage-first heap   total reserved 16384000K, committed 344064K, used 60489K [0x0000000418000000, 0x0000000800000000)
  region size 8192K, 1 young (8192K), 1 survivors (8192K)
}
Event: 17.226 {heap Before GC invocations=25 (full 0):
 garbage-first heap   total reserved 16384000K, committed 344064K, used 257097K [0x0000000418000000, 0x0000000800000000)
  region size 8192K, 25 young (204800K), 1 survivors (8192K)
}
Event: 17.233 {heap After GC invocations=26 (full 0):
 garbage-first heap   total reserved 16384000K, committed 344064K, used 62925K [0x0000000418000000, 0x0000000800000000)
  region size 8192K, 2 young (16384K), 2 survivors (16384K)
}
Event: 18.010 {heap Before GC invocations=26 (full 0):
 garbage-first heap   total reserved 16384000K, committed 344064K, used 251341K [0x0000000418000000, 0x0000000800000000)
  region size 8192K, 25 young (204800K), 2 survivors (16384K)
}
Event: 18.018 {heap After GC invocations=27 (full 0):
 garbage-first heap   total reserved 16384000K, committed 344064K, used 65342K [0x0000000418000000, 0x0000000800000000)
  region size 8192K, 2 young (16384K), 2 survivors (16384K)
}
Event: 18.611 {heap Before GC invocations=27 (full 0):
 garbage-first heap   total reserved 16384000K, committed 344064K, used 245566K [0x0000000418000000, 0x0000000800000000)
  region size 8192K, 25 young (204800K), 2 survivors (16384K)
}
Event: 18.617 {heap After GC invocations=28 (full 0):
 garbage-first heap   total reserved 16384000K, committed 344064K, used 66854K [0x0000000418000000, 0x0000000800000000)
  region size 8192K, 2 young (16384K), 2 survivors (16384K)
}
Event: 19.362 {heap Before GC invocations=28 (full 0):
 garbage-first heap   total reserved 16384000K, committed 344064K, used 255270K [0x0000000418000000, 0x0000000800000000)
  region size 8192K, 25 young (204800K), 2 survivors (16384K)
}
Event: 19.371 {heap After GC invocations=29 (full 0):
 garbage-first heap   total reserved 16384000K, committed 344064K, used 67845K [0x0000000418000000, 0x0000000800000000)
  region size 8192K, 2 young (16384K), 2 survivors (16384K)
}
Event: 19.652 {heap Before GC invocations=29 (full 0):
 garbage-first heap   total reserved 16384000K, committed 344064K, used 125189K [0x0000000418000000, 0x0000000800000000)
  region size 8192K, 10 young (81920K), 2 survivors (16384K)
}
Event: 19.659 {heap After GC invocations=30 (full 0):
 garbage-first heap   total reserved 16384000K, committed 344064K, used 66528K [0x0000000418000000, 0x0000000800000000)
  region size 8192K, 2 young (16384K), 2 survivors (16384K)
}
Event: 20.286 {heap Before GC invocations=31 (full 0):
 garbage-first heap   total reserved 16384000K, committed 278528K, used 205792K [0x0000000418000000, 0x0000000800000000)
  region size 8192K, 20 young (163840K), 2 survivors (16384K)
}
Event: 20.295 {heap After GC invocations=32 (full 0):
 garbage-first heap   total reserved 16384000K, committed 278528K, used 68058K [0x0000000418000000, 0x0000000800000000)
  region size 8192K, 2 young (16384K), 2 survivors (16384K)
}
Event: 20.933 {heap Before GC invocations=32 (full 0):
 garbage-first heap   total reserved 16384000K, committed 278528K, used 215514K [0x0000000418000000, 0x0000000800000000)
  region size 8192K, 20 young (163840K), 2 survivors (16384K)
}
Event: 20.950 {heap After GC invocations=33 (full 0):
 garbage-first heap   total reserved 16384000K, committed 335872K, used 67559K [0x0000000418000000, 0x0000000800000000)
  region size 8192K, 2 young (16384K), 2 survivors (16384K)
}

Metaspace Usage History (20 events):
Event: 14.683 {metaspace Before GC invocations=22 (full 0):
 Metaspace       used 32906K, committed 33472K, reserved 1114112K
  class space    used 1774K, committed 2048K, reserved 1048576K
}
Event: 14.685 {metaspace After GC invocations=23 (full 0):
 Metaspace       used 32906K, committed 33472K, reserved 1114112K
  class space    used 1774K, committed 2048K, reserved 1048576K
}
Event: 15.247 {metaspace Before GC invocations=23 (full 0):
 Metaspace       used 33011K, committed 33600K, reserved 1114112K
  class space    used 1791K, committed 2048K, reserved 1048576K
}
Event: 15.250 {metaspace After GC invocations=24 (full 0):
 Metaspace       used 33011K, committed 33600K, reserved 1114112K
  class space    used 1791K, committed 2048K, reserved 1048576K
}
Event: 16.205 {metaspace Before GC invocations=24 (full 0):
 Metaspace       used 33379K, committed 33984K, reserved 1114112K
  class space    used 1813K, committed 2112K, reserved 1048576K
}
Event: 16.212 {metaspace After GC invocations=25 (full 0):
 Metaspace       used 33379K, committed 33984K, reserved 1114112K
  class space    used 1813K, committed 2112K, reserved 1048576K
}
Event: 17.226 {metaspace Before GC invocations=25 (full 0):
 Metaspace       used 33818K, committed 34560K, reserved 1114112K
  class space    used 1858K, committed 2176K, reserved 1048576K
}
Event: 17.233 {metaspace After GC invocations=26 (full 0):
 Metaspace       used 33818K, committed 34560K, reserved 1114112K
  class space    used 1858K, committed 2176K, reserved 1048576K
}
Event: 18.010 {metaspace Before GC invocations=26 (full 0):
 Metaspace       used 34090K, committed 34816K, reserved 1114112K
  class space    used 1883K, committed 2176K, reserved 1048576K
}
Event: 18.018 {metaspace After GC invocations=27 (full 0):
 Metaspace       used 34090K, committed 34816K, reserved 1114112K
  class space    used 1883K, committed 2176K, reserved 1048576K
}
Event: 18.611 {metaspace Before GC invocations=27 (full 0):
 Metaspace       used 34572K, committed 35328K, reserved 1114112K
  class space    used 1966K, committed 2304K, reserved 1048576K
}
Event: 18.617 {metaspace After GC invocations=28 (full 0):
 Metaspace       used 34572K, committed 35328K, reserved 1114112K
  class space    used 1966K, committed 2304K, reserved 1048576K
}
Event: 19.362 {metaspace Before GC invocations=28 (full 0):
 Metaspace       used 35058K, committed 35840K, reserved 1114112K
  class space    used 2074K, committed 2432K, reserved 1048576K
}
Event: 19.371 {metaspace After GC invocations=29 (full 0):
 Metaspace       used 35058K, committed 35840K, reserved 1114112K
  class space    used 2074K, committed 2432K, reserved 1048576K
}
Event: 19.652 {metaspace Before GC invocations=29 (full 0):
 Metaspace       used 35103K, committed 36032K, reserved 1114112K
  class space    used 2085K, committed 2496K, reserved 1048576K
}
Event: 19.659 {metaspace After GC invocations=30 (full 0):
 Metaspace       used 35103K, committed 36032K, reserved 1114112K
  class space    used 2085K, committed 2496K, reserved 1048576K
}
Event: 20.286 {metaspace Before GC invocations=31 (full 0):
 Metaspace       used 35631K, committed 36544K, reserved 1114112K
  class space    used 2227K, committed 2624K, reserved 1048576K
}
Event: 20.295 {metaspace After GC invocations=32 (full 0):
 Metaspace       used 35631K, committed 36544K, reserved 1114112K
  class space    used 2227K, committed 2624K, reserved 1048576K
}
Event: 20.933 {metaspace Before GC invocations=32 (full 0):
 Metaspace       used 35853K, committed 36800K, reserved 1114112K
  class space    used 2273K, committed 2688K, reserved 1048576K
}
Event: 20.950 {metaspace After GC invocations=33 (full 0):
 Metaspace       used 35853K, committed 36800K, reserved 1114112K
  class space    used 2273K, committed 2688K, reserved 1048576K
}

Dll operation events (9 events):
Event: 0.002 Loaded shared library /home/andreatp/.sdkman/candidates/java/25-tem/lib/libjava.so
Event: 0.020 Loaded shared library /home/andreatp/.sdkman/candidates/java/25-tem/lib/libsimdsort.so
Event: 0.029 Loaded shared library /home/andreatp/.sdkman/candidates/java/25-tem/lib/libnio.so
Event: 0.032 Loaded shared library /home/andreatp/.sdkman/candidates/java/25-tem/lib/libzip.so
Event: 0.068 Loaded shared library /home/andreatp/.sdkman/candidates/java/25-tem/lib/libmanagement.so
Event: 0.069 Loaded shared library /home/andreatp/.sdkman/candidates/java/25-tem/lib/libmanagement_ext.so
Event: 0.087 Loaded shared library /home/andreatp/.sdkman/candidates/java/25-tem/lib/libjimage.so
Event: 7.558 Loaded shared library /home/andreatp/.sdkman/candidates/java/25-tem/lib/libnet.so
Event: 8.567 Loaded shared library /home/andreatp/.sdkman/candidates/java/25-tem/lib/libsyslookup.so

Deoptimization events (20 events):
Event: 20.238 Thread 0x00007f88c402b870 Uncommon trap: trap_request=0xffffff45 fr.pc=0x00007f88b41c4618 relative=0x0000000000000118
Event: 20.238 Thread 0x00007f88c402b870 Uncommon trap: reason=unstable_if action=reinterpret pc=0x00007f88b41c4618 method=com.dylibso.chicory.wasm.Validator.getLocalType(I)Lcom/dylibso/chicory/wasm/types/ValType; @ 10 c2
Event: 20.238 Thread 0x00007f88c402b870 DEOPT PACKING pc=0x00007f88b41c4618 sp=0x00007f88ca281840
Event: 20.239 Thread 0x00007f88c402b870 DEOPT UNPACKING pc=0x00007f88b39910f9 sp=0x00007f88ca2817f8 mode 2
Event: 20.505 Thread 0x00007f88c402b870 Uncommon trap: trap_request=0xffffffde fr.pc=0x00007f88b448beac relative=0x000000000000162c
Event: 20.505 Thread 0x00007f88c402b870 Uncommon trap: reason=class_check action=maybe_recompile pc=0x00007f88b448beac method=com.dylibso.chicory.runtime.Instance.initialize(Z)Lcom/dylibso/chicory/runtime/Instance; @ 173 c2
Event: 20.505 Thread 0x00007f88c402b870 DEOPT PACKING pc=0x00007f88b448beac sp=0x00007f88ca281ef0
Event: 20.505 Thread 0x00007f88c402b870 DEOPT UNPACKING pc=0x00007f88b39910f9 sp=0x00007f88ca281e90 mode 2
Event: 20.530 Thread 0x00007f88c402b870 Uncommon trap: trap_request=0xffffff45 fr.pc=0x00007f88b41c9d00 relative=0x0000000000000180
Event: 20.530 Thread 0x00007f88c402b870 Uncommon trap: reason=unstable_if action=reinterpret pc=0x00007f88b41c9d00 method=com.dylibso.chicory.wasm.Validator.setLocal(I)V @ 10 c2
Event: 20.530 Thread 0x00007f88c402b870 DEOPT PACKING pc=0x00007f88b41c9d00 sp=0x00007f88ca281840
Event: 20.530 Thread 0x00007f88c402b870 DEOPT UNPACKING pc=0x00007f88b39910f9 sp=0x00007f88ca281808 mode 2
Event: 20.817 Thread 0x00007f88c402b870 Uncommon trap: trap_request=0xffffff45 fr.pc=0x00007f88b471b9c8 relative=0x0000000000004028
Event: 20.817 Thread 0x00007f88c402b870 Uncommon trap: reason=unstable_if action=reinterpret pc=0x00007f88b471b9c8 method=com.dylibso.chicory.cranelift.CraneliftMachineFuncGroup_0.func_3874(IIILcom/dylibso/chicory/runtime/Memory;Lcom/dylibso/chicory/runtime/Instance;)V @ 248 c2
Event: 20.817 Thread 0x00007f88c402b870 DEOPT PACKING pc=0x00007f88b471b9c8 sp=0x00007f88ca280210
Event: 20.817 Thread 0x00007f88c402b870 DEOPT UNPACKING pc=0x00007f88b39910f9 sp=0x00007f88ca280238 mode 2
Event: 20.863 Thread 0x00007f88c402b870 Uncommon trap: trap_request=0xffffffde fr.pc=0x00007f88b448beac relative=0x000000000000162c
Event: 20.863 Thread 0x00007f88c402b870 Uncommon trap: reason=class_check action=maybe_recompile pc=0x00007f88b448beac method=com.dylibso.chicory.runtime.Instance.initialize(Z)Lcom/dylibso/chicory/runtime/Instance; @ 173 c2
Event: 20.863 Thread 0x00007f88c402b870 DEOPT PACKING pc=0x00007f88b448beac sp=0x00007f88ca281ef0
Event: 20.863 Thread 0x00007f88c402b870 DEOPT UNPACKING pc=0x00007f88b39910f9 sp=0x00007f88ca281e90 mode 2

Classes loaded (20 events):
Event: 10.124 Loading class java/lang/StackTraceElement$HashedModules
Event: 10.124 Loading class java/lang/StackTraceElement$HashedModules done
Event: 10.126 Loading class java/util/AbstractList$RandomAccessSubList
Event: 10.126 Loading class java/util/AbstractList$SubList
Event: 10.126 Loading class java/util/AbstractList$SubList done
Event: 10.126 Loading class java/util/AbstractList$RandomAccessSubList done
Event: 10.126 Loading class java/util/AbstractList$SubList$1
Event: 10.127 Loading class java/util/AbstractList$SubList$1 done
Event: 10.131 Loading class java/io/PrintWriter
Event: 10.132 Loading class java/io/PrintWriter done
Event: 10.132 Loading class java/lang/Throwable$WrappedPrintWriter
Event: 10.132 Loading class java/lang/Throwable$PrintStreamOrWriter
Event: 10.132 Loading class java/lang/Throwable$PrintStreamOrWriter done
Event: 10.132 Loading class java/lang/Throwable$WrappedPrintWriter done
Event: 20.138 Loading class java/lang/invoke/BoundMethodHandle$Species_LLLLLLLL
Event: 20.138 Loading class java/lang/invoke/BoundMethodHandle$Species_LLLLLLLL done
Event: 20.139 Loading class java/lang/invoke/BoundMethodHandle$Species_LLLLLLLLL
Event: 20.139 Loading class java/lang/invoke/BoundMethodHandle$Species_LLLLLLLLL done
Event: 20.143 Loading class java/lang/invoke/BoundMethodHandle$Species_LLLLLLLLLL
Event: 20.143 Loading class java/lang/invoke/BoundMethodHandle$Species_LLLLLLLLLL done

Classes unloaded (0 events):
No events

Classes redefined (0 events):
No events

Internal exceptions (20 events):
Event: 19.662 Thread 0x00007f88c402b870 Exception <a 'java/lang/NoSuchMethodError'{0x00000007ff8336d0}: 'void java.lang.invoke.DirectMethodHandle$Holder.invokeSpecial(java.lang.Object, java.lang.Object, long, long)'> (0x00000007ff8336d0) 
thrown [src/hotspot/share/interpreter/linkResolver.cpp, line 803]
Event: 19.662 Thread 0x00007f88c402b870 Exception <a 'java/lang/NoSuchMethodError'{0x00000007ff83bc18}: 'void java.lang.invoke.Invokers$Holder.exactInvoker(java.lang.Object, java.lang.Object, long, long)'> (0x00000007ff83bc18) 
thrown [src/hotspot/share/interpreter/linkResolver.cpp, line 803]
Event: 19.662 Thread 0x00007f88c402b870 Exception <a 'java/lang/NoSuchMethodError'{0x00000007ff844838}: 'void java.lang.invoke.DelegatingMethodHandle$Holder.delegate(java.lang.Object, java.lang.Object, long, long)'> (0x00000007ff844838) 
thrown [src/hotspot/share/interpreter/linkResolver.cpp, line 803]
Event: 19.665 Thread 0x00007f88c402b870 Exception <a 'java/lang/ArrayIndexOutOfBoundsException'{0x00000007ff8b6980}: Index 1 out of bounds for length 1> (0x00000007ff8b6980) 
thrown [src/hotspot/share/interpreter/interpreterRuntime.cpp, line 420]
Event: 19.666 Thread 0x00007f88c402b870 Exception <a 'java/lang/ArrayIndexOutOfBoundsException'{0x00000007ff8cb798}: Index 1 out of bounds for length 1> (0x00000007ff8cb798) 
thrown [src/hotspot/share/interpreter/interpreterRuntime.cpp, line 420]
Event: 19.666 Thread 0x00007f88c402b870 Exception <a 'java/lang/ArrayIndexOutOfBoundsException'{0x00000007ff8dff10}: Index 1 out of bounds for length 1> (0x00000007ff8dff10) 
thrown [src/hotspot/share/interpreter/interpreterRuntime.cpp, line 420]
Event: 19.667 Thread 0x00007f88c402b870 Exception <a 'java/lang/ArrayIndexOutOfBoundsException'{0x00000007ff8f4688}: Index 1 out of bounds for length 1> (0x00000007ff8f4688) 
thrown [src/hotspot/share/interpreter/interpreterRuntime.cpp, line 420]
Event: 19.677 Thread 0x00007f88c402b870 Implicit null exception at 0x00007f88b46adbe1 to 0x00007f88b46b1b78
Event: 20.130 Thread 0x00007f88c402b870 Exception <a 'java/lang/NoSuchMethodError'{0x00000004206bfbf8}: 'void java.lang.invoke.DirectMethodHandle$Holder.invokeStaticInit(java.lang.Object, java.lang.Object, java.lang.Object, java.lang.Object, java.lang.Object, long, float, double, int, int)'> (0x00000004206bfbf8) 
thrown [src/hotspot/share/interpreter/linkResolver.cpp, line 803]
Event: 20.130 Thread 0x00007f88c402b870 Exception <a 'java/lang/NoSuchMethodError'{0x00000004206d0af8}: 'void java.lang.invoke.DelegatingMethodHandle$Holder.reinvoke_L(java.lang.Object, java.lang.Object, java.lang.Object, java.lang.Object, java.lang.Object, long, float, double, int, int)'> (0x00000004206d0af8) 
thrown [src/hotspot/share/interpreter/linkResolver.cpp, line 803]
Event: 20.132 Thread 0x00007f88c402b870 Exception <a 'java/lang/NoSuchMethodError'{0x000000042071c780}: 'double java.lang.invoke.DirectMethodHandle$Holder.invokeStaticInit(java.lang.Object, java.lang.Object, java.lang.Object, java.lang.Object, java.lang.Object, long, float, double, int, int)'> (0x000000042071c780) 
thrown [src/hotspot/share/interpreter/linkResolver.cpp, line 803]
Event: 20.133 Thread 0x00007f88c402b870 Exception <a 'java/lang/NoSuchMethodError'{0x000000042072d680}: 'double java.lang.invoke.DelegatingMethodHandle$Holder.reinvoke_L(java.lang.Object, java.lang.Object, java.lang.Object, java.lang.Object, java.lang.Object, long, float, double, int, int)'> (0x000000042072d680) 
thrown [src/hotspot/share/interpreter/linkResolver.cpp, line 803]
Event: 20.136 Thread 0x00007f88c402b870 Implicit null exception at 0x00007f88b45a6de9 to 0x00007f88b45a8920
Event: 20.136 Thread 0x00007f88c402b870 Exception <a 'java/lang/NoSuchMethodError'{0x000000041f826b70}: 'java.lang.Object java.lang.invoke.Invokers$Holder.invoker(java.lang.Object, java.lang.Object, java.lang.Object, java.lang.Object, java.lang.Object, java.lang.Object, java.lang.Object, java.lang.Object, java.lang.Object)'> (0x000000041f826b70) 
thrown [src/hotspot/share/interpreter/linkResolver.cpp, line 803]
Event: 20.137 Thread 0x00007f88c402b870 Implicit null exception at 0x00007f88b45d457e to 0x00007f88b45d4938
Event: 20.139 Thread 0x00007f88c402b870 Exception <a 'java/lang/NoSuchMethodError'{0x000000041f869e78}: 'java.lang.Object java.lang.invoke.DirectMethodHandle$Holder.invokeStatic(java.lang.Object, java.lang.Object, java.lang.Object, java.lang.Object, java.lang.Object, java.lang.Object, java.lang.Object, java.lang.Object, java.lang.Object, java.lang.Object, java.lang.Object)'> (0x000000041f869e78) 
thrown [src/hotspot/share/interpreter/linkResolver.cpp, line 803]
Event: 20.140 Thread 0x00007f88c402b870 Exception <a 'java/lang/NoSuchMethodError'{0x000000041f891398}: 'java.lang.Object java.lang.invoke.DirectMethodHandle$Holder.invokeStatic(java.lang.Object, java.lang.Object, java.lang.Object, java.lang.Object, java.lang.Object, java.lang.Object, java.lang.Object, java.lang.Object, java.lang.Object, java.lang.Object, java.lang.Object, java.lang.Object)'> (0x000000041f891398) 
thrown [src/hotspot/share/interpreter/linkResolver.cpp, line 803]
Event: 20.144 Thread 0x00007f88c402b870 Exception <a 'java/lang/NoSuchMethodError'{0x000000041f912a60}: 'java.lang.Object java.lang.invoke.DirectMethodHandle$Holder.invokeStatic(java.lang.Object, java.lang.Object, java.lang.Object, java.lang.Object, java.lang.Object, java.lang.Object, java.lang.Object, java.lang.Object, java.lang.Object, java.lang.Object, java.lang.Object, java.lang.Object, java.lang.Object)'> (0x000000041f912a60) 
thrown [src/hotspot/share/interpreter/linkResolver.cpp, line 803]
Event: 20.215 Thread 0x00007f88c402b870 Exception <a 'java/lang/NoSuchMethodError'{0x000000041f300a10}: 'long java.lang.invoke.DirectMethodHandle$Holder.invokeStaticInit(java.lang.Object, java.lang.Object, java.lang.Object, java.lang.Object, java.lang.Object, long, float, double, int, int)'> (0x000000041f300a10) 
thrown [src/hotspot/share/interpreter/linkResolver.cpp, line 803]
Event: 20.216 Thread 0x00007f88c402b870 Exception <a 'java/lang/NoSuchMethodError'{0x000000041f311910}: 'long java.lang.invoke.DelegatingMethodHandle$Holder.reinvoke_L(java.lang.Object, java.lang.Object, java.lang.Object, java.lang.Object, java.lang.Object, long, float, double, int, int)'> (0x000000041f311910) 
thrown [src/hotspot/share/interpreter/linkResolver.cpp, line 803]

VM Operations (20 events):
Event: 17.226 Executing safepoint VM operation: G1CollectForAllocation (G1 Evacuation Pause)
Event: 17.233 Executing safepoint VM operation: G1CollectForAllocation (G1 Evacuation Pause) done
Event: 18.010 Executing safepoint VM operation: G1CollectForAllocation (G1 Evacuation Pause)
Event: 18.018 Executing safepoint VM operation: G1CollectForAllocation (G1 Evacuation Pause) done
Event: 18.545 Executing non-safepoint VM operation: HandshakeAllThreads (Deoptimize)
Event: 18.545 Executing non-safepoint VM operation: HandshakeAllThreads (Deoptimize) done
Event: 18.611 Executing safepoint VM operation: G1CollectForAllocation (G1 Evacuation Pause)
Event: 18.618 Executing safepoint VM operation: G1CollectForAllocation (G1 Evacuation Pause) done
Event: 19.362 Executing safepoint VM operation: G1CollectForAllocation (G1 Evacuation Pause)
Event: 19.371 Executing safepoint VM operation: G1CollectForAllocation (G1 Evacuation Pause) done
Event: 19.651 Executing safepoint VM operation: G1TryInitiateConcMark (CodeCache GC Threshold)
Event: 19.659 Executing safepoint VM operation: G1TryInitiateConcMark (CodeCache GC Threshold) done
Event: 19.710 Executing safepoint VM operation: G1PauseRemark
Event: 19.718 Executing safepoint VM operation: G1PauseRemark done
Event: 19.740 Executing safepoint VM operation: G1PauseCleanup
Event: 19.740 Executing safepoint VM operation: G1PauseCleanup done
Event: 20.286 Executing safepoint VM operation: G1CollectForAllocation (G1 Evacuation Pause)
Event: 20.295 Executing safepoint VM operation: G1CollectForAllocation (G1 Evacuation Pause) done
Event: 20.933 Executing safepoint VM operation: G1CollectForAllocation (G1 Evacuation Pause)
Event: 20.950 Executing safepoint VM operation: G1CollectForAllocation (G1 Evacuation Pause) done

Memory protections (20 events):
Event: 7.380 Protecting memory [0x00007f885de00000,0x00007f885de04000] with protection modes 0
Event: 7.382 Protecting memory [0x00007f886bf00000,0x00007f886bf04000] with protection modes 0
Event: 7.430 Protecting memory [0x00007f885dd00000,0x00007f885dd04000] with protection modes 0
Event: 7.430 Protecting memory [0x00007f88887ac000,0x00007f88887b0000] with protection modes 0
Event: 7.430 Protecting memory [0x00007f88886ac000,0x00007f88886b0000] with protection modes 0
Event: 8.561 Protecting memory [0x00007f886bf00000,0x00007f886bf04000] with protection modes 0
Event: 8.945 Protecting memory [0x00007f885dd00000,0x00007f885dd04000] with protection modes 0
Event: 9.891 Protecting memory [0x00007f88887ac000,0x00007f88887b0000] with protection modes 0
Event: 10.542 Protecting memory [0x00007f88886ac000,0x00007f88886b0000] with protection modes 0
Event: 10.617 Protecting memory [0x00007f88880ac000,0x00007f88880b0000] with protection modes 0
Event: 12.782 Protecting memory [0x00007f88886ac000,0x00007f88886b0000] with protection modes 0
Event: 12.853 Protecting memory [0x00007f88880ac000,0x00007f88880b0000] with protection modes 0
Event: 12.854 Protecting memory [0x00007f885cdf2000,0x00007f885cdf6000] with protection modes 0
Event: 12.854 Protecting memory [0x00007f885ccf2000,0x00007f885ccf6000] with protection modes 0
Event: 15.333 Protecting memory [0x00007f885dd00000,0x00007f885dd04000] with protection modes 0
Event: 15.406 Protecting memory [0x00007f88887ac000,0x00007f88887b0000] with protection modes 0
Event: 15.406 Protecting memory [0x00007f88886ac000,0x00007f88886b0000] with protection modes 0
Event: 15.938 Protecting memory [0x00007f88880ac000,0x00007f88880b0000] with protection modes 0
Event: 15.938 Protecting memory [0x00007f885cdf2000,0x00007f885cdf6000] with protection modes 0
Event: 15.938 Protecting memory [0x00007f885ccf2000,0x00007f885ccf6000] with protection modes 0

Nmethod flushes (20 events):
Event: 19.717 Thread 0x00007f88c40fb320 flushing  nmethod 0x00007f88ac677408
Event: 19.717 Thread 0x00007f88c40fb320 flushing  nmethod 0x00007f88ac677708
Event: 19.717 Thread 0x00007f88c40fb320 flushing  nmethod 0x00007f88ac679008
Event: 19.717 Thread 0x00007f88c40fb320 flushing  nmethod 0x00007f88ac679388
Event: 19.717 Thread 0x00007f88c40fb320 flushing  nmethod 0x00007f88ac679688
Event: 19.717 Thread 0x00007f88c40fb320 flushing  nmethod 0x00007f88ac679c88
Event: 19.717 Thread 0x00007f88c40fb320 flushing  nmethod 0x00007f88ac679f88
Event: 19.717 Thread 0x00007f88c40fb320 flushing  nmethod 0x00007f88ac67b308
Event: 19.717 Thread 0x00007f88c40fb320 flushing  nmethod 0x00007f88ac67b688
Event: 19.717 Thread 0x00007f88c40fb320 flushing  nmethod 0x00007f88ac6b2908
Event: 19.717 Thread 0x00007f88c40fb320 flushing  nmethod 0x00007f88ac6b3188
Event: 19.717 Thread 0x00007f88c40fb320 flushing  nmethod 0x00007f88ac6b3808
Event: 19.717 Thread 0x00007f88c40fb320 flushing  nmethod 0x00007f88ac6b4088
Event: 19.717 Thread 0x00007f88c40fb320 flushing  nmethod 0x00007f88ac6b5488
Event: 19.717 Thread 0x00007f88c40fb320 flushing  nmethod 0x00007f88ac6b5788
Event: 19.717 Thread 0x00007f88c40fb320 flushing  nmethod 0x00007f88ac6b6308
Event: 19.717 Thread 0x00007f88c40fb320 flushing  nmethod 0x00007f88ac6b6988
Event: 19.717 Thread 0x00007f88c40fb320 flushing  nmethod 0x00007f88ac6b7988
Event: 19.717 Thread 0x00007f88c40fb320 flushing  nmethod 0x00007f88ac6b8208
Event: 19.717 Thread 0x00007f88c40fb320 flushing  nmethod 0x00007f88ac6b9008

Events (20 events):
Event: 12.853 Thread 0x00007f882073cbe0 Thread added: 0x00007f8840756fb0
Event: 12.854 Thread 0x00007f882073cbe0 Thread added: 0x00007f8840bbbdc0
Event: 12.854 Thread 0x00007f882073cbe0 Thread added: 0x00007f8840bbcf60
Event: 13.311 Thread 0x00007f8840bbcf60 Thread exited: 0x00007f8840bbcf60
Event: 13.311 Thread 0x00007f8840bbbdc0 Thread exited: 0x00007f8840bbbdc0
Event: 13.620 Thread 0x00007f8840756fb0 Thread exited: 0x00007f8840756fb0
Event: 13.895 Thread 0x00007f8824ebb200 Thread exited: 0x00007f8824ebb200
Event: 14.207 Thread 0x00007f882073cbe0 Thread exited: 0x00007f882073cbe0
Event: 14.489 Thread 0x00007f882430e370 Thread exited: 0x00007f882430e370
Event: 15.333 Thread 0x00007f88c410c830 Thread added: 0x00007f8848b0afb0
Event: 15.406 Thread 0x00007f8848bc2bb0 Thread added: 0x00007f88300111c0
Event: 15.406 Thread 0x00007f8848bc2bb0 Thread added: 0x00007f883073b080
Event: 15.938 Thread 0x00007f88c410c830 Thread added: 0x00007f8848348c40
Event: 15.938 Thread 0x00007f88c410c830 Thread added: 0x00007f8848524160
Event: 15.938 Thread 0x00007f88c410c830 Thread added: 0x00007f8848524e20
Event: 17.803 Thread 0x00007f8848524e20 Thread exited: 0x00007f8848524e20
Event: 17.891 Thread 0x00007f8848524160 Thread exited: 0x00007f8848524160
Event: 17.933 Thread 0x00007f8848348c40 Thread exited: 0x00007f8848348c40
Event: 17.963 Thread 0x00007f883073b080 Thread exited: 0x00007f883073b080
Event: 17.963 Thread 0x00007f88300111c0 Thread exited: 0x00007f88300111c0


Dynamic libraries:
80000000-80001000 ---p 00000000 00:00 0 
80001000-80d8c000 rw-p 00001000 00:24 62088005                           /home/andreatp/.sdkman/candidates/java/25-tem/lib/server/classes.jsa
80d8c000-81000000 ---p 00000000 00:00 0 
81000000-81040000 rw-p 00000000 00:00 0 
81040000-81140000 rw-p 00000000 00:00 0 
81140000-81180000 rw-p 00000000 00:00 0 
81180000-812a0000 rw-p 00000000 00:00 0 
812a0000-c1000000 ---p 00000000 00:00 0 
418000000-42a000000 rw-p 00000000 00:00 0 
42a000000-452000000 ---p 00000000 00:00 0 
452000000-453000000 rw-p 00000000 00:00 0 
453000000-485000000 ---p 00000000 00:00 0 
485000000-485800000 rw-p 00000000 00:00 0 
485800000-7ff000000 ---p 00000000 00:00 0 
7ff000000-7ff800000 rw-p 00000000 00:00 0 
7ff800000-7ff921000 rw-p 00dbf000 00:24 62088005                         /home/andreatp/.sdkman/candidates/java/25-tem/lib/server/classes.jsa
7ff921000-800000000 rw-p 00000000 00:00 0 
55bb92106000-55bb92107000 r--p 00000000 00:24 62087964                   /home/andreatp/.sdkman/candidates/java/25-tem/bin/java
55bb92107000-55bb92108000 r-xp 00001000 00:24 62087964                   /home/andreatp/.sdkman/candidates/java/25-tem/bin/java
55bb92108000-55bb92109000 r--p 00002000 00:24 62087964                   /home/andreatp/.sdkman/candidates/java/25-tem/bin/java
55bb92109000-55bb9210a000 r--p 00002000 00:24 62087964                   /home/andreatp/.sdkman/candidates/java/25-tem/bin/java
55bb9210a000-55bb9210b000 rw-p 00003000 00:24 62087964                   /home/andreatp/.sdkman/candidates/java/25-tem/bin/java
55bba3f5b000-55bba3fa4000 rw-p 00000000 00:00 0                          [heap]
7f87d8000000-7f87d95e5000 rw-p 00000000 00:00 0 
7f87d95e5000-7f87dc000000 ---p 00000000 00:00 0 
7f87dc000000-7f87dcef6000 rw-p 00000000 00:00 0 
7f87dcef6000-7f87e0000000 ---p 00000000 00:00 0 
7f87e0000000-7f87e0021000 rw-p 00000000 00:00 0 
7f87e0021000-7f87e4000000 ---p 00000000 00:00 0 
7f87e4000000-7f87e599e000 rw-p 00000000 00:00 0 
7f87e599e000-7f87e8000000 ---p 00000000 00:00 0 
7f87e8000000-7f87e8021000 rw-p 00000000 00:00 0 
7f87e8021000-7f87ec000000 ---p 00000000 00:00 0 
7f87ec000000-7f87ec021000 rw-p 00000000 00:00 0 
7f87ec021000-7f87f0000000 ---p 00000000 00:00 0 
7f87f0000000-7f87f0021000 rw-p 00000000 00:00 0 
7f87f0021000-7f87f4000000 ---p 00000000 00:00 0 
7f87f4000000-7f87f4021000 rw-p 00000000 00:00 0 
7f87f4021000-7f87f8000000 ---p 00000000 00:00 0 
7f87f8000000-7f87f808d000 rw-p 00000000 00:00 0 
7f87f808d000-7f87fc000000 ---p 00000000 00:00 0 
7f87fc000000-7f87fc060000 rw-p 00000000 00:00 0 
7f87fc060000-7f8800000000 ---p 00000000 00:00 0 
7f8800000000-7f8800021000 rw-p 00000000 00:00 0 
7f8800021000-7f8804000000 ---p 00000000 00:00 0 
7f8804000000-7f8804021000 rw-p 00000000 00:00 0 
7f8804021000-7f8808000000 ---p 00000000 00:00 0 
7f8808000000-7f8808021000 rw-p 00000000 00:00 0 
7f8808021000-7f880c000000 ---p 00000000 00:00 0 
7f880c000000-7f880c021000 rw-p 00000000 00:00 0 
7f880c021000-7f8810000000 ---p 00000000 00:00 0 
7f8810000000-7f8810021000 rw-p 00000000 00:00 0 
7f8810021000-7f8814000000 ---p 00000000 00:00 0 
7f8814000000-7f8814021000 rw-p 00000000 00:00 0 
7f8814021000-7f8818000000 ---p 00000000 00:00 0 
7f8818000000-7f8819deb000 rw-p 00000000 00:00 0 
7f8819deb000-7f881c000000 ---p 00000000 00:00 0 
7f881c000000-7f881e729000 rw-p 00000000 00:00 0 
7f881e729000-7f8820000000 ---p 00000000 00:00 0 
7f8820000000-7f88219fe000 rw-p 00000000 00:00 0 
7f88219fe000-7f8824000000 ---p 00000000 00:00 0 
7f8824000000-7f88256d3000 rw-p 00000000 00:00 0 
7f88256d3000-7f8828000000 ---p 00000000 00:00 0 
7f8828000000-7f8828021000 rw-p 00000000 00:00 0 
7f8828021000-7f882c000000 ---p 00000000 00:00 0 
7f882c000000-7f882c1c5000 rw-p 00000000 00:00 0 
7f882c1c5000-7f8830000000 ---p 00000000 00:00 0 
7f8830000000-7f8832969000 rw-p 00000000 00:00 0 
7f8832969000-7f8834000000 ---p 00000000 00:00 0 
7f8834000000-7f8834021000 rw-p 00000000 00:00 0 
7f8834021000-7f8838000000 ---p 00000000 00:00 0 
7f8838000000-7f8838021000 rw-p 00000000 00:00 0 
7f8838021000-7f883c000000 ---p 00000000 00:00 0 
7f883c000000-7f883c021000 rw-p 00000000 00:00 0 
7f883c021000-7f8840000000 ---p 00000000 00:00 0 
7f8840000000-7f8841e52000 rw-p 00000000 00:00 0 
7f8841e52000-7f8844000000 ---p 00000000 00:00 0 
7f8844000000-7f8845c3c000 rw-p 00000000 00:00 0 
7f8845c3c000-7f8848000000 ---p 00000000 00:00 0 
7f8848000000-7f884a820000 rw-p 00000000 00:00 0 
7f884a820000-7f884c000000 ---p 00000000 00:00 0 
7f884c000000-7f884cf06000 rw-p 00000000 00:00 0 
7f884cf06000-7f8850000000 ---p 00000000 00:00 0 
7f8850000000-7f885003d000 rw-p 00000000 00:00 0 
7f885003d000-7f8854000000 ---p 00000000 00:00 0 
7f8854000000-7f8854021000 rw-p 00000000 00:00 0 
7f8854021000-7f8858000000 ---p 00000000 00:00 0 
7f8858000000-7f8858021000 rw-p 00000000 00:00 0 
7f8858021000-7f885c000000 ---p 00000000 00:00 0 
7f885ccbe000-7f885ccc5000 r--s 00000000 00:24 17059797                   /usr/lib64/gconv/gconv-modules.cache
7f885ccc5000-7f885cccf000 r-xp 00000000 00:00 0 
7f885cccf000-7f885ccd5000 r-xp 00000000 00:00 0 
7f885ccd5000-7f885ccf2000 r-xp 00000000 00:00 0 
7f885ccf2000-7f885ccf6000 ---p 00000000 00:00 0 
7f885ccf6000-7f885cdf2000 rw-p 00000000 00:00 0 
7f885cdf2000-7f885cdf6000 ---p 00000000 00:00 0 
7f885cdf6000-7f885cef2000 rw-p 00000000 00:00 0 
7f885cef2000-7f885cef3000 ---p 00000000 00:00 0 
7f885cef3000-7f885cff3000 rw-p 00000000 00:00 0 
7f885cff3000-7f885cff4000 ---p 00000000 00:00 0 
7f885cff4000-7f885d0f4000 rw-p 00000000 00:00 0 
7f885d0f4000-7f885d0f5000 ---p 00000000 00:00 0 
7f885d0f5000-7f885d1f5000 rw-p 00000000 00:00 0 
7f885d1f5000-7f885d1f6000 ---p 00000000 00:00 0 
7f885d1f6000-7f885d2f6000 rw-p 00000000 00:00 0 
7f885d2f6000-7f885d2f7000 ---p 00000000 00:00 0 
7f885d2f7000-7f885d3f7000 rw-p 00000000 00:00 0 
7f885d3f7000-7f885d3f8000 ---p 00000000 00:00 0 
7f885d3f8000-7f885d4f8000 rw-p 00000000 00:00 0 
7f885d4f8000-7f885d4f9000 ---p 00000000 00:00 0 
7f885d4f9000-7f885d5f9000 rw-p 00000000 00:00 0 
7f885d5f9000-7f885d5fa000 ---p 00000000 00:00 0 
7f885d5fa000-7f885d6fa000 rw-p 00000000 00:00 0 
7f885d6fa000-7f885d6fb000 ---p 00000000 00:00 0 
7f885d6fb000-7f885d7fb000 rw-p 00000000 00:00 0 
7f885d7fb000-7f885d7fc000 ---p 00000000 00:00 0 
7f885d7fc000-7f885d8fc000 rw-p 00000000 00:00 0 
7f885d8fc000-7f885d8fd000 ---p 00000000 00:00 0 
7f885d8fd000-7f885d9fd000 rw-p 00000000 00:00 0 
7f885d9fd000-7f885d9fe000 ---p 00000000 00:00 0 
7f885d9fe000-7f885dafe000 rw-p 00000000 00:00 0 
7f885dafe000-7f885daff000 ---p 00000000 00:00 0 
7f885daff000-7f885dbff000 rw-p 00000000 00:00 0 
7f885dbff000-7f885dc00000 ---p 00000000 00:00 0 
7f885dc00000-7f885dd00000 rw-p 00000000 00:00 0 
7f885dd00000-7f885dd04000 ---p 00000000 00:00 0 
7f885dd04000-7f885de00000 rw-p 00000000 00:00 0 
7f885de00000-7f885de04000 ---p 00000000 00:00 0 
7f885de04000-7f885df00000 rw-p 00000000 00:00 0 
7f885df00000-7f885df04000 ---p 00000000 00:00 0 
7f885df04000-7f885e000000 rw-p 00000000 00:00 0 
7f885e000000-7f886be70000 r--p 00000000 00:24 16857077                   /usr/lib/locale/locale-archive
7f886be70000-7f886bf00000 r-xp 00000000 00:00 0 
7f886bf00000-7f886bf04000 ---p 00000000 00:00 0 
7f886bf04000-7f886c000000 rw-p 00000000 00:00 0 
7f886c000000-7f886c400000 rw-p 00000000 00:00 0 
7f886c400000-7f886cfc0000 rw-p 00000000 00:00 0 
7f886cfc0000-7f886d100000 rw-p 00000000 00:00 0 
7f886d100000-7f886d1c0000 rw-p 00000000 00:00 0 
7f886d1c0000-7f886d720000 rw-p 00000000 00:00 0 
7f886d720000-7f886d840000 rw-p 00000000 00:00 0 
7f886d840000-7f886d940000 rw-p 00000000 00:00 0 
7f886d940000-7f886da60000 rw-p 00000000 00:00 0 
7f886da60000-7f886dae0000 rw-p 00000000 00:00 0 
7f886dae0000-7f886db80000 rw-p 00000000 00:00 0 
7f886db80000-7f886dc00000 ---p 00000000 00:00 0 
7f886dc00000-7f886df20000 rw-p 00000000 00:00 0 
7f886df20000-7f886e1d0000 rw-p 00000000 00:00 0 
7f886e1d0000-7f8870000000 ---p 00000000 00:00 0 
7f8870000000-7f8870021000 rw-p 00000000 00:00 0 
7f8870021000-7f8874000000 ---p 00000000 00:00 0 
7f8874000000-7f8874021000 rw-p 00000000 00:00 0 
7f8874021000-7f8878000000 ---p 00000000 00:00 0 
7f8878000000-7f8878021000 rw-p 00000000 00:00 0 
7f8878021000-7f887c000000 ---p 00000000 00:00 0 
7f887c000000-7f887c021000 rw-p 00000000 00:00 0 
7f887c021000-7f8880000000 ---p 00000000 00:00 0 
7f8880000000-7f8880037000 rw-p 00000000 00:00 0 
7f8880037000-7f8884000000 ---p 00000000 00:00 0 
7f8884000000-7f8884021000 rw-p 00000000 00:00 0 
7f8884021000-7f8888000000 ---p 00000000 00:00 0 
7f8888000000-7f88880ac000 r-xp 00000000 00:00 0 
7f88880ac000-7f88880b0000 ---p 00000000 00:00 0 
7f88880b0000-7f88881ac000 rw-p 00000000 00:00 0 
7f88881ac000-7f88881b0000 ---p 00000000 00:00 0 
7f88881b0000-7f88882ac000 rw-p 00000000 00:00 0 
7f88882ac000-7f88882b0000 ---p 00000000 00:00 0 
7f88882b0000-7f88883ac000 rw-p 00000000 00:00 0 
7f88883ac000-7f88883b0000 ---p 00000000 00:00 0 
7f88883b0000-7f88884ac000 rw-p 00000000 00:00 0 
7f88884ac000-7f88884b0000 ---p 00000000 00:00 0 
7f88884b0000-7f88885ac000 rw-p 00000000 00:00 0 
7f88885ac000-7f88885b0000 ---p 00000000 00:00 0 
7f88885b0000-7f88886ac000 rw-p 00000000 00:00 0 
7f88886ac000-7f88886b0000 ---p 00000000 00:00 0 
7f88886b0000-7f88887ac000 rw-p 00000000 00:00 0 
7f88887ac000-7f88887b0000 ---p 00000000 00:00 0 
7f88887b0000-7f88888ac000 rw-p 00000000 00:00 0 
7f88888ac000-7f88888ad000 r--p 00000000 00:24 62088018                   /home/andreatp/.sdkman/candidates/java/25-tem/lib/libsimdsort.so
7f88888ad000-7f88888e6000 r-xp 00001000 00:24 62088018                   /home/andreatp/.sdkman/candidates/java/25-tem/lib/libsimdsort.so
7f88888e6000-7f88888ec000 r--p 0003a000 00:24 62088018                   /home/andreatp/.sdkman/candidates/java/25-tem/lib/libsimdsort.so
7f88888ec000-7f88888ed000 r--p 0003f000 00:24 62088018                   /home/andreatp/.sdkman/candidates/java/25-tem/lib/libsimdsort.so
7f88888ed000-7f88888ee000 rw-p 00040000 00:24 62088018                   /home/andreatp/.sdkman/candidates/java/25-tem/lib/libsimdsort.so
7f88888ee000-7f88888f2000 ---p 00000000 00:00 0 
7f88888f2000-7f88889ee000 rw-p 00000000 00:00 0 
7f88889ee000-7f88889f2000 ---p 00000000 00:00 0 
7f88889f2000-7f8888aee000 rw-p 00000000 00:00 0 
7f8888aee000-7f8888af2000 ---p 00000000 00:00 0 
7f8888af2000-7f8888bee000 rw-p 00000000 00:00 0 
7f8888bee000-7f8888bf2000 ---p 00000000 00:00 0 
7f8888bf2000-7f8888cee000 rw-p 00000000 00:00 0 
7f8888cee000-7f8888cf2000 ---p 00000000 00:00 0 
7f8888cf2000-7f8888dee000 rw-p 00000000 00:00 0 
7f8888dee000-7f8888def000 ---p 00000000 00:00 0 
7f8888def000-7f8888eef000 rw-p 00000000 00:00 0 
7f8888eef000-7f8888ef0000 ---p 00000000 00:00 0 
7f8888ef0000-7f8888ef4000 ---p 00000000 00:00 0 
7f8888ef4000-7f8888ff0000 rw-p 00000000 00:00 0 
7f8888ff0000-7f8888ff1000 ---p 00000000 00:00 0 
7f8888ff1000-7f8888ff5000 ---p 00000000 00:00 0 
7f8888ff5000-7f88890f1000 rw-p 00000000 00:00 0 
7f88890f1000-7f88890f2000 ---p 00000000 00:00 0 
7f88890f2000-7f88891f2000 rw-p 00000000 00:00 0 
7f88891f2000-7f88891f3000 ---p 00000000 00:00 0 
7f88891f3000-7f88892f3000 rw-p 00000000 00:00 0 
7f88892f3000-7f88892f4000 ---p 00000000 00:00 0 
7f88892f4000-7f88893f4000 rw-p 00000000 00:00 0 
7f88893f4000-7f888c021000 rw-p 00000000 00:00 0 
7f888c021000-7f8890000000 ---p 00000000 00:00 0 
7f8890000000-7f8890021000 rw-p 00000000 00:00 0 
7f8890021000-7f8894000000 ---p 00000000 00:00 0 
7f8894000000-7f8894021000 rw-p 00000000 00:00 0 
7f8894021000-7f8898000000 ---p 00000000 00:00 0 
7f8898000000-7f8898021000 r-xp 00000000 00:00 0 
7f8898021000-7f88981fe000 rw-p 00000000 00:00 0 
7f88981fe000-7f88981ff000 ---p 00000000 00:00 0 
7f88981ff000-7f88982ff000 rw-p 00000000 00:00 0 
7f88982ff000-7f8898300000 ---p 00000000 00:00 0 
7f8898300000-7f8898400000 rw-p 00000000 00:00 0 
7f8898400000-7f8898880000 rw-p 00000000 00:00 0 
7f8898880000-7f8899280000 ---p 00000000 00:00 0 
7f8899280000-7f88992c0000 rw-p 00000000 00:00 0 
7f88992c0000-7f8899f40000 ---p 00000000 00:00 0 
7f8899f40000-7f8899f60000 rw-p 00000000 00:00 0 
7f8899f60000-7f88a7dc0000 ---p 00000000 00:00 0 
7f88a7dc0000-7f88a7e00000 rw-p 00000000 00:00 0 
7f88a7e00000-7f88a7e01000 r-xp 00000000 00:00 0 
7f88a7e01000-7f88a7e1a000 r-xp 00000000 00:00 0 
7f88a7e1a000-7f88a7e1c000 r--p 00000000 00:24 62087985                   /home/andreatp/.sdkman/candidates/java/25-tem/lib/libzip.so
7f88a7e1c000-7f88a7e2e000 r-xp 00002000 00:24 62087985                   /home/andreatp/.sdkman/candidates/java/25-tem/lib/libzip.so
7f88a7e2e000-7f88a7e36000 r--p 00014000 00:24 62087985                   /home/andreatp/.sdkman/candidates/java/25-tem/lib/libzip.so
7f88a7e36000-7f88a7e37000 r--p 0001b000 00:24 62087985                   /home/andreatp/.sdkman/candidates/java/25-tem/lib/libzip.so
7f88a7e37000-7f88a7e38000 rw-p 0001c000 00:24 62087985                   /home/andreatp/.sdkman/candidates/java/25-tem/lib/libzip.so
7f88a7e38000-7f88a7e79000 rw-p 00000000 00:00 0 
7f88a7e79000-7f88a7e7a000 ---p 00000000 00:00 0 
7f88a7e7a000-7f88a7f7a000 rw-p 00000000 00:00 0 
7f88a7f7a000-7f88a800a000 rw-p 00000000 00:00 0 
7f88a800a000-7f88a814a000 ---p 00000000 00:00 0 
7f88a814a000-7f88a8152000 rw-p 00000000 00:00 0 
7f88a8152000-7f88a82e2000 ---p 00000000 00:00 0 
7f88a82e2000-7f88a82e6000 rw-p 00000000 00:00 0 
7f88a82e6000-7f88a9eb2000 ---p 00000000 00:00 0 
7f88a9eb2000-7f88a9f4a000 rw-p 00000000 00:00 0 
7f88a9f4a000-7f88aa08a000 ---p 00000000 00:00 0 
7f88aa08a000-7f88aa092000 rw-p 00000000 00:00 0 
7f88aa092000-7f88aa222000 ---p 00000000 00:00 0 
7f88aa222000-7f88aa226000 rw-p 00000000 00:00 0 
7f88aa226000-7f88abdf2000 ---p 00000000 00:00 0 
7f88abdf2000-7f88ac400000 rw-p 00000000 00:00 0 
7f88ac400000-7f88ae220000 rwxp 00000000 00:00 0 
7f88ae220000-7f88b385f000 ---p 00000000 00:00 0 
7f88b385f000-7f88b3caf000 rwxp 00000000 00:00 0 
7f88b3caf000-7f88b3f9f000 ---p 00000000 00:00 0 
7f88b3f9f000-7f88b472f000 rwxp 00000000 00:00 0 
7f88b472f000-7f88bb400000 ---p 00000000 00:00 0 
7f88bb400000-7f88c3f14000 r--s 00000000 00:24 62088042                   /home/andreatp/.sdkman/candidates/java/25-tem/lib/modules
7f88c3f14000-7f88c3f21000 r-xp 00000000 00:00 0 
7f88c3f21000-7f88c3f23000 r--p 00000000 00:24 62088016                   /home/andreatp/.sdkman/candidates/java/25-tem/lib/libmanagement_ext.so
7f88c3f23000-7f88c3f26000 r-xp 00002000 00:24 62088016                   /home/andreatp/.sdkman/candidates/java/25-tem/lib/libmanagement_ext.so
7f88c3f26000-7f88c3f27000 r--p 00005000 00:24 62088016                   /home/andreatp/.sdkman/candidates/java/25-tem/lib/libmanagement_ext.so
7f88c3f27000-7f88c3f28000 r--p 00006000 00:24 62088016                   /home/andreatp/.sdkman/candidates/java/25-tem/lib/libmanagement_ext.so
7f88c3f28000-7f88c3f29000 rw-p 00007000 00:24 62088016                   /home/andreatp/.sdkman/candidates/java/25-tem/lib/libmanagement_ext.so
7f88c3f29000-7f88c3f31000 r--p 00000000 00:24 62088041                   /home/andreatp/.sdkman/candidates/java/25-tem/lib/libnio.so
7f88c3f31000-7f88c3f3a000 r-xp 00008000 00:24 62088041                   /home/andreatp/.sdkman/candidates/java/25-tem/lib/libnio.so
7f88c3f3a000-7f88c3f3e000 r--p 00011000 00:24 62088041                   /home/andreatp/.sdkman/candidates/java/25-tem/lib/libnio.so
7f88c3f3e000-7f88c3f3f000 r--p 00015000 00:24 62088041                   /home/andreatp/.sdkman/candidates/java/25-tem/lib/libnio.so
7f88c3f3f000-7f88c3f40000 rw-p 00016000 00:24 62088041                   /home/andreatp/.sdkman/candidates/java/25-tem/lib/libnio.so
7f88c3f40000-7f88c5474000 rw-p 00000000 00:00 0 
7f88c5474000-7f88c8000000 ---p 00000000 00:00 0 
7f88c8000000-7f88c8003000 r-xp 00000000 00:00 0 
7f88c8003000-7f88c8006000 r--p 00000000 00:24 62088001                   /home/andreatp/.sdkman/candidates/java/25-tem/lib/libnet.so
7f88c8006000-7f88c800e000 r-xp 00003000 00:24 62088001                   /home/andreatp/.sdkman/candidates/java/25-tem/lib/libnet.so
7f88c800e000-7f88c8010000 r--p 0000b000 00:24 62088001                   /home/andreatp/.sdkman/candidates/java/25-tem/lib/libnet.so
7f88c8010000-7f88c8011000 r--p 0000c000 00:24 62088001                   /home/andreatp/.sdkman/candidates/java/25-tem/lib/libnet.so
7f88c8011000-7f88c8012000 rw-p 0000d000 00:24 62088001                   /home/andreatp/.sdkman/candidates/java/25-tem/lib/libnet.so
7f88c8012000-7f88c87e6000 rw-p 00000000 00:00 0 
7f88c87e6000-7f88c88bf000 ---p 00000000 00:00 0 
7f88c88bf000-7f88c88c8000 rw-p 00000000 00:00 0 
7f88c88c8000-7f88c88ce000 ---p 00000000 00:00 0 
7f88c88ce000-7f88c890b000 rw-p 00000000 00:00 0 
7f88c890b000-7f88c89b7000 ---p 00000000 00:00 0 
7f88c89b7000-7f88c89c5000 r--p 00000000 00:24 62087993                   /home/andreatp/.sdkman/candidates/java/25-tem/lib/libjava.so
7f88c89c5000-7f88c89d3000 r-xp 0000e000 00:24 62087993                   /home/andreatp/.sdkman/candidates/java/25-tem/lib/libjava.so
7f88c89d3000-7f88c89d8000 r--p 0001c000 00:24 62087993                   /home/andreatp/.sdkman/candidates/java/25-tem/lib/libjava.so
7f88c89d8000-7f88c89d9000 r--p 00021000 00:24 62087993                   /home/andreatp/.sdkman/candidates/java/25-tem/lib/libjava.so
7f88c89d9000-7f88c89da000 rw-p 00022000 00:24 62087993                   /home/andreatp/.sdkman/candidates/java/25-tem/lib/libjava.so
7f88c89da000-7f88c89db000 rw-p 00000000 00:00 0 
7f88c89db000-7f88c89df000 r--p 00000000 00:24 62087996                   /home/andreatp/.sdkman/candidates/java/25-tem/lib/libjimage.so
7f88c89df000-7f88c89f7000 r-xp 00004000 00:24 62087996                   /home/andreatp/.sdkman/candidates/java/25-tem/lib/libjimage.so
7f88c89f7000-7f88c89fd000 r--p 0001c000 00:24 62087996                   /home/andreatp/.sdkman/candidates/java/25-tem/lib/libjimage.so
7f88c89fd000-7f88c89ff000 r--p 00021000 00:24 62087996                   /home/andreatp/.sdkman/candidates/java/25-tem/lib/libjimage.so
7f88c89ff000-7f88c8a00000 rw-p 00023000 00:24 62087996                   /home/andreatp/.sdkman/candidates/java/25-tem/lib/libjimage.so
7f88c8a00000-7f88c8ce2000 r--p 00000000 00:24 62088004                   /home/andreatp/.sdkman/candidates/java/25-tem/lib/server/libjvm.so
7f88c8ce2000-7f88c9ce2000 r-xp 002e2000 00:24 62088004                   /home/andreatp/.sdkman/candidates/java/25-tem/lib/server/libjvm.so
7f88c9ce2000-7f88c9ff2000 r--p 012e2000 00:24 62088004                   /home/andreatp/.sdkman/candidates/java/25-tem/lib/server/libjvm.so
7f88c9ff2000-7f88ca0dd000 r--p 015f2000 00:24 62088004                   /home/andreatp/.sdkman/candidates/java/25-tem/lib/server/libjvm.so
7f88ca0dd000-7f88ca108000 rw-p 016dd000 00:24 62088004                   /home/andreatp/.sdkman/candidates/java/25-tem/lib/server/libjvm.so
7f88ca108000-7f88ca184000 rw-p 00000000 00:00 0 
7f88ca184000-7f88ca185000 r-xp 00000000 00:00 0 
7f88ca185000-7f88ca189000 ---p 00000000 00:00 0 
7f88ca189000-7f88ca285000 rw-p 00000000 00:00 0 
7f88ca285000-7f88ca302000 r-xp 00000000 00:24 16857124                   /usr/lib64/libm.so.6
7f88ca302000-7f88ca372000 r--p 0007d000 00:24 16857124                   /usr/lib64/libm.so.6
7f88ca372000-7f88ca373000 r--p 000ec000 00:24 16857124                   /usr/lib64/libm.so.6
7f88ca373000-7f88ca374000 rw-p 000ed000 00:24 16857124                   /usr/lib64/libm.so.6
7f88ca374000-7f88ca375000 r-xp 00000000 00:24 16857132                   /usr/lib64/librt.so.1
7f88ca375000-7f88ca376000 r--p 00001000 00:24 16857132                   /usr/lib64/librt.so.1
7f88ca376000-7f88ca377000 r--p 00001000 00:24 16857132                   /usr/lib64/librt.so.1
7f88ca377000-7f88ca37a000 rw-p 00000000 00:00 0 
7f88ca37a000-7f88ca37b000 r-xp 00000000 00:24 16857130                   /usr/lib64/libpthread.so.0
7f88ca37b000-7f88ca37c000 r--p 00001000 00:24 16857130                   /usr/lib64/libpthread.so.0
7f88ca37c000-7f88ca37d000 r--p 00001000 00:24 16857130                   /usr/lib64/libpthread.so.0
7f88ca37d000-7f88ca37e000 rw-p 00000000 00:00 0 
7f88ca37e000-7f88ca37f000 r-xp 00000000 00:24 16857123                   /usr/lib64/libdl.so.2
7f88ca37f000-7f88ca380000 r--p 00001000 00:24 16857123                   /usr/lib64/libdl.so.2
7f88ca380000-7f88ca381000 r--p 00001000 00:24 16857123                   /usr/lib64/libdl.so.2
7f88ca381000-7f88ca382000 rw-p 00000000 00:00 0 
7f88ca382000-7f88ca4f0000 r-xp 00000000 00:24 16857122                   /usr/lib64/libc.so.6
7f88ca4f0000-7f88ca565000 r--p 0016e000 00:24 16857122                   /usr/lib64/libc.so.6
7f88ca565000-7f88ca569000 r--p 001e2000 00:24 16857122                   /usr/lib64/libc.so.6
7f88ca569000-7f88ca56b000 rw-p 001e6000 00:24 16857122                   /usr/lib64/libc.so.6
7f88ca56b000-7f88ca573000 rw-p 00000000 00:00 0 
7f88ca573000-7f88ca574000 r-xp 00000000 00:00 0 
7f88ca574000-7f88ca575000 r--p 00000000 00:24 62087997                   /home/andreatp/.sdkman/candidates/java/25-tem/lib/libsyslookup.so
7f88ca575000-7f88ca576000 r-xp 00001000 00:24 62087997                   /home/andreatp/.sdkman/candidates/java/25-tem/lib/libsyslookup.so
7f88ca576000-7f88ca577000 r--p 00002000 00:24 62087997                   /home/andreatp/.sdkman/candidates/java/25-tem/lib/libsyslookup.so
7f88ca577000-7f88ca578000 r--p 00002000 00:24 62087997                   /home/andreatp/.sdkman/candidates/java/25-tem/lib/libsyslookup.so
7f88ca578000-7f88ca579000 rw-p 00003000 00:24 62087997                   /home/andreatp/.sdkman/candidates/java/25-tem/lib/libsyslookup.so
7f88ca579000-7f88ca57c000 r--p 00000000 00:24 62088022                   /home/andreatp/.sdkman/candidates/java/25-tem/lib/libmanagement.so
7f88ca57c000-7f88ca57d000 r-xp 00003000 00:24 62088022                   /home/andreatp/.sdkman/candidates/java/25-tem/lib/libmanagement.so
7f88ca57d000-7f88ca57e000 r--p 00004000 00:24 62088022                   /home/andreatp/.sdkman/candidates/java/25-tem/lib/libmanagement.so
7f88ca57e000-7f88ca57f000 r--p 00004000 00:24 62088022                   /home/andreatp/.sdkman/candidates/java/25-tem/lib/libmanagement.so
7f88ca57f000-7f88ca580000 rw-p 00005000 00:24 62088022                   /home/andreatp/.sdkman/candidates/java/25-tem/lib/libmanagement.so
7f88ca580000-7f88ca588000 rw-s 00000000 00:2b 7335                       /tmp/hsperfdata_andreatp/147322
7f88ca588000-7f88ca589000 ---p 00000000 00:00 0 
7f88ca589000-7f88ca58a000 r--p 00000000 00:00 0 
7f88ca58a000-7f88ca58b000 ---p 00000000 00:00 0 
7f88ca58b000-7f88ca58e000 r--p 00000000 00:24 62088010                   /home/andreatp/.sdkman/candidates/java/25-tem/lib/libjli.so
7f88ca58e000-7f88ca59f000 r-xp 00003000 00:24 62088010                   /home/andreatp/.sdkman/candidates/java/25-tem/lib/libjli.so
7f88ca59f000-7f88ca5a6000 r--p 00014000 00:24 62088010                   /home/andreatp/.sdkman/candidates/java/25-tem/lib/libjli.so
7f88ca5a6000-7f88ca5a7000 r--p 0001a000 00:24 62088010                   /home/andreatp/.sdkman/candidates/java/25-tem/lib/libjli.so
7f88ca5a7000-7f88ca5a8000 rw-p 0001b000 00:24 62088010                   /home/andreatp/.sdkman/candidates/java/25-tem/lib/libjli.so
7f88ca5a8000-7f88ca5aa000 rw-p 00000000 00:00 0 
7f88ca5aa000-7f88ca5ae000 r--p 00000000 00:00 0                          [vvar]
7f88ca5ae000-7f88ca5b0000 r--p 00000000 00:00 0                          [vvar_vclock]
7f88ca5b0000-7f88ca5b2000 r-xp 00000000 00:00 0                          [vdso]
7f88ca5b2000-7f88ca5dc000 r-xp 00000000 00:24 16857119                   /usr/lib64/ld-linux-x86-64.so.2
7f88ca5dc000-7f88ca5e7000 r--p 0002a000 00:24 16857119                   /usr/lib64/ld-linux-x86-64.so.2
7f88ca5e7000-7f88ca5e9000 r--p 00035000 00:24 16857119                   /usr/lib64/ld-linux-x86-64.so.2
7f88ca5e9000-7f88ca5ea000 rw-p 00037000 00:24 16857119                   /usr/lib64/ld-linux-x86-64.so.2
7f88ca5ea000-7f88ca5eb000 rw-p 00000000 00:00 0 
7fffc71b5000-7fffc71d7000 rw-p 00000000 00:00 0                          [stack]
ffffffffff600000-ffffffffff601000 --xp 00000000 00:00 0                  [vsyscall]
Total number of mappings: 353

JVMTI agents: none


VM Arguments:
jvm_args: --enable-preview --enable-native-access=ALL-UNNAMED 
java_command: /home/andreatp/workspace/chicory2/cranelift-compiler/target/surefire/surefirebooter-20260311191015862_3.jar /home/andreatp/workspace/chicory2/cranelift-compiler/target/surefire 2026-03-11T19-10-15_780-jvmRun1 surefire-20260311191015862_1tmp surefire_0-20260311191015862_2tmp
java_class_path (initial): /home/andreatp/workspace/chicory2/cranelift-compiler/target/surefire/surefirebooter-20260311191015862_3.jar
Launcher Type: SUN_STANDARD

[Global flags]
     intx CICompilerCount                          = 12                                        {product} {ergonomic}
     uint ConcGCThreads                            = 3                                         {product} {ergonomic}
     uint G1ConcRefinementThreads                  = 13                                        {product} {ergonomic}
   size_t G1HeapRegionSize                         = 8388608                                   {product} {ergonomic}
   size_t InitialHeapSize                          = 1048576000                                {product} {ergonomic}
   size_t MarkStackSize                            = 4194304                                   {product} {ergonomic}
   size_t MarkStackSizeMax                         = 536870912                                 {product} {ergonomic}
   size_t MaxHeapSize                              = 16777216000                               {product} {ergonomic}
   size_t MaxNewSize                               = 10066329600                               {product} {ergonomic}
   size_t MinHeapDeltaBytes                        = 8388608                                   {product} {ergonomic}
   size_t MinHeapSize                              = 8388608                                   {product} {ergonomic}
    uintx NonNMethodCodeHeapSize                   = 7602176                                {pd product} {ergonomic}
    uintx NonProfiledCodeHeapSize                  = 122032128                              {pd product} {ergonomic}
    uintx ProfiledCodeHeapSize                     = 122023936                              {pd product} {ergonomic}
    uintx ReservedCodeCacheSize                    = 251658240                              {pd product} {ergonomic}
     bool SegmentedCodeCache                       = true                                      {product} {ergonomic}
   size_t SoftMaxHeapSize                          = 16777216000                            {manageable} {ergonomic}
     bool UseCompressedOops                        = true                           {product lp64_product} {ergonomic}
     bool UseG1GC                                  = true                                      {product} {ergonomic}

Logging:
Log output configuration:
 #0: stdout all=warning uptime,level,tags foldmultilines=false
 #1: stderr all=off uptime,level,tags foldmultilines=false

Release file:
IMPLEMENTOR="Eclipse Adoptium"
IMPLEMENTOR_VERSION="Temurin-25+36"
JAVA_RUNTIME_VERSION="25+36-LTS"
JAVA_VERSION="25"
JAVA_VERSION_DATE="2025-09-16"
LIBC="gnu"
MODULES="java.base java.compiler java.datatransfer java.xml java.prefs java.desktop java.instrument java.logging java.management java.security.sasl java.naming java.rmi java.management.rmi java.net.http java.scripting java.security.jgss java.transaction.xa java.sql java.sql.rowset java.xml.crypto java.se java.smartcardio jdk.accessibility jdk.internal.jvmstat jdk.attach jdk.charsets jdk.internal.opt jdk.zipfs jdk.compiler jdk.crypto.cryptoki jdk.crypto.ec jdk.dynalink jdk.internal.ed jdk.editpad jdk.internal.vm.ci jdk.graal.compiler jdk.graal.compiler.management jdk.hotspot.agent jdk.httpserver jdk.incubator.vector jdk.internal.le jdk.internal.md jdk.jartool jdk.javadoc jdk.jcmd jdk.management jdk.management.agent jdk.jconsole jdk.jdeps jdk.jdwp.agent jdk.jdi jdk.jfr jdk.jlink jdk.jpackage jdk.jshell jdk.jsobject jdk.jstatd jdk.localedata jdk.management.jfr jdk.naming.dns jdk.naming.rmi jdk.net jdk.nio.mapmode jdk.sctp jdk.security.auth jdk.security.jgss jdk.unsupported jdk.unsupported.desktop jdk.xml.dom"
OS_ARCH="x86_64"
OS_NAME="Linux"
SOURCE=".:git:ef82ae723551"
BUILD_SOURCE="git:b7337f50fb2a765519e79674ae790c2a7450149e"
BUILD_SOURCE_REPO="https://github.com/adoptium/temurin-build.git"
SOURCE_REPO="https://github.com/adoptium/jdk.git"
FULL_VERSION="25+36-LTS"
SEMANTIC_VERSION="25+36"
BUILD_INFO="OS: Linux Version: 6.8.0-1031-azure"
JVM_VARIANT="Hotspot"
JVM_VERSION="25+36-LTS"
IMAGE_TYPE="JDK"

Environment Variables:
JAVA_HOME=/home/andreatp/.sdkman/candidates/java/current
PATH=/home/andreatp/.jbang/bin:/home/andreatp/Downloads/google-cloud-sdk/bin:/home/andreatp/.pyenv/shims:/home/andreatp/.pyenv/bin:/home/andreatp/.nvm/versions/node/v24.2.0/bin:/home/andreatp/.sdkman/candidates/visualvm/current/bin:/home/andreatp/.sdkman/candidates/sbt/current/bin:/home/andreatp/.sdkman/candidates/maven/current/bin:/home/andreatp/.sdkman/candidates/jbang/current/bin:/home/andreatp/.sdkman/candidates/java/current/bin:/home/andreatp/.sdkman/candidates/gradle/current/bin:/home/andreatp/.local/share/swiftly/bin:/home/andreatp/.local/bin:/home/andreatp/.cargo/bin:/usr/local/bin:/usr/bin:/var/lib/snapd/snap/bin:/home/andreatp/.rvm/bin:/usr/local/go/bin:/home/andreatp/.wasmtime/bin:/home/andreatp/.cargo/bin:/home/andreatp/.rvm/bin
USERNAME=andreatp
SHELL=/usr/bin/zsh
DISPLAY=:0
LANG=en_US.UTF-8
TERM=dumb

Active Locale:
LC_ALL=en_US.UTF-8
LC_COLLATE=en_US.UTF-8
LC_CTYPE=en_US.UTF-8
LC_MESSAGES=en_US.UTF-8
LC_MONETARY=en_US.UTF-8
LC_NUMERIC=en_US.UTF-8
LC_TIME=en_US.UTF-8

Signal Handlers:
   SIGSEGV: crash_handler in libjvm.so, mask=11100100010111111101111111111110, flags=SA_RESTART|SA_SIGINFO, unblocked
    SIGBUS: crash_handler in libjvm.so, mask=11100100010111111101111111111110, flags=SA_RESTART|SA_SIGINFO, unblocked
    SIGFPE: crash_handler in libjvm.so, mask=11100100010111111101111111111110, flags=SA_RESTART|SA_SIGINFO, unblocked
   SIGPIPE: javaSignalHandler in libjvm.so, mask=11100100010111111101111111111110, flags=SA_RESTART|SA_SIGINFO, blocked
   SIGXFSZ: javaSignalHandler in libjvm.so, mask=11100100010111111101111111111110, flags=SA_RESTART|SA_SIGINFO, blocked
    SIGILL: crash_handler in libjvm.so, mask=11100100010111111101111111111110, flags=SA_RESTART|SA_SIGINFO, unblocked
   SIGUSR2: SR_handler in libjvm.so, mask=00000000000000000000000000000000, flags=SA_RESTART|SA_SIGINFO, blocked
    SIGHUP: UserHandler in libjvm.so, mask=11100100010111111101111111111110, flags=SA_RESTART|SA_SIGINFO, blocked
    SIGINT: UserHandler in libjvm.so, mask=11100100010111111101111111111110, flags=SA_RESTART|SA_SIGINFO, blocked
   SIGTERM: UserHandler in libjvm.so, mask=11100100010111111101111111111110, flags=SA_RESTART|SA_SIGINFO, blocked
   SIGQUIT: UserHandler in libjvm.so, mask=11100100010111111101111111111110, flags=SA_RESTART|SA_SIGINFO, blocked
   SIGTRAP: crash_handler in libjvm.so, mask=11100100010111111101111111111110, flags=SA_RESTART|SA_SIGINFO, unblocked


Compilation memory statistics disabled.

Periodic native trim disabled

---------------  S Y S T E M  ---------------

OS:
Fedora release 42 (Adams)
uname: Linux 6.18.8-100.fc42.x86_64 #1 SMP PREEMPT_DYNAMIC Fri Jan 30 19:22:23 UTC 2026 x86_64
OS uptime: 0 days 9:12 hours
libc: glibc 2.41 NPTL 2.41 
rlimit (soft/hard): STACK 12500k/infinity , CORE infinity/infinity , NPROC 255769/255769 , NOFILE 524288/524288 , AS infinity/infinity , CPU infinity/infinity , DATA infinity/infinity , FSIZE infinity/infinity , MEMLOCK 8192k/8192k
load average: 4.87 4.94 3.14

/proc/meminfo:
MemTotal:       65528664 kB
MemFree:        13178644 kB
MemAvailable:   38953972 kB
Buffers:           15960 kB
Cached:         30411116 kB
SwapCached:            0 kB
Active:         27419836 kB
Inactive:       17947584 kB
Active(anon):   20289280 kB
Inactive(anon):        0 kB
Active(file):    7130556 kB
Inactive(file): 17947584 kB
Unevictable:     4058488 kB
Mlocked:            5952 kB
SwapTotal:       8388604 kB
SwapFree:        8388604 kB
Zswap:                 0 kB
Zswapped:              0 kB
Dirty:             32600 kB
Writeback:             0 kB
AnonPages:      18999796 kB
Mapped:          2318540 kB
Shmem:           5344104 kB
KReclaimable:    1424516 kB
Slab:            2227700 kB
SReclaimable:    1424516 kB
SUnreclaim:       803184 kB
KernelStack:       59168 kB
PageTables:       223236 kB
SecPageTables:      4188 kB
NFS_Unstable:          0 kB
Bounce:                0 kB
WritebackTmp:          0 kB
CommitLimit:    41152936 kB
Committed_AS:   110009456 kB
VmallocTotal:   34359738367 kB
VmallocUsed:      190364 kB
VmallocChunk:          0 kB
Percpu:            15360 kB
HardwareCorrupted:     0 kB
AnonHugePages:         0 kB
ShmemHugePages:  3973120 kB
ShmemPmdMapped:        0 kB
FileHugePages:         0 kB
FilePmdMapped:         0 kB
CmaTotal:              0 kB
CmaFree:               0 kB
Unaccepted:            0 kB
Balloon:               0 kB
HugePages_Total:       0
HugePages_Free:        0
HugePages_Rsvd:        0
HugePages_Surp:        0
Hugepagesize:       2048 kB
Hugetlb:               0 kB
DirectMap4k:      452032 kB
DirectMap2M:    16021504 kB
DirectMap1G:    51380224 kB

/sys/kernel/mm/transparent_hugepage/enabled: always [madvise] never
/sys/kernel/mm/transparent_hugepage/hpage_pmd_size: 2097152
/sys/kernel/mm/transparent_hugepage/shmem_enabled: always within_size advise [never] deny force
/sys/kernel/mm/transparent_hugepage/defrag (defrag/compaction efforts parameter): always defer defer+madvise [madvise] never

Process Memory:
Virtual Size: 21407348K (peak: 21407444K)
Resident Set Size: 654200K (peak: 1630960K) (anon: 627480K, file: 26688K, shmem: 32K)
Swapped out: 0K
C-Heap outstanding allocations: 139793K, retained: 260122K
glibc malloc tunables: (default)

/proc/sys/kernel/threads-max (system-wide limit on the number of threads): 511538
/proc/sys/vm/max_map_count (maximum number of memory map areas a process may have): 1048576
/proc/sys/vm/swappiness (control to define how aggressively the kernel swaps out anonymous memory): 60
/proc/sys/kernel/pid_max (system-wide limit on number of process identifiers): 4194304

container information not found.
Steal ticks since vm start: 0
Steal ticks percentage since vm start:  0.000

CPU: total 16 (initial active 16) (8 cores per cpu, 2 threads per core) family 6 model 141 stepping 1 microcode 0x58, cx8, cmov, fxsr, ht, mmx, 3dnowpref, sse, sse2, sse3, ssse3, sse4.1, sse4.2, popcnt, lzcnt, tsc, tscinvbit, avx, avx2, aes, erms, clmul, bmi1, bmi2, adx, avx512f, avx512dq, avx512cd, avx512bw, avx512vl, sha, fma, vzeroupper, avx512_vpopcntdq, avx512_vpclmulqdq, avx512_vaes, avx512_vnni, clflush, clflushopt, clwb, avx512_vbmi2, avx512_vbmi, rdtscp, rdpid, fsrm, gfni, avx512_bitalg, f16c, pku, ospke, cet_ibt, cet_ss, avx512_ifma
CPU Model and flags from /proc/cpuinfo:
model name	: 11th Gen Intel(R) Core(TM) i7-11850H @ 2.50GHz
flags		: fpu vme de pse tsc msr pae mce cx8 apic sep mtrr pge mca cmov pat pse36 clflush dts acpi mmx fxsr sse sse2 ss ht tm pbe syscall nx pdpe1gb rdtscp lm constant_tsc art arch_perfmon pebs bts rep_good nopl xtopology nonstop_tsc cpuid aperfmperf tsc_known_freq pni pclmulqdq dtes64 monitor ds_cpl vmx smx est tm2 ssse3 sdbg fma cx16 xtpr pdcm pcid sse4_1 sse4_2 x2apic movbe popcnt tsc_deadline_timer aes xsave avx f16c rdrand lahf_lm abm 3dnowprefetch cpuid_fault epb cat_l2 cdp_l2 ssbd ibrs ibpb stibp ibrs_enhanced tpr_shadow flexpriority ept vpid ept_ad fsgsbase tsc_adjust bmi1 avx2 smep bmi2 erms invpcid rdt_a avx512f avx512dq rdseed adx smap avx512ifma clflushopt clwb intel_pt avx512cd sha_ni avx512bw avx512vl xsaveopt xsavec xgetbv1 xsaves split_lock_detect user_shstk dtherm ida arat pln pts hwp hwp_notify hwp_act_window hwp_epp hwp_pkg_req vnmi avx512vbmi umip pku ospke avx512_vbmi2 gfni vaes vpclmulqdq avx512_vnni avx512_bitalg avx512_vpopcntdq rdpid movdiri movdir64b fsrm avx512_vp2intersect md_clear ibt flush_l1d arch_capabilities

Online cpus: 0-15
Offline cpus: 
BIOS frequency limitation: <Not Available>
Frequency switch latency (ns): 0
Available cpu frequencies: <Not Available>
Current governor: powersave
Core performance/turbo boost: <Not Available>

Memory: 4k page, physical 65528664k(38953972k free), swap 8388604k(8388604k free)
Page Sizes: 4k

vm_info: OpenJDK 64-Bit Server VM (25+36-LTS) for linux-amd64 JRE (25+36-LTS), built on 2025-09-16T00:00:00Z with gcc 14.2.0

END.
