#
# A fatal error has been detected by the Java Runtime Environment:
#
#  SIGSEGV (0xb) at pc=0x00007fb0ec534034, pid=144527, tid=144528
#
# JRE version: OpenJDK Runtime Environment Temurin-25+36 (25.0+36) (build 25+36-LTS)
# Java VM: OpenJDK 64-Bit Server VM Temurin-25+36 (25+36-LTS, mixed mode, sharing, tiered, compressed oops, compressed class ptrs, g1 gc, linux-amd64)
# Problematic frame:
# C  0x00007fb0ec534034
#
# Core dump will be written. Default location: Core dumps may be processed with "/usr/lib/systemd/systemd-coredump %P %u %g %s %t %c %h %d %F" (or dumping to /home/andreatp/workspace/chicory2/cranelift-compiler/core.144527)
#
# If you would like to submit a bug report, please visit:
#   https://github.com/adoptium/adoptium-support/issues
# The crash happened outside the Java Virtual Machine in native code.
# See problematic frame for where to report the bug.
#

---------------  S U M M A R Y ------------

Command Line: --enable-preview --enable-native-access=ALL-UNNAMED /home/andreatp/workspace/chicory2/cranelift-compiler/target/surefire/surefirebooter-20260311190245715_3.jar /home/andreatp/workspace/chicory2/cranelift-compiler/target/surefire 2026-03-11T19-02-45_607-jvmRun1 surefire-20260311190245715_1tmp surefire_0-20260311190245715_2tmp

Host: 11th Gen Intel(R) Core(TM) i7-11850H @ 2.50GHz, 16 cores, 62G, Fedora release 42 (Adams)
Time: Wed Mar 11 19:03:04 2026 WET elapsed time: 18.277217 seconds (0d 0h 0m 18s)

---------------  T H R E A D  ---------------

Current thread (0x00007fb12802b810):  JavaThread "main"             [_thread_in_native, id=144528, stack(0x00007fb12fb84000,0x00007fb12fc84000) (1024K)]

Stack: [0x00007fb12fb84000,0x00007fb12fc84000],  sp=0x00007fb12fc803b0,  free space=1008k
Native frames: (J=compiled Java code, j=interpreted, Vv=VM code, C=native code)
C  0x00007fb0ec534034
v  ~RuntimeStub::nep_invoker_blob 0x00007fb117a1521d
j  java.lang.invoke.LambdaForm$MH+0x00000000651ae400.invoke(Ljava/lang/Object;JJJ)V+12 java.base@25
j  java.lang.invoke.LambdaForm$MH+0x00000000651b8800.invokeExact_MT(Ljava/lang/Object;JJJLjava/lang/Object;)V+23 java.base@25
j  jdk.internal.foreign.abi.DowncallStub+0x00000000651ae800.invoke(Ljava/lang/foreign/SegmentAllocator;Ljava/lang/foreign/MemorySegment;Ljava/lang/foreign/MemorySegment;Ljava/lang/foreign/MemorySegment;)V+113 java.base@25
j  java.lang.invoke.DirectMethodHandle$Holder.invokeStatic(Ljava/lang/Object;Ljava/lang/Object;Ljava/lang/Object;Ljava/lang/Object;Ljava/lang/Object;)V+16 java.base@25
j  java.lang.invoke.LambdaForm$MH+0x00000000651b8000.invoke(Ljava/lang/Object;Ljava/lang/Object;Ljava/lang/Object;)Ljava/lang/Object;+76 java.base@25
J 7646 c1 java.lang.invoke.LambdaForm$MH+0x00000000651b5800.invoke(Ljava/lang/Object;Ljava/lang/Object;Ljava/lang/Object;)Ljava/lang/Object; java.base@25 (56 bytes) @ 0x00007fb111caa2f4 [0x00007fb111ca9880+0x0000000000000a74]
J 9095 c1 java.lang.invoke.MethodHandle.invokeWithArguments([Ljava/lang/Object;)Ljava/lang/Object; java.base@25 (32 bytes) @ 0x00007fb1106092fc [0x00007fb110608c00+0x00000000000006fc]
J 8981 c1 com.dylibso.chicory.cranelift.compiler.NativeMachine.call(I[J)[J (669 bytes) @ 0x00007fb1121a4d04 [0x00007fb11219f700+0x0000000000005604]
J 5958 c2 com.dylibso.chicory.runtime.Instance$Exports$$Lambda+0x000000006512a940.apply([J)[J (13 bytes) @ 0x00007fb118380a7c [0x00007fb118380800+0x000000000000027c]
j  com.dylibso.chicory.test.gen.SpecV1MemoryGrowTest.lambda$test4$0(Lcom/dylibso/chicory/runtime/ExportFunction;)V+7
j  com.dylibso.chicory.test.gen.SpecV1MemoryGrowTest$$Lambda+0x0000000065298690.execute()V+4
J 7208 c1 org.junit.jupiter.api.AssertThrows.assertThrows(Ljava/lang/Class;Lorg/junit/jupiter/api/function/Executable;Ljava/lang/Object;)Ljava/lang/Throwable; (85 bytes) @ 0x00007fb111b5e3fc [0x00007fb111b5e300+0x00000000000000fc]
J 7206 c1 org.junit.jupiter.api.Assertions.assertThrows(Ljava/lang/Class;Lorg/junit/jupiter/api/function/Executable;)Ljava/lang/Throwable; (6 bytes) @ 0x00007fb111b5e09c [0x00007fb111b5e000+0x000000000000009c]
j  com.dylibso.chicory.test.gen.SpecV1MemoryGrowTest.test4()V+20
J 8691 c2 java.lang.invoke.LambdaForm$DMH+0x00000000650fc000.invokeVirtual(Ljava/lang/Object;Ljava/lang/Object;)V java.base@25 (14 bytes) @ 0x00007fb1186a6c40 [0x00007fb1186a6c00+0x0000000000000040]
J 8690 c2 java.lang.invoke.LambdaForm$MH+0x00000000650fc800.invoke(Ljava/lang/Object;Ljava/lang/Object;)Ljava/lang/Object; java.base@25 (36 bytes) @ 0x00007fb1186a6674 [0x00007fb1186a6600+0x0000000000000074]
J 8120 c2 org.junit.platform.commons.util.ReflectionUtils.invokeMethod(Ljava/lang/reflect/Method;Ljava/lang/Object;[Ljava/lang/Object;)Ljava/lang/Object; (55 bytes) @ 0x00007fb118581544 [0x00007fb118580d80+0x00000000000007c4]
J 8212 c2 org.junit.jupiter.engine.execution.InvocationInterceptorChain$InterceptedInvocation.proceed()Ljava/lang/Object; (18 bytes) @ 0x00007fb1185adfcc [0x00007fb1185ad800+0x00000000000007cc]
J 8692 c2 org.junit.jupiter.engine.descriptor.TestMethodTestDescriptor$$Lambda+0x00000000650f8458.execute()V (16 bytes) @ 0x00007fb1186c1bf0 [0x00007fb1186c0b00+0x00000000000010f0]
J 8578 c2 org.junit.platform.engine.support.hierarchical.ThrowableCollector.execute(Lorg/junit/platform/engine/support/hierarchical/ThrowableCollector$Executable;)V (20 bytes) @ 0x00007fb1186835c0 [0x00007fb118683580+0x0000000000000040]
J 8281 c2 org.junit.platform.engine.support.hierarchical.NodeTestTask.executeRecursively()V (35 bytes) @ 0x00007fb118604520 [0x00007fb118603880+0x0000000000000ca0]
J 8215 c2 org.junit.platform.engine.support.hierarchical.NodeTestTask.execute()V (143 bytes) @ 0x00007fb1185cdf54 [0x00007fb1185cb420+0x0000000000002b34]
J 8243 c2 org.junit.platform.engine.support.hierarchical.SameThreadHierarchicalTestExecutorService$$Lambda+0x00000000650e3100.accept(Ljava/lang/Object;)V (10 bytes) @ 0x00007fb1185d3340 [0x00007fb1185d3300+0x0000000000000040]
J 2399 c2 java.util.ArrayList.forEach(Ljava/util/function/Consumer;)V java.base@25 (74 bytes) @ 0x00007fb11809c5e4 [0x00007fb11809c500+0x00000000000000e4]
j  org.junit.platform.engine.support.hierarchical.SameThreadHierarchicalTestExecutorService.invokeAll(Ljava/util/List;)V+6
J 8281 c2 org.junit.platform.engine.support.hierarchical.NodeTestTask.executeRecursively()V (35 bytes) @ 0x00007fb1186063ec [0x00007fb118603880+0x0000000000002b6c]
J 8215 c2 org.junit.platform.engine.support.hierarchical.NodeTestTask.execute()V (143 bytes) @ 0x00007fb1185cdf54 [0x00007fb1185cb420+0x0000000000002b34]
J 8243 c2 org.junit.platform.engine.support.hierarchical.SameThreadHierarchicalTestExecutorService$$Lambda+0x00000000650e3100.accept(Ljava/lang/Object;)V (10 bytes) @ 0x00007fb1185d3340 [0x00007fb1185d3300+0x0000000000000040]
J 2399 c2 java.util.ArrayList.forEach(Ljava/util/function/Consumer;)V java.base@25 (74 bytes) @ 0x00007fb11809c5e4 [0x00007fb11809c500+0x00000000000000e4]
j  org.junit.platform.engine.support.hierarchical.SameThreadHierarchicalTestExecutorService.invokeAll(Ljava/util/List;)V+6
j  org.junit.platform.engine.support.hierarchical.NodeTestTask.lambda$executeRecursively$6()V+116
j  org.junit.platform.engine.support.hierarchical.NodeTestTask$$Lambda+0x00000000650e25c0.execute()V+4
j  org.junit.platform.engine.support.hierarchical.ThrowableCollector.execute(Lorg/junit/platform/engine/support/hierarchical/ThrowableCollector$Executable;)V+1
j  org.junit.platform.engine.support.hierarchical.NodeTestTask.lambda$executeRecursively$8(Lorg/junit/platform/engine/support/hierarchical/EngineExecutionContext;)V+15
j  org.junit.platform.engine.support.hierarchical.NodeTestTask$$Lambda+0x00000000650e2390.invoke(Lorg/junit/platform/engine/support/hierarchical/EngineExecutionContext;)V+5
j  org.junit.platform.engine.support.hierarchical.Node.around(Lorg/junit/platform/engine/support/hierarchical/EngineExecutionContext;Lorg/junit/platform/engine/support/hierarchical/Node$Invocation;)V+2
j  org.junit.platform.engine.support.hierarchical.NodeTestTask.lambda$executeRecursively$9()V+14
j  org.junit.platform.engine.support.hierarchical.NodeTestTask$$Lambda+0x00000000650e2160.execute()V+4
j  org.junit.platform.engine.support.hierarchical.ThrowableCollector.execute(Lorg/junit/platform/engine/support/hierarchical/ThrowableCollector$Executable;)V+1
j  org.junit.platform.engine.support.hierarchical.NodeTestTask.executeRecursively()V+31
j  org.junit.platform.engine.support.hierarchical.NodeTestTask.execute()V+55
j  org.junit.platform.engine.support.hierarchical.SameThreadHierarchicalTestExecutorService.submit(Lorg/junit/platform/engine/support/hierarchical/HierarchicalTestExecutorService$TestTask;)Ljava/util/concurrent/Future;+1
j  org.junit.platform.engine.support.hierarchical.HierarchicalTestExecutor.execute()Ljava/util/concurrent/Future;+74
j  org.junit.platform.engine.support.hierarchical.HierarchicalTestEngine.execute(Lorg/junit/platform/engine/ExecutionRequest;)V+31
j  org.junit.platform.launcher.core.EngineExecutionOrchestrator.executeEngine(Lorg/junit/platform/engine/TestDescriptor;Lorg/junit/platform/engine/EngineExecutionListener;Lorg/junit/platform/engine/ConfigurationParameters;Lorg/junit/platform/engine/TestEngine;Lorg/junit/platform/engine/OutputDirectoryCreator;Lorg/junit/platform/launcher/core/DiscoveryIssueNotifier;Lorg/junit/platform/engine/support/store/NamespacedHierarchicalStore;)V+24
j  org.junit.platform.launcher.core.EngineExecutionOrchestrator.failOrExecuteEngine(Lorg/junit/platform/launcher/core/LauncherDiscoveryResult;Lorg/junit/platform/engine/EngineExecutionListener;Lorg/junit/platform/engine/TestEngine;Lorg/junit/platform/engine/support/store/NamespacedHierarchicalStore;)V+124
j  org.junit.platform.launcher.core.EngineExecutionOrchestrator.execute(Lorg/junit/platform/launcher/core/LauncherDiscoveryResult;Lorg/junit/platform/engine/EngineExecutionListener;Lorg/junit/platform/engine/support/store/NamespacedHierarchicalStore;)V+68
j  org.junit.platform.launcher.core.EngineExecutionOrchestrator.execute(Lorg/junit/platform/launcher/core/InternalTestPlan;Lorg/junit/platform/engine/EngineExecutionListener;Lorg/junit/platform/launcher/TestExecutionListener;Lorg/junit/platform/engine/support/store/NamespacedHierarchicalStore;)V+57
j  org.junit.platform.launcher.core.EngineExecutionOrchestrator.lambda$execute$0(Lorg/junit/platform/launcher/core/InternalTestPlan;Lorg/junit/platform/engine/support/store/NamespacedHierarchicalStore;Lorg/junit/platform/launcher/TestExecutionListener;)V+7
j  org.junit.platform.launcher.core.EngineExecutionOrchestrator$$Lambda+0x00000000650d16e0.accept(Ljava/lang/Object;)V+16
j  org.junit.platform.launcher.core.EngineExecutionOrchestrator.withInterceptedStreams(Lorg/junit/platform/engine/ConfigurationParameters;Lorg/junit/platform/launcher/core/ListenerRegistry;Ljava/util/function/Consumer;)V+51
j  org.junit.platform.launcher.core.EngineExecutionOrchestrator.execute(Lorg/junit/platform/launcher/core/InternalTestPlan;Lorg/junit/platform/engine/support/store/NamespacedHierarchicalStore;[Lorg/junit/platform/launcher/TestExecutionListener;)V+26
j  org.junit.platform.launcher.core.DefaultLauncher.execute(Lorg/junit/platform/launcher/core/InternalTestPlan;[Lorg/junit/platform/launcher/TestExecutionListener;)V+12
j  org.junit.platform.launcher.core.DefaultLauncher.execute(Lorg/junit/platform/launcher/LauncherDiscoveryRequest;[Lorg/junit/platform/launcher/TestExecutionListener;)V+34
j  org.junit.platform.launcher.core.DelegatingLauncher.execute(Lorg/junit/platform/launcher/LauncherDiscoveryRequest;[Lorg/junit/platform/launcher/TestExecutionListener;)V+6
j  org.junit.platform.launcher.core.InterceptingLauncher.lambda$execute$1(Lorg/junit/platform/launcher/LauncherDiscoveryRequest;[Lorg/junit/platform/launcher/TestExecutionListener;)Ljava/lang/Object;+3
j  org.junit.platform.launcher.core.InterceptingLauncher$$Lambda+0x00000000650d14b0.proceed()Ljava/lang/Object;+12
j  org.junit.platform.launcher.core.ClasspathAlignmentCheckingLauncherInterceptor.intercept(Lorg/junit/platform/launcher/LauncherInterceptor$Invocation;)Ljava/lang/Object;+1
j  org.junit.platform.launcher.core.InterceptingLauncher.execute(Lorg/junit/platform/launcher/LauncherDiscoveryRequest;[Lorg/junit/platform/launcher/TestExecutionListener;)V+12
j  org.junit.platform.launcher.core.DelegatingLauncher.execute(Lorg/junit/platform/launcher/LauncherDiscoveryRequest;[Lorg/junit/platform/launcher/TestExecutionListener;)V+6
j  org.apache.maven.surefire.junitplatform.LauncherAdapter.executeWithoutCancellationToken(Lorg/junit/platform/launcher/LauncherDiscoveryRequest;[Lorg/junit/platform/launcher/TestExecutionListener;)V+6
j  org.apache.maven.surefire.junitplatform.LauncherAdapter.execute(Lorg/junit/platform/launcher/LauncherDiscoveryRequest;[Lorg/junit/platform/launcher/TestExecutionListener;)V+10
j  org.apache.maven.surefire.junitplatform.JUnitPlatformProvider.execute(Lorg/apache/maven/surefire/junitplatform/LauncherAdapter;Lorg/apache/maven/surefire/api/util/TestsToRun;Lorg/apache/maven/surefire/junitplatform/RunListenerAdapter;)V+61
j  org.apache.maven.surefire.junitplatform.JUnitPlatformProvider.invokeAllTests(Lorg/apache/maven/surefire/junitplatform/LauncherAdapter;Lorg/apache/maven/surefire/api/util/TestsToRun;Lorg/apache/maven/surefire/junitplatform/RunListenerAdapter;)V+36
j  org.apache.maven.surefire.junitplatform.JUnitPlatformProvider.invoke(Ljava/lang/Object;)Lorg/apache/maven/surefire/api/suite/RunResult;+144
j  org.apache.maven.surefire.booter.ForkedBooter.runSuitesInProcess()V+8
j  org.apache.maven.surefire.booter.ForkedBooter.execute()V+1
j  org.apache.maven.surefire.booter.ForkedBooter.run(Lorg/apache/maven/surefire/booter/ForkedBooter;[Ljava/lang/String;)V+27
j  org.apache.maven.surefire.booter.ForkedBooter.main([Ljava/lang/String;)V+10
v  ~StubRoutines::call_stub 0x00007fb11785ffa6
V  [libjvm.so+0xa21400]  JavaCalls::call_helper(JavaValue*, methodHandle const&, JavaCallArguments*, JavaThread*)+0x2b0
V  [libjvm.so+0xaeae76]  jni_invoke_static(JNIEnv_*, JavaValue*, _jobject*, JNICallType, _jmethodID*, JNI_ArgumentPusher*, JavaThread*) [clone .constprop.1]+0x396
V  [libjvm.so+0xaedd31]  jni_CallStaticVoidMethod+0x161
C  [libjli.so+0xa73a]  invokeStaticMainWithArgs+0x4a
C  [libjli.so+0xb7c0]  JavaMain+0xeb0
C  [libjli.so+0xed49]  ThreadJavaMain+0x9
C  [libc.so.6+0x71f14]  start_thread+0x2e4
Java frames: (J=compiled Java code, j=interpreted, Vv=VM code)
v  ~RuntimeStub::nep_invoker_blob 0x00007fb117a151e4
j  java.lang.invoke.LambdaForm$MH+0x00000000651ae400.invoke(Ljava/lang/Object;JJJ)V+12 java.base@25
j  java.lang.invoke.LambdaForm$MH+0x00000000651b8800.invokeExact_MT(Ljava/lang/Object;JJJLjava/lang/Object;)V+23 java.base@25
j  jdk.internal.foreign.abi.DowncallStub+0x00000000651ae800.invoke(Ljava/lang/foreign/SegmentAllocator;Ljava/lang/foreign/MemorySegment;Ljava/lang/foreign/MemorySegment;Ljava/lang/foreign/MemorySegment;)V+113 java.base@25
j  java.lang.invoke.DirectMethodHandle$Holder.invokeStatic(Ljava/lang/Object;Ljava/lang/Object;Ljava/lang/Object;Ljava/lang/Object;Ljava/lang/Object;)V+16 java.base@25
j  java.lang.invoke.LambdaForm$MH+0x00000000651b8000.invoke(Ljava/lang/Object;Ljava/lang/Object;Ljava/lang/Object;)Ljava/lang/Object;+76 java.base@25
J 7646 c1 java.lang.invoke.LambdaForm$MH+0x00000000651b5800.invoke(Ljava/lang/Object;Ljava/lang/Object;Ljava/lang/Object;)Ljava/lang/Object; java.base@25 (56 bytes) @ 0x00007fb111caa2f4 [0x00007fb111ca9880+0x0000000000000a74]
J 9095 c1 java.lang.invoke.MethodHandle.invokeWithArguments([Ljava/lang/Object;)Ljava/lang/Object; java.base@25 (32 bytes) @ 0x00007fb1106092fc [0x00007fb110608c00+0x00000000000006fc]
J 8981 c1 com.dylibso.chicory.cranelift.compiler.NativeMachine.call(I[J)[J (669 bytes) @ 0x00007fb1121a4d04 [0x00007fb11219f700+0x0000000000005604]
J 5958 c2 com.dylibso.chicory.runtime.Instance$Exports$$Lambda+0x000000006512a940.apply([J)[J (13 bytes) @ 0x00007fb118380a7c [0x00007fb118380800+0x000000000000027c]
j  com.dylibso.chicory.test.gen.SpecV1MemoryGrowTest.lambda$test4$0(Lcom/dylibso/chicory/runtime/ExportFunction;)V+7
j  com.dylibso.chicory.test.gen.SpecV1MemoryGrowTest$$Lambda+0x0000000065298690.execute()V+4
J 7208 c1 org.junit.jupiter.api.AssertThrows.assertThrows(Ljava/lang/Class;Lorg/junit/jupiter/api/function/Executable;Ljava/lang/Object;)Ljava/lang/Throwable; (85 bytes) @ 0x00007fb111b5e3fc [0x00007fb111b5e300+0x00000000000000fc]
J 7206 c1 org.junit.jupiter.api.Assertions.assertThrows(Ljava/lang/Class;Lorg/junit/jupiter/api/function/Executable;)Ljava/lang/Throwable; (6 bytes) @ 0x00007fb111b5e09c [0x00007fb111b5e000+0x000000000000009c]
j  com.dylibso.chicory.test.gen.SpecV1MemoryGrowTest.test4()V+20
J 8691 c2 java.lang.invoke.LambdaForm$DMH+0x00000000650fc000.invokeVirtual(Ljava/lang/Object;Ljava/lang/Object;)V java.base@25 (14 bytes) @ 0x00007fb1186a6c40 [0x00007fb1186a6c00+0x0000000000000040]
J 8690 c2 java.lang.invoke.LambdaForm$MH+0x00000000650fc800.invoke(Ljava/lang/Object;Ljava/lang/Object;)Ljava/lang/Object; java.base@25 (36 bytes) @ 0x00007fb1186a6674 [0x00007fb1186a6600+0x0000000000000074]
J 8120 c2 org.junit.platform.commons.util.ReflectionUtils.invokeMethod(Ljava/lang/reflect/Method;Ljava/lang/Object;[Ljava/lang/Object;)Ljava/lang/Object; (55 bytes) @ 0x00007fb118581544 [0x00007fb118580d80+0x00000000000007c4]
J 8212 c2 org.junit.jupiter.engine.execution.InvocationInterceptorChain$InterceptedInvocation.proceed()Ljava/lang/Object; (18 bytes) @ 0x00007fb1185adfcc [0x00007fb1185ad800+0x00000000000007cc]
J 8692 c2 org.junit.jupiter.engine.descriptor.TestMethodTestDescriptor$$Lambda+0x00000000650f8458.execute()V (16 bytes) @ 0x00007fb1186c1bf0 [0x00007fb1186c0b00+0x00000000000010f0]
J 8578 c2 org.junit.platform.engine.support.hierarchical.ThrowableCollector.execute(Lorg/junit/platform/engine/support/hierarchical/ThrowableCollector$Executable;)V (20 bytes) @ 0x00007fb1186835c0 [0x00007fb118683580+0x0000000000000040]
J 8281 c2 org.junit.platform.engine.support.hierarchical.NodeTestTask.executeRecursively()V (35 bytes) @ 0x00007fb118604520 [0x00007fb118603880+0x0000000000000ca0]
J 8215 c2 org.junit.platform.engine.support.hierarchical.NodeTestTask.execute()V (143 bytes) @ 0x00007fb1185cdf54 [0x00007fb1185cb420+0x0000000000002b34]
J 8243 c2 org.junit.platform.engine.support.hierarchical.SameThreadHierarchicalTestExecutorService$$Lambda+0x00000000650e3100.accept(Ljava/lang/Object;)V (10 bytes) @ 0x00007fb1185d3340 [0x00007fb1185d3300+0x0000000000000040]
J 2399 c2 java.util.ArrayList.forEach(Ljava/util/function/Consumer;)V java.base@25 (74 bytes) @ 0x00007fb11809c5e4 [0x00007fb11809c500+0x00000000000000e4]
j  org.junit.platform.engine.support.hierarchical.SameThreadHierarchicalTestExecutorService.invokeAll(Ljava/util/List;)V+6
J 8281 c2 org.junit.platform.engine.support.hierarchical.NodeTestTask.executeRecursively()V (35 bytes) @ 0x00007fb1186063ec [0x00007fb118603880+0x0000000000002b6c]
J 8215 c2 org.junit.platform.engine.support.hierarchical.NodeTestTask.execute()V (143 bytes) @ 0x00007fb1185cdf54 [0x00007fb1185cb420+0x0000000000002b34]
J 8243 c2 org.junit.platform.engine.support.hierarchical.SameThreadHierarchicalTestExecutorService$$Lambda+0x00000000650e3100.accept(Ljava/lang/Object;)V (10 bytes) @ 0x00007fb1185d3340 [0x00007fb1185d3300+0x0000000000000040]
J 2399 c2 java.util.ArrayList.forEach(Ljava/util/function/Consumer;)V java.base@25 (74 bytes) @ 0x00007fb11809c5e4 [0x00007fb11809c500+0x00000000000000e4]
j  org.junit.platform.engine.support.hierarchical.SameThreadHierarchicalTestExecutorService.invokeAll(Ljava/util/List;)V+6
j  org.junit.platform.engine.support.hierarchical.NodeTestTask.lambda$executeRecursively$6()V+116
j  org.junit.platform.engine.support.hierarchical.NodeTestTask$$Lambda+0x00000000650e25c0.execute()V+4
j  org.junit.platform.engine.support.hierarchical.ThrowableCollector.execute(Lorg/junit/platform/engine/support/hierarchical/ThrowableCollector$Executable;)V+1
j  org.junit.platform.engine.support.hierarchical.NodeTestTask.lambda$executeRecursively$8(Lorg/junit/platform/engine/support/hierarchical/EngineExecutionContext;)V+15
j  org.junit.platform.engine.support.hierarchical.NodeTestTask$$Lambda+0x00000000650e2390.invoke(Lorg/junit/platform/engine/support/hierarchical/EngineExecutionContext;)V+5
j  org.junit.platform.engine.support.hierarchical.Node.around(Lorg/junit/platform/engine/support/hierarchical/EngineExecutionContext;Lorg/junit/platform/engine/support/hierarchical/Node$Invocation;)V+2
j  org.junit.platform.engine.support.hierarchical.NodeTestTask.lambda$executeRecursively$9()V+14
j  org.junit.platform.engine.support.hierarchical.NodeTestTask$$Lambda+0x00000000650e2160.execute()V+4
j  org.junit.platform.engine.support.hierarchical.ThrowableCollector.execute(Lorg/junit/platform/engine/support/hierarchical/ThrowableCollector$Executable;)V+1
j  org.junit.platform.engine.support.hierarchical.NodeTestTask.executeRecursively()V+31
j  org.junit.platform.engine.support.hierarchical.NodeTestTask.execute()V+55
j  org.junit.platform.engine.support.hierarchical.SameThreadHierarchicalTestExecutorService.submit(Lorg/junit/platform/engine/support/hierarchical/HierarchicalTestExecutorService$TestTask;)Ljava/util/concurrent/Future;+1
j  org.junit.platform.engine.support.hierarchical.HierarchicalTestExecutor.execute()Ljava/util/concurrent/Future;+74
j  org.junit.platform.engine.support.hierarchical.HierarchicalTestEngine.execute(Lorg/junit/platform/engine/ExecutionRequest;)V+31
j  org.junit.platform.launcher.core.EngineExecutionOrchestrator.executeEngine(Lorg/junit/platform/engine/TestDescriptor;Lorg/junit/platform/engine/EngineExecutionListener;Lorg/junit/platform/engine/ConfigurationParameters;Lorg/junit/platform/engine/TestEngine;Lorg/junit/platform/engine/OutputDirectoryCreator;Lorg/junit/platform/launcher/core/DiscoveryIssueNotifier;Lorg/junit/platform/engine/support/store/NamespacedHierarchicalStore;)V+24
j  org.junit.platform.launcher.core.EngineExecutionOrchestrator.failOrExecuteEngine(Lorg/junit/platform/launcher/core/LauncherDiscoveryResult;Lorg/junit/platform/engine/EngineExecutionListener;Lorg/junit/platform/engine/TestEngine;Lorg/junit/platform/engine/support/store/NamespacedHierarchicalStore;)V+124
j  org.junit.platform.launcher.core.EngineExecutionOrchestrator.execute(Lorg/junit/platform/launcher/core/LauncherDiscoveryResult;Lorg/junit/platform/engine/EngineExecutionListener;Lorg/junit/platform/engine/support/store/NamespacedHierarchicalStore;)V+68
j  org.junit.platform.launcher.core.EngineExecutionOrchestrator.execute(Lorg/junit/platform/launcher/core/InternalTestPlan;Lorg/junit/platform/engine/EngineExecutionListener;Lorg/junit/platform/launcher/TestExecutionListener;Lorg/junit/platform/engine/support/store/NamespacedHierarchicalStore;)V+57
j  org.junit.platform.launcher.core.EngineExecutionOrchestrator.lambda$execute$0(Lorg/junit/platform/launcher/core/InternalTestPlan;Lorg/junit/platform/engine/support/store/NamespacedHierarchicalStore;Lorg/junit/platform/launcher/TestExecutionListener;)V+7
j  org.junit.platform.launcher.core.EngineExecutionOrchestrator$$Lambda+0x00000000650d16e0.accept(Ljava/lang/Object;)V+16
j  org.junit.platform.launcher.core.EngineExecutionOrchestrator.withInterceptedStreams(Lorg/junit/platform/engine/ConfigurationParameters;Lorg/junit/platform/launcher/core/ListenerRegistry;Ljava/util/function/Consumer;)V+51
j  org.junit.platform.launcher.core.EngineExecutionOrchestrator.execute(Lorg/junit/platform/launcher/core/InternalTestPlan;Lorg/junit/platform/engine/support/store/NamespacedHierarchicalStore;[Lorg/junit/platform/launcher/TestExecutionListener;)V+26
j  org.junit.platform.launcher.core.DefaultLauncher.execute(Lorg/junit/platform/launcher/core/InternalTestPlan;[Lorg/junit/platform/launcher/TestExecutionListener;)V+12
j  org.junit.platform.launcher.core.DefaultLauncher.execute(Lorg/junit/platform/launcher/LauncherDiscoveryRequest;[Lorg/junit/platform/launcher/TestExecutionListener;)V+34
j  org.junit.platform.launcher.core.DelegatingLauncher.execute(Lorg/junit/platform/launcher/LauncherDiscoveryRequest;[Lorg/junit/platform/launcher/TestExecutionListener;)V+6
j  org.junit.platform.launcher.core.InterceptingLauncher.lambda$execute$1(Lorg/junit/platform/launcher/LauncherDiscoveryRequest;[Lorg/junit/platform/launcher/TestExecutionListener;)Ljava/lang/Object;+3
j  org.junit.platform.launcher.core.InterceptingLauncher$$Lambda+0x00000000650d14b0.proceed()Ljava/lang/Object;+12
j  org.junit.platform.launcher.core.ClasspathAlignmentCheckingLauncherInterceptor.intercept(Lorg/junit/platform/launcher/LauncherInterceptor$Invocation;)Ljava/lang/Object;+1
j  org.junit.platform.launcher.core.InterceptingLauncher.execute(Lorg/junit/platform/launcher/LauncherDiscoveryRequest;[Lorg/junit/platform/launcher/TestExecutionListener;)V+12
j  org.junit.platform.launcher.core.DelegatingLauncher.execute(Lorg/junit/platform/launcher/LauncherDiscoveryRequest;[Lorg/junit/platform/launcher/TestExecutionListener;)V+6
j  org.apache.maven.surefire.junitplatform.LauncherAdapter.executeWithoutCancellationToken(Lorg/junit/platform/launcher/LauncherDiscoveryRequest;[Lorg/junit/platform/launcher/TestExecutionListener;)V+6
j  org.apache.maven.surefire.junitplatform.LauncherAdapter.execute(Lorg/junit/platform/launcher/LauncherDiscoveryRequest;[Lorg/junit/platform/launcher/TestExecutionListener;)V+10
j  org.apache.maven.surefire.junitplatform.JUnitPlatformProvider.execute(Lorg/apache/maven/surefire/junitplatform/LauncherAdapter;Lorg/apache/maven/surefire/api/util/TestsToRun;Lorg/apache/maven/surefire/junitplatform/RunListenerAdapter;)V+61
j  org.apache.maven.surefire.junitplatform.JUnitPlatformProvider.invokeAllTests(Lorg/apache/maven/surefire/junitplatform/LauncherAdapter;Lorg/apache/maven/surefire/api/util/TestsToRun;Lorg/apache/maven/surefire/junitplatform/RunListenerAdapter;)V+36
j  org.apache.maven.surefire.junitplatform.JUnitPlatformProvider.invoke(Ljava/lang/Object;)Lorg/apache/maven/surefire/api/suite/RunResult;+144
j  org.apache.maven.surefire.booter.ForkedBooter.runSuitesInProcess()V+8
j  org.apache.maven.surefire.booter.ForkedBooter.execute()V+1
j  org.apache.maven.surefire.booter.ForkedBooter.run(Lorg/apache/maven/surefire/booter/ForkedBooter;[Ljava/lang/String;)V+27
j  org.apache.maven.surefire.booter.ForkedBooter.main([Ljava/lang/String;)V+10
v  ~StubRoutines::call_stub 0x00007fb11785ffa6

siginfo: si_signo: 11 (SIGSEGV), si_code: 2 (SEGV_ACCERR), si_addr: 0x00007fb128fdfc20

Registers:
RAX=0x00007fb0d10a1430, RBX=0x00007fb0d10a1430, RCX=0x00007fb128cf6880, RDX=0x00007fb128fcfc20
RSP=0x00007fb12fc803b0, RBP=0x00007fb12fc803b0, RSI=0x00007fb128cf6880, RDI=0x00007fb128fcfc20
R8 =0x000000041b5f1ab8, R9 =0x000000043d758168, R10=0x00007fb0ec534030, R11=0x00007fb1182c1700
R12=0x0000000000000000, R13=0x00007fb12fc803d8, R14=0x00007fb12fc804a0, R15=0x00007fb12802b810
RIP=0x00007fb0ec534034, EFLAGS=0x0000000000010287, CSGSFS=0x002b000000000033, ERR=0x0000000000000006
  TRAPNO=0x000000000000000e

XMM[0]=0x0000000000000000 0x0000000000000000
XMM[1]=0x0000000000000000 0x83102bc583102bc5
XMM[2]=0x0000000000000000 0x0000000000000001
XMM[3]=0x0000000000000000 0x0000000000000000
XMM[4]=0x0000000000000000 0x000000043cb754b8
XMM[5]=0x0000000000000000 0x00000000831030ce
XMM[6]=0x0000000000000000 0x0000000083102bc5
XMM[7]=0x0000000000000000 0x000000043cb1abe0
XMM[8]=0x060001edb32cd937 0xf852d974a2c147d2
XMM[9]=0xef207f96ef207f96 0xef207f96bc93d830
XMM[10]=0x0000000000000000 0x00000000cd73589a
XMM[11]=0x546f9f27546f9f27 0x546f9f2711037757
XMM[12]=0x0000000000000000 0x00000000bc93d830
XMM[13]=0x0000000000000000 0x0000000000000000
XMM[14]=0x0000000000000000 0x000000000000fff9
XMM[15]=0x0000000000000000 0x0000000087918018
  MXCSR=0x00001fbf


Register to memory mapping:

RAX={method} {0x00007fb0d10a1430} 'linkToNative' '(JJJLjava/lang/Object;)V' in 'java/lang/invoke/MethodHandle'
RBX={method} {0x00007fb0d10a1430} 'linkToNative' '(JJJLjava/lang/Object;)V' in 'java/lang/invoke/MethodHandle'
RCX=0x00007fb128cf6880 points into unknown readable memory: 0x00007fb128fcfc40 | 40 fc fc 28 b1 7f 00 00
RDX=0x00007fb128fcfc20 points into unknown readable memory: 0x0000000000000002 | 02 00 00 00 00 00 00 00
RSP=0x00007fb12fc803b0 is pointing into the stack for thread: 0x00007fb12802b810
RBP=0x00007fb12fc803b0 is pointing into the stack for thread: 0x00007fb12802b810
RSI=0x00007fb128cf6880 points into unknown readable memory: 0x00007fb128fcfc40 | 40 fc fc 28 b1 7f 00 00
RDI=0x00007fb128fcfc20 points into unknown readable memory: 0x0000000000000002 | 02 00 00 00 00 00 00 00
R8 =0x000000041b5f1ab8 is an oop: jdk.internal.foreign.abi.NativeEntryPoint 
{0x000000041b5f1ab8} - klass: 'jdk/internal/foreign/abi/NativeEntryPoint' - flags: 

 - ---- fields (total size 3 words):
 - private final 'methodType' 'Ljava/lang/invoke/MethodType;' @12  a 'java/lang/invoke/MethodType'{0x000000041b5ede10} = (JJJ)V (0x836bdbc2)
 - private final 'downcallStubAddress' 'J' @16  140398582387168 (0x00007fb117a151e0)
R9 =0x000000043d758168 is an oop: jdk.internal.foreign.NativeMemorySegmentImpl 
{0x000000043d758168} - klass: 'jdk/internal/foreign/NativeMemorySegmentImpl' - flags: 

 - ---- fields (total size 5 words):
 - final 'readOnly' 'Z' @12  false (0x00)
 - final 'length' 'J' @16  0 (0x0000000000000000)
 - final 'scope' 'Ljdk/internal/foreign/MemorySessionImpl;' @24  a 'jdk/internal/foreign/SharedSession'{0x000000043d7580f0} (0x87aeb01e)
 - final 'min' 'J' @32  140398873607200 (0x00007fb128fcfc20)
R10=0x00007fb0ec534030 points into unknown readable memory: 0x000087c7e5894855 | 55 48 89 e5 c7 87 00 00
R11=0x00007fb1182c1700 is at entry_point+0 in (nmethod*)0x00007fb1182c1608
Compiled method (n/a) 18283 4643     n 0       java.lang.invoke.MethodHandle::linkToNative(JJJL)V (native)
 total in heap  [0x00007fb1182c1608,0x00007fb1182c1708] = 256
 main code      [0x00007fb1182c1700,0x00007fb1182c1707] = 7
 stub code      [0x00007fb1182c1707,0x00007fb1182c1708] = 1
R12=0x0 is null
R13=0x00007fb12fc803d8 is pointing into the stack for thread: 0x00007fb12802b810
R14=0x00007fb12fc804a0 is pointing into the stack for thread: 0x00007fb12802b810
R15=0x00007fb12802b810 is a thread

Top of Stack: (sp=0x00007fb12fc803b0)
0x00007fb12fc803b0:   00007fb12fc803c0 00007fb117a1521d   .../.....R......
0x00007fb12fc803c0:   00007fb12fc80458 00007fb117867438   X../....8t......
0x00007fb12fc803d0:   00007fb117867438 000000041b5f1ab8   8t........_.....
0x00007fb12fc803e0:   00007fb128cf6880 0000000000000000   .h.(............
0x00007fb12fc803f0:   00007fb128fcfc20 0000000000000000    ..(............
0x00007fb12fc80400:   00007fb0ec534030 0000000000000000   0@S.............
0x00007fb12fc80410:   fffffffffffffff7 00007fb0d19e5654   ........TV......
0x00007fb12fc80420:   0000000000000009 00007fb0d19e5800   .........X......
0x00007fb12fc80430:   0000000000000000 000000041b5f1a20   ........ ._.....
0x00007fb12fc80440:   00007fb0d19e5660 fffffffffffffff0   `V..............
0x00007fb12fc80450:   00007fb12fc80470 00007fb12fc804f0   p../......./....
0x00007fb12fc80460:   00007fb117867438 000000041b5f1ab8   8t........_.....
0x00007fb12fc80470:   00007fb128cf6880 0000000000000000   .h.(............
0x00007fb12fc80480:   00007fb128fcfc20 0000000000000000    ..(............
0x00007fb12fc80490:   00007fb0ec534030 0000000000000000   0@S.............
0x00007fb12fc804a0:   000000041b5f1790 fffffffffffffff7   .._.............
0x00007fb12fc804b0:   00007fb0d19f5e9f 0000000000000009   .^..............
0x00007fb12fc804c0:   00007fb0d19f6068 0000000000000000   h`..............
0x00007fb12fc804d0:   000000041b606f00 00007fb0d19f5eb0   .o`......^......
0x00007fb12fc804e0:   fffffffffffffff0 00007fb12fc80500   .........../....
0x00007fb12fc804f0:   00007fb12fc80588 00007fb117867438   .../....8t......
0x00007fb12fc80500:   000000041b5ede10 00007fb128cf6880   ..^......h.(....
0x00007fb12fc80510:   0000000000000000 00007fb128fcfc20   ........ ..(....
0x00007fb12fc80520:   0000000000000000 00007fb0ec534030   ........0@S.....
0x00007fb12fc80530:   0000000000000000 000000041b5f1790   .........._.....
0x00007fb12fc80540:   fffffffffffffff7 00007fb0d19e60a9   .........`......
0x00007fb12fc80550:   000000000000000f 00007fb0d19e6288   .........b......
0x00007fb12fc80560:   0000000000000000 000000041b5f16b8   .........._.....
0x00007fb12fc80570:   00007fb0d19e5f38 ffffffffffffffef   8_..............
0x00007fb12fc80580:   00007fb12fc805e0 00007fb12fc80650   .../....P../....
0x00007fb12fc80590:   00007fb117867438 0000000418822590   8t.......%......
0x00007fb12fc805a0:   0000000418800ae0 000000043d7580f0   ..........u=....

Instructions: (pc=0x00007fb0ec534034)
  0x00007fb0ec533f34:   00 00 00 00 00 00 00 00 00 00 00 00 00 00 00 00
  0x00007fb0ec533f44:   00 00 00 00 00 00 00 00 00 00 00 00 00 00 00 00
  0x00007fb0ec533f54:   00 00 00 00 00 00 00 00 00 00 00 00 00 00 00 00
  0x00007fb0ec533f64:   00 00 00 00 00 00 00 00 00 00 00 00 00 00 00 00
  0x00007fb0ec533f74:   00 00 00 00 00 00 00 00 00 00 00 00 00 00 00 00
  0x00007fb0ec533f84:   00 00 00 00 00 00 00 00 00 00 00 00 00 00 00 00
  0x00007fb0ec533f94:   00 00 00 00 00 00 00 00 00 00 00 00 00 00 00 00
  0x00007fb0ec533fa4:   00 00 00 00 00 00 00 00 00 00 00 00 00 00 00 00
  0x00007fb0ec533fb4:   00 00 00 00 00 00 00 00 00 00 00 00 00 00 00 00
  0x00007fb0ec533fc4:   00 00 00 00 00 00 00 00 00 00 00 00 00 00 00 00
  0x00007fb0ec533fd4:   00 00 00 00 00 00 00 00 00 00 00 00 00 00 00 00
  0x00007fb0ec533fe4:   00 00 00 00 00 00 00 00 00 00 00 00 00 00 00 00
  0x00007fb0ec533ff4:   00 00 00 00 00 00 00 00 00 00 00 00 55 48 89 e5
  0x00007fb0ec534004:   8b 07 48 89 ec 5d c3 00 00 00 00 00 55 48 89 e5
  0x00007fb0ec534014:   c7 07 02 00 00 00 48 89 ec 5d c3 00 55 48 89 e5
  0x00007fb0ec534024:   8b 87 00 00 01 00 48 89 ec 5d c3 00 55 48 89 e5
=>0x00007fb0ec534034:   c7 87 00 00 01 00 03 00 00 00 48 89 ec 5d c3 00
  0x00007fb0ec534044:   00 00 00 00 00 00 00 00 00 00 00 00 55 48 89 e5
  0x00007fb0ec534054:   48 83 ec 10 4c 89 24 24 89 56 24 4c 8b 8e d0 00
  0x00007fb0ec534064:   00 00 49 89 f4 4c 89 e7 41 ff d1 4c 89 e6 4c 8b
  0x00007fb0ec534074:   8e e0 00 00 00 4c 8b 24 24 48 83 c4 10 48 89 ec
  0x00007fb0ec534084:   5d c3 00 00 00 00 00 00 00 00 00 00 55 48 89 e5
  0x00007fb0ec534094:   8b 86 d8 00 00 00 48 89 ec 5d c3 00 00 00 00 00
  0x00007fb0ec5340a4:   00 00 00 00 00 00 00 00 00 00 00 00 00 00 00 00
  0x00007fb0ec5340b4:   00 00 00 00 00 00 00 00 00 00 00 00 00 00 00 00
  0x00007fb0ec5340c4:   00 00 00 00 00 00 00 00 00 00 00 00 00 00 00 00
  0x00007fb0ec5340d4:   00 00 00 00 00 00 00 00 00 00 00 00 00 00 00 00
  0x00007fb0ec5340e4:   00 00 00 00 00 00 00 00 00 00 00 00 00 00 00 00
  0x00007fb0ec5340f4:   00 00 00 00 00 00 00 00 00 00 00 00 00 00 00 00
  0x00007fb0ec534104:   00 00 00 00 00 00 00 00 00 00 00 00 00 00 00 00
  0x00007fb0ec534114:   00 00 00 00 00 00 00 00 00 00 00 00 00 00 00 00
  0x00007fb0ec534124:   00 00 00 00 00 00 00 00 00 00 00 00 00 00 00 00


Stack slot to memory mapping:

stack at sp + 0 slots: 0x00007fb12fc803c0 is pointing into the stack for thread: 0x00007fb12802b810
stack at sp + 1 slots: 0x00007fb117a1521d is at code_begin+61 in 
[CodeBlob kind:6 (0x00007fb117a15188)]
Framesize: 2
Runtime Stub (0x00007fb117a15188): nep_invoker_blob
--------------------------------------------------------------------------------
Decoding CodeBlob, name: nep_invoker_blob, at  [0x00007fb117a151e0, 0x00007fb117a152c8]  232 bytes
[MachCode]
  0x00007fb117a151e0: 5548 8bec | c5f8 7749 | 89af 9004 | 0000 49ba | e451 a117 | b17f 0000 | 4d89 9788 | 0400 0049 
  0x00007fb117a15200: 89a7 8004 | 0000 41c7 | 872c 0500 | 0004 0000 | 004c 8bd6 | 488b f148 | 8bfa 41ff | d2c5 f877 
  0x00007fb117a15220: 41c7 872c | 0500 0005 | 0000 00f0 | 8344 24c0 | 0049 3b6f | 280f 874d | 0000 0041 | 83bf 2805 
  0x00007fb117a15240: 0000 000f | 853f 0000 | 0041 c787 | 2c05 0000 | 0800 0000 | 4183 bfa8 | 0500 0002 | 0f84 4400 
  0x00007fb117a15260: 0000 49c7 | 8780 0400 | 0000 0000 | 0049 c787 | 9004 0000 | 0000 0000 | 49c7 8788 | 0400 0000 
  0x00007fb117a15280: 0000 00c5 | f877 c9c3 | 498b ffc5 | f877 4c8b | e448 83ec | 0048 83e4 | f0e8 d276 | 4217 498b 
  0x00007fb117a152a0: e44d 33e4 | eba3 c5f8 | 774c 8be4 | 4883 ec00 | 4883 e4f0 | e857 8893 | 1749 8be4 | 4d33 e4eb 
  0x00007fb117a152c0: a1f4 f4f4 | f4f4 f4f4 
[/MachCode]
--------------------------------------------------------------------------------
stack at sp + 2 slots: 0x00007fb12fc80458 is pointing into the stack for thread: 0x00007fb12802b810
stack at sp + 3 slots: 0x00007fb117867438 is at code_begin+1272 in an Interpreter codelet
return entry points  [0x00007fb117866f40, 0x00007fb117867bb8]  3192 bytes
stack at sp + 4 slots: 0x00007fb117867438 is at code_begin+1272 in an Interpreter codelet
return entry points  [0x00007fb117866f40, 0x00007fb117867bb8]  3192 bytes
stack at sp + 5 slots: 0x000000041b5f1ab8 is an oop: jdk.internal.foreign.abi.NativeEntryPoint 
{0x000000041b5f1ab8} - klass: 'jdk/internal/foreign/abi/NativeEntryPoint' - flags: 

 - ---- fields (total size 3 words):
 - private final 'methodType' 'Ljava/lang/invoke/MethodType;' @12  a 'java/lang/invoke/MethodType'{0x000000041b5ede10} = (JJJ)V (0x836bdbc2)
 - private final 'downcallStubAddress' 'J' @16  140398582387168 (0x00007fb117a151e0)
stack at sp + 6 slots: 0x00007fb128cf6880 points into unknown readable memory: 0x00007fb128fcfc40 | 40 fc fc 28 b1 7f 00 00
stack at sp + 7 slots: 0x0 is null

Lock stack of current Java thread (top to bottom):

--------------------------------------------------------------------------------
Decoding CodeBlob, name: nep_invoker_blob, at  [0x00007fb117a151e0, 0x00007fb117a152c8]  232 bytes
[MachCode]
  0x00007fb117a151e0: 5548 8bec | c5f8 7749 | 89af 9004 | 0000 49ba | e451 a117 | b17f 0000 | 4d89 9788 | 0400 0049 
  0x00007fb117a15200: 89a7 8004 | 0000 41c7 | 872c 0500 | 0004 0000 | 004c 8bd6 | 488b f148 | 8bfa 41ff | d2c5 f877 
  0x00007fb117a15220: 41c7 872c | 0500 0005 | 0000 00f0 | 8344 24c0 | 0049 3b6f | 280f 874d | 0000 0041 | 83bf 2805 
  0x00007fb117a15240: 0000 000f | 853f 0000 | 0041 c787 | 2c05 0000 | 0800 0000 | 4183 bfa8 | 0500 0002 | 0f84 4400 
  0x00007fb117a15260: 0000 49c7 | 8780 0400 | 0000 0000 | 0049 c787 | 9004 0000 | 0000 0000 | 49c7 8788 | 0400 0000 
  0x00007fb117a15280: 0000 00c5 | f877 c9c3 | 498b ffc5 | f877 4c8b | e448 83ec | 0048 83e4 | f0e8 d276 | 4217 498b 
  0x00007fb117a152a0: e44d 33e4 | eba3 c5f8 | 774c 8be4 | 4883 ec00 | 4883 e4f0 | e857 8893 | 1749 8be4 | 4d33 e4eb 
  0x00007fb117a152c0: a1f4 f4f4 | f4f4 f4f4 
[/MachCode]
--------------------------------------------------------------------------------


Compiled method (c1) 18289 7646       3       java.lang.invoke.LambdaForm$MH/0x00000000651b5800::invoke (56 bytes)
 total in heap  [0x00007fb111ca9788,0x00007fb111caa550] = 3528
 main code      [0x00007fb111ca9880,0x00007fb111caa4c0] = 3136
 stub code      [0x00007fb111caa4c0,0x00007fb111caa548] = 136
 oops           [0x00007fb111caa548,0x00007fb111caa550] = 8
 mutable data [0x00007fb08839b360,0x00007fb08839b468] = 264
 relocation     [0x00007fb08839b360,0x00007fb08839b440] = 224
 metadata       [0x00007fb08839b440,0x00007fb08839b468] = 40
 immutable data [0x00007fb08839b040,0x00007fb08839b350] = 784
 dependencies   [0x00007fb08839b040,0x00007fb08839b050] = 16
 nul chk table  [0x00007fb08839b050,0x00007fb08839b088] = 56
 scopes pcs     [0x00007fb08839b088,0x00007fb08839b208] = 384
 scopes data    [0x00007fb08839b208,0x00007fb08839b350] = 328

[Constant Pool (empty)]

[MachCode]
[Verified Entry Point]
  # {method} {0x00007fb0d19f3f60} 'invoke' '(Ljava/lang/Object;Ljava/lang/Object;Ljava/lang/Object;)Ljava/lang/Object;' in 'java/lang/invoke/LambdaForm$MH+0x00000000651b5800'
  # parm0:    rsi:rsi   = 'java/lang/Object'
  # parm1:    rdx:rdx   = 'java/lang/Object'
  # parm2:    rcx:rcx   = 'java/lang/Object'
  #           [sp+0xb0]  (sp of caller)
  0x00007fb111ca9880: 8984 2400 | c0fe ff55 | 4881 eca0 | 0000 0090 | 4181 7f20 | 0500 0000 

  0x00007fb111ca9898: ;   {runtime_call Stub::method_entry_barrier}
  0x00007fb111ca9898: 7405 e821 

  0x00007fb111ca989c: ;   {metadata(method data for {method} {0x00007fb0d19f3f60} 'invoke' '(Ljava/lang/Object;Ljava/lang/Object;Ljava/lang/Object;)Ljava/lang/Object;' in 'java/lang/invoke/LambdaForm$MH+0x00000000651b5800')}
  0x00007fb111ca989c: ddbe 0548 | bf00 20ea | d1b0 7f00 | 0048 8dbf | f002 0000 | 4885 f675 | 0cf6 0701 | 7548 f048 
  0x00007fb111ca98bc: 830f 01eb | 418b 5e08 | 41ba 0000 | 0064 4903 | da4c 8bd3 | 4833 1f48 | f7c3 fcff | ffff 7426 
  0x00007fb111ca98dc: f6c3 0275 | 2148 f707 | feff ffff | 7415 498b | da48 331f | 48f7 c3fc | ffff ff74 | 0948 830f 
  0x00007fb111ca98fc: 02eb 0348 | 891f 4885 | d275 0ef6 | 4710 0175 | 4ef0 4883 | 4f10 01eb | 468b 5a08 | 41ba 0000 
  0x00007fb111ca991c: 0064 4903 | da4c 8bd3 | 4833 5f10 | 48f7 c3fc | ffff ff74 | 2af6 c302 | 7525 48f7 | 4710 feff 
  0x00007fb111ca993c: ffff 7417 | 498b da48 | 335f 1048 | f7c3 fcff | ffff 740b | 4883 4f10 | 02eb 0448 

  0x00007fb111ca9958: ;   {metadata(method data for {method} {0x00007fb0d19f3f60} 'invoke' '(Ljava/lang/Object;Ljava/lang/Object;Ljava/lang/Object;)Ljava/lang/Object;' in 'java/lang/invoke/LambdaForm$MH+0x00000000651b5800')}
  0x00007fb111ca9958: 895f 1048 | bf00 20ea | d1b0 7f00 | 008b 9f90 | 0000 0083 | c302 899f | 9000 0000 | 81e3 fe07 
  0x00007fb111ca9978: 0000 85db | 0f84 f109 | 0000 4889 | 5424 6048 | 8974 2458 

  0x00007fb111ca998c: ;   {metadata(method data for {method} {0x00007fb0d19f3f60} 'invoke' '(Ljava/lang/Object;Ljava/lang/Object;Ljava/lang/Object;)Ljava/lang/Object;' in 'java/lang/invoke/LambdaForm$MH+0x00000000651b5800')}
  0x00007fb111ca998c: 48bf 0020 | ead1 b07f | 0000 488d | bfe8 0000 | 0048 85c9 | 750e f647 | 0801 754e | f048 834f 
  0x00007fb111ca99ac: 0801 eb46 | 8b59 0841 | ba00 0000 | 6449 03da | 4c8b d348 | 335f 0848 | f7c3 fcff | ffff 742a 
  0x00007fb111ca99cc: f6c3 0275 | 2548 f747 | 08fe ffff | ff74 1749 | 8bda 4833 | 5f08 48f7 | c3fc ffff | ff74 0b48 
  0x00007fb111ca99ec: 834f 0802 | eb04 4889 

  0x00007fb111ca99f4: ;   {metadata(method data for {method} {0x00007fb0d19f3f60} 'invoke' '(Ljava/lang/Object;Ljava/lang/Object;Ljava/lang/Object;)Ljava/lang/Object;' in 'java/lang/invoke/LambdaForm$MH+0x00000000651b5800')}
  0x00007fb111ca99f4: 5f08 48bf | 0020 ead1 | b07f 0000 | 4883 87d8 | 0000 0001 | 488b f1ba | 0200 0000 | 4889 4c24 
  0x00007fb111ca9a14: ;   {static_call}
  0x00007fb111ca9a14: 5066 90e8 

  0x00007fb111ca9a18: ; ImmutableOopMap {[80]=Oop [88]=Oop [96]=Oop }
                      ;*invokestatic checkSpreadArgument {reexecute=0 rethrow=0 return_oop=0}
                      ; - java.lang.invoke.LambdaForm$MH/0x00000000651b5800::invoke@2
  0x00007fb111ca9a18: e4c5 fbff 

  0x00007fb111ca9a1c: ;   {post_call_nop}
  0x00007fb111ca9a1c: 0f1f 8400 | 9402 0000 | 488b 4c24 | 5048 85c9 

  0x00007fb111ca9a2c: ;   {metadata(method data for {method} {0x00007fb0d19f3f60} 'invoke' '(Ljava/lang/Object;Ljava/lang/Object;Ljava/lang/Object;)Ljava/lang/Object;' in 'java/lang/invoke/LambdaForm$MH+0x00000000651b5800')}
  0x00007fb111ca9a2c: 48bf 0020 | ead1 b07f | 0000 750c | 808f f900 | 0000 01e9 | a700 0000 | 8b59 0841 | ba00 0000 
  0x00007fb111ca9a4c: 6449 03da | 483b 9f08 | 0100 0075 | 0d48 8387 | 1001 0000 | 01e9 6000 | 0000 483b | 9f18 0100 
  0x00007fb111ca9a6c: 0075 0d48 | 8387 2001 | 0000 01e9 | 4a00 0000 | 4883 bf08 | 0100 0000 | 7517 4889 | 9f08 0100 
  0x00007fb111ca9a8c: 0048 c787 | 1001 0000 | 0100 0000 | e929 0000 | 0048 83bf | 1801 0000 | 0075 1748 | 899f 1801 
  0x00007fb111ca9aac: 0000 48c7 | 8720 0100 | 0001 0000 | 00e9 0800 | 0000 4883 | 8700 0100 

  0x00007fb111ca9ac4: ;   {metadata('java/lang/Object'[])}
  0x00007fb111ca9ac4: 0001 48bb | e01f 1764 | 0000 0000 | 8b79 0841 | ba00 0000 | 6449 03fa | 483b 5f38 | 0f85 ae08 
  0x00007fb111ca9ae4: 0000 e900 | 0000 0048 | 8bd1 837a | 0c00 0f86 | af08 0000 | 8b7a 1048 | c1e7 0383 | 7a0c 010f 
  0x00007fb111ca9b04: 86b0 0800 | 008b 5a14 | 48c1 e303 | 488b 7424 | 5848 85f6 

  0x00007fb111ca9b18: ;   {metadata(method data for {method} {0x00007fb0d19f3f60} 'invoke' '(Ljava/lang/Object;Ljava/lang/Object;Ljava/lang/Object;)Ljava/lang/Object;' in 'java/lang/invoke/LambdaForm$MH+0x00000000651b5800')}
  0x00007fb111ca9b18: 48b8 0020 | ead1 b07f | 0000 750c | 8088 2901 | 0000 01e9 | a600 0000 | 8b4e 0841 | ba00 0000 
  0x00007fb111ca9b38: 6449 03ca | 483b 8838 | 0100 0075 | 0d48 8380 | 4001 0000 | 01e9 6000 | 0000 483b | 8848 0100 
  0x00007fb111ca9b58: 0075 0d48 | 8380 5001 | 0000 01e9 | 4a00 0000 | 4883 b838 | 0100 0000 | 7517 4889 | 8838 0100 
  0x00007fb111ca9b78: 0048 c780 | 4001 0000 | 0100 0000 | e929 0000 | 0048 83b8 | 4801 0000 | 0075 1748 | 8988 4801 
  0x00007fb111ca9b98: 0000 48c7 | 8050 0100 | 0001 0000 | 00e9 0800 | 0000 4883 | 8030 0100 

  0x00007fb111ca9bb0: ;   {metadata('java/lang/invoke/BoundMethodHandle$Species_L')}
  0x00007fb111ca9bb0: 0001 48b9 | c0ac 3264 | 0000 0000 | 8b56 0841 | ba00 0000 | 6449 03d2 | 483b ca0f | 85fa 0700 
  0x00007fb111ca9bd0: 00e9 0000 | 0000 488b | d68b 5220 | 48c1 e203 | 488b 7424 | 6048 85f6 

  0x00007fb111ca9be8: ;   {metadata(method data for {method} {0x00007fb0d19f3f60} 'invoke' '(Ljava/lang/Object;Ljava/lang/Object;Ljava/lang/Object;)Ljava/lang/Object;' in 'java/lang/invoke/LambdaForm$MH+0x00000000651b5800')}
  0x00007fb111ca9be8: 48b9 0020 | ead1 b07f | 0000 750c | 8089 5901 | 0000 01e9 | a800 0000 | 448b 4608 | 41ba 0000 
  0x00007fb111ca9c08: 0064 4d03 | c24c 3b81 | 6801 0000 | 750d 4883 | 8170 0100 | 0001 e960 | 0000 004c | 3b81 7801 
  0x00007fb111ca9c28: 0000 750d | 4883 8180 | 0100 0001 | e94a 0000 | 0048 83b9 | 6801 0000 | 0075 174c | 8981 6801 
  0x00007fb111ca9c48: 0000 48c7 | 8170 0100 | 0001 0000 | 00e9 2900 | 0000 4883 | b978 0100 | 0000 7517 | 4c89 8178 
  0x00007fb111ca9c68: 0100 0048 | c781 8001 | 0000 0100 | 0000 e908 | 0000 0048 | 8381 6001 

  0x00007fb111ca9c80: ;   {metadata('java/lang/invoke/MethodHandle')}
  0x00007fb111ca9c80: 0000 0149 | b890 e51e | 6400 0000 | 008b 4e08 | 41ba 0000 | 0064 4903 | ca4c 3b41 | 380f 8536 
  0x00007fb111ca9ca0: 0700 00e9 | 0000 0000 | 488b c648 

  0x00007fb111ca9cac: ;   {metadata(method data for {method} {0x00007fb0d19f3f60} 'invoke' '(Ljava/lang/Object;Ljava/lang/Object;Ljava/lang/Object;)Ljava/lang/Object;' in 'java/lang/invoke/LambdaForm$MH+0x00000000651b5800')}
  0x00007fb111ca9cac: 85d2 48be | 0020 ead1 | b07f 0000 | 750c 808e | 8901 0000 | 01e9 a700 | 0000 448b | 4208 41ba 
  0x00007fb111ca9ccc: 0000 0064 | 4d03 c24c | 3b86 9801 | 0000 750d | 4883 86a0 | 0100 0001 | e960 0000 | 004c 3b86 
  0x00007fb111ca9cec: a801 0000 | 750d 4883 | 86b0 0100 | 0001 e94a | 0000 0048 | 83be 9801 | 0000 0075 | 174c 8986 
  0x00007fb111ca9d0c: 9801 0000 | 48c7 86a0 | 0100 0001 | 0000 00e9 | 2900 0000 | 4883 bea8 | 0100 0000 | 7517 4c89 
  0x00007fb111ca9d2c: 86a8 0100 | 0048 c786 | b001 0000 | 0100 0000 | e908 0000 | 0048 8386 | 9001 0000 

  0x00007fb111ca9d48: ;   {metadata('java/lang/invoke/MethodType')}
  0x00007fb111ca9d48: 0149 b860 | f81e 6400 | 0000 008b | 4a08 41ba | 0000 0064 | 4903 ca4c | 3bc1 0f85 | 7a06 0000 
  0x00007fb111ca9d68: e900 0000 | 0048 8bca 

  0x00007fb111ca9d70: ;   {metadata(method data for {method} {0x00007fb0d19f3f60} 'invoke' '(Ljava/lang/Object;Ljava/lang/Object;Ljava/lang/Object;)Ljava/lang/Object;' in 'java/lang/invoke/LambdaForm$MH+0x00000000651b5800')}
  0x00007fb111ca9d70: 48ba 0020 | ead1 b07f | 0000 488d | 92d0 0100 | 0048 85c0 | 750e f642 | 0801 754f | f048 834a 
  0x00007fb111ca9d90: 0801 eb47 | 8b70 0841 | ba00 0000 | 6449 03f2 | 4c8b d648 | 3372 0848 | f7c6 fcff | ffff 742b 
  0x00007fb111ca9db0: 40f6 c602 | 7525 48f7 | 4208 feff | ffff 7417 | 498b f248 | 3372 0848 | f7c6 fcff | ffff 740b 
  0x00007fb111ca9dd0: 4883 4a08 | 02eb 0448 | 8972 0848 | 85c9 750c | f642 1801 | 7506 f048 | 834a 1801 

  0x00007fb111ca9dec: ;   {metadata(method data for {method} {0x00007fb0d19f3f60} 'invoke' '(Ljava/lang/Object;Ljava/lang/Object;Ljava/lang/Object;)Ljava/lang/Object;' in 'java/lang/invoke/LambdaForm$MH+0x00000000651b5800')}
  0x00007fb111ca9dec: 48ba 0020 | ead1 b07f | 0000 4883 | 82c0 0100 

  0x00007fb111ca9dfc: ;   {metadata(method data for {method} {0x0000000064470010} 'checkGenericType' '(Ljava/lang/invoke/MethodHandle;Ljava/lang/invoke/MethodType;)Ljava/lang/invoke/MethodHandle;' in 'java/lang/invoke/Invokers')}
  0x00007fb111ca9dfc: 0001 48ba | c06b b1d1 | b07f 0000 | 8bb2 9000 | 0000 83c6 | 0289 b290 | 0000 0081 | e6fe ff1f 
  0x00007fb111ca9e1c: 0085 f60f | 84c6 0500 | 0048 3b00 

  0x00007fb111ca9e28: ;   {metadata(method data for {method} {0x0000000064470010} 'checkGenericType' '(Ljava/lang/invoke/MethodHandle;Ljava/lang/invoke/MethodType;)Ljava/lang/invoke/MethodHandle;' in 'java/lang/invoke/Invokers')}
  0x00007fb111ca9e28: 488b d048 | bec0 6bb1 | d1b0 7f00 | 008b 5208 | 41ba 0000 | 0064 4903 | d248 3b96 | e000 0000 
  0x00007fb111ca9e48: 750d 4883 | 86e8 0000 | 0001 e960 | 0000 0048 | 3b96 f000 | 0000 750d | 4883 86f8 | 0000 0001 
  0x00007fb111ca9e68: e94a 0000 | 0048 83be | e000 0000 | 0075 1748 | 8996 e000 | 0000 48c7 | 86e8 0000 | 0001 0000 
  0x00007fb111ca9e88: 00e9 2900 | 0000 4883 | bef0 0000 | 0000 7517 | 4889 96f0 | 0000 0048 | c786 f800 | 0000 0100 
  0x00007fb111ca9ea8: 0000 e908 | 0000 0048 | 8386 d800 

  0x00007fb111ca9eb4: ;   {metadata(method data for {method} {0x00000000644783e0} 'asType' '(Ljava/lang/invoke/MethodType;)Ljava/lang/invoke/MethodHandle;' in 'java/lang/invoke/MethodHandle')}
  0x00007fb111ca9eb4: 0000 0148 | ba00 1125 | d0b0 7f00 | 008b b290 | 0000 0083 | c602 89b2 | 9000 0000 | 81e6 feff 
  0x00007fb111ca9ed4: 1f00 85f6 | 0f84 3305 | 0000 8b50 | 1048 c1e2 | 0348 3bca 

  0x00007fb111ca9ee8: ;   {metadata(method data for {method} {0x00000000644783e0} 'asType' '(Ljava/lang/invoke/MethodType;)Ljava/lang/invoke/MethodHandle;' in 'java/lang/invoke/MethodHandle')}
  0x00007fb111ca9ee8: 48ba 0011 | 25d0 b07f | 0000 bee8 | 0000 0074 | 05be d800 | 0000 4c8b | 0432 4d8d | 4001 4c89 
  0x00007fb111ca9f08: 0432 4889 | 9c24 8000 | 0000 4889 | 7c24 780f | 8497 0000 | 0048 8bd0 

  0x00007fb111ca9f20: ;   {metadata(method data for {method} {0x00000000644783e0} 'asType' '(Ljava/lang/invoke/MethodType;)Ljava/lang/invoke/MethodHandle;' in 'java/lang/invoke/MethodHandle')}
  0x00007fb111ca9f20: 48be 0011 | 25d0 b07f | 0000 4883 | 86f8 0000 | 0001 488b | d148 8bf0 | 4889 4c24 | 7048 8944 
  0x00007fb111ca9f40: 2468 0f1f 

  0x00007fb111ca9f44: ;   {optimized virtual_call}
  0x00007fb111ca9f44: 4400 00e8 

  0x00007fb111ca9f48: ; ImmutableOopMap {[104]=Oop [112]=Oop [120]=Oop [128]=Oop }
                      ;*invokevirtual asTypeCached {reexecute=0 rethrow=0 return_oop=0}
                      ; - java.lang.invoke.MethodHandle::asType@12 (line 869)
                      ; - java.lang.invoke.Invokers::checkGenericType@2 (line 541)
                      ; - java.lang.invoke.LambdaForm$MH/0x00000000651b5800::invoke@37
  0x00007fb111ca9f48: 943b c005 

  0x00007fb111ca9f4c: ;   {post_call_nop}
  0x00007fb111ca9f4c: 0f1f 8400 | c407 0001 

  0x00007fb111ca9f54: ;   {metadata(method data for {method} {0x00000000644783e0} 'asType' '(Ljava/lang/invoke/MethodType;)Ljava/lang/invoke/MethodHandle;' in 'java/lang/invoke/MethodHandle')}
  0x00007fb111ca9f54: 4885 c048 | ba00 1125 | d0b0 7f00 | 00be 3801 | 0000 7505 | be28 0100 | 0048 8b3c | 3248 8d7f 
  0x00007fb111ca9f74: 0148 893c | 320f 8535 | 0000 0048 | 8b4c 2470 | 488b 4424 | 6848 8bd0 

  0x00007fb111ca9f8c: ;   {metadata(method data for {method} {0x00000000644783e0} 'asType' '(Ljava/lang/invoke/MethodType;)Ljava/lang/invoke/MethodHandle;' in 'java/lang/invoke/MethodHandle')}
  0x00007fb111ca9f8c: 48be 0011 | 25d0 b07f | 0000 4883 | 8648 0100 | 0001 488b | d148 8bf0 

  0x00007fb111ca9fa4: ;   {optimized virtual_call}
  0x00007fb111ca9fa4: 6666 90e8 

  0x00007fb111ca9fa8: ; ImmutableOopMap {[120]=Oop [128]=Oop }
                      ;*invokevirtual setAsTypeCache {reexecute=0 rethrow=0 return_oop=0}
                      ; - java.lang.invoke.MethodHandle::asType@24 (line 873)
                      ; - java.lang.invoke.Invokers::checkGenericType@2 (line 541)
                      ; - java.lang.invoke.LambdaForm$MH/0x00000000651b5800::invoke@37
  0x00007fb111ca9fa8: 343b c005 

  0x00007fb111ca9fac: ;   {post_call_nop}
  0x00007fb111ca9fac: 0f1f 8400 | 2408 0002 

  0x00007fb111ca9fb4: ;   {metadata(method data for {method} {0x00007fb0d19f3f60} 'invoke' '(Ljava/lang/Object;Ljava/lang/Object;Ljava/lang/Object;)Ljava/lang/Object;' in 'java/lang/invoke/LambdaForm$MH+0x00000000651b5800')}
  0x00007fb111ca9fb4: 48be 0020 | ead1 b07f | 0000 488d | b6f0 0100 | 0048 85c0 | 750c f606 | 0175 49f0 | 4883 0e01 
  0x00007fb111ca9fd4: eb42 8b78 | 0841 ba00 | 0000 6449 | 03fa 4c8b | d748 333e | 48f7 c7fc | ffff ff74 | 2740 f6c7 
  0x00007fb111ca9ff4: 0275 2148 | f706 feff | ffff 7415 | 498b fa48 | 333e 48f7 | c7fc ffff | ff74 0948 | 830e 02eb 
  0x00007fb111caa014: 0348 893e 

  0x00007fb111caa018: ;   {metadata(method data for {method} {0x00007fb0d19f3f60} 'invoke' '(Ljava/lang/Object;Ljava/lang/Object;Ljava/lang/Object;)Ljava/lang/Object;' in 'java/lang/invoke/LambdaForm$MH+0x00000000651b5800')}
  0x00007fb111caa018: 48be 0020 | ead1 b07f | 0000 488d | b610 0200 | 0048 85c0 | 750e f646 | 0801 754f | f048 834e 
  0x00007fb111caa038: 0801 eb47 | 8b78 0841 | ba00 0000 | 6449 03fa | 4c8b d748 | 337e 0848 | f7c7 fcff | ffff 742b 
  0x00007fb111caa058: 40f6 c702 | 7525 48f7 | 4608 feff | ffff 7417 | 498b fa48 | 337e 0848 | f7c7 fcff | ffff 740b 
  0x00007fb111caa078: 4883 4e08 | 02eb 0448 

  0x00007fb111caa080: ;   {metadata(method data for {method} {0x00007fb0d19f3f60} 'invoke' '(Ljava/lang/Object;Ljava/lang/Object;Ljava/lang/Object;)Ljava/lang/Object;' in 'java/lang/invoke/LambdaForm$MH+0x00000000651b5800')}
  0x00007fb111caa080: 897e 0848 | be00 20ea | d1b0 7f00 | 0048 8386 | 0002 0000 

  0x00007fb111caa094: ;   {metadata(method data for {method} {0x000000006446ff60} 'checkCustomized' '(Ljava/lang/invoke/MethodHandle;)V' in 'java/lang/invoke/Invokers')}
  0x00007fb111caa094: 0148 be78 | 6c2a d0b0 | 7f00 008b | be90 0000 | 0083 c702 | 89be 9000 | 0000 81e7 | feff 1f00 
  0x00007fb111caa0b4: 85ff 0f84 | 7603 0000 

  0x00007fb111caa0bc: ;   {metadata(method data for {method} {0x000000006446ff60} 'checkCustomized' '(Ljava/lang/invoke/MethodHandle;)V' in 'java/lang/invoke/Invokers')}
  0x00007fb111caa0bc: 48be 786c | 2ad0 b07f | 0000 4883 | 86d8 0000 

  0x00007fb111caa0cc: ;   {metadata(method data for {method} {0x00000000641f59a8} 'isCompileConstant' '(Ljava/lang/Object;)Z' in 'java/lang/invoke/MethodHandleImpl')}
  0x00007fb111caa0cc: 0001 48be | d06f 2ad0 | b07f 0000 | 8bbe 9000 | 0000 83c7 | 0289 be90 | 0000 0081 | e7fe ff1f 
  0x00007fb111caa0ec: 0085 ff0f | 845e 0300 

  0x00007fb111caa0f4: ;   {metadata(method data for {method} {0x000000006446ff60} 'checkCustomized' '(Ljava/lang/invoke/MethodHandle;)V' in 'java/lang/invoke/Invokers')}
  0x00007fb111caa0f4: 0048 be78 | 6c2a d0b0 | 7f00 00ff | 86e8 0000 | 008b 7014 | 48c1 e603 

  0x00007fb111caa10c: ; implicit exception: dispatches to 0x00007fb111caa479
  0x00007fb111caa10c: 8b76 1c48 | c1e6 0348 

  0x00007fb111caa114: ;   {metadata(method data for {method} {0x000000006446ff60} 'checkCustomized' '(Ljava/lang/invoke/MethodHandle;)V' in 'java/lang/invoke/Invokers')}
  0x00007fb111caa114: 85f6 48be | 786c 2ad0 | b07f 0000 | bf18 0100 | 0074 05bf | 0801 0000 | 488b 1c3e | 488d 5b01 
  0x00007fb111caa134: 4889 1c3e | 0f84 0d00 | 0000 4889 | 8424 8800 | 0000 e931 

  0x00007fb111caa148: ;   {metadata(method data for {method} {0x000000006446ff60} 'checkCustomized' '(Ljava/lang/invoke/MethodHandle;)V' in 'java/lang/invoke/Invokers')}
  0x00007fb111caa148: 0000 0048 | be78 6c2a | d0b0 7f00 | 0048 8386 | 2801 0000 | 0148 8bf0 | 4889 8424 | 8800 0000 
  0x00007fb111caa168: 0f1f 8000 

  0x00007fb111caa16c: ;   {static_call}
  0x00007fb111caa16c: 0000 00e8 

  0x00007fb111caa170: ; ImmutableOopMap {[120]=Oop [128]=Oop [136]=Oop }
                      ;*invokestatic maybeCustomize {reexecute=0 rethrow=0 return_oop=0}
                      ; - java.lang.invoke.Invokers::checkCustomized@19 (line 626)
                      ; - java.lang.invoke.LambdaForm$MH/0x00000000651b5800::invoke@44
  0x00007fb111caa170: 0c4f 8606 

  0x00007fb111caa174: ;   {post_call_nop}
  0x00007fb111caa174: 0f1f 8400 | ec09 0003 | 488b 8424 | 8800 0000 | 488b 9c24 | 8000 0000 | 488b 7c24 

  0x00007fb111caa190: ;   {metadata(method data for {method} {0x00007fb0d19f3f60} 'invoke' '(Ljava/lang/Object;Ljava/lang/Object;Ljava/lang/Object;)Ljava/lang/Object;' in 'java/lang/invoke/LambdaForm$MH+0x00000000651b5800')}
  0x00007fb111caa190: 7848 ba00 | 20ea d1b0 | 7f00 0048 | 8d92 5802 | 0000 4885 | ff75 0ef6 | 4208 0175 | 4ef0 4883 
  0x00007fb111caa1b0: 4a08 01eb | 468b 4f08 | 41ba 0000 | 0064 4903 | ca4c 8bd1 | 4833 4a08 | 48f7 c1fc | ffff ff74 
  0x00007fb111caa1d0: 2af6 c102 | 7525 48f7 | 4208 feff | ffff 7417 | 498b ca48 | 334a 0848 | f7c1 fcff | ffff 740b 
  0x00007fb111caa1f0: 4883 4a08 | 02eb 0448 | 894a 0848 | 85db 750e | f642 1801 | 754e f048 | 834a 1801 | eb46 8b4b 
  0x00007fb111caa210: 0841 ba00 | 0000 6449 | 03ca 4c8b | d148 334a | 1848 f7c1 | fcff ffff | 742a f6c1 | 0275 2548 
  0x00007fb111caa230: f742 18fe | ffff ff74 | 1749 8bca | 4833 4a18 | 48f7 c1fc | ffff ff74 | 0b48 834a | 1802 eb04 
  0x00007fb111caa250: 4889 4a18 

  0x00007fb111caa254: ;   {metadata(method data for {method} {0x00007fb0d19f3f60} 'invoke' '(Ljava/lang/Object;Ljava/lang/Object;Ljava/lang/Object;)Ljava/lang/Object;' in 'java/lang/invoke/LambdaForm$MH+0x00000000651b5800')}
  0x00007fb111caa254: 488b d048 | b900 20ea | d1b0 7f00 | 008b 5208 | 41ba 0000 | 0064 4903 | d248 3b91 | 3002 0000 
  0x00007fb111caa274: 750d 4883 | 8138 0200 | 0001 e960 | 0000 0048 | 3b91 4002 | 0000 750d | 4883 8148 | 0200 0001 
  0x00007fb111caa294: e94a 0000 | 0048 83b9 | 3002 0000 | 0075 1748 | 8991 3002 | 0000 48c7 | 8138 0200 | 0001 0000 
  0x00007fb111caa2b4: 00e9 2900 | 0000 4883 | b940 0200 | 0000 7517 | 4889 9140 | 0200 0048 | c781 4802 | 0000 0100 
  0x00007fb111caa2d4: 0000 e908 | 0000 0048 | 8381 2802 | 0000 0148 | 8bd7 488b | cb48 8bf0 

  0x00007fb111caa2ec: ;   {optimized virtual_call}
  0x00007fb111caa2ec: 6666 90e8 

  0x00007fb111caa2f0: ; ImmutableOopMap {}
                      ;*invokevirtual invokeBasic {reexecute=0 rethrow=0 return_oop=0}
                      ; - java.lang.invoke.LambdaForm$MH/0x00000000651b5800::invoke@52
  0x00007fb111caa2f0: 8c05 3106 

  0x00007fb111caa2f4: ;   {post_call_nop}
  0x00007fb111caa2f4: 0f1f 8400 | 6c0b 0004 

  0x00007fb111caa2fc: ;   {metadata(method data for {method} {0x00007fb0d19f3f60} 'invoke' '(Ljava/lang/Object;Ljava/lang/Object;Ljava/lang/Object;)Ljava/lang/Object;' in 'java/lang/invoke/LambdaForm$MH+0x00000000651b5800')}
  0x00007fb111caa2fc: 48be 0020 | ead1 b07f | 0000 488d | b678 0200 | 0048 85c0 | 750c f606 | 0175 49f0 | 4883 0e01 
  0x00007fb111caa31c: eb42 8b78 | 0841 ba00 | 0000 6449 | 03fa 4c8b | d748 333e | 48f7 c7fc | ffff ff74 | 2740 f6c7 
  0x00007fb111caa33c: 0275 2148 | f706 feff | ffff 7415 | 498b fa48 | 333e 48f7 | c7fc ffff | ff74 0948 | 830e 02eb 
  0x00007fb111caa35c: 0348 893e | 4881 c4a0 | 0000 005d 

  0x00007fb111caa368: ;   {poll_return}
  0x00007fb111caa368: 493b 6728 | 0f87 0c01 

  0x00007fb111caa370: ;   {metadata({method} {0x00007fb0d19f3f60} 'invoke' '(Ljava/lang/Object;Ljava/lang/Object;Ljava/lang/Object;)Ljava/lang/Object;' in 'java/lang/invoke/LambdaForm$MH+0x00000000651b5800')}
  0x00007fb111caa370: 0000 c349 | ba60 3f9f | d1b0 7f00 | 004c 8954 | 2408 48c7 | 0424 ffff 

  0x00007fb111caa388: ;   {runtime_call C1 Runtime counter_overflow_blob}
  0x00007fb111caa388: ffff e851 

  0x00007fb111caa38c: ; ImmutableOopMap {rsi=Oop rdx=Oop rcx=Oop }
                      ;*synchronization entry
                      ; - java.lang.invoke.LambdaForm$MH/0x00000000651b5800::invoke@-1
  0x00007fb111caa38c: 2ece 05e9 | eef5 ffff | 4889 0c24 

  0x00007fb111caa398: ;   {runtime_call C1 Runtime throw_class_cast_exception_blob}
  0x00007fb111caa398: e843 f1cd 

  0x00007fb111caa39c: ; ImmutableOopMap {[88]=Oop [96]=Oop }
                      ;*checkcast {reexecute=0 rethrow=0 return_oop=0}
                      ; - java.lang.invoke.LambdaForm$MH/0x00000000651b5800::invoke@6
                      ;   {runtime_call C1 Runtime throw_null_pointer_exception_blob}
  0x00007fb111caa39c: 05e8 3ebe 

  0x00007fb111caa3a0: ; ImmutableOopMap {rdx=Oop [88]=Oop [96]=Oop }
                      ;*aaload {reexecute=0 rethrow=0 return_oop=0}
                      ; - java.lang.invoke.LambdaForm$MH/0x00000000651b5800::invoke@12
                      ;   {runtime_call C1 Runtime throw_null_pointer_exception_blob}
  0x00007fb111caa3a0: cd05 e839 

  0x00007fb111caa3a4: ; ImmutableOopMap {rdx=Oop [88]=Oop [96]=Oop }
                      ;*aaload {reexecute=0 rethrow=0 return_oop=0}
                      ; - java.lang.invoke.LambdaForm$MH/0x00000000651b5800::invoke@12
  0x00007fb111caa3a4: becd 0548 | c704 2400 | 0000 0048 | 8954 2408 

  0x00007fb111caa3b4: ;   {runtime_call C1 Runtime throw_range_check_failed_blob}
  0x00007fb111caa3b4: e827 b5cd 

  0x00007fb111caa3b8: ; ImmutableOopMap {rdx=Oop [88]=Oop [96]=Oop }
                      ;*aaload {reexecute=0 rethrow=0 return_oop=0}
                      ; - java.lang.invoke.LambdaForm$MH/0x00000000651b5800::invoke@12
  0x00007fb111caa3b8: 0548 c704 | 2401 0000 | 0048 8954 

  0x00007fb111caa3c4: ;   {runtime_call C1 Runtime throw_range_check_failed_blob}
  0x00007fb111caa3c4: 2408 e815 

  0x00007fb111caa3c8: ; ImmutableOopMap {rdx=Oop rdi=Oop [88]=Oop [96]=Oop }
                      ;*aaload {reexecute=0 rethrow=0 return_oop=0}
                      ; - java.lang.invoke.LambdaForm$MH/0x00000000651b5800::invoke@16
  0x00007fb111caa3c8: b5cd 0548 

  0x00007fb111caa3cc: ;   {runtime_call C1 Runtime throw_class_cast_exception_blob}
  0x00007fb111caa3cc: 8934 24e8 

  0x00007fb111caa3d0: ; ImmutableOopMap {rdi=Oop rbx=Oop [96]=Oop }
                      ;*checkcast {reexecute=0 rethrow=0 return_oop=0}
                      ; - java.lang.invoke.LambdaForm$MH/0x00000000651b5800::invoke@20
  0x00007fb111caa3d0: 0cf1 cd05 

  0x00007fb111caa3d4: ;   {runtime_call C1 Runtime throw_null_pointer_exception_blob}
  0x00007fb111caa3d4: e807 becd 

  0x00007fb111caa3d8: ; ImmutableOopMap {rdi=Oop rbx=Oop [96]=Oop }
                      ;*getfield argL0 {reexecute=1 rethrow=0 return_oop=0}
                      ; - (reexecute) java.lang.invoke.LambdaForm$MH/0x00000000651b5800::invoke@23
  0x00007fb111caa3d8: 0548 8934 

  0x00007fb111caa3dc: ;   {runtime_call C1 Runtime throw_class_cast_exception_blob}
  0x00007fb111caa3dc: 24e8 fef0 

  0x00007fb111caa3e0: ; ImmutableOopMap {rdi=Oop rbx=Oop rdx=Oop }
                      ;*checkcast {reexecute=0 rethrow=0 return_oop=0}
                      ; - java.lang.invoke.LambdaForm$MH/0x00000000651b5800::invoke@29
  0x00007fb111caa3e0: cd05 4889 

  0x00007fb111caa3e4: ;   {runtime_call C1 Runtime throw_class_cast_exception_blob}
  0x00007fb111caa3e4: 1424 e8f5 

  0x00007fb111caa3e8: ; ImmutableOopMap {rdi=Oop rbx=Oop rax=Oop }
                      ;*checkcast {reexecute=0 rethrow=0 return_oop=0}
                      ; - java.lang.invoke.LambdaForm$MH/0x00000000651b5800::invoke@34
                      ;   {metadata({method} {0x0000000064470010} 'checkGenericType' '(Ljava/lang/invoke/MethodHandle;Ljava/lang/invoke/MethodType;)Ljava/lang/invoke/MethodHandle;' in 'java/lang/invoke/Invokers')}
  0x00007fb111caa3e8: f0cd 0549 | ba10 0047 | 6400 0000 | 004c 8954 | 2408 48c7 | 0424 ffff 

  0x00007fb111caa400: ;   {runtime_call C1 Runtime counter_overflow_blob}
  0x00007fb111caa400: ffff e8d9 

  0x00007fb111caa404: ; ImmutableOopMap {rdi=Oop rbx=Oop rax=Oop rcx=Oop }
                      ;*synchronization entry
                      ; - java.lang.invoke.Invokers::checkGenericType@-1 (line 541)
                      ; - java.lang.invoke.LambdaForm$MH/0x00000000651b5800::invoke@37
  0x00007fb111caa404: 2dce 05e9 | 19fa ffff 

  0x00007fb111caa40c: ;   {runtime_call C1 Runtime throw_null_pointer_exception_blob}
  0x00007fb111caa40c: e8cf bdcd 

  0x00007fb111caa410: ; ImmutableOopMap {rdi=Oop rbx=Oop rax=Oop rcx=Oop }
                      ;*invokevirtual asType {reexecute=0 rethrow=0 return_oop=0}
                      ; - java.lang.invoke.Invokers::checkGenericType@2 (line 541)
                      ; - java.lang.invoke.LambdaForm$MH/0x00000000651b5800::invoke@37
                      ;   {metadata({method} {0x00000000644783e0} 'asType' '(Ljava/lang/invoke/MethodType;)Ljava/lang/invoke/MethodHandle;' in 'java/lang/invoke/MethodHandle')}
  0x00007fb111caa410: 0549 bae0 | 8347 6400 | 0000 004c | 8954 2408 | 48c7 0424 | ffff ffff 

  0x00007fb111caa428: ;   {runtime_call C1 Runtime counter_overflow_blob}
  0x00007fb111caa428: e8b3 2dce 

  0x00007fb111caa42c: ; ImmutableOopMap {rdi=Oop rbx=Oop rax=Oop rcx=Oop }
                      ;*synchronization entry
                      ; - java.lang.invoke.MethodHandle::asType@-1 (line 865)
                      ; - java.lang.invoke.Invokers::checkGenericType@2 (line 541)
                      ; - java.lang.invoke.LambdaForm$MH/0x00000000651b5800::invoke@37
  0x00007fb111caa42c: 05e9 acfa 

  0x00007fb111caa430: ;   {metadata({method} {0x000000006446ff60} 'checkCustomized' '(Ljava/lang/invoke/MethodHandle;)V' in 'java/lang/invoke/Invokers')}
  0x00007fb111caa430: ffff 49ba | 60ff 4664 | 0000 0000 | 4c89 5424 | 0848 c704 | 24ff ffff 

  0x00007fb111caa448: ;   {runtime_call C1 Runtime counter_overflow_blob}
  0x00007fb111caa448: ffe8 922d 

  0x00007fb111caa44c: ; ImmutableOopMap {rax=Oop [120]=Oop [128]=Oop }
                      ;*synchronization entry
                      ; - java.lang.invoke.Invokers::checkCustomized@-1 (line 622)
                      ; - java.lang.invoke.LambdaForm$MH/0x00000000651b5800::invoke@44
  0x00007fb111caa44c: ce05 e969 

  0x00007fb111caa450: ;   {metadata({method} {0x00000000641f59a8} 'isCompileConstant' '(Ljava/lang/Object;)Z' in 'java/lang/invoke/MethodHandleImpl')}
  0x00007fb111caa450: fcff ff49 | baa8 591f | 6400 0000 | 004c 8954 | 2408 48c7 | 0424 ffff 

  0x00007fb111caa468: ;   {runtime_call C1 Runtime counter_overflow_blob}
  0x00007fb111caa468: ffff e871 

  0x00007fb111caa46c: ; ImmutableOopMap {rax=Oop [120]=Oop [128]=Oop }
                      ;*synchronization entry
                      ; - java.lang.invoke.MethodHandleImpl::isCompileConstant@-1 (line 625)
                      ; - java.lang.invoke.Invokers::checkCustomized@1 (line 622)
                      ; - java.lang.invoke.LambdaForm$MH/0x00000000651b5800::invoke@44
  0x00007fb111caa46c: 2dce 05e9 | 81fc ffff 

  0x00007fb111caa474: ;   {runtime_call C1 Runtime throw_null_pointer_exception_blob}
  0x00007fb111caa474: e867 bdcd 

  0x00007fb111caa478: ; ImmutableOopMap {rax=Oop [120]=Oop [128]=Oop }
                      ;*getfield form {reexecute=1 rethrow=0 return_oop=0}
                      ; - (reexecute) java.lang.invoke.Invokers::checkCustomized@9 (line 625)
                      ; - java.lang.invoke.LambdaForm$MH/0x00000000651b5800::invoke@44
                      ;   {runtime_call C1 Runtime throw_null_pointer_exception_blob}
  0x00007fb111caa478: 05e8 62bd 

  0x00007fb111caa47c: ; ImmutableOopMap {rax=Oop [120]=Oop [128]=Oop }
                      ;*getfield customized {reexecute=1 rethrow=0 return_oop=0}
                      ; - (reexecute) java.lang.invoke.Invokers::checkCustomized@12 (line 625)
                      ; - java.lang.invoke.LambdaForm$MH/0x00000000651b5800::invoke@44
                      ;   {internal_word}
  0x00007fb111caa47c: cd05 49ba | 68a3 ca11 | b17f 0000 | 4d89 9738 

  0x00007fb111caa48c: ;   {runtime_call SafepointBlob}
  0x00007fb111caa48c: 0500 00e9 | cc66 c005 | 498b 87e0 | 0500 0049 | c787 e005 | 0000 0000 | 0000 49c7 | 87e8 0500 
  0x00007fb111caa4ac: 0000 0000 | 0048 81c4 | a000 0000 

  0x00007fb111caa4b8: ;   {runtime_call C1 Runtime unwind_exception_blob}
  0x00007fb111caa4b8: 5de9 a2a8 | cd05 f4f4 
[Stub Code]
  0x00007fb111caa4c0: ;   {static_stub}
  0x00007fb111caa4c0: 48bb 0000 | 0000 0000 

  0x00007fb111caa4c8: ;   {runtime_call nmethod}
  0x00007fb111caa4c8: 0000 e9fb 

  0x00007fb111caa4cc: ;   {static_stub}
  0x00007fb111caa4cc: ffff ff48 | bb00 0000 | 0000 0000 

  0x00007fb111caa4d8: ;   {runtime_call nmethod}
  0x00007fb111caa4d8: 00e9 fbff 

  0x00007fb111caa4dc: ;   {static_stub}
  0x00007fb111caa4dc: ffff 48bb | 0000 0000 | 0000 0000 

  0x00007fb111caa4e8: ;   {runtime_call nmethod}
  0x00007fb111caa4e8: e9fb ffff 

  0x00007fb111caa4ec: ;   {static_stub}
  0x00007fb111caa4ec: ff48 bb00 | 0000 0000 

  0x00007fb111caa4f4: ;   {runtime_call nmethod}
  0x00007fb111caa4f4: 0000 00e9 | fbff ffff 

  0x00007fb111caa4fc: ;   {static_stub}
  0x00007fb111caa4fc: 48bb 0000 | 0000 0000 

  0x00007fb111caa504: ;   {runtime_call nmethod}
  0x00007fb111caa504: 0000 e9fb 

  0x00007fb111caa508: ;   {runtime_call C1 Runtime handle_exception_from_callee_blob}
  0x00007fb111caa508: ffff ffe8 | d0de cd05 

  0x00007fb111caa510: ;   {external_word}
  0x00007fb111caa510: 48bf 28c7 | 6e2f b17f | 0000 4883 

  0x00007fb111caa51c: ;   {runtime_call MacroAssembler::debug64(char*, long, long*)}
  0x00007fb111caa51c: e4f0 e81d | e949 1df4 
[Deopt Handler Code]
  0x00007fb111caa524: ;   {section_word}
  0x00007fb111caa524: 49ba 24a5 | ca11 b17f | 0000 4152 

  0x00007fb111caa530: ;   {runtime_call DeoptimizationBlob}
  0x00007fb111caa530: e9ab 4dc0 

  0x00007fb111caa534: ;   {section_word}
  0x00007fb111caa534: 0549 ba35 | a5ca 11b1 | 7f00 0041 

  0x00007fb111caa540: ;   {runtime_call DeoptimizationBlob}
  0x00007fb111caa540: 52e9 9a4d | c005 f4f4 
[/MachCode]


Compiled method (c1) 18307 9095       3       java.lang.invoke.MethodHandle::invokeWithArguments (32 bytes)
 total in heap  [0x00007fb110608b08,0x00007fb110609568] = 2656
 main code      [0x00007fb110608c00,0x00007fb1106094a8] = 2216
 stub code      [0x00007fb1106094a8,0x00007fb110609560] = 184
 oops           [0x00007fb110609560,0x00007fb110609568] = 8
 mutable data [0x00007fb0881cf350,0x00007fb0881cf4b0] = 352
 relocation     [0x00007fb0881cf350,0x00007fb0881cf460] = 272
 metadata       [0x00007fb0881cf460,0x00007fb0881cf4b0] = 80
 immutable data [0x00007fb08838bd30,0x00007fb08838c028] = 760
 dependencies   [0x00007fb08838bd30,0x00007fb08838bd48] = 24
 nul chk table  [0x00007fb08838bd48,0x00007fb08838bd80] = 56
 scopes pcs     [0x00007fb08838bd80,0x00007fb08838bef0] = 368
 scopes data    [0x00007fb08838bef0,0x00007fb08838c028] = 312

[Constant Pool (empty)]

[MachCode]
[Instructions begin]
  0x00007fb110608c00: 6666 660f | 1f84 0000 | 0000 0066 | 6666 9066 | 6690 448b | 5608 443b 

  0x00007fb110608c18: ;   {runtime_call Shared Runtime ic_miss_blob}
  0x00007fb110608c18: 5008 0f85 | c049 2a07 
[Verified Entry Point]
  0x00007fb110608c20: 8984 2400 | c0fe ff55 | 4881 eca0 | 0000 0090 | 4181 7f20 | 0500 0000 

  0x00007fb110608c38: ;   {runtime_call Stub::method_entry_barrier}
  0x00007fb110608c38: 7405 e881 | e928 0748 | 8974 2468 | 4889 5424 

  0x00007fb110608c48: ;   {metadata(method data for {method} {0x00000000641eedc0} 'invokeWithArguments' '([Ljava/lang/Object;)Ljava/lang/Object;' in 'java/lang/invoke/MethodHandle')}
  0x00007fb110608c48: 7048 bfc8 | c2b4 d1b0 | 7f00 008b | 9f90 0000 | 0083 c302 | 899f 9000 | 0000 81e3 | fe07 0000 
  0x00007fb110608c68: 85db 0f84 | ec06 0000 

  0x00007fb110608c70: ;   {metadata(method data for {method} {0x00000000641eedc0} 'invokeWithArguments' '([Ljava/lang/Object;)Ljava/lang/Object;' in 'java/lang/invoke/MethodHandle')}
  0x00007fb110608c70: 4885 d248 | bfc8 c2b4 | d1b0 7f00 | 00bb d800 | 0000 7505 | bbe8 0000 | 0048 8b04 | 1f48 8d40 
  0x00007fb110608c90: 0148 8904 | 1f0f 851a 

  0x00007fb110608c98: ;   {metadata(method data for {method} {0x00000000641eedc0} 'invokeWithArguments' '([Ljava/lang/Object;)Ljava/lang/Object;' in 'java/lang/invoke/MethodHandle')}
  0x00007fb110608c98: 0000 0048 | bfc8 c2b4 | d1b0 7f00 | 00ff 87f8 | 0000 00bf | 0000 0000 | e903 0000 | 008b 7a0c 
  0x00007fb110608cb8: ;   {metadata(method data for {method} {0x00000000641eedc0} 'invokeWithArguments' '([Ljava/lang/Object;)Ljava/lang/Object;' in 'java/lang/invoke/MethodHandle')}
  0x00007fb110608cb8: 48bb c8c2 | b4d1 b07f | 0000 4883 | 8310 0100 

  0x00007fb110608cc8: ;   {metadata(method data for {method} {0x00000000644775b8} 'genericMethodType' '(I)Ljava/lang/invoke/MethodType;' in 'java/lang/invoke/MethodType')}
  0x00007fb110608cc8: 0001 48bb | 285c 0fd1 | b07f 0000 | 8b83 9000 | 0000 83c0 | 0289 8390 | 0000 0025 | feff 1f00 
  0x00007fb110608ce8: 85c0 0f84 | 9206 0000 

  0x00007fb110608cf0: ;   {metadata(method data for {method} {0x00000000644775b8} 'genericMethodType' '(I)Ljava/lang/invoke/MethodType;' in 'java/lang/invoke/MethodType')}
  0x00007fb110608cf0: 48bb 285c | 0fd1 b07f | 0000 4883 | 83d8 0000 | 0001 488b | f7ba 0000 | 0000 0f1f 

  0x00007fb110608d0c: ;   {static_call}
  0x00007fb110608d0c: 4400 00e8 

  0x00007fb110608d10: ; ImmutableOopMap {[104]=Oop [112]=Oop }
                      ;*invokestatic genericMethodType {reexecute=0 rethrow=0 return_oop=0}
                      ; - java.lang.invoke.MethodType::genericMethodType@2 (line 455)
                      ; - java.lang.invoke.MethodHandle::invokeWithArguments@10 (line 734)
  0x00007fb110608d10: 6cd7 ec07 

  0x00007fb110608d14: ;   {post_call_nop}
  0x00007fb110608d14: 0f1f 8400 | 0c02 0000 | 4889 4424 | 7848 3b00 

  0x00007fb110608d24: ;   {metadata(method data for {method} {0x00000000641eedc0} 'invokeWithArguments' '([Ljava/lang/Object;)Ljava/lang/Object;' in 'java/lang/invoke/MethodHandle')}
  0x00007fb110608d24: 488b f048 | bfc8 c2b4 | d1b0 7f00 | 008b 7608 | 41ba 0000 | 0064 4903 | f248 3bb7 | 2801 0000 
  0x00007fb110608d44: 750d 4883 | 8730 0100 | 0001 e960 | 0000 0048 | 3bb7 3801 | 0000 750d | 4883 8740 | 0100 0001 
  0x00007fb110608d64: e94a 0000 | 0048 83bf | 2801 0000 | 0075 1748 | 89b7 2801 | 0000 48c7 | 8730 0100 | 0001 0000 
  0x00007fb110608d84: 00e9 2900 | 0000 4883 | bf38 0100 | 0000 7517 | 4889 b738 | 0100 0048 | c787 4001 | 0000 0100 
  0x00007fb110608da4: 0000 e908 | 0000 0048 | 8387 2001 | 0000 0148 

  0x00007fb110608db4: ;   {optimized virtual_call}
  0x00007fb110608db4: 8bf0 90e8 

  0x00007fb110608db8: ; ImmutableOopMap {[104]=Oop [112]=Oop [120]=Oop }
                      ;*invokevirtual invokers {reexecute=0 rethrow=0 return_oop=0}
                      ; - java.lang.invoke.MethodHandle::invokeWithArguments@15 (line 735)
  0x00007fb110608db8: 54b0 f607 

  0x00007fb110608dbc: ;   {post_call_nop}
  0x00007fb110608dbc: 0f1f 8400 | b402 0001 

  0x00007fb110608dc4: ; implicit exception: dispatches to 0x00007fb1106093a8
  0x00007fb110608dc4: 483b 0048 

  0x00007fb110608dc8: ;   {metadata(method data for {method} {0x00000000641eedc0} 'invokeWithArguments' '([Ljava/lang/Object;)Ljava/lang/Object;' in 'java/lang/invoke/MethodHandle')}
  0x00007fb110608dc8: 8bd0 48be | c8c2 b4d1 | b07f 0000 | 4883 8660 | 0100 0001 | ba00 0000 | 0048 8bf0 

  0x00007fb110608de4: ;   {optimized virtual_call}
  0x00007fb110608de4: 6666 90e8 

  0x00007fb110608de8: ; ImmutableOopMap {[104]=Oop [112]=Oop [120]=Oop }
                      ;*invokevirtual spreadInvoker {reexecute=0 rethrow=0 return_oop=0}
                      ; - java.lang.invoke.MethodHandle::invokeWithArguments@19 (line 735)
  0x00007fb110608de8: 349e 6501 

  0x00007fb110608dec: ;   {post_call_nop}
  0x00007fb110608dec: 0f1f 8400 | e402 0002 | 4889 8424 | 8000 0000 | 488b 7424 

  0x00007fb110608e00: ;   {metadata(method data for {method} {0x00000000641eedc0} 'invokeWithArguments' '([Ljava/lang/Object;)Ljava/lang/Object;' in 'java/lang/invoke/MethodHandle')}
  0x00007fb110608e00: 6848 bac8 | c2b4 d1b0 | 7f00 008b | 7608 41ba | 0000 0064 | 4903 f248 | 3bb2 8801 | 0000 750d 
  0x00007fb110608e20: 4883 8290 | 0100 0001 | e960 0000 | 0048 3bb2 | 9801 0000 | 750d 4883 | 82a0 0100 | 0001 e94a 
  0x00007fb110608e40: 0000 0048 | 83ba 8801 | 0000 0075 | 1748 89b2 | 8801 0000 | 48c7 8290 | 0100 0001 | 0000 00e9 
  0x00007fb110608e60: 2900 0000 | 4883 ba98 | 0100 0000 | 7517 4889 | b298 0100 | 0048 c782 | a001 0000 | 0100 0000 
  0x00007fb110608e80: e908 0000 | 0048 8382 | 8001 0000 

  0x00007fb110608e8c: ;   {metadata(method data for {method} {0x00000000644783e0} 'asType' '(Ljava/lang/invoke/MethodType;)Ljava/lang/invoke/MethodHandle;' in 'java/lang/invoke/MethodHandle')}
  0x00007fb110608e8c: 0148 ba00 | 1125 d0b0 | 7f00 008b | b290 0000 | 0083 c602 | 89b2 9000 | 0000 81e6 | feff 1f00 
  0x00007fb110608eac: 85f6 0f84 | f904 0000 | 488b 7424 | 688b 5610 | 48c1 e203 | 488b 7c24 | 7848 3bfa 

  0x00007fb110608ec8: ;   {metadata(method data for {method} {0x00000000644783e0} 'asType' '(Ljava/lang/invoke/MethodType;)Ljava/lang/invoke/MethodHandle;' in 'java/lang/invoke/MethodHandle')}
  0x00007fb110608ec8: 48ba 0011 | 25d0 b07f | 0000 bbe8 | 0000 0074 | 05bb d800 | 0000 488b | 0c1a 488d | 4901 4889 
  0x00007fb110608ee8: 0c1a 0f84 | a700 0000 

  0x00007fb110608ef0: ;   {metadata(method data for {method} {0x00000000644783e0} 'asType' '(Ljava/lang/invoke/MethodType;)Ljava/lang/invoke/MethodHandle;' in 'java/lang/invoke/MethodHandle')}
  0x00007fb110608ef0: 488b d648 | bb00 1125 | d0b0 7f00 | 0048 8383 | f800 0000 | 0148 8bd7 | 488b de48 

  0x00007fb110608f0c: ;   {optimized virtual_call}
  0x00007fb110608f0c: 8bf3 90e8 

  0x00007fb110608f10: ; ImmutableOopMap {[104]=Oop [112]=Oop [120]=Oop [128]=Oop }
                      ;*invokevirtual asTypeCached {reexecute=0 rethrow=0 return_oop=0}
                      ; - java.lang.invoke.MethodHandle::asType@12 (line 869)
                      ; - java.lang.invoke.MethodHandle::invokeWithArguments@24 (line 735)
  0x00007fb110608f10: 7c9e f207 

  0x00007fb110608f14: ;   {post_call_nop}
  0x00007fb110608f14: 0f1f 8400 | 0c04 0003 

  0x00007fb110608f1c: ;   {metadata(method data for {method} {0x00000000644783e0} 'asType' '(Ljava/lang/invoke/MethodType;)Ljava/lang/invoke/MethodHandle;' in 'java/lang/invoke/MethodHandle')}
  0x00007fb110608f1c: 4885 c048 | ba00 1125 | d0b0 7f00 | 00be 2801 | 0000 7405 | be38 0100 | 0048 8b3c | 3248 8d7f 
  0x00007fb110608f3c: 0148 893c | 320f 8410 | 0000 0048 | 8bf0 488b | 8424 8000 | 0000 e940 | 0000 0048 | 8b44 2478 
  0x00007fb110608f5c: 488b 7424 | 6848 8bd6 

  0x00007fb110608f64: ;   {metadata(method data for {method} {0x00000000644783e0} 'asType' '(Ljava/lang/invoke/MethodType;)Ljava/lang/invoke/MethodHandle;' in 'java/lang/invoke/MethodHandle')}
  0x00007fb110608f64: 48bf 0011 | 25d0 b07f | 0000 4883 | 8748 0100 | 0001 488b | d066 0f1f 

  0x00007fb110608f7c: ;   {optimized virtual_call}
  0x00007fb110608f7c: 4400 00e8 

  0x00007fb110608f80: ; ImmutableOopMap {[112]=Oop [128]=Oop }
                      ;*invokevirtual setAsTypeCache {reexecute=0 rethrow=0 return_oop=0}
                      ; - java.lang.invoke.MethodHandle::asType@24 (line 873)
                      ; - java.lang.invoke.MethodHandle::invokeWithArguments@24 (line 735)
  0x00007fb110608f80: 0cac f507 

  0x00007fb110608f84: ;   {post_call_nop}
  0x00007fb110608f84: 0f1f 8400 | 7c04 0004 | 488b f048 | 8b84 2480 

  0x00007fb110608f94: ;   {metadata(method data for {method} {0x00000000641eedc0} 'invokeWithArguments' '([Ljava/lang/Object;)Ljava/lang/Object;' in 'java/lang/invoke/MethodHandle')}
  0x00007fb110608f94: 0000 0048 | bfc8 c2b4 | d1b0 7f00 | 0048 8dbf | e001 0000 | 4885 f675 | 0cf6 4708 | 0175 06f0 
  0x00007fb110608fb4: 4883 4f08 

  0x00007fb110608fb8: ;   {metadata(method data for {method} {0x0000000064209c78} 'invokeExact_MT' '(Ljava/lang/Object;Ljava/lang/Object;Ljava/lang/Object;Ljava/lang/Object;)Ljava/lang/Object;' in 'java/lang/invoke/Invokers$Holder')}
  0x00007fb110608fb8: 0148 bfb0 | d30b d1b0 | 7f00 0048 | 8dbf 6802 | 0000 4885 | c075 0af6 | 0701 7505 | f048 830f 
  0x00007fb110608fd8: ;   {metadata(method data for {method} {0x00000000641eedc0} 'invokeWithArguments' '([Ljava/lang/Object;)Ljava/lang/Object;' in 'java/lang/invoke/MethodHandle')}
  0x00007fb110608fd8: 0148 bfc8 | c2b4 d1b0 | 7f00 0048 | 8387 b001 

  0x00007fb110608fe8: ;   {metadata(method data for {method} {0x0000000064209c78} 'invokeExact_MT' '(Ljava/lang/Object;Ljava/lang/Object;Ljava/lang/Object;Ljava/lang/Object;)Ljava/lang/Object;' in 'java/lang/invoke/Invokers$Holder')}
  0x00007fb110608fe8: 0000 0148 | bfb0 d30b | d1b0 7f00 | 008b 9f90 | 0000 0083 | c302 899f | 9000 0000 | 81e3 feff 
  0x00007fb110609008: 1f00 85db | 0f84 bc03 

  0x00007fb110609010: ;   {metadata(method data for {method} {0x0000000064209c78} 'invokeExact_MT' '(Ljava/lang/Object;Ljava/lang/Object;Ljava/lang/Object;Ljava/lang/Object;)Ljava/lang/Object;' in 'java/lang/invoke/Invokers$Holder')}
  0x00007fb110609010: 0000 48bf | b0d3 0bd1 | b07f 0000 | 488d bf48 | 0100 0048 | 85c0 750c | f647 0801 | 7506 f048 
  0x00007fb110609030: 834f 0801 

  0x00007fb110609034: ;   {metadata(method data for {method} {0x0000000064209c78} 'invokeExact_MT' '(Ljava/lang/Object;Ljava/lang/Object;Ljava/lang/Object;Ljava/lang/Object;)Ljava/lang/Object;' in 'java/lang/invoke/Invokers$Holder')}
  0x00007fb110609034: 48bf b0d3 | 0bd1 b07f | 0000 4883 | 8738 0100 

  0x00007fb110609044: ;   {metadata(method data for {method} {0x0000000064470068} 'checkExactType' '(Ljava/lang/invoke/MethodHandle;Ljava/lang/invoke/MethodType;)V' in 'java/lang/invoke/Invokers')}
  0x00007fb110609044: 0001 48bf | 7057 2ad0 | b07f 0000 | 8b9f 9000 | 0000 83c3 | 0289 9f90 | 0000 0081 | e3fe ff1f 
  0x00007fb110609064: 0085 db0f | 8482 0300 | 0048 3b00 

  0x00007fb110609070: ;   {metadata(method data for {method} {0x0000000064470068} 'checkExactType' '(Ljava/lang/invoke/MethodHandle;Ljava/lang/invoke/MethodType;)V' in 'java/lang/invoke/Invokers')}
  0x00007fb110609070: 488b f848 | bb70 572a | d0b0 7f00 | 008b 7f08 | 41ba 0000 | 0064 4903 | fa48 3bbb | e000 0000 
  0x00007fb110609090: 750d 4883 | 83e8 0000 | 0001 e960 | 0000 0048 | 3bbb f000 | 0000 750d | 4883 83f8 | 0000 0001 
  0x00007fb1106090b0: e94a 0000 | 0048 83bb | e000 0000 | 0075 1748 | 89bb e000 | 0000 48c7 | 83e8 0000 | 0001 0000 
  0x00007fb1106090d0: 00e9 2900 | 0000 4883 | bbf0 0000 | 0000 7517 | 4889 bbf0 | 0000 0048 | c783 f800 | 0000 0100 
  0x00007fb1106090f0: 0000 e908 | 0000 0048 | 8383 d800 | 0000 018b | 7810 48c1 

  0x00007fb110609104: ;   {oop(a 'java/lang/invoke/MethodType'{0x0000000418096108} = (Ljava/lang/invoke/MethodHandle;[Ljava/lang/Object;)Ljava/lang/Object;)}
  0x00007fb110609104: e703 48bb | 0861 0918 | 0400 0000 

  0x00007fb110609110: ;   {metadata(method data for {method} {0x0000000064470068} 'checkExactType' '(Ljava/lang/invoke/MethodHandle;Ljava/lang/invoke/MethodType;)V' in 'java/lang/invoke/Invokers')}
  0x00007fb110609110: 483b fb48 | bb70 572a | d0b0 7f00 | 00ba 1801 | 0000 7505 | ba08 0100 | 0048 8b0c | 1348 8d49 
  0x00007fb110609130: 0148 890c | 130f 85dc 

  0x00007fb110609138: ;   {metadata(method data for {method} {0x0000000064209c78} 'invokeExact_MT' '(Ljava/lang/Object;Ljava/lang/Object;Ljava/lang/Object;Ljava/lang/Object;)Ljava/lang/Object;' in 'java/lang/invoke/Invokers$Holder')}
  0x00007fb110609138: 0100 0048 | bfb0 d30b | d1b0 7f00 | 0048 8387 | 7001 0000 

  0x00007fb11060914c: ;   {metadata(method data for {method} {0x000000006446ff60} 'checkCustomized' '(Ljava/lang/invoke/MethodHandle;)V' in 'java/lang/invoke/Invokers')}
  0x00007fb11060914c: 0148 bf78 | 6c2a d0b0 | 7f00 008b | 9f90 0000 | 0083 c302 | 899f 9000 | 0000 81e3 | feff 1f00 
  0x00007fb11060916c: 85db 0f84 | a102 0000 

  0x00007fb110609174: ;   {metadata(method data for {method} {0x000000006446ff60} 'checkCustomized' '(Ljava/lang/invoke/MethodHandle;)V' in 'java/lang/invoke/Invokers')}
  0x00007fb110609174: 48bf 786c | 2ad0 b07f | 0000 4883 | 87d8 0000 

  0x00007fb110609184: ;   {metadata(method data for {method} {0x00000000641f59a8} 'isCompileConstant' '(Ljava/lang/Object;)Z' in 'java/lang/invoke/MethodHandleImpl')}
  0x00007fb110609184: 0001 48bf | d06f 2ad0 | b07f 0000 | 8b9f 9000 | 0000 83c3 | 0289 9f90 | 0000 0081 | e3fe ff1f 
  0x00007fb1106091a4: 0085 db0f | 8489 0200 

  0x00007fb1106091ac: ;   {metadata(method data for {method} {0x000000006446ff60} 'checkCustomized' '(Ljava/lang/invoke/MethodHandle;)V' in 'java/lang/invoke/Invokers')}
  0x00007fb1106091ac: 0048 bf78 | 6c2a d0b0 | 7f00 00ff | 87e8 0000 | 008b 7814 | 48c1 e703 

  0x00007fb1106091c4: ; implicit exception: dispatches to 0x00007fb110609457
  0x00007fb1106091c4: 8b7f 1c48 | c1e7 0348 

  0x00007fb1106091cc: ;   {metadata(method data for {method} {0x000000006446ff60} 'checkCustomized' '(Ljava/lang/invoke/MethodHandle;)V' in 'java/lang/invoke/Invokers')}
  0x00007fb1106091cc: 85ff 48bf | 786c 2ad0 | b07f 0000 | bb08 0100 | 0075 05bb | 1801 0000 | 488b 141f | 488d 5201 
  0x00007fb1106091ec: 4889 141f | 4889 b424 | 8800 0000 | 0f85 2600 

  0x00007fb1106091fc: ;   {metadata(method data for {method} {0x000000006446ff60} 'checkCustomized' '(Ljava/lang/invoke/MethodHandle;)V' in 'java/lang/invoke/Invokers')}
  0x00007fb1106091fc: 0000 48bf | 786c 2ad0 | b07f 0000 | 4883 8728 | 0100 0001 | 488b f00f 

  0x00007fb110609214: ;   {static_call}
  0x00007fb110609214: 1f40 00e8 

  0x00007fb110609218: ; ImmutableOopMap {[112]=Oop [128]=Oop [136]=Oop }
                      ;*invokestatic maybeCustomize {reexecute=0 rethrow=0 return_oop=0}
                      ; - java.lang.invoke.Invokers::checkCustomized@19 (line 626)
                      ; - java.lang.invoke.Invokers$Holder::invokeExact_MT@14
                      ; - java.lang.invoke.MethodHandle::invokeWithArguments@28 (line 735)
  0x00007fb110609218: 645e f007 

  0x00007fb11060921c: ;   {post_call_nop}
  0x00007fb11060921c: 0f1f 8400 | 1407 0005 | 488b 5424 

  0x00007fb110609228: ;   {metadata(method data for {method} {0x0000000064209c78} 'invokeExact_MT' '(Ljava/lang/Object;Ljava/lang/Object;Ljava/lang/Object;Ljava/lang/Object;)Ljava/lang/Object;' in 'java/lang/invoke/Invokers$Holder')}
  0x00007fb110609228: 7048 b9b0 | d30b d1b0 | 7f00 0048 | 8d89 c801 | 0000 4885 | d275 0cf6 | 4118 0175 | 06f0 4883 
  0x00007fb110609248: 4918 0148 | 8b84 2480 

  0x00007fb110609250: ;   {metadata(method data for {method} {0x0000000064209c78} 'invokeExact_MT' '(Ljava/lang/Object;Ljava/lang/Object;Ljava/lang/Object;Ljava/lang/Object;)Ljava/lang/Object;' in 'java/lang/invoke/Invokers$Holder')}
  0x00007fb110609250: 0000 0048 | b9b0 d30b | d1b0 7f00 | 008b 4008 | 41ba 0000 | 0064 4903 | c248 3b81 | a001 0000 
  0x00007fb110609270: 750d 4883 | 81a8 0100 | 0001 e960 | 0000 0048 | 3b81 b001 | 0000 750d | 4883 81b8 | 0100 0001 
  0x00007fb110609290: e94a 0000 | 0048 83b9 | a001 0000 | 0075 1748 | 8981 a001 | 0000 48c7 | 81a8 0100 | 0001 0000 
  0x00007fb1106092b0: 00e9 2900 | 0000 4883 | b9b0 0100 | 0000 7517 | 4889 81b0 | 0100 0048 | c781 b801 | 0000 0100 
  0x00007fb1106092d0: 0000 e908 | 0000 0048 | 8381 9801 | 0000 0148 | 8bda 488b | 9424 8800 | 0000 488b | cb48 8bb4 
  0x00007fb1106092f0: 2480 0000 

  0x00007fb1106092f4: ;   {optimized virtual_call}
  0x00007fb1106092f4: 0066 90e8 

  0x00007fb1106092f8: ; ImmutableOopMap {}
                      ;*invokevirtual invokeBasic {reexecute=0 rethrow=0 return_oop=0}
                      ; - java.lang.invoke.Invokers$Holder::invokeExact_MT@20
                      ; - java.lang.invoke.MethodHandle::invokeWithArguments@28 (line 735)
  0x00007fb1106092f8: 8415 9b07 

  0x00007fb1106092fc: ;   {post_call_nop}
  0x00007fb1106092fc: 0f1f 8400 | f407 0006 | 4881 c4a0 | 0000 005d 

  0x00007fb11060930c: ;   {poll_return}
  0x00007fb11060930c: 493b 6728 | 0f87 4601 | 0000 c348 | 89b4 2488 

  0x00007fb11060931c: ;   {metadata(method data for {method} {0x0000000064470068} 'checkExactType' '(Ljava/lang/invoke/MethodHandle;Ljava/lang/invoke/MethodType;)V' in 'java/lang/invoke/Invokers')}
  0x00007fb11060931c: 0000 0048 | bb70 572a | d0b0 7f00 | 0048 8383 | 2801 0000 

  0x00007fb110609330: ;   {oop(a 'java/lang/invoke/MethodType'{0x0000000418096108} = (Ljava/lang/invoke/MethodHandle;[Ljava/lang/Object;)Ljava/lang/Object;)}
  0x00007fb110609330: 0148 bb08 | 6109 1804 | 0000 0048 | 8bf7 488b | d366 0f1f 

  0x00007fb110609344: ;   {static_call}
  0x00007fb110609344: 4400 00e8 

  0x00007fb110609348: ; ImmutableOopMap {[112]=Oop [128]=Oop [136]=Oop }
                      ;*invokestatic newWrongMethodTypeException {reexecute=0 rethrow=0 return_oop=0}
                      ; - java.lang.invoke.Invokers::checkExactType@12 (line 531)
                      ; - java.lang.invoke.Invokers$Holder::invokeExact_MT@10
                      ; - java.lang.invoke.MethodHandle::invokeWithArguments@28 (line 735)
  0x00007fb110609348: 9451 2a07 

  0x00007fb11060934c: ;   {post_call_nop}
  0x00007fb11060934c: 0f1f 8400 | 4408 0007 

  0x00007fb110609354: ; implicit exception: dispatches to 0x00007fb110609472
  0x00007fb110609354: 483b 00e9 | 3801 0000 

  0x00007fb11060935c: ;   {metadata({method} {0x00000000641eedc0} 'invokeWithArguments' '([Ljava/lang/Object;)Ljava/lang/Object;' in 'java/lang/invoke/MethodHandle')}
  0x00007fb11060935c: 49ba c0ed | 1e64 0000 | 0000 4c89 | 5424 0848 | c704 24ff 

  0x00007fb110609370: ;   {runtime_call C1 Runtime counter_overflow_blob}
  0x00007fb110609370: ffff ffe8 

  0x00007fb110609374: ; ImmutableOopMap {rsi=Oop rdx=Oop [104]=Oop [112]=Oop }
                      ;*synchronization entry
                      ; - java.lang.invoke.MethodHandle::invokeWithArguments@-1 (line 734)
  0x00007fb110609374: 683e 3807 | e9f3 f8ff 

  0x00007fb11060937c: ;   {runtime_call C1 Runtime throw_null_pointer_exception_blob}
  0x00007fb11060937c: ffe8 5ece 

  0x00007fb110609380: ; ImmutableOopMap {rsi=Oop rdx=Oop [104]=Oop [112]=Oop }
                      ;*arraylength {reexecute=0 rethrow=0 return_oop=0}
                      ; - java.lang.invoke.MethodHandle::invokeWithArguments@9 (line 734)
                      ;   {metadata({method} {0x00000000644775b8} 'genericMethodType' '(I)Ljava/lang/invoke/MethodType;' in 'java/lang/invoke/MethodType')}
  0x00007fb110609380: 3707 49ba | b875 4764 | 0000 0000 | 4c89 5424 | 0848 c704 | 24ff ffff 

  0x00007fb110609398: ;   {runtime_call C1 Runtime counter_overflow_blob}
  0x00007fb110609398: ffe8 423e 

  0x00007fb11060939c: ; ImmutableOopMap {[104]=Oop [112]=Oop }
                      ;*synchronization entry
                      ; - java.lang.invoke.MethodType::genericMethodType@-1 (line 455)
                      ; - java.lang.invoke.MethodHandle::invokeWithArguments@10 (line 734)
  0x00007fb11060939c: 3807 e94d 

  0x00007fb1106093a0: ;   {runtime_call C1 Runtime throw_null_pointer_exception_blob}
  0x00007fb1106093a0: f9ff ffe8 

  0x00007fb1106093a4: ; ImmutableOopMap {rax=Oop [104]=Oop [112]=Oop [120]=Oop }
                      ;*invokevirtual invokers {reexecute=0 rethrow=0 return_oop=0}
                      ; - java.lang.invoke.MethodHandle::invokeWithArguments@15 (line 735)
  0x00007fb1106093a4: 38ce 3707 

  0x00007fb1106093a8: ;   {runtime_call C1 Runtime throw_null_pointer_exception_blob}
  0x00007fb1106093a8: e833 ce37 

  0x00007fb1106093ac: ; ImmutableOopMap {rax=Oop [104]=Oop [112]=Oop [120]=Oop }
                      ;*invokevirtual spreadInvoker {reexecute=0 rethrow=0 return_oop=0}
                      ; - java.lang.invoke.MethodHandle::invokeWithArguments@19 (line 735)
                      ;   {metadata({method} {0x00000000644783e0} 'asType' '(Ljava/lang/invoke/MethodType;)Ljava/lang/invoke/MethodHandle;' in 'java/lang/invoke/MethodHandle')}
  0x00007fb1106093ac: 0749 bae0 | 8347 6400 | 0000 004c | 8954 2408 | 48c7 0424 | ffff ffff 

  0x00007fb1106093c4: ;   {runtime_call C1 Runtime counter_overflow_blob}
  0x00007fb1106093c4: e817 3e38 

  0x00007fb1106093c8: ; ImmutableOopMap {rax=Oop [104]=Oop [112]=Oop [120]=Oop [128]=Oop }
                      ;*synchronization entry
                      ; - java.lang.invoke.MethodHandle::asType@-1 (line 865)
                      ; - java.lang.invoke.MethodHandle::invokeWithArguments@24 (line 735)
  0x00007fb1106093c8: 07e9 e6fa 

  0x00007fb1106093cc: ;   {metadata({method} {0x0000000064209c78} 'invokeExact_MT' '(Ljava/lang/Object;Ljava/lang/Object;Ljava/lang/Object;Ljava/lang/Object;)Ljava/lang/Object;' in 'java/lang/invoke/Invokers$Holder')}
  0x00007fb1106093cc: ffff 49ba | 789c 2064 | 0000 0000 | 4c89 5424 | 0848 c704 | 24ff ffff 

  0x00007fb1106093e4: ;   {runtime_call C1 Runtime counter_overflow_blob}
  0x00007fb1106093e4: ffe8 f63d 

  0x00007fb1106093e8: ; ImmutableOopMap {rsi=Oop rax=Oop [112]=Oop [128]=Oop }
                      ;*synchronization entry
                      ; - java.lang.invoke.Invokers$Holder::invokeExact_MT@-1
                      ; - java.lang.invoke.MethodHandle::invokeWithArguments@28 (line 735)
  0x00007fb1106093e8: 3807 e923 

  0x00007fb1106093ec: ;   {metadata({method} {0x0000000064470068} 'checkExactType' '(Ljava/lang/invoke/MethodHandle;Ljava/lang/invoke/MethodType;)V' in 'java/lang/invoke/Invokers')}
  0x00007fb1106093ec: fcff ff49 | ba68 0047 | 6400 0000 | 004c 8954 | 2408 48c7 | 0424 ffff 

  0x00007fb110609404: ;   {runtime_call C1 Runtime counter_overflow_blob}
  0x00007fb110609404: ffff e8d5 

  0x00007fb110609408: ; ImmutableOopMap {rsi=Oop rax=Oop [112]=Oop [128]=Oop }
                      ;*synchronization entry
                      ; - java.lang.invoke.Invokers::checkExactType@-1 (line 529)
                      ; - java.lang.invoke.Invokers$Holder::invokeExact_MT@10
                      ; - java.lang.invoke.MethodHandle::invokeWithArguments@28 (line 735)
  0x00007fb110609408: 3d38 07e9 | 5dfc ffff 

  0x00007fb110609410: ;   {runtime_call C1 Runtime throw_null_pointer_exception_blob}
  0x00007fb110609410: e8cb cd37 

  0x00007fb110609414: ; ImmutableOopMap {rsi=Oop rax=Oop [112]=Oop [128]=Oop }
                      ;*invokevirtual type {reexecute=0 rethrow=0 return_oop=0}
                      ; - java.lang.invoke.Invokers::checkExactType@1 (line 529)
                      ; - java.lang.invoke.Invokers$Holder::invokeExact_MT@10
                      ; - java.lang.invoke.MethodHandle::invokeWithArguments@28 (line 735)
                      ;   {metadata({method} {0x000000006446ff60} 'checkCustomized' '(Ljava/lang/invoke/MethodHandle;)V' in 'java/lang/invoke/Invokers')}
  0x00007fb110609414: 0749 ba60 | ff46 6400 | 0000 004c | 8954 2408 | 48c7 0424 | ffff ffff 

  0x00007fb11060942c: ;   {runtime_call C1 Runtime counter_overflow_blob}
  0x00007fb11060942c: e8af 3d38 

  0x00007fb110609430: ; ImmutableOopMap {rsi=Oop rax=Oop [112]=Oop [128]=Oop }
                      ;*synchronization entry
                      ; - java.lang.invoke.Invokers::checkCustomized@-1 (line 622)
                      ; - java.lang.invoke.Invokers$Holder::invokeExact_MT@14
                      ; - java.lang.invoke.MethodHandle::invokeWithArguments@28 (line 735)
  0x00007fb110609430: 07e9 3efd 

  0x00007fb110609434: ;   {metadata({method} {0x00000000641f59a8} 'isCompileConstant' '(Ljava/lang/Object;)Z' in 'java/lang/invoke/MethodHandleImpl')}
  0x00007fb110609434: ffff 49ba | a859 1f64 | 0000 0000 | 4c89 5424 | 0848 c704 | 24ff ffff 

  0x00007fb11060944c: ;   {runtime_call C1 Runtime counter_overflow_blob}
  0x00007fb11060944c: ffe8 8e3d 

  0x00007fb110609450: ; ImmutableOopMap {rsi=Oop rax=Oop [112]=Oop [128]=Oop }
                      ;*synchronization entry
                      ; - java.lang.invoke.MethodHandleImpl::isCompileConstant@-1 (line 625)
                      ; - java.lang.invoke.Invokers::checkCustomized@1 (line 622)
                      ; - java.lang.invoke.Invokers$Holder::invokeExact_MT@14
                      ; - java.lang.invoke.MethodHandle::invokeWithArguments@28 (line 735)
  0x00007fb110609450: 3807 e956 

  0x00007fb110609454: ;   {runtime_call C1 Runtime throw_null_pointer_exception_blob}
  0x00007fb110609454: fdff ffe8 

  0x00007fb110609458: ; ImmutableOopMap {rsi=Oop rax=Oop [112]=Oop [128]=Oop }
                      ;*getfield customized {reexecute=1 rethrow=0 return_oop=0}
                      ; - (reexecute) java.lang.invoke.Invokers::checkCustomized@12 (line 625)
                      ; - java.lang.invoke.Invokers$Holder::invokeExact_MT@14
                      ; - java.lang.invoke.MethodHandle::invokeWithArguments@28 (line 735)
  0x00007fb110609458: 84cd 3707 

  0x00007fb11060945c: ;   {internal_word}
  0x00007fb11060945c: 49ba 0c93 | 6010 b17f | 0000 4d89 | 9738 0500 

  0x00007fb11060946c: ;   {runtime_call SafepointBlob}
  0x00007fb11060946c: 00e9 ee76 

  0x00007fb110609470: ;   {runtime_call C1 Runtime throw_null_pointer_exception_blob}
  0x00007fb110609470: 2a07 e869 

  0x00007fb110609474: ; ImmutableOopMap {rax=Oop [112]=Oop [128]=Oop [136]=Oop }
                      ;*athrow {reexecute=1 rethrow=0 return_oop=0}
                      ; - (reexecute) java.lang.invoke.Invokers::checkExactType@15 (line 531)
                      ; - java.lang.invoke.Invokers$Holder::invokeExact_MT@10
                      ; - java.lang.invoke.MethodHandle::invokeWithArguments@28 (line 735)
  0x00007fb110609474: cd37 0749 | 8b87 e005 | 0000 49c7 | 87e0 0500 | 0000 0000 | 0049 c787 | e805 0000 | 0000 0000 
  0x00007fb110609494: 4881 c4a0 | 0000 005d 

  0x00007fb11060949c: ;   {runtime_call C1 Runtime unwind_exception_blob}
  0x00007fb11060949c: e9bf b837 | 07f4 f4f4 | f4f4 f4f4 
[Stub Code]
  0x00007fb1106094a8: ;   {other}
  0x00007fb1106094a8: 0f1f 4400 

  0x00007fb1106094ac: ;   {static_stub}
  0x00007fb1106094ac: 0048 bb00 | 0000 0000 

  0x00007fb1106094b4: ;   {runtime_call nmethod}
  0x00007fb1106094b4: 0000 00e9 | fbff ffff 

  0x00007fb1106094bc: ;   {static_stub}
  0x00007fb1106094bc: 48bb 0000 | 0000 0000 

  0x00007fb1106094c4: ;   {runtime_call nmethod}
  0x00007fb1106094c4: 0000 e9fb 

  0x00007fb1106094c8: ;   {static_stub}
  0x00007fb1106094c8: ffff ff48 | bb00 0000 | 0000 0000 

  0x00007fb1106094d4: ;   {runtime_call nmethod}
  0x00007fb1106094d4: 00e9 fbff 

  0x00007fb1106094d8: ;   {static_stub}
  0x00007fb1106094d8: ffff 48bb | 0000 0000 | 0000 0000 

  0x00007fb1106094e4: ;   {runtime_call nmethod}
  0x00007fb1106094e4: e9fb ffff 

  0x00007fb1106094e8: ;   {static_stub}
  0x00007fb1106094e8: ff48 bb00 | 0000 0000 

  0x00007fb1106094f0: ;   {runtime_call nmethod}
  0x00007fb1106094f0: 0000 00e9 | fbff ffff 

  0x00007fb1106094f8: ;   {static_stub}
  0x00007fb1106094f8: 48bb 0000 | 0000 0000 

  0x00007fb110609500: ;   {runtime_call nmethod}
  0x00007fb110609500: 0000 e9fb 

  0x00007fb110609504: ;   {static_stub}
  0x00007fb110609504: ffff ff48 | bb00 0000 | 0000 0000 

  0x00007fb110609510: ;   {runtime_call nmethod}
  0x00007fb110609510: 00e9 fbff 

  0x00007fb110609514: ;   {static_stub}
  0x00007fb110609514: ffff 48bb | 0000 0000 | 0000 0000 

  0x00007fb110609520: ;   {runtime_call nmethod}
  0x00007fb110609520: e9fb ffff 

  0x00007fb110609524: ;   {runtime_call C1 Runtime handle_exception_from_callee_blob}
  0x00007fb110609524: ffe8 b6ee 

  0x00007fb110609528: ;   {external_word}
  0x00007fb110609528: 3707 48bf | 28c7 6e2f | b17f 0000 | 4883 e4f0 

  0x00007fb110609538: ;   {runtime_call MacroAssembler::debug64(char*, long, long*)}
  0x00007fb110609538: e803 f9b3 

  0x00007fb11060953c: ;   {section_word}
  0x00007fb11060953c: 1ef4 49ba | 3e95 6010 | b17f 0000 

  0x00007fb110609548: ;   {runtime_call DeoptimizationBlob}
  0x00007fb110609548: 4152 e991 

  0x00007fb11060954c: ;   {section_word}
  0x00007fb11060954c: 5d2a 0749 | ba4f 9560 | 10b1 7f00 

  0x00007fb110609558: ;   {runtime_call DeoptimizationBlob}
  0x00007fb110609558: 0041 52e9 | 805d 2a07 
[/MachCode]


---------------  P R O C E S S  ---------------

Threads class SMR info:
_java_thread_list=0x00007fb0a42c5a50, length=17, elements={
0x00007fb12802b810, 0x00007fb1281052c0, 0x00007fb128106300, 0x00007fb128107830,
0x00007fb128109150, 0x00007fb12810a9d0, 0x00007fb12810c850, 0x00007fb12810e240,
0x00007fb12814ed90, 0x00007fb128151380, 0x00007fb128295e90, 0x00007fb1282a0b80,
0x00007fb0b03e9270, 0x00007fb0b03ea3f0, 0x00007fb0b03eb4b0, 0x00007fb0b03ec780,
0x00007fb0b0064820
}

Java Threads: ( => current thread )
=>0x00007fb12802b810 JavaThread "main"                              [_thread_in_native, id=144528, stack(0x00007fb12fb84000,0x00007fb12fc84000) (1024K)]
  0x00007fb1281052c0 JavaThread "Reference Handler"          daemon [_thread_blocked, id=144543, stack(0x00007fb10c480000,0x00007fb10c580000) (1024K)]
  0x00007fb128106300 JavaThread "Finalizer"                  daemon [_thread_blocked, id=144544, stack(0x00007fb12c007000,0x00007fb12c107000) (1024K)]
  0x00007fb128107830 JavaThread "Signal Dispatcher"          daemon [_thread_blocked, id=144545, stack(0x00007fb0fc67d000,0x00007fb0fc77d000) (1024K)]
  0x00007fb128109150 JavaThread "Service Thread"             daemon [_thread_blocked, id=144546, stack(0x00007fb0fc57d000,0x00007fb0fc67d000) (1024K)]
  0x00007fb12810a9d0 JavaThread "Monitor Deflation Thread"   daemon [_thread_blocked, id=144547, stack(0x00007fb0fc47d000,0x00007fb0fc57d000) (1024K)]
  0x00007fb12810c850 JavaThread "C2 CompilerThread0"         daemon [_thread_in_native, id=144548, stack(0x00007fb0fc37d000,0x00007fb0fc47d000) (1024K)]
  0x00007fb12810e240 JavaThread "C1 CompilerThread0"         daemon [_thread_blocked, id=144549, stack(0x00007fb0fc27d000,0x00007fb0fc37d000) (1024K)]
  0x00007fb12814ed90 JavaThread "Notification Thread"        daemon [_thread_blocked, id=144552, stack(0x00007fb0fc07d000,0x00007fb0fc17d000) (1024K)]
  0x00007fb128151380 JavaThread "Common-Cleaner"             daemon [_thread_blocked, id=144553, stack(0x00007fb0edf00000,0x00007fb0ee000000) (1024K)]
  0x00007fb128295e90 JavaThread "surefire-forkedjvm-stream-flusher" daemon [_thread_blocked, id=144556, stack(0x00007fb0edc00000,0x00007fb0edd00000) (1024K)]
  0x00007fb1282a0b80 JavaThread "surefire-forkedjvm-command-thread" daemon [_thread_in_native, id=144557, stack(0x00007fb0edb00000,0x00007fb0edc00000) (1024K)]
  0x00007fb0b03e9270 JavaThread "C2 CompilerThread1"         daemon [_thread_blocked, id=144584, stack(0x00007fb0edd00000,0x00007fb0ede00000) (1024K)]
  0x00007fb0b03ea3f0 JavaThread "C1 CompilerThread1"         daemon [_thread_blocked, id=144585, stack(0x00007fb0eda00000,0x00007fb0edb00000) (1024K)]
  0x00007fb0b03eb4b0 JavaThread "C1 CompilerThread2"         daemon [_thread_blocked, id=144586, stack(0x00007fb0ed7bb000,0x00007fb0ed8bb000) (1024K)]
  0x00007fb0b03ec780 JavaThread "C2 CompilerThread2"         daemon [_thread_blocked, id=144587, stack(0x00007fb0ed6bb000,0x00007fb0ed7bb000) (1024K)]
  0x00007fb0b0064820 JavaThread "C1 CompilerThread3"         daemon [_thread_blocked, id=144588, stack(0x00007fb0ed5bb000,0x00007fb0ed6bb000) (1024K)]
Total: 17

Other Threads:
  0x00007fb1280fb340 VMThread "VM Thread"                           [id=144540, stack(0x00007fb0fc900000,0x00007fb0fca00000) (1024K)]
  0x00007fb1280ea9a0 WatcherThread "VM Periodic Task Thread"        [id=144539, stack(0x00007fb0fc7ff000,0x00007fb0fc8ff000) (1024K)]
  0x00007fb128059d30 WorkerThread "GC Thread#0"                     [id=144530, stack(0x00007fb12d24c000,0x00007fb12d34c000) (1024K)]
  0x00007fb0dc008d50 WorkerThread "GC Thread#1"                     [id=144564, stack(0x00007fb0ed3bb000,0x00007fb0ed4bb000) (1024K)]
  0x00007fb0dc009980 WorkerThread "GC Thread#2"                     [id=144565, stack(0x00007fb0ed2ba000,0x00007fb0ed3ba000) (1024K)]
  0x00007fb0dc00a6c0 WorkerThread "GC Thread#3"                     [id=144566, stack(0x00007fb0ed1b9000,0x00007fb0ed2b9000) (1024K)]
  0x00007fb0dc00b420 WorkerThread "GC Thread#4"                     [id=144567, stack(0x00007fb0ed0b8000,0x00007fb0ed1b8000) (1024K)]
  0x00007fb0dc00c1a0 WorkerThread "GC Thread#5"                     [id=144568, stack(0x00007fb0ecfb7000,0x00007fb0ed0b7000) (1024K)]
  0x00007fb0dc00cf20 WorkerThread "GC Thread#6"                     [id=144569, stack(0x00007fb0eceb6000,0x00007fb0ecfb6000) (1024K)]
  0x00007fb0dc00dca0 WorkerThread "GC Thread#7"                     [id=144570, stack(0x00007fb0ecdb5000,0x00007fb0eceb5000) (1024K)]
  0x00007fb0dc00ea20 WorkerThread "GC Thread#8"                     [id=144571, stack(0x00007fb0eccb4000,0x00007fb0ecdb4000) (1024K)]
  0x00007fb0dc00f7a0 WorkerThread "GC Thread#9"                     [id=144572, stack(0x00007fb0ecbb3000,0x00007fb0eccb3000) (1024K)]
  0x00007fb0dc010520 WorkerThread "GC Thread#10"                    [id=144573, stack(0x00007fb0ecab2000,0x00007fb0ecbb2000) (1024K)]
  0x00007fb0dc0112a0 WorkerThread "GC Thread#11"                    [id=144574, stack(0x00007fb0ec9b1000,0x00007fb0ecab1000) (1024K)]
  0x00007fb0dc012020 WorkerThread "GC Thread#12"                    [id=144575, stack(0x00007fb0ec8b0000,0x00007fb0ec9b0000) (1024K)]
  0x00007fb128072cf0 ConcurrentGCThread "G1 Main Marker"            [id=144531, stack(0x00007fb12d14b000,0x00007fb12d24b000) (1024K)]
  0x00007fb128073ec0 WorkerThread "G1 Conc#0"                       [id=144532, stack(0x00007fb12d04a000,0x00007fb12d14a000) (1024K)]
  0x00007fb0f0000cd0 WorkerThread "G1 Conc#1"                       [id=144593, stack(0x00007fb0ec7af000,0x00007fb0ec8af000) (1024K)]
  0x00007fb0f0001840 WorkerThread "G1 Conc#2"                       [id=144594, stack(0x00007fb0ec6ae000,0x00007fb0ec7ae000) (1024K)]
  0x00007fb1280da530 ConcurrentGCThread "G1 Refine#0"               [id=144533, stack(0x00007fb12c23c000,0x00007fb12c33c000) (1024K)]
  0x00007fb1280db720 ConcurrentGCThread "G1 Service"                [id=144534, stack(0x00007fb12c13b000,0x00007fb12c23b000) (1024K)]
Total: 21

Threads with active compile tasks:
C2 CompilerThread0  18323 9066       4       com.dylibso.chicory.cranelift.CraneliftMachineFuncGroup_0::func_4051 (6118 bytes)
Total: 1

VM state: not at safepoint (normal execution)

VM Mutex/Monitor currently owned by a thread: None

Heap address: 0x0000000418000000, size: 16000 MB, Compressed Oops mode: Zero based, Oop shift amount: 3

CDS archive(s) mapped at: [0x0000000064000000-0x0000000064d8c000-0x0000000064d8c000), size 14204928, SharedBaseAddress: 0x0000000064000000, ArchiveRelocationMode: 1.
Compressed class space mapped at: 0x0000000065000000-0x00000000a5000000, reserved size: 1073741824
UseCompressedClassPointers 1, UseCompactObjectHeaders 0
Narrow klass pointer bits 32, Max shift 3
Narrow klass base: 0x0000000064000000, Narrow klass shift: 0
Encoding Range: [0x0000000064000000 - 0x0000000164000000), (4294967296 bytes)
Klass Range:    [0x0000000064001000 - 0x00000000a5000000), (1090514944 bytes)
Klass ID Range:  [4096 - 1090519033) (1090514937)
Protection zone: [0x0000000064000000 - 0x0000000064001000), (4096 bytes)

GC Precious Log:
 CardTable entry size: 512
 Card Set container configuration: InlinePtr #cards 4 size 8 Array Of Cards #cards 64 size 144 Howl #buckets 8 coarsen threshold 14745 Howl Bitmap #cards 2048 size 272 coarsen threshold 1843 Card regions per heap region 1 cards per card region 16384
 CPUs: 16 total, 16 available
 Memory: 63992M
 Large Page Support: Disabled
 NUMA Support: Disabled
 Compressed Oops: Enabled (Zero based)
 Heap Region Size: 8M
 Heap Min Capacity: 8M
 Heap Initial Capacity: 1000M
 Heap Max Capacity: 16000M
 Pre-touch: Disabled
 Parallel Workers: 13
 Concurrent Workers: 3
 Concurrent Refinement Workers: 13
 Periodic GC: Disabled

Heap:
 garbage-first heap   total reserved 16384000K, committed 638976K, used 92001K [0x0000000418000000, 0x0000000800000000)
  region size 8192K, 7 young (57344K), 2 survivors (16384K)

Heap Regions: E=young(eden), S=young(survivor), O=old, HS=humongous(starts), HC=humongous(continues), CS=collection set, F=free, TAMS=top-at-mark-start, PB=parsable bottom
|   0|0x0000000418000000, 0x00000004187b29f8, 0x0000000418800000| 96%| O|  |TAMS 0x0000000418000000| PB 0x0000000418000000| Untracked |  0
|   1|0x0000000418800000, 0x0000000419000000, 0x0000000419000000|100%| O|  |TAMS 0x0000000418800000| PB 0x0000000418800000| Untracked |  0
|   2|0x0000000419000000, 0x0000000419800000, 0x0000000419800000|100%| O|  |TAMS 0x0000000419000000| PB 0x0000000419000000| Untracked |  0
|   3|0x0000000419800000, 0x000000041a000000, 0x000000041a000000|100%| O|  |TAMS 0x0000000419800000| PB 0x0000000419800000| Untracked |  0
|   4|0x000000041a000000, 0x000000041a800000, 0x000000041a800000|100%| O|  |TAMS 0x000000041a000000| PB 0x000000041a000000| Untracked |  0
|   5|0x000000041a800000, 0x000000041b000000, 0x000000041b000000|100%| O|  |TAMS 0x000000041a800000| PB 0x000000041a800000| Untracked |  0
|   6|0x000000041b000000, 0x000000041b6b96d0, 0x000000041b800000| 84%| O|  |TAMS 0x000000041b000000| PB 0x000000041b000000| Untracked |  0
|   7|0x000000041b800000, 0x000000041b851ec0, 0x000000041c000000|  4%| O|  |TAMS 0x000000041b800000| PB 0x000000041b800000| Untracked |  0
|   8|0x000000041c000000, 0x000000041c000000, 0x000000041c800000|  0%| F|  |TAMS 0x000000041c000000| PB 0x000000041c000000| Untracked |  0
|   9|0x000000041c800000, 0x000000041c800000, 0x000000041d000000|  0%| F|  |TAMS 0x000000041c800000| PB 0x000000041c800000| Untracked |  0
|  10|0x000000041d000000, 0x000000041d000000, 0x000000041d800000|  0%| F|  |TAMS 0x000000041d000000| PB 0x000000041d000000| Untracked |  0
|  11|0x000000041d800000, 0x000000041d800000, 0x000000041e000000|  0%| F|  |TAMS 0x000000041d800000| PB 0x000000041d800000| Untracked |  0
|  12|0x000000041e000000, 0x000000041e31a800, 0x000000041e800000| 38%| S|CS|TAMS 0x000000041e000000| PB 0x000000041e000000| Complete |  0
|  13|0x000000041e800000, 0x000000041f000000, 0x000000041f000000|100%| S|CS|TAMS 0x000000041e800000| PB 0x000000041e800000| Complete |  0
|  14|0x000000041f000000, 0x000000041f000000, 0x000000041f800000|  0%| F|  |TAMS 0x000000041f000000| PB 0x000000041f000000| Untracked |  0
|  15|0x000000041f800000, 0x000000041f800000, 0x0000000420000000|  0%| F|  |TAMS 0x000000041f800000| PB 0x000000041f800000| Untracked |  0
|  16|0x0000000420000000, 0x0000000420000000, 0x0000000420800000|  0%| F|  |TAMS 0x0000000420000000| PB 0x0000000420000000| Untracked |  0
|  17|0x0000000420800000, 0x0000000420800000, 0x0000000421000000|  0%| F|  |TAMS 0x0000000420800000| PB 0x0000000420800000| Untracked |  0
|  18|0x0000000421000000, 0x0000000421000000, 0x0000000421800000|  0%| F|  |TAMS 0x0000000421000000| PB 0x0000000421000000| Untracked |  0
|  19|0x0000000421800000, 0x0000000421800000, 0x0000000422000000|  0%| F|  |TAMS 0x0000000421800000| PB 0x0000000421800000| Untracked |  0
|  20|0x0000000422000000, 0x0000000422000000, 0x0000000422800000|  0%| F|  |TAMS 0x0000000422000000| PB 0x0000000422000000| Untracked |  0
|  21|0x0000000422800000, 0x0000000422800000, 0x0000000423000000|  0%| F|  |TAMS 0x0000000422800000| PB 0x0000000422800000| Untracked |  0
|  22|0x0000000423000000, 0x0000000423000000, 0x0000000423800000|  0%| F|  |TAMS 0x0000000423000000| PB 0x0000000423000000| Untracked |  0
|  23|0x0000000423800000, 0x0000000423800000, 0x0000000424000000|  0%| F|  |TAMS 0x0000000423800000| PB 0x0000000423800000| Untracked |  0
|  24|0x0000000424000000, 0x0000000424000000, 0x0000000424800000|  0%| F|  |TAMS 0x0000000424000000| PB 0x0000000424000000| Untracked |  0
|  25|0x0000000424800000, 0x0000000424800000, 0x0000000425000000|  0%| F|  |TAMS 0x0000000424800000| PB 0x0000000424800000| Untracked |  0
|  26|0x0000000425000000, 0x0000000425000000, 0x0000000425800000|  0%| F|  |TAMS 0x0000000425000000| PB 0x0000000425000000| Untracked |  0
|  27|0x0000000425800000, 0x0000000425800000, 0x0000000426000000|  0%| F|  |TAMS 0x0000000425800000| PB 0x0000000425800000| Untracked |  0
|  28|0x0000000426000000, 0x0000000426000000, 0x0000000426800000|  0%| F|  |TAMS 0x0000000426000000| PB 0x0000000426000000| Untracked |  0
|  29|0x0000000426800000, 0x0000000426800000, 0x0000000427000000|  0%| F|  |TAMS 0x0000000426800000| PB 0x0000000426800000| Untracked |  0
|  30|0x0000000427000000, 0x0000000427000000, 0x0000000427800000|  0%| F|  |TAMS 0x0000000427000000| PB 0x0000000427000000| Untracked |  0
|  31|0x0000000427800000, 0x0000000427800000, 0x0000000428000000|  0%| F|  |TAMS 0x0000000427800000| PB 0x0000000427800000| Untracked |  0
|  32|0x0000000428000000, 0x0000000428000000, 0x0000000428800000|  0%| F|  |TAMS 0x0000000428000000| PB 0x0000000428000000| Untracked |  0
|  33|0x0000000428800000, 0x0000000428800000, 0x0000000429000000|  0%| F|  |TAMS 0x0000000428800000| PB 0x0000000428800000| Untracked |  0
|  34|0x0000000429000000, 0x0000000429000000, 0x0000000429800000|  0%| F|  |TAMS 0x0000000429000000| PB 0x0000000429000000| Untracked |  0
|  35|0x0000000429800000, 0x0000000429800000, 0x000000042a000000|  0%| F|  |TAMS 0x0000000429800000| PB 0x0000000429800000| Untracked |  0
|  36|0x000000042a000000, 0x000000042a000000, 0x000000042a800000|  0%| F|  |TAMS 0x000000042a000000| PB 0x000000042a000000| Untracked |  0
|  37|0x000000042a800000, 0x000000042a800000, 0x000000042b000000|  0%| F|  |TAMS 0x000000042a800000| PB 0x000000042a800000| Untracked |  0
|  38|0x000000042b000000, 0x000000042b000000, 0x000000042b800000|  0%| F|  |TAMS 0x000000042b000000| PB 0x000000042b000000| Untracked |  0
|  39|0x000000042b800000, 0x000000042b800000, 0x000000042c000000|  0%| F|  |TAMS 0x000000042b800000| PB 0x000000042b800000| Untracked |  0
|  40|0x000000042c000000, 0x000000042c000000, 0x000000042c800000|  0%| F|  |TAMS 0x000000042c000000| PB 0x000000042c000000| Untracked |  0
|  41|0x000000042c800000, 0x000000042c800000, 0x000000042d000000|  0%| F|  |TAMS 0x000000042c800000| PB 0x000000042c800000| Untracked |  0
|  42|0x000000042d000000, 0x000000042d000000, 0x000000042d800000|  0%| F|  |TAMS 0x000000042d000000| PB 0x000000042d000000| Untracked |  0
|  43|0x000000042d800000, 0x000000042d800000, 0x000000042e000000|  0%| F|  |TAMS 0x000000042d800000| PB 0x000000042d800000| Untracked |  0
|  44|0x000000042e000000, 0x000000042e000000, 0x000000042e800000|  0%| F|  |TAMS 0x000000042e000000| PB 0x000000042e000000| Untracked |  0
|  45|0x000000042e800000, 0x000000042e800000, 0x000000042f000000|  0%| F|  |TAMS 0x000000042e800000| PB 0x000000042e800000| Untracked |  0
|  46|0x000000042f000000, 0x000000042f000000, 0x000000042f800000|  0%| F|  |TAMS 0x000000042f000000| PB 0x000000042f000000| Untracked |  0
|  47|0x000000042f800000, 0x000000042f800000, 0x0000000430000000|  0%| F|  |TAMS 0x000000042f800000| PB 0x000000042f800000| Untracked |  0
|  48|0x0000000430000000, 0x0000000430000000, 0x0000000430800000|  0%| F|  |TAMS 0x0000000430000000| PB 0x0000000430000000| Untracked |  0
|  49|0x0000000430800000, 0x0000000430800000, 0x0000000431000000|  0%| F|  |TAMS 0x0000000430800000| PB 0x0000000430800000| Untracked |  0
|  50|0x0000000431000000, 0x0000000431000000, 0x0000000431800000|  0%| F|  |TAMS 0x0000000431000000| PB 0x0000000431000000| Untracked |  0
|  51|0x0000000431800000, 0x0000000431800000, 0x0000000432000000|  0%| F|  |TAMS 0x0000000431800000| PB 0x0000000431800000| Untracked |  0
|  52|0x0000000432000000, 0x0000000432000000, 0x0000000432800000|  0%| F|  |TAMS 0x0000000432000000| PB 0x0000000432000000| Untracked |  0
|  53|0x0000000432800000, 0x0000000432800000, 0x0000000433000000|  0%| F|  |TAMS 0x0000000432800000| PB 0x0000000432800000| Untracked |  0
|  54|0x0000000433000000, 0x0000000433000000, 0x0000000433800000|  0%| F|  |TAMS 0x0000000433000000| PB 0x0000000433000000| Untracked |  0
|  55|0x0000000433800000, 0x0000000433800000, 0x0000000434000000|  0%| F|  |TAMS 0x0000000433800000| PB 0x0000000433800000| Untracked |  0
|  56|0x0000000434000000, 0x0000000434000000, 0x0000000434800000|  0%| F|  |TAMS 0x0000000434000000| PB 0x0000000434000000| Untracked |  0
|  57|0x0000000434800000, 0x0000000434800000, 0x0000000435000000|  0%| F|  |TAMS 0x0000000434800000| PB 0x0000000434800000| Untracked |  0
|  58|0x0000000435000000, 0x0000000435000000, 0x0000000435800000|  0%| F|  |TAMS 0x0000000435000000| PB 0x0000000435000000| Untracked |  0
|  59|0x0000000435800000, 0x0000000435800000, 0x0000000436000000|  0%| F|  |TAMS 0x0000000435800000| PB 0x0000000435800000| Untracked |  0
|  60|0x0000000436000000, 0x0000000436000000, 0x0000000436800000|  0%| F|  |TAMS 0x0000000436000000| PB 0x0000000436000000| Untracked |  0
|  61|0x0000000436800000, 0x0000000436800000, 0x0000000437000000|  0%| F|  |TAMS 0x0000000436800000| PB 0x0000000436800000| Untracked |  0
|  62|0x0000000437000000, 0x0000000437000000, 0x0000000437800000|  0%| F|  |TAMS 0x0000000437000000| PB 0x0000000437000000| Untracked |  0
|  63|0x0000000437800000, 0x0000000437800000, 0x0000000438000000|  0%| F|  |TAMS 0x0000000437800000| PB 0x0000000437800000| Untracked |  0
|  64|0x0000000438000000, 0x0000000438000000, 0x0000000438800000|  0%| F|  |TAMS 0x0000000438000000| PB 0x0000000438000000| Untracked |  0
|  65|0x0000000438800000, 0x0000000438800000, 0x0000000439000000|  0%| F|  |TAMS 0x0000000438800000| PB 0x0000000438800000| Untracked |  0
|  66|0x0000000439000000, 0x0000000439000000, 0x0000000439800000|  0%| F|  |TAMS 0x0000000439000000| PB 0x0000000439000000| Untracked |  0
|  67|0x0000000439800000, 0x0000000439800000, 0x000000043a000000|  0%| F|  |TAMS 0x0000000439800000| PB 0x0000000439800000| Untracked |  0
|  68|0x000000043a000000, 0x000000043a000000, 0x000000043a800000|  0%| F|  |TAMS 0x000000043a000000| PB 0x000000043a000000| Untracked |  0
|  69|0x000000043a800000, 0x000000043a800000, 0x000000043b000000|  0%| F|  |TAMS 0x000000043a800000| PB 0x000000043a800000| Untracked |  0
|  70|0x000000043b000000, 0x000000043b000000, 0x000000043b800000|  0%| F|  |TAMS 0x000000043b000000| PB 0x000000043b000000| Untracked |  0
|  71|0x000000043b800000, 0x000000043b800000, 0x000000043c000000|  0%| F|  |TAMS 0x000000043b800000| PB 0x000000043b800000| Untracked |  0
|  72|0x000000043c000000, 0x000000043c000000, 0x000000043c800000|  0%| F|  |TAMS 0x000000043c000000| PB 0x000000043c000000| Untracked |  0
|  73|0x000000043c800000, 0x000000043cde9be8, 0x000000043d000000| 73%| E|  |TAMS 0x000000043c800000| PB 0x000000043c800000| Complete |  0
|  74|0x000000043d000000, 0x000000043d800000, 0x000000043d800000|100%| E|  |TAMS 0x000000043d000000| PB 0x000000043d000000| Complete |  0
| 156|0x0000000466000000, 0x0000000466800000, 0x0000000466800000|100%| E|CS|TAMS 0x0000000466000000| PB 0x0000000466000000| Complete |  0
| 218|0x0000000485000000, 0x0000000485800000, 0x0000000485800000|100%| E|CS|TAMS 0x0000000485000000| PB 0x0000000485000000| Complete |  0
|1999|0x00000007ff800000, 0x0000000800000000, 0x0000000800000000|100%| E|CS|TAMS 0x00000007ff800000| PB 0x00000007ff800000| Complete |  0

Card table byte_map: [0x00007fb10c580000,0x00007fb10e4c0000] _byte_map_base: 0x00007fb10a4c0000

Marking Bits: (CMBitMap*) 0x00007fb12805aa80
 Bits: [0x00007fb0fca00000, 0x00007fb10c400000)

Polling page: 0x00007fb12ff87000

Metaspace:
Metaspace        used 35846K, committed 36800K, reserved 1114112K
 class space     used 2275K, committed 2688K, reserved 1048576K

Usage:
  Non-class:     32.78 MB used.
      Class:      2.22 MB used.
       Both:     35.01 MB used.

Virtual space:
  Non-class space:       64.00 MB reserved,      33.31 MB ( 52%) committed,  1 nodes.
      Class space:        1.00 GB reserved,       2.62 MB ( <1%) committed,  1 nodes.
             Both:        1.06 GB reserved,      35.94 MB (  3%) committed. 

Chunk freelists:
   Non-Class:  14.23 MB
       Class:  13.39 MB
        Both:  27.62 MB

MaxMetaspaceSize: unlimited
CompressedClassSpaceSize: 1.00 GB
Initial GC threshold: 21.00 MB
Current GC threshold: 58.69 MB
CDS: on
 - commit_granule_bytes: 65536.
 - commit_granule_words: 8192.
 - virtual_space_node_default_size: 8388608.
 - enlarge_chunks_in_place: 1.
UseCompressedClassPointers 1, UseCompactObjectHeaders 0
Narrow klass pointer bits 32, Max shift 3
Narrow klass base: 0x0000000064000000, Narrow klass shift: 0
Encoding Range: [0x0000000064000000 - 0x0000000164000000), (4294967296 bytes)
Klass Range:    [0x0000000064001000 - 0x00000000a5000000), (1090514944 bytes)
Klass ID Range:  [4096 - 1090519033) (1090514937)
Protection zone: [0x0000000064000000 - 0x0000000064001000), (4096 bytes)


Internal statistics:

num_allocs_failed_limit: 26.
num_arena_births: 1358.
num_arena_deaths: 0.
num_vsnodes_births: 2.
num_vsnodes_deaths: 0.
num_space_committed: 558.
num_space_uncommitted: 0.
num_chunks_returned_to_freelist: 26.
num_chunks_taken_from_freelist: 2627.
num_chunk_merges: 26.
num_chunk_splits: 1792.
num_chunks_enlarged: 1143.
num_inconsistent_stats: 0.

CodeHeap 'non-profiled nmethods': size=119172Kb used=7601Kb max_used=7767Kb free=111570Kb
 bounds [0x00007fb117f9f000, 0x00007fb11873f000, 0x00007fb11f400000]
CodeHeap 'profiled nmethods': size=119164Kb used=29949Kb max_used=29949Kb free=89214Kb
 bounds [0x00007fb110400000, 0x00007fb112250000, 0x00007fb11785f000]
CodeHeap 'non-nmethods': size=7424Kb used=4260Kb max_used=4335Kb free=3163Kb
 bounds [0x00007fb11785f000, 0x00007fb117caf000, 0x00007fb117f9f000]
CodeCache: size=245760Kb, used=41810Kb, max_used=42051Kb, free=203947Kb
 total_blobs=9834, nmethods=8189, adapters=630, full_count=0
Compilation: enabled, stopped_count=0, restarted_count=0

Compilation events (20 events):
Event: 18.196 Thread 0x00007fb0b0064820 nmethod 9106 0x00007fb110482f08 code [0x00007fb110483000, 0x00007fb110483268]
Event: 18.196 Thread 0x00007fb0b03ea3f0 nmethod 9103 0x00007fb110644008 code [0x00007fb110644100, 0x00007fb1106445b0]
Event: 18.196 Thread 0x00007fb0b03eb4b0 nmethod 9105 0x00007fb110590b88 code [0x00007fb110590c80, 0x00007fb110591378]
Event: 18.203 Thread 0x00007fb0b03ec780 9107       4       com.dylibso.chicory.wabt.Wat2WasmModuleMachineFuncGroup_0::func_1590 (174 bytes)
Event: 18.216 Thread 0x00007fb0b03eb4b0 9109       3       com.dylibso.chicory.wabt.Wat2WasmModuleMachineFuncGroup_0::func_1238 (250 bytes)
Event: 18.217 Thread 0x00007fb0b03ea3f0 9110       3       com.dylibso.chicory.wabt.Wat2WasmModuleMachineFuncGroup_0::func_39 (280 bytes)
Event: 18.218 Thread 0x00007fb0b03eb4b0 nmethod 9109 0x00007fb1106b7a08 code [0x00007fb1106b7b00, 0x00007fb1106ba100]
Event: 18.219 Thread 0x00007fb0b03ea3f0 nmethod 9110 0x00007fb110874f08 code [0x00007fb110875000, 0x00007fb110878048]
Event: 18.234 Thread 0x00007fb0b03ec780 nmethod 9107 0x00007fb1180cf088 code [0x00007fb1180cf180, 0x00007fb1180d12f8]
Event: 18.234 Thread 0x00007fb0b03ec780 9108       4       java.lang.classfile.constantpool.ConstantPoolBuilder::nameAndTypeEntry (21 bytes)
Event: 18.236 Thread 0x00007fb0b03ec780 nmethod 9108 0x00007fb11819bb08 code [0x00007fb11819bc00, 0x00007fb11819beb8]
Event: 18.236 Thread 0x00007fb0b03ec780 9111       4       java.lang.StringLatin1$CharsSpliterator::estimateSize (11 bytes)
Event: 18.236 Thread 0x00007fb0b03ec780 nmethod 9111 0x00007fb11805c208 code [0x00007fb11805c300, 0x00007fb11805c380]
Event: 18.244 Thread 0x00007fb0b0064820 9113       3       java.lang.Class::arrayContentsEq (70 bytes)
Event: 18.244 Thread 0x00007fb0b03ea3f0 9112       3       java.lang.Class::getDeclaredMethod (42 bytes)
Event: 18.244 Thread 0x00007fb0b0064820 nmethod 9113 0x00007fb11059f088 code [0x00007fb11059f180, 0x00007fb11059f570]
Event: 18.245 Thread 0x00007fb0b03ea3f0 nmethod 9112 0x00007fb1104ea808 code [0x00007fb1104ea900, 0x00007fb1104eb050]
Event: 18.247 Thread 0x00007fb0b03ec780 9114       4       java.util.ImmutableCollections$MapN::get (35 bytes)
Event: 18.257 Thread 0x00007fb0b03ec780 nmethod 9114 0x00007fb118197908 code [0x00007fb118197a00, 0x00007fb118198418]
Event: 18.273 Thread 0x00007fb0b03e9270 nmethod 9096 0x00007fb1180b6688 code [0x00007fb1180b6780, 0x00007fb1180b9ae0]

GC Heap Usage History (20 events):
Event: 12.146 {heap Before GC invocations=25 (full 0):
 garbage-first heap   total reserved 16384000K, committed 294912K, used 222099K [0x0000000418000000, 0x0000000800000000)
  region size 8192K, 21 young (172032K), 1 survivors (8192K)
}
Event: 12.148 {heap After GC invocations=26 (full 0):
 garbage-first heap   total reserved 16384000K, committed 294912K, used 58486K [0x0000000418000000, 0x0000000800000000)
  region size 8192K, 1 young (8192K), 1 survivors (8192K)
}
Event: 12.827 {heap Before GC invocations=26 (full 0):
 garbage-first heap   total reserved 16384000K, committed 294912K, used 222326K [0x0000000418000000, 0x0000000800000000)
  region size 8192K, 21 young (172032K), 1 survivors (8192K)
}
Event: 12.832 {heap After GC invocations=27 (full 0):
 garbage-first heap   total reserved 16384000K, committed 294912K, used 60075K [0x0000000418000000, 0x0000000800000000)
  region size 8192K, 1 young (8192K), 1 survivors (8192K)
}
Event: 13.582 {heap Before GC invocations=27 (full 0):
 garbage-first heap   total reserved 16384000K, committed 294912K, used 223915K [0x0000000418000000, 0x0000000800000000)
  region size 8192K, 21 young (172032K), 1 survivors (8192K)
}
Event: 13.589 {heap After GC invocations=28 (full 0):
 garbage-first heap   total reserved 16384000K, committed 294912K, used 62107K [0x0000000418000000, 0x0000000800000000)
  region size 8192K, 1 young (8192K), 1 survivors (8192K)
}
Event: 14.231 {heap Before GC invocations=28 (full 0):
 garbage-first heap   total reserved 16384000K, committed 294912K, used 225947K [0x0000000418000000, 0x0000000800000000)
  region size 8192K, 21 young (172032K), 1 survivors (8192K)
}
Event: 14.241 {heap After GC invocations=29 (full 0):
 garbage-first heap   total reserved 16384000K, committed 294912K, used 64478K [0x0000000418000000, 0x0000000800000000)
  region size 8192K, 2 young (16384K), 2 survivors (16384K)
}
Event: 15.002 {heap Before GC invocations=29 (full 0):
 garbage-first heap   total reserved 16384000K, committed 294912K, used 211934K [0x0000000418000000, 0x0000000800000000)
  region size 8192K, 21 young (172032K), 2 survivors (16384K)
}
Event: 15.012 {heap After GC invocations=30 (full 0):
 garbage-first heap   total reserved 16384000K, committed 294912K, used 65466K [0x0000000418000000, 0x0000000800000000)
  region size 8192K, 2 young (16384K), 2 survivors (16384K)
}
Event: 15.581 {heap Before GC invocations=30 (full 0):
 garbage-first heap   total reserved 16384000K, committed 294912K, used 221114K [0x0000000418000000, 0x0000000800000000)
  region size 8192K, 21 young (172032K), 2 survivors (16384K)
}
Event: 15.589 {heap After GC invocations=31 (full 0):
 garbage-first heap   total reserved 16384000K, committed 294912K, used 66617K [0x0000000418000000, 0x0000000800000000)
  region size 8192K, 2 young (16384K), 2 survivors (16384K)
}
Event: 16.260 {heap Before GC invocations=31 (full 0):
 garbage-first heap   total reserved 16384000K, committed 294912K, used 222265K [0x0000000418000000, 0x0000000800000000)
  region size 8192K, 21 young (172032K), 2 survivors (16384K)
}
Event: 16.271 {heap After GC invocations=32 (full 0):
 garbage-first heap   total reserved 16384000K, committed 294912K, used 68325K [0x0000000418000000, 0x0000000800000000)
  region size 8192K, 2 young (16384K), 2 survivors (16384K)
}
Event: 16.850 {heap Before GC invocations=32 (full 0):
 garbage-first heap   total reserved 16384000K, committed 294912K, used 166629K [0x0000000418000000, 0x0000000800000000)
  region size 8192K, 15 young (122880K), 2 survivors (16384K)
}
Event: 16.857 {heap After GC invocations=33 (full 0):
 garbage-first heap   total reserved 16384000K, committed 294912K, used 66488K [0x0000000418000000, 0x0000000800000000)
  region size 8192K, 2 young (16384K), 2 survivors (16384K)
}
Event: 17.490 {heap Before GC invocations=34 (full 0):
 garbage-first heap   total reserved 16384000K, committed 245760K, used 197560K [0x0000000418000000, 0x0000000800000000)
  region size 8192K, 18 young (147456K), 2 survivors (16384K)
}
Event: 17.500 {heap After GC invocations=35 (full 0):
 garbage-first heap   total reserved 16384000K, committed 245760K, used 68347K [0x0000000418000000, 0x0000000800000000)
  region size 8192K, 2 young (16384K), 2 survivors (16384K)
}
Event: 18.167 {heap Before GC invocations=35 (full 0):
 garbage-first heap   total reserved 16384000K, committed 245760K, used 199419K [0x0000000418000000, 0x0000000800000000)
  region size 8192K, 18 young (147456K), 2 survivors (16384K)
}
Event: 18.176 {heap After GC invocations=36 (full 0):
 garbage-first heap   total reserved 16384000K, committed 638976K, used 67425K [0x0000000418000000, 0x0000000800000000)
  region size 8192K, 2 young (16384K), 2 survivors (16384K)
}

Metaspace Usage History (20 events):
Event: 12.146 {metaspace Before GC invocations=25 (full 0):
 Metaspace       used 32920K, committed 33536K, reserved 1114112K
  class space    used 1775K, committed 2048K, reserved 1048576K
}
Event: 12.148 {metaspace After GC invocations=26 (full 0):
 Metaspace       used 32920K, committed 33536K, reserved 1114112K
  class space    used 1775K, committed 2048K, reserved 1048576K
}
Event: 12.827 {metaspace Before GC invocations=26 (full 0):
 Metaspace       used 33236K, committed 33856K, reserved 1114112K
  class space    used 1807K, committed 2112K, reserved 1048576K
}
Event: 12.832 {metaspace After GC invocations=27 (full 0):
 Metaspace       used 33236K, committed 33856K, reserved 1114112K
  class space    used 1807K, committed 2112K, reserved 1048576K
}
Event: 13.582 {metaspace Before GC invocations=27 (full 0):
 Metaspace       used 33619K, committed 34368K, reserved 1114112K
  class space    used 1850K, committed 2176K, reserved 1048576K
}
Event: 13.589 {metaspace After GC invocations=28 (full 0):
 Metaspace       used 33619K, committed 34368K, reserved 1114112K
  class space    used 1850K, committed 2176K, reserved 1048576K
}
Event: 14.231 {metaspace Before GC invocations=28 (full 0):
 Metaspace       used 33898K, committed 34624K, reserved 1114112K
  class space    used 1859K, committed 2176K, reserved 1048576K
}
Event: 14.241 {metaspace After GC invocations=29 (full 0):
 Metaspace       used 33898K, committed 34624K, reserved 1114112K
  class space    used 1859K, committed 2176K, reserved 1048576K
}
Event: 15.002 {metaspace Before GC invocations=29 (full 0):
 Metaspace       used 34145K, committed 34880K, reserved 1114112K
  class space    used 1887K, committed 2240K, reserved 1048576K
}
Event: 15.012 {metaspace After GC invocations=30 (full 0):
 Metaspace       used 34145K, committed 34880K, reserved 1114112K
  class space    used 1887K, committed 2240K, reserved 1048576K
}
Event: 15.581 {metaspace Before GC invocations=30 (full 0):
 Metaspace       used 34380K, committed 35136K, reserved 1114112K
  class space    used 1950K, committed 2304K, reserved 1048576K
}
Event: 15.589 {metaspace After GC invocations=31 (full 0):
 Metaspace       used 34380K, committed 35136K, reserved 1114112K
  class space    used 1950K, committed 2304K, reserved 1048576K
}
Event: 16.260 {metaspace Before GC invocations=31 (full 0):
 Metaspace       used 35031K, committed 35840K, reserved 1114112K
  class space    used 2074K, committed 2432K, reserved 1048576K
}
Event: 16.271 {metaspace After GC invocations=32 (full 0):
 Metaspace       used 35031K, committed 35840K, reserved 1114112K
  class space    used 2074K, committed 2432K, reserved 1048576K
}
Event: 16.850 {metaspace Before GC invocations=32 (full 0):
 Metaspace       used 35104K, committed 36032K, reserved 1114112K
  class space    used 2085K, committed 2496K, reserved 1048576K
}
Event: 16.857 {metaspace After GC invocations=33 (full 0):
 Metaspace       used 35104K, committed 36032K, reserved 1114112K
  class space    used 2085K, committed 2496K, reserved 1048576K
}
Event: 17.490 {metaspace Before GC invocations=34 (full 0):
 Metaspace       used 35524K, committed 36480K, reserved 1114112K
  class space    used 2199K, committed 2624K, reserved 1048576K
}
Event: 17.500 {metaspace After GC invocations=35 (full 0):
 Metaspace       used 35524K, committed 36480K, reserved 1114112K
  class space    used 2199K, committed 2624K, reserved 1048576K
}
Event: 18.167 {metaspace Before GC invocations=35 (full 0):
 Metaspace       used 35765K, committed 36736K, reserved 1114112K
  class space    used 2250K, committed 2688K, reserved 1048576K
}
Event: 18.176 {metaspace After GC invocations=36 (full 0):
 Metaspace       used 35765K, committed 36736K, reserved 1114112K
  class space    used 2250K, committed 2688K, reserved 1048576K
}

Dll operation events (9 events):
Event: 0.002 Loaded shared library /home/andreatp/.sdkman/candidates/java/25-tem/lib/libjava.so
Event: 0.019 Loaded shared library /home/andreatp/.sdkman/candidates/java/25-tem/lib/libsimdsort.so
Event: 0.028 Loaded shared library /home/andreatp/.sdkman/candidates/java/25-tem/lib/libnio.so
Event: 0.030 Loaded shared library /home/andreatp/.sdkman/candidates/java/25-tem/lib/libzip.so
Event: 0.062 Loaded shared library /home/andreatp/.sdkman/candidates/java/25-tem/lib/libmanagement.so
Event: 0.062 Loaded shared library /home/andreatp/.sdkman/candidates/java/25-tem/lib/libmanagement_ext.so
Event: 0.077 Loaded shared library /home/andreatp/.sdkman/candidates/java/25-tem/lib/libjimage.so
Event: 6.003 Loaded shared library /home/andreatp/.sdkman/candidates/java/25-tem/lib/libnet.so
Event: 6.807 Loaded shared library /home/andreatp/.sdkman/candidates/java/25-tem/lib/libsyslookup.so

Deoptimization events (20 events):
Event: 17.530 Thread 0x00007fb12802b810 Uncommon trap: trap_request=0xffffff45 fr.pc=0x00007fb1181d0d18 relative=0x0000000000000118
Event: 17.530 Thread 0x00007fb12802b810 Uncommon trap: reason=unstable_if action=reinterpret pc=0x00007fb1181d0d18 method=com.dylibso.chicory.wasm.Validator.getLocalType(I)Lcom/dylibso/chicory/wasm/types/ValType; @ 10 c2
Event: 17.530 Thread 0x00007fb12802b810 DEOPT PACKING pc=0x00007fb1181d0d18 sp=0x00007fb12fc806f0
Event: 17.530 Thread 0x00007fb12802b810 DEOPT UNPACKING pc=0x00007fb117991bf9 sp=0x00007fb12fc806a8 mode 2
Event: 17.784 Thread 0x00007fb12802b810 Uncommon trap: trap_request=0xffffffde fr.pc=0x00007fb11849a1ac relative=0x000000000000162c
Event: 17.784 Thread 0x00007fb12802b810 Uncommon trap: reason=class_check action=maybe_recompile pc=0x00007fb11849a1ac method=com.dylibso.chicory.runtime.Instance.initialize(Z)Lcom/dylibso/chicory/runtime/Instance; @ 173 c2
Event: 17.784 Thread 0x00007fb12802b810 DEOPT PACKING pc=0x00007fb11849a1ac sp=0x00007fb12fc80da0
Event: 17.784 Thread 0x00007fb12802b810 DEOPT UNPACKING pc=0x00007fb117991bf9 sp=0x00007fb12fc80d40 mode 2
Event: 17.810 Thread 0x00007fb12802b810 Uncommon trap: trap_request=0xffffff45 fr.pc=0x00007fb1181d6d80 relative=0x0000000000000180
Event: 17.810 Thread 0x00007fb12802b810 Uncommon trap: reason=unstable_if action=reinterpret pc=0x00007fb1181d6d80 method=com.dylibso.chicory.wasm.Validator.setLocal(I)V @ 10 c2
Event: 17.810 Thread 0x00007fb12802b810 DEOPT PACKING pc=0x00007fb1181d6d80 sp=0x00007fb12fc806f0
Event: 17.810 Thread 0x00007fb12802b810 DEOPT UNPACKING pc=0x00007fb117991bf9 sp=0x00007fb12fc806b8 mode 2
Event: 18.107 Thread 0x00007fb12802b810 Uncommon trap: trap_request=0xffffff45 fr.pc=0x00007fb1186e413c relative=0x0000000000003f9c
Event: 18.107 Thread 0x00007fb12802b810 Uncommon trap: reason=unstable_if action=reinterpret pc=0x00007fb1186e413c method=com.dylibso.chicory.cranelift.CraneliftMachineFuncGroup_0.func_3874(IIILcom/dylibso/chicory/runtime/Memory;Lcom/dylibso/chicory/runtime/Instance;)V @ 248 c2
Event: 18.107 Thread 0x00007fb12802b810 DEOPT PACKING pc=0x00007fb1186e413c sp=0x00007fb12fc7f0c0
Event: 18.107 Thread 0x00007fb12802b810 DEOPT UNPACKING pc=0x00007fb117991bf9 sp=0x00007fb12fc7f0e8 mode 2
Event: 18.158 Thread 0x00007fb12802b810 Uncommon trap: trap_request=0xffffffde fr.pc=0x00007fb11849a1ac relative=0x000000000000162c
Event: 18.158 Thread 0x00007fb12802b810 Uncommon trap: reason=class_check action=maybe_recompile pc=0x00007fb11849a1ac method=com.dylibso.chicory.runtime.Instance.initialize(Z)Lcom/dylibso/chicory/runtime/Instance; @ 173 c2
Event: 18.158 Thread 0x00007fb12802b810 DEOPT PACKING pc=0x00007fb11849a1ac sp=0x00007fb12fc80da0
Event: 18.158 Thread 0x00007fb12802b810 DEOPT UNPACKING pc=0x00007fb117991bf9 sp=0x00007fb12fc80d40 mode 2

Classes loaded (20 events):
Event: 7.905 Loading class java/lang/StackTraceElement$HashedModules
Event: 7.905 Loading class java/lang/StackTraceElement$HashedModules done
Event: 7.906 Loading class java/util/AbstractList$RandomAccessSubList
Event: 7.906 Loading class java/util/AbstractList$SubList
Event: 7.906 Loading class java/util/AbstractList$SubList done
Event: 7.906 Loading class java/util/AbstractList$RandomAccessSubList done
Event: 7.906 Loading class java/util/AbstractList$SubList$1
Event: 7.906 Loading class java/util/AbstractList$SubList$1 done
Event: 7.908 Loading class java/io/PrintWriter
Event: 7.908 Loading class java/io/PrintWriter done
Event: 7.908 Loading class java/lang/Throwable$WrappedPrintWriter
Event: 7.908 Loading class java/lang/Throwable$PrintStreamOrWriter
Event: 7.908 Loading class java/lang/Throwable$PrintStreamOrWriter done
Event: 7.908 Loading class java/lang/Throwable$WrappedPrintWriter done
Event: 17.414 Loading class java/lang/invoke/BoundMethodHandle$Species_LLLLLLLL
Event: 17.414 Loading class java/lang/invoke/BoundMethodHandle$Species_LLLLLLLL done
Event: 17.416 Loading class java/lang/invoke/BoundMethodHandle$Species_LLLLLLLLL
Event: 17.416 Loading class java/lang/invoke/BoundMethodHandle$Species_LLLLLLLLL done
Event: 17.420 Loading class java/lang/invoke/BoundMethodHandle$Species_LLLLLLLLLL
Event: 17.420 Loading class java/lang/invoke/BoundMethodHandle$Species_LLLLLLLLLL done

Classes unloaded (0 events):
No events

Classes redefined (0 events):
No events

Internal exceptions (20 events):
Event: 16.859 Thread 0x00007fb12802b810 Exception <a 'java/lang/NoSuchMethodError'{0x00000007ff82b360}: 'void java.lang.invoke.DirectMethodHandle$Holder.invokeSpecial(java.lang.Object, java.lang.Object, long, long)'> (0x00000007ff82b360) 
thrown [src/hotspot/share/interpreter/linkResolver.cpp, line 803]
Event: 16.859 Thread 0x00007fb12802b810 Exception <a 'java/lang/NoSuchMethodError'{0x00000007ff8338a8}: 'void java.lang.invoke.Invokers$Holder.exactInvoker(java.lang.Object, java.lang.Object, long, long)'> (0x00000007ff8338a8) 
thrown [src/hotspot/share/interpreter/linkResolver.cpp, line 803]
Event: 16.860 Thread 0x00007fb12802b810 Exception <a 'java/lang/NoSuchMethodError'{0x00000007ff83c4c8}: 'void java.lang.invoke.DelegatingMethodHandle$Holder.delegate(java.lang.Object, java.lang.Object, long, long)'> (0x00000007ff83c4c8) 
thrown [src/hotspot/share/interpreter/linkResolver.cpp, line 803]
Event: 16.862 Thread 0x00007fb12802b810 Exception <a 'java/lang/ArrayIndexOutOfBoundsException'{0x00000007ff8ae6a0}: Index 1 out of bounds for length 1> (0x00000007ff8ae6a0) 
thrown [src/hotspot/share/interpreter/interpreterRuntime.cpp, line 420]
Event: 16.863 Thread 0x00007fb12802b810 Exception <a 'java/lang/ArrayIndexOutOfBoundsException'{0x00000007ff8c34c8}: Index 1 out of bounds for length 1> (0x00000007ff8c34c8) 
thrown [src/hotspot/share/interpreter/interpreterRuntime.cpp, line 420]
Event: 16.863 Thread 0x00007fb12802b810 Exception <a 'java/lang/ArrayIndexOutOfBoundsException'{0x00000007ff8d7c50}: Index 1 out of bounds for length 1> (0x00000007ff8d7c50) 
thrown [src/hotspot/share/interpreter/interpreterRuntime.cpp, line 420]
Event: 16.864 Thread 0x00007fb12802b810 Exception <a 'java/lang/ArrayIndexOutOfBoundsException'{0x00000007ff8ec3d8}: Index 1 out of bounds for length 1> (0x00000007ff8ec3d8) 
thrown [src/hotspot/share/interpreter/interpreterRuntime.cpp, line 420]
Event: 16.875 Thread 0x00007fb12802b810 Implicit null exception at 0x00007fb11868e761 to 0x00007fb1186926f8
Event: 17.405 Thread 0x00007fb12802b810 Exception <a 'java/lang/NoSuchMethodError'{0x000000041ec85010}: 'void java.lang.invoke.DirectMethodHandle$Holder.invokeStaticInit(java.lang.Object, java.lang.Object, java.lang.Object, java.lang.Object, java.lang.Object, long, float, double, int, int)'> (0x000000041ec85010) 
thrown [src/hotspot/share/interpreter/linkResolver.cpp, line 803]
Event: 17.406 Thread 0x00007fb12802b810 Exception <a 'java/lang/NoSuchMethodError'{0x000000041ec95f10}: 'void java.lang.invoke.DelegatingMethodHandle$Holder.reinvoke_L(java.lang.Object, java.lang.Object, java.lang.Object, java.lang.Object, java.lang.Object, long, float, double, int, int)'> (0x000000041ec95f10) 
thrown [src/hotspot/share/interpreter/linkResolver.cpp, line 803]
Event: 17.408 Thread 0x00007fb12802b810 Exception <a 'java/lang/NoSuchMethodError'{0x000000041ece1b78}: 'double java.lang.invoke.DirectMethodHandle$Holder.invokeStaticInit(java.lang.Object, java.lang.Object, java.lang.Object, java.lang.Object, java.lang.Object, long, float, double, int, int)'> (0x000000041ece1b78) 
thrown [src/hotspot/share/interpreter/linkResolver.cpp, line 803]
Event: 17.409 Thread 0x00007fb12802b810 Exception <a 'java/lang/NoSuchMethodError'{0x000000041ecf2a78}: 'double java.lang.invoke.DelegatingMethodHandle$Holder.reinvoke_L(java.lang.Object, java.lang.Object, java.lang.Object, java.lang.Object, java.lang.Object, long, float, double, int, int)'> (0x000000041ecf2a78) 
thrown [src/hotspot/share/interpreter/linkResolver.cpp, line 803]
Event: 17.412 Thread 0x00007fb12802b810 Implicit null exception at 0x00007fb11858cb69 to 0x00007fb11858e6ac
Event: 17.413 Thread 0x00007fb12802b810 Exception <a 'java/lang/NoSuchMethodError'{0x000000041ede86f0}: 'java.lang.Object java.lang.invoke.Invokers$Holder.invoker(java.lang.Object, java.lang.Object, java.lang.Object, java.lang.Object, java.lang.Object, java.lang.Object, java.lang.Object, java.lang.Object, java.lang.Object)'> (0x000000041ede86f0) 
thrown [src/hotspot/share/interpreter/linkResolver.cpp, line 803]
Event: 17.413 Thread 0x00007fb12802b810 Implicit null exception at 0x00007fb11859f77e to 0x00007fb11859fb38
Event: 17.415 Thread 0x00007fb12802b810 Exception <a 'java/lang/NoSuchMethodError'{0x000000041ee2f100}: 'java.lang.Object java.lang.invoke.DirectMethodHandle$Holder.invokeStatic(java.lang.Object, java.lang.Object, java.lang.Object, java.lang.Object, java.lang.Object, java.lang.Object, java.lang.Object, java.lang.Object, java.lang.Object, java.lang.Object, java.lang.Object)'> (0x000000041ee2f100) 
thrown [src/hotspot/share/interpreter/linkResolver.cpp, line 803]
Event: 17.417 Thread 0x00007fb12802b810 Exception <a 'java/lang/NoSuchMethodError'{0x000000041ee56620}: 'java.lang.Object java.lang.invoke.DirectMethodHandle$Holder.invokeStatic(java.lang.Object, java.lang.Object, java.lang.Object, java.lang.Object, java.lang.Object, java.lang.Object, java.lang.Object, java.lang.Object, java.lang.Object, java.lang.Object, java.lang.Object, java.lang.Object)'> (0x000000041ee56620) 
thrown [src/hotspot/share/interpreter/linkResolver.cpp, line 803]
Event: 17.421 Thread 0x00007fb12802b810 Exception <a 'java/lang/NoSuchMethodError'{0x000000041eed7cf8}: 'java.lang.Object java.lang.invoke.DirectMethodHandle$Holder.invokeStatic(java.lang.Object, java.lang.Object, java.lang.Object, java.lang.Object, java.lang.Object, java.lang.Object, java.lang.Object, java.lang.Object, java.lang.Object, java.lang.Object, java.lang.Object, java.lang.Object, java.lang.Object)'> (0x000000041eed7cf8) 
thrown [src/hotspot/share/interpreter/linkResolver.cpp, line 803]
Event: 17.508 Thread 0x00007fb12802b810 Exception <a 'java/lang/NoSuchMethodError'{0x00000007ff8c24d8}: 'long java.lang.invoke.DirectMethodHandle$Holder.invokeStaticInit(java.lang.Object, java.lang.Object, java.lang.Object, java.lang.Object, java.lang.Object, long, float, double, int, int)'> (0x00000007ff8c24d8) 
thrown [src/hotspot/share/interpreter/linkResolver.cpp, line 803]
Event: 17.509 Thread 0x00007fb12802b810 Exception <a 'java/lang/NoSuchMethodError'{0x00000007ff8d33d8}: 'long java.lang.invoke.DelegatingMethodHandle$Holder.reinvoke_L(java.lang.Object, java.lang.Object, java.lang.Object, java.lang.Object, java.lang.Object, long, float, double, int, int)'> (0x00000007ff8d33d8) 
thrown [src/hotspot/share/interpreter/linkResolver.cpp, line 803]

VM Operations (20 events):
Event: 14.231 Executing safepoint VM operation: G1CollectForAllocation (G1 Evacuation Pause)
Event: 14.241 Executing safepoint VM operation: G1CollectForAllocation (G1 Evacuation Pause) done
Event: 15.002 Executing safepoint VM operation: G1CollectForAllocation (G1 Evacuation Pause)
Event: 15.012 Executing safepoint VM operation: G1CollectForAllocation (G1 Evacuation Pause) done
Event: 15.565 Executing non-safepoint VM operation: HandshakeAllThreads (Deoptimize)
Event: 15.565 Executing non-safepoint VM operation: HandshakeAllThreads (Deoptimize) done
Event: 15.581 Executing safepoint VM operation: G1CollectForAllocation (G1 Evacuation Pause)
Event: 15.589 Executing safepoint VM operation: G1CollectForAllocation (G1 Evacuation Pause) done
Event: 16.260 Executing safepoint VM operation: G1CollectForAllocation (G1 Evacuation Pause)
Event: 16.271 Executing safepoint VM operation: G1CollectForAllocation (G1 Evacuation Pause) done
Event: 16.850 Executing safepoint VM operation: G1TryInitiateConcMark (CodeCache GC Threshold)
Event: 16.857 Executing safepoint VM operation: G1TryInitiateConcMark (CodeCache GC Threshold) done
Event: 16.910 Executing safepoint VM operation: G1PauseRemark
Event: 16.917 Executing safepoint VM operation: G1PauseRemark done
Event: 16.941 Executing safepoint VM operation: G1PauseCleanup
Event: 16.941 Executing safepoint VM operation: G1PauseCleanup done
Event: 17.489 Executing safepoint VM operation: G1CollectForAllocation (G1 Evacuation Pause)
Event: 17.500 Executing safepoint VM operation: G1CollectForAllocation (G1 Evacuation Pause) done
Event: 18.167 Executing safepoint VM operation: G1CollectForAllocation (G1 Evacuation Pause)
Event: 18.176 Executing safepoint VM operation: G1CollectForAllocation (G1 Evacuation Pause) done

Memory protections (20 events):
Event: 3.248 Protecting memory [0x00007fb0edd00000,0x00007fb0edd04000] with protection modes 0
Event: 3.248 Protecting memory [0x00007fb0eda00000,0x00007fb0eda04000] with protection modes 0
Event: 3.249 Protecting memory [0x00007fb0ed7bb000,0x00007fb0ed7bf000] with protection modes 0
Event: 5.816 Protecting memory [0x00007fb0edd00000,0x00007fb0edd04000] with protection modes 0
Event: 5.817 Protecting memory [0x00007fb0eda00000,0x00007fb0eda04000] with protection modes 0
Event: 5.817 Protecting memory [0x00007fb0ed7bb000,0x00007fb0ed7bf000] with protection modes 0
Event: 5.817 Protecting memory [0x00007fb0ed6bb000,0x00007fb0ed6bf000] with protection modes 0
Event: 5.817 Protecting memory [0x00007fb0ed5bb000,0x00007fb0ed5bf000] with protection modes 0
Event: 5.839 Protecting memory [0x00007fb0ede00000,0x00007fb0ede04000] with protection modes 0
Event: 5.839 Protecting memory [0x00007fb0fc17d000,0x00007fb0fc181000] with protection modes 0
Event: 5.865 Protecting memory [0x00007fb0ed8bb000,0x00007fb0ed8bf000] with protection modes 0
Event: 7.538 Protecting memory [0x00007fb0fc17d000,0x00007fb0fc181000] with protection modes 0
Event: 7.629 Protecting memory [0x00007fb0ede00000,0x00007fb0ede04000] with protection modes 0
Event: 8.219 Protecting memory [0x00007fb0ed8bb000,0x00007fb0ed8bf000] with protection modes 0
Event: 12.473 Protecting memory [0x00007fb0fc17d000,0x00007fb0fc181000] with protection modes 0
Event: 12.824 Protecting memory [0x00007fb0ede00000,0x00007fb0ede04000] with protection modes 0
Event: 13.438 Protecting memory [0x00007fb0ed8bb000,0x00007fb0ed8bf000] with protection modes 0
Event: 13.886 Protecting memory [0x00007fb0ed4bb000,0x00007fb0ed4bf000] with protection modes 0
Event: 13.886 Protecting memory [0x00007fb0ec548000,0x00007fb0ec54c000] with protection modes 0
Event: 15.973 Protecting memory [0x00007fb0ec548000,0x00007fb0ec54c000] with protection modes 0

Nmethod flushes (20 events):
Event: 16.916 Thread 0x00007fb1280fb340 flushing  nmethod 0x00007fb11081c088
Event: 16.916 Thread 0x00007fb1280fb340 flushing  nmethod 0x00007fb11081c608
Event: 16.916 Thread 0x00007fb1280fb340 flushing  nmethod 0x00007fb11081ce08
Event: 16.916 Thread 0x00007fb1280fb340 flushing  nmethod 0x00007fb11081d988
Event: 16.916 Thread 0x00007fb1280fb340 flushing  nmethod 0x00007fb11081e508
Event: 16.916 Thread 0x00007fb1280fb340 flushing  nmethod 0x00007fb11081eb88
Event: 16.916 Thread 0x00007fb1280fb340 flushing  nmethod 0x00007fb11086fa88
Event: 16.916 Thread 0x00007fb1280fb340 flushing  nmethod 0x00007fb110870388
Event: 16.916 Thread 0x00007fb1280fb340 flushing  nmethod 0x00007fb110870d88
Event: 16.916 Thread 0x00007fb1280fb340 flushing  nmethod 0x00007fb110871088
Event: 16.916 Thread 0x00007fb1280fb340 flushing  nmethod 0x00007fb110871c08
Event: 16.916 Thread 0x00007fb1280fb340 flushing  nmethod 0x00007fb1108a4208
Event: 16.916 Thread 0x00007fb1280fb340 flushing  nmethod 0x00007fb1108a4508
Event: 16.916 Thread 0x00007fb1280fb340 flushing  nmethod 0x00007fb1108a4d08
Event: 16.916 Thread 0x00007fb1280fb340 flushing  nmethod 0x00007fb1108a5008
Event: 16.916 Thread 0x00007fb1280fb340 flushing  nmethod 0x00007fb1108a5608
Event: 16.916 Thread 0x00007fb1280fb340 flushing  nmethod 0x00007fb1108a6e08
Event: 16.916 Thread 0x00007fb1280fb340 flushing  nmethod 0x00007fb1108a7f88
Event: 16.916 Thread 0x00007fb1280fb340 flushing  nmethod 0x00007fb1108a8b08
Event: 16.916 Thread 0x00007fb1280fb340 flushing  nmethod 0x00007fb1108a9908

Events (20 events):
Event: 6.769 Thread 0x00007fb07c361c70 Thread exited: 0x00007fb07c361c70
Event: 6.769 Thread 0x00007fb07c2470f0 Thread exited: 0x00007fb07c2470f0
Event: 7.538 Thread 0x00007fb0b03ea3f0 Thread added: 0x00007fb084808c30
Event: 7.629 Thread 0x00007fb0b03ec780 Thread added: 0x00007fb07c0bf500
Event: 8.218 Thread 0x00007fb12810e240 Thread added: 0x00007fb0b0987de0
Event: 11.160 Thread 0x00007fb0b0987de0 Thread exited: 0x00007fb0b0987de0
Event: 11.513 Thread 0x00007fb07c0bf500 Thread exited: 0x00007fb07c0bf500
Event: 11.523 Thread 0x00007fb084808c30 Thread exited: 0x00007fb084808c30
Event: 12.473 Thread 0x00007fb12810c850 Thread added: 0x00007fb0ad3337e0
Event: 12.824 Thread 0x00007fb0b03e9270 Thread added: 0x00007fb0951198b0
Event: 13.438 Thread 0x00007fb0b03eb4b0 Thread added: 0x00007fb08823bed0
Event: 13.886 Thread 0x00007fb0b0064820 Thread added: 0x00007fb0800fc090
Event: 13.886 Thread 0x00007fb0b0064820 Thread added: 0x00007fb0800fd4c0
Event: 15.710 Thread 0x00007fb0800fd4c0 Thread exited: 0x00007fb0800fd4c0
Event: 15.973 Thread 0x00007fb0800fc090 Thread added: 0x00007fb03c2bf020
Event: 16.847 Thread 0x00007fb03c2bf020 Thread exited: 0x00007fb03c2bf020
Event: 17.634 Thread 0x00007fb0800fc090 Thread exited: 0x00007fb0800fc090
Event: 17.634 Thread 0x00007fb08823bed0 Thread exited: 0x00007fb08823bed0
Event: 17.712 Thread 0x00007fb0951198b0 Thread exited: 0x00007fb0951198b0
Event: 17.784 Thread 0x00007fb0ad3337e0 Thread exited: 0x00007fb0ad3337e0


Dynamic libraries:
64000000-64001000 ---p 00000000 00:00 0 
64001000-64d8c000 rw-p 00001000 00:24 62088005                           /home/andreatp/.sdkman/candidates/java/25-tem/lib/server/classes.jsa
64d8c000-65000000 ---p 00000000 00:00 0 
65000000-65040000 rw-p 00000000 00:00 0 
65040000-65140000 rw-p 00000000 00:00 0 
65140000-65180000 rw-p 00000000 00:00 0 
65180000-652a0000 rw-p 00000000 00:00 0 
652a0000-a5000000 ---p 00000000 00:00 0 
418000000-43d800000 rw-p 00000000 00:00 0 
43d800000-466000000 ---p 00000000 00:00 0 
466000000-466800000 rw-p 00000000 00:00 0 
466800000-485000000 ---p 00000000 00:00 0 
485000000-485800000 rw-p 00000000 00:00 0 
485800000-7ff800000 ---p 00000000 00:00 0 
7ff800000-7ff921000 rw-p 00dbf000 00:24 62088005                         /home/andreatp/.sdkman/candidates/java/25-tem/lib/server/classes.jsa
7ff921000-800000000 rw-p 00000000 00:00 0 
55a553656000-55a553657000 r--p 00000000 00:24 62087964                   /home/andreatp/.sdkman/candidates/java/25-tem/bin/java
55a553657000-55a553658000 r-xp 00001000 00:24 62087964                   /home/andreatp/.sdkman/candidates/java/25-tem/bin/java
55a553658000-55a553659000 r--p 00002000 00:24 62087964                   /home/andreatp/.sdkman/candidates/java/25-tem/bin/java
55a553659000-55a55365a000 r--p 00002000 00:24 62087964                   /home/andreatp/.sdkman/candidates/java/25-tem/bin/java
55a55365a000-55a55365b000 rw-p 00003000 00:24 62087964                   /home/andreatp/.sdkman/candidates/java/25-tem/bin/java
55a583122000-55a58316b000 rw-p 00000000 00:00 0                          [heap]
7fb03c000000-7fb03d94e000 rw-p 00000000 00:00 0 
7fb03d94e000-7fb040000000 ---p 00000000 00:00 0 
7fb040000000-7fb0412de000 rw-p 00000000 00:00 0 
7fb0412de000-7fb044000000 ---p 00000000 00:00 0 
7fb044000000-7fb044021000 rw-p 00000000 00:00 0 
7fb044021000-7fb048000000 ---p 00000000 00:00 0 
7fb048000000-7fb048021000 rw-p 00000000 00:00 0 
7fb048021000-7fb04c000000 ---p 00000000 00:00 0 
7fb04c000000-7fb04c021000 rw-p 00000000 00:00 0 
7fb04c021000-7fb050000000 ---p 00000000 00:00 0 
7fb050000000-7fb050021000 rw-p 00000000 00:00 0 
7fb050021000-7fb054000000 ---p 00000000 00:00 0 
7fb054000000-7fb054021000 rw-p 00000000 00:00 0 
7fb054021000-7fb058000000 ---p 00000000 00:00 0 
7fb058000000-7fb058021000 rw-p 00000000 00:00 0 
7fb058021000-7fb05c000000 ---p 00000000 00:00 0 
7fb05c000000-7fb05c07b000 rw-p 00000000 00:00 0 
7fb05c07b000-7fb060000000 ---p 00000000 00:00 0 
7fb060000000-7fb060021000 rw-p 00000000 00:00 0 
7fb060021000-7fb064000000 ---p 00000000 00:00 0 
7fb064000000-7fb064021000 rw-p 00000000 00:00 0 
7fb064021000-7fb068000000 ---p 00000000 00:00 0 
7fb068000000-7fb068021000 rw-p 00000000 00:00 0 
7fb068021000-7fb06c000000 ---p 00000000 00:00 0 
7fb06c000000-7fb06c021000 rw-p 00000000 00:00 0 
7fb06c021000-7fb070000000 ---p 00000000 00:00 0 
7fb070000000-7fb070037000 rw-p 00000000 00:00 0 
7fb070037000-7fb074000000 ---p 00000000 00:00 0 
7fb074000000-7fb074731000 rw-p 00000000 00:00 0 
7fb074731000-7fb078000000 ---p 00000000 00:00 0 
7fb078000000-7fb078021000 rw-p 00000000 00:00 0 
7fb078021000-7fb07c000000 ---p 00000000 00:00 0 
7fb07c000000-7fb07e752000 rw-p 00000000 00:00 0 
7fb07e752000-7fb080000000 ---p 00000000 00:00 0 
7fb080000000-7fb081a9f000 rw-p 00000000 00:00 0 
7fb081a9f000-7fb084000000 ---p 00000000 00:00 0 
7fb084000000-7fb084cf0000 rw-p 00000000 00:00 0 
7fb084cf0000-7fb088000000 ---p 00000000 00:00 0 
7fb088000000-7fb089ade000 rw-p 00000000 00:00 0 
7fb089ade000-7fb08c000000 ---p 00000000 00:00 0 
7fb08c000000-7fb08c021000 rw-p 00000000 00:00 0 
7fb08c021000-7fb090000000 ---p 00000000 00:00 0 
7fb090000000-7fb091bd9000 rw-p 00000000 00:00 0 
7fb091bd9000-7fb094000000 ---p 00000000 00:00 0 
7fb094000000-7fb0961d1000 rw-p 00000000 00:00 0 
7fb0961d1000-7fb098000000 ---p 00000000 00:00 0 
7fb098000000-7fb098021000 rw-p 00000000 00:00 0 
7fb098021000-7fb09c000000 ---p 00000000 00:00 0 
7fb09c000000-7fb09c021000 rw-p 00000000 00:00 0 
7fb09c021000-7fb0a0000000 ---p 00000000 00:00 0 
7fb0a0000000-7fb0a2067000 rw-p 00000000 00:00 0 
7fb0a2067000-7fb0a4000000 ---p 00000000 00:00 0 
7fb0a4000000-7fb0a5ef9000 rw-p 00000000 00:00 0 
7fb0a5ef9000-7fb0a8000000 ---p 00000000 00:00 0 
7fb0a8000000-7fb0a8021000 rw-p 00000000 00:00 0 
7fb0a8021000-7fb0ac000000 ---p 00000000 00:00 0 
7fb0ac000000-7fb0ae830000 rw-p 00000000 00:00 0 
7fb0ae830000-7fb0b0000000 ---p 00000000 00:00 0 
7fb0b0000000-7fb0b0c43000 rw-p 00000000 00:00 0 
7fb0b0c43000-7fb0b4000000 ---p 00000000 00:00 0 
7fb0b4000000-7fb0b403d000 rw-p 00000000 00:00 0 
7fb0b403d000-7fb0b8000000 ---p 00000000 00:00 0 
7fb0b8000000-7fb0b8021000 rw-p 00000000 00:00 0 
7fb0b8021000-7fb0bc000000 ---p 00000000 00:00 0 
7fb0bc000000-7fb0bc021000 rw-p 00000000 00:00 0 
7fb0bc021000-7fb0c0000000 ---p 00000000 00:00 0 
7fb0c2000000-7fb0cfe70000 r--p 00000000 00:24 16857077                   /usr/lib/locale/locale-archive
7fb0d0000000-7fb0d0400000 rw-p 00000000 00:00 0 
7fb0d0400000-7fb0d0fc0000 rw-p 00000000 00:00 0 
7fb0d0fc0000-7fb0d1100000 rw-p 00000000 00:00 0 
7fb0d1100000-7fb0d11c0000 rw-p 00000000 00:00 0 
7fb0d11c0000-7fb0d1720000 rw-p 00000000 00:00 0 
7fb0d1720000-7fb0d1840000 rw-p 00000000 00:00 0 
7fb0d1840000-7fb0d1940000 rw-p 00000000 00:00 0 
7fb0d1940000-7fb0d1a60000 rw-p 00000000 00:00 0 
7fb0d1a60000-7fb0d1ae0000 rw-p 00000000 00:00 0 
7fb0d1ae0000-7fb0d1b80000 rw-p 00000000 00:00 0 
7fb0d1b80000-7fb0d1c00000 ---p 00000000 00:00 0 
7fb0d1c00000-7fb0d1f20000 rw-p 00000000 00:00 0 
7fb0d1f20000-7fb0d21d0000 rw-p 00000000 00:00 0 
7fb0d21d0000-7fb0d4000000 ---p 00000000 00:00 0 
7fb0d4000000-7fb0d4021000 rw-p 00000000 00:00 0 
7fb0d4021000-7fb0d8000000 ---p 00000000 00:00 0 
7fb0d8000000-7fb0d8021000 rw-p 00000000 00:00 0 
7fb0d8021000-7fb0dc000000 ---p 00000000 00:00 0 
7fb0dc000000-7fb0dc036000 rw-p 00000000 00:00 0 
7fb0dc036000-7fb0e0000000 ---p 00000000 00:00 0 
7fb0e0000000-7fb0e0021000 rw-p 00000000 00:00 0 
7fb0e0021000-7fb0e4000000 ---p 00000000 00:00 0 
7fb0e4000000-7fb0e4021000 rw-p 00000000 00:00 0 
7fb0e4021000-7fb0e8000000 ---p 00000000 00:00 0 
7fb0e8000000-7fb0e8021000 rw-p 00000000 00:00 0 
7fb0e8021000-7fb0ec000000 ---p 00000000 00:00 0 
7fb0ec52d000-7fb0ec534000 r--s 00000000 00:24 17059797                   /usr/lib64/gconv/gconv-modules.cache
7fb0ec534000-7fb0ec53e000 r-xp 00000000 00:00 0 
7fb0ec53e000-7fb0ec544000 r-xp 00000000 00:00 0 
7fb0ec544000-7fb0ec548000 r-xp 00000000 00:00 0 
7fb0ec548000-7fb0ec54c000 ---p 00000000 00:00 0 
7fb0ec54c000-7fb0ec648000 rw-p 00000000 00:00 0 
7fb0ec648000-7fb0ec6ad000 r-xp 00000000 00:00 0 
7fb0ec6ad000-7fb0ec6ae000 ---p 00000000 00:00 0 
7fb0ec6ae000-7fb0ec7ae000 rw-p 00000000 00:00 0 
7fb0ec7ae000-7fb0ec7af000 ---p 00000000 00:00 0 
7fb0ec7af000-7fb0ec8af000 rw-p 00000000 00:00 0 
7fb0ec8af000-7fb0ec8b0000 ---p 00000000 00:00 0 
7fb0ec8b0000-7fb0ec9b0000 rw-p 00000000 00:00 0 
7fb0ec9b0000-7fb0ec9b1000 ---p 00000000 00:00 0 
7fb0ec9b1000-7fb0ecab1000 rw-p 00000000 00:00 0 
7fb0ecab1000-7fb0ecab2000 ---p 00000000 00:00 0 
7fb0ecab2000-7fb0ecbb2000 rw-p 00000000 00:00 0 
7fb0ecbb2000-7fb0ecbb3000 ---p 00000000 00:00 0 
7fb0ecbb3000-7fb0eccb3000 rw-p 00000000 00:00 0 
7fb0eccb3000-7fb0eccb4000 ---p 00000000 00:00 0 
7fb0eccb4000-7fb0ecdb4000 rw-p 00000000 00:00 0 
7fb0ecdb4000-7fb0ecdb5000 ---p 00000000 00:00 0 
7fb0ecdb5000-7fb0eceb5000 rw-p 00000000 00:00 0 
7fb0eceb5000-7fb0eceb6000 ---p 00000000 00:00 0 
7fb0eceb6000-7fb0ecfb6000 rw-p 00000000 00:00 0 
7fb0ecfb6000-7fb0ecfb7000 ---p 00000000 00:00 0 
7fb0ecfb7000-7fb0ed0b7000 rw-p 00000000 00:00 0 
7fb0ed0b7000-7fb0ed0b8000 ---p 00000000 00:00 0 
7fb0ed0b8000-7fb0ed1b8000 rw-p 00000000 00:00 0 
7fb0ed1b8000-7fb0ed1b9000 ---p 00000000 00:00 0 
7fb0ed1b9000-7fb0ed2b9000 rw-p 00000000 00:00 0 
7fb0ed2b9000-7fb0ed2ba000 ---p 00000000 00:00 0 
7fb0ed2ba000-7fb0ed3ba000 rw-p 00000000 00:00 0 
7fb0ed3ba000-7fb0ed3bb000 ---p 00000000 00:00 0 
7fb0ed3bb000-7fb0ed4bb000 rw-p 00000000 00:00 0 
7fb0ed4bb000-7fb0ed4bf000 ---p 00000000 00:00 0 
7fb0ed4bf000-7fb0ed5bb000 rw-p 00000000 00:00 0 
7fb0ed5bb000-7fb0ed5bf000 ---p 00000000 00:00 0 
7fb0ed5bf000-7fb0ed6bb000 rw-p 00000000 00:00 0 
7fb0ed6bb000-7fb0ed6bf000 ---p 00000000 00:00 0 
7fb0ed6bf000-7fb0ed7bb000 rw-p 00000000 00:00 0 
7fb0ed7bb000-7fb0ed7bf000 ---p 00000000 00:00 0 
7fb0ed7bf000-7fb0ed8bb000 rw-p 00000000 00:00 0 
7fb0ed8bb000-7fb0ed8bf000 ---p 00000000 00:00 0 
7fb0ed8bf000-7fb0ed9bb000 rw-p 00000000 00:00 0 
7fb0ed9bb000-7fb0eda00000 r-xp 00000000 00:00 0 
7fb0eda00000-7fb0eda04000 ---p 00000000 00:00 0 
7fb0eda04000-7fb0edb00000 rw-p 00000000 00:00 0 
7fb0edb00000-7fb0edb04000 ---p 00000000 00:00 0 
7fb0edb04000-7fb0edc00000 rw-p 00000000 00:00 0 
7fb0edc00000-7fb0edc04000 ---p 00000000 00:00 0 
7fb0edc04000-7fb0edd00000 rw-p 00000000 00:00 0 
7fb0edd00000-7fb0edd04000 ---p 00000000 00:00 0 
7fb0edd04000-7fb0ede00000 rw-p 00000000 00:00 0 
7fb0ede00000-7fb0ede04000 ---p 00000000 00:00 0 
7fb0ede04000-7fb0edf00000 rw-p 00000000 00:00 0 
7fb0edf00000-7fb0edf04000 ---p 00000000 00:00 0 
7fb0edf04000-7fb0ee000000 rw-p 00000000 00:00 0 
7fb0ee000000-7fb0f0021000 rw-p 00000000 00:00 0 
7fb0f0021000-7fb0f4000000 ---p 00000000 00:00 0 
7fb0f4000000-7fb0f4021000 rw-p 00000000 00:00 0 
7fb0f4021000-7fb0f8000000 ---p 00000000 00:00 0 
7fb0f8000000-7fb0f8021000 rw-p 00000000 00:00 0 
7fb0f8021000-7fb0fc000000 ---p 00000000 00:00 0 
7fb0fc000000-7fb0fc07d000 r-xp 00000000 00:00 0 
7fb0fc07d000-7fb0fc081000 ---p 00000000 00:00 0 
7fb0fc081000-7fb0fc17d000 rw-p 00000000 00:00 0 
7fb0fc17d000-7fb0fc181000 ---p 00000000 00:00 0 
7fb0fc181000-7fb0fc27d000 rw-p 00000000 00:00 0 
7fb0fc27d000-7fb0fc281000 ---p 00000000 00:00 0 
7fb0fc281000-7fb0fc37d000 rw-p 00000000 00:00 0 
7fb0fc37d000-7fb0fc381000 ---p 00000000 00:00 0 
7fb0fc381000-7fb0fc47d000 rw-p 00000000 00:00 0 
7fb0fc47d000-7fb0fc481000 ---p 00000000 00:00 0 
7fb0fc481000-7fb0fc57d000 rw-p 00000000 00:00 0 
7fb0fc57d000-7fb0fc581000 ---p 00000000 00:00 0 
7fb0fc581000-7fb0fc67d000 rw-p 00000000 00:00 0 
7fb0fc67d000-7fb0fc681000 ---p 00000000 00:00 0 
7fb0fc681000-7fb0fc77d000 rw-p 00000000 00:00 0 
7fb0fc77d000-7fb0fc7fe000 rw-p 00000000 00:00 0 
7fb0fc7fe000-7fb0fc7ff000 ---p 00000000 00:00 0 
7fb0fc7ff000-7fb0fc8ff000 rw-p 00000000 00:00 0 
7fb0fc8ff000-7fb0fc900000 ---p 00000000 00:00 0 
7fb0fc900000-7fb0fca00000 rw-p 00000000 00:00 0 
7fb0fca00000-7fb0fd360000 rw-p 00000000 00:00 0 
7fb0fd360000-7fb0fdd80000 ---p 00000000 00:00 0 
7fb0fdd80000-7fb0fdda0000 rw-p 00000000 00:00 0 
7fb0fdda0000-7fb0fe540000 ---p 00000000 00:00 0 
7fb0fe540000-7fb0fe560000 rw-p 00000000 00:00 0 
7fb0fe560000-7fb10c3e0000 ---p 00000000 00:00 0 
7fb10c3e0000-7fb10c400000 rw-p 00000000 00:00 0 
7fb10c400000-7fb10c401000 r-xp 00000000 00:00 0 
7fb10c401000-7fb10c461000 r-xp 00000000 00:00 0 
7fb10c461000-7fb10c463000 r--p 00000000 00:24 62087985                   /home/andreatp/.sdkman/candidates/java/25-tem/lib/libzip.so
7fb10c463000-7fb10c475000 r-xp 00002000 00:24 62087985                   /home/andreatp/.sdkman/candidates/java/25-tem/lib/libzip.so
7fb10c475000-7fb10c47d000 r--p 00014000 00:24 62087985                   /home/andreatp/.sdkman/candidates/java/25-tem/lib/libzip.so
7fb10c47d000-7fb10c47e000 r--p 0001b000 00:24 62087985                   /home/andreatp/.sdkman/candidates/java/25-tem/lib/libzip.so
7fb10c47e000-7fb10c47f000 rw-p 0001c000 00:24 62087985                   /home/andreatp/.sdkman/candidates/java/25-tem/lib/libzip.so
7fb10c47f000-7fb10c480000 ---p 00000000 00:00 0 
7fb10c480000-7fb10c484000 ---p 00000000 00:00 0 
7fb10c484000-7fb10c580000 rw-p 00000000 00:00 0 
7fb10c580000-7fb10c6ac000 rw-p 00000000 00:00 0 
7fb10c6ac000-7fb10c7f0000 ---p 00000000 00:00 0 
7fb10c7f0000-7fb10c7f4000 rw-p 00000000 00:00 0 
7fb10c7f4000-7fb10c8e8000 ---p 00000000 00:00 0 
7fb10c8e8000-7fb10c8ec000 rw-p 00000000 00:00 0 
7fb10c8ec000-7fb10e4bc000 ---p 00000000 00:00 0 
7fb10e4bc000-7fb10e5ec000 rw-p 00000000 00:00 0 
7fb10e5ec000-7fb10e730000 ---p 00000000 00:00 0 
7fb10e730000-7fb10e734000 rw-p 00000000 00:00 0 
7fb10e734000-7fb10e828000 ---p 00000000 00:00 0 
7fb10e828000-7fb10e82c000 rw-p 00000000 00:00 0 
7fb10e82c000-7fb1103fc000 ---p 00000000 00:00 0 
7fb1103fc000-7fb110400000 rw-p 00000000 00:00 0 
7fb110400000-7fb112250000 rwxp 00000000 00:00 0 
7fb112250000-7fb11785f000 ---p 00000000 00:00 0 
7fb11785f000-7fb117caf000 rwxp 00000000 00:00 0 
7fb117caf000-7fb117f9f000 ---p 00000000 00:00 0 
7fb117f9f000-7fb11873f000 rwxp 00000000 00:00 0 
7fb11873f000-7fb11f400000 ---p 00000000 00:00 0 
7fb11f400000-7fb127f14000 r--s 00000000 00:24 62088042                   /home/andreatp/.sdkman/candidates/java/25-tem/lib/modules
7fb127f14000-7fb127f22000 r-xp 00000000 00:00 0 
7fb127f22000-7fb127f23000 r--p 00000000 00:24 62088018                   /home/andreatp/.sdkman/candidates/java/25-tem/lib/libsimdsort.so
7fb127f23000-7fb127f5c000 r-xp 00001000 00:24 62088018                   /home/andreatp/.sdkman/candidates/java/25-tem/lib/libsimdsort.so
7fb127f5c000-7fb127f62000 r--p 0003a000 00:24 62088018                   /home/andreatp/.sdkman/candidates/java/25-tem/lib/libsimdsort.so
7fb127f62000-7fb127f63000 r--p 0003f000 00:24 62088018                   /home/andreatp/.sdkman/candidates/java/25-tem/lib/libsimdsort.so
7fb127f63000-7fb127f64000 rw-p 00040000 00:24 62088018                   /home/andreatp/.sdkman/candidates/java/25-tem/lib/libsimdsort.so
7fb127f64000-7fb12950e000 rw-p 00000000 00:00 0 
7fb12950e000-7fb12c000000 ---p 00000000 00:00 0 
7fb12c000000-7fb12c006000 r-xp 00000000 00:00 0 
7fb12c006000-7fb12c007000 ---p 00000000 00:00 0 
7fb12c007000-7fb12c00b000 ---p 00000000 00:00 0 
7fb12c00b000-7fb12c107000 rw-p 00000000 00:00 0 
7fb12c107000-7fb12c10c000 r-xp 00000000 00:00 0 
7fb12c10c000-7fb12c10e000 r--p 00000000 00:24 62088016                   /home/andreatp/.sdkman/candidates/java/25-tem/lib/libmanagement_ext.so
7fb12c10e000-7fb12c111000 r-xp 00002000 00:24 62088016                   /home/andreatp/.sdkman/candidates/java/25-tem/lib/libmanagement_ext.so
7fb12c111000-7fb12c112000 r--p 00005000 00:24 62088016                   /home/andreatp/.sdkman/candidates/java/25-tem/lib/libmanagement_ext.so
7fb12c112000-7fb12c113000 r--p 00006000 00:24 62088016                   /home/andreatp/.sdkman/candidates/java/25-tem/lib/libmanagement_ext.so
7fb12c113000-7fb12c114000 rw-p 00007000 00:24 62088016                   /home/andreatp/.sdkman/candidates/java/25-tem/lib/libmanagement_ext.so
7fb12c114000-7fb12c117000 r--p 00000000 00:24 62088001                   /home/andreatp/.sdkman/candidates/java/25-tem/lib/libnet.so
7fb12c117000-7fb12c11f000 r-xp 00003000 00:24 62088001                   /home/andreatp/.sdkman/candidates/java/25-tem/lib/libnet.so
7fb12c11f000-7fb12c121000 r--p 0000b000 00:24 62088001                   /home/andreatp/.sdkman/candidates/java/25-tem/lib/libnet.so
7fb12c121000-7fb12c122000 r--p 0000c000 00:24 62088001                   /home/andreatp/.sdkman/candidates/java/25-tem/lib/libnet.so
7fb12c122000-7fb12c123000 rw-p 0000d000 00:24 62088001                   /home/andreatp/.sdkman/candidates/java/25-tem/lib/libnet.so
7fb12c123000-7fb12c12b000 r--p 00000000 00:24 62088041                   /home/andreatp/.sdkman/candidates/java/25-tem/lib/libnio.so
7fb12c12b000-7fb12c134000 r-xp 00008000 00:24 62088041                   /home/andreatp/.sdkman/candidates/java/25-tem/lib/libnio.so
7fb12c134000-7fb12c138000 r--p 00011000 00:24 62088041                   /home/andreatp/.sdkman/candidates/java/25-tem/lib/libnio.so
7fb12c138000-7fb12c139000 r--p 00015000 00:24 62088041                   /home/andreatp/.sdkman/candidates/java/25-tem/lib/libnio.so
7fb12c139000-7fb12c13a000 rw-p 00016000 00:24 62088041                   /home/andreatp/.sdkman/candidates/java/25-tem/lib/libnio.so
7fb12c13a000-7fb12c13b000 ---p 00000000 00:00 0 
7fb12c13b000-7fb12c23b000 rw-p 00000000 00:00 0 
7fb12c23b000-7fb12c23c000 ---p 00000000 00:00 0 
7fb12c23c000-7fb12c33c000 rw-p 00000000 00:00 0 
7fb12c33c000-7fb12d049000 rw-p 00000000 00:00 0 
7fb12d049000-7fb12d04a000 ---p 00000000 00:00 0 
7fb12d04a000-7fb12d14a000 rw-p 00000000 00:00 0 
7fb12d14a000-7fb12d14b000 ---p 00000000 00:00 0 
7fb12d14b000-7fb12d24b000 rw-p 00000000 00:00 0 
7fb12d24b000-7fb12d24c000 ---p 00000000 00:00 0 
7fb12d24c000-7fb12d34c000 rw-p 00000000 00:00 0 
7fb12d34c000-7fb12e1e6000 rw-p 00000000 00:00 0 
7fb12e1e6000-7fb12e2bf000 ---p 00000000 00:00 0 
7fb12e2bf000-7fb12e2c8000 rw-p 00000000 00:00 0 
7fb12e2c8000-7fb12e2ce000 ---p 00000000 00:00 0 
7fb12e2ce000-7fb12e30b000 rw-p 00000000 00:00 0 
7fb12e30b000-7fb12e3b7000 ---p 00000000 00:00 0 
7fb12e3b7000-7fb12e3c5000 r--p 00000000 00:24 62087993                   /home/andreatp/.sdkman/candidates/java/25-tem/lib/libjava.so
7fb12e3c5000-7fb12e3d3000 r-xp 0000e000 00:24 62087993                   /home/andreatp/.sdkman/candidates/java/25-tem/lib/libjava.so
7fb12e3d3000-7fb12e3d8000 r--p 0001c000 00:24 62087993                   /home/andreatp/.sdkman/candidates/java/25-tem/lib/libjava.so
7fb12e3d8000-7fb12e3d9000 r--p 00021000 00:24 62087993                   /home/andreatp/.sdkman/candidates/java/25-tem/lib/libjava.so
7fb12e3d9000-7fb12e3da000 rw-p 00022000 00:24 62087993                   /home/andreatp/.sdkman/candidates/java/25-tem/lib/libjava.so
7fb12e3da000-7fb12e3db000 rw-p 00000000 00:00 0 
7fb12e3db000-7fb12e3df000 r--p 00000000 00:24 62087996                   /home/andreatp/.sdkman/candidates/java/25-tem/lib/libjimage.so
7fb12e3df000-7fb12e3f7000 r-xp 00004000 00:24 62087996                   /home/andreatp/.sdkman/candidates/java/25-tem/lib/libjimage.so
7fb12e3f7000-7fb12e3fd000 r--p 0001c000 00:24 62087996                   /home/andreatp/.sdkman/candidates/java/25-tem/lib/libjimage.so
7fb12e3fd000-7fb12e3ff000 r--p 00021000 00:24 62087996                   /home/andreatp/.sdkman/candidates/java/25-tem/lib/libjimage.so
7fb12e3ff000-7fb12e400000 rw-p 00023000 00:24 62087996                   /home/andreatp/.sdkman/candidates/java/25-tem/lib/libjimage.so
7fb12e400000-7fb12e6e2000 r--p 00000000 00:24 62088004                   /home/andreatp/.sdkman/candidates/java/25-tem/lib/server/libjvm.so
7fb12e6e2000-7fb12f6e2000 r-xp 002e2000 00:24 62088004                   /home/andreatp/.sdkman/candidates/java/25-tem/lib/server/libjvm.so
7fb12f6e2000-7fb12f9f2000 r--p 012e2000 00:24 62088004                   /home/andreatp/.sdkman/candidates/java/25-tem/lib/server/libjvm.so
7fb12f9f2000-7fb12fadd000 r--p 015f2000 00:24 62088004                   /home/andreatp/.sdkman/candidates/java/25-tem/lib/server/libjvm.so
7fb12fadd000-7fb12fb08000 rw-p 016dd000 00:24 62088004                   /home/andreatp/.sdkman/candidates/java/25-tem/lib/server/libjvm.so
7fb12fb08000-7fb12fb84000 rw-p 00000000 00:00 0 
7fb12fb84000-7fb12fb88000 ---p 00000000 00:00 0 
7fb12fb88000-7fb12fc84000 rw-p 00000000 00:00 0 
7fb12fc84000-7fb12fd01000 r-xp 00000000 00:24 16857124                   /usr/lib64/libm.so.6
7fb12fd01000-7fb12fd71000 r--p 0007d000 00:24 16857124                   /usr/lib64/libm.so.6
7fb12fd71000-7fb12fd72000 r--p 000ec000 00:24 16857124                   /usr/lib64/libm.so.6
7fb12fd72000-7fb12fd73000 rw-p 000ed000 00:24 16857124                   /usr/lib64/libm.so.6
7fb12fd73000-7fb12fd74000 r-xp 00000000 00:24 16857132                   /usr/lib64/librt.so.1
7fb12fd74000-7fb12fd75000 r--p 00001000 00:24 16857132                   /usr/lib64/librt.so.1
7fb12fd75000-7fb12fd76000 r--p 00001000 00:24 16857132                   /usr/lib64/librt.so.1
7fb12fd76000-7fb12fd79000 rw-p 00000000 00:00 0 
7fb12fd79000-7fb12fd7a000 r-xp 00000000 00:24 16857130                   /usr/lib64/libpthread.so.0
7fb12fd7a000-7fb12fd7b000 r--p 00001000 00:24 16857130                   /usr/lib64/libpthread.so.0
7fb12fd7b000-7fb12fd7c000 r--p 00001000 00:24 16857130                   /usr/lib64/libpthread.so.0
7fb12fd7c000-7fb12fd7d000 rw-p 00000000 00:00 0 
7fb12fd7d000-7fb12fd7e000 r-xp 00000000 00:24 16857123                   /usr/lib64/libdl.so.2
7fb12fd7e000-7fb12fd7f000 r--p 00001000 00:24 16857123                   /usr/lib64/libdl.so.2
7fb12fd7f000-7fb12fd80000 r--p 00001000 00:24 16857123                   /usr/lib64/libdl.so.2
7fb12fd80000-7fb12fd81000 rw-p 00000000 00:00 0 
7fb12fd81000-7fb12feef000 r-xp 00000000 00:24 16857122                   /usr/lib64/libc.so.6
7fb12feef000-7fb12ff64000 r--p 0016e000 00:24 16857122                   /usr/lib64/libc.so.6
7fb12ff64000-7fb12ff68000 r--p 001e2000 00:24 16857122                   /usr/lib64/libc.so.6
7fb12ff68000-7fb12ff6a000 rw-p 001e6000 00:24 16857122                   /usr/lib64/libc.so.6
7fb12ff6a000-7fb12ff72000 rw-p 00000000 00:00 0 
7fb12ff72000-7fb12ff73000 r-xp 00000000 00:00 0 
7fb12ff73000-7fb12ff74000 r--p 00000000 00:24 62087997                   /home/andreatp/.sdkman/candidates/java/25-tem/lib/libsyslookup.so
7fb12ff74000-7fb12ff75000 r-xp 00001000 00:24 62087997                   /home/andreatp/.sdkman/candidates/java/25-tem/lib/libsyslookup.so
7fb12ff75000-7fb12ff76000 r--p 00002000 00:24 62087997                   /home/andreatp/.sdkman/candidates/java/25-tem/lib/libsyslookup.so
7fb12ff76000-7fb12ff77000 r--p 00002000 00:24 62087997                   /home/andreatp/.sdkman/candidates/java/25-tem/lib/libsyslookup.so
7fb12ff77000-7fb12ff78000 rw-p 00003000 00:24 62087997                   /home/andreatp/.sdkman/candidates/java/25-tem/lib/libsyslookup.so
7fb12ff78000-7fb12ff7b000 r--p 00000000 00:24 62088022                   /home/andreatp/.sdkman/candidates/java/25-tem/lib/libmanagement.so
7fb12ff7b000-7fb12ff7c000 r-xp 00003000 00:24 62088022                   /home/andreatp/.sdkman/candidates/java/25-tem/lib/libmanagement.so
7fb12ff7c000-7fb12ff7d000 r--p 00004000 00:24 62088022                   /home/andreatp/.sdkman/candidates/java/25-tem/lib/libmanagement.so
7fb12ff7d000-7fb12ff7e000 r--p 00004000 00:24 62088022                   /home/andreatp/.sdkman/candidates/java/25-tem/lib/libmanagement.so
7fb12ff7e000-7fb12ff7f000 rw-p 00005000 00:24 62088022                   /home/andreatp/.sdkman/candidates/java/25-tem/lib/libmanagement.so
7fb12ff7f000-7fb12ff87000 rw-s 00000000 00:2b 7198                       /tmp/hsperfdata_andreatp/144527
7fb12ff87000-7fb12ff88000 ---p 00000000 00:00 0 
7fb12ff88000-7fb12ff89000 r--p 00000000 00:00 0 
7fb12ff89000-7fb12ff8a000 ---p 00000000 00:00 0 
7fb12ff8a000-7fb12ff8d000 r--p 00000000 00:24 62088010                   /home/andreatp/.sdkman/candidates/java/25-tem/lib/libjli.so
7fb12ff8d000-7fb12ff9e000 r-xp 00003000 00:24 62088010                   /home/andreatp/.sdkman/candidates/java/25-tem/lib/libjli.so
7fb12ff9e000-7fb12ffa5000 r--p 00014000 00:24 62088010                   /home/andreatp/.sdkman/candidates/java/25-tem/lib/libjli.so
7fb12ffa5000-7fb12ffa6000 r--p 0001a000 00:24 62088010                   /home/andreatp/.sdkman/candidates/java/25-tem/lib/libjli.so
7fb12ffa6000-7fb12ffa7000 rw-p 0001b000 00:24 62088010                   /home/andreatp/.sdkman/candidates/java/25-tem/lib/libjli.so
7fb12ffa7000-7fb12ffa9000 rw-p 00000000 00:00 0 
7fb12ffa9000-7fb12ffad000 r--p 00000000 00:00 0                          [vvar]
7fb12ffad000-7fb12ffaf000 r--p 00000000 00:00 0                          [vvar_vclock]
7fb12ffaf000-7fb12ffb1000 r-xp 00000000 00:00 0                          [vdso]
7fb12ffb1000-7fb12ffdb000 r-xp 00000000 00:24 16857119                   /usr/lib64/ld-linux-x86-64.so.2
7fb12ffdb000-7fb12ffe6000 r--p 0002a000 00:24 16857119                   /usr/lib64/ld-linux-x86-64.so.2
7fb12ffe6000-7fb12ffe8000 r--p 00035000 00:24 16857119                   /usr/lib64/ld-linux-x86-64.so.2
7fb12ffe8000-7fb12ffe9000 rw-p 00037000 00:24 16857119                   /usr/lib64/ld-linux-x86-64.so.2
7fb12ffe9000-7fb12ffea000 rw-p 00000000 00:00 0 
7ffe37b6d000-7ffe37b8f000 rw-p 00000000 00:00 0                          [stack]
ffffffffff600000-ffffffffff601000 --xp 00000000 00:00 0                  [vsyscall]
Total number of mappings: 352

JVMTI agents: none


VM Arguments:
jvm_args: --enable-preview --enable-native-access=ALL-UNNAMED 
java_command: /home/andreatp/workspace/chicory2/cranelift-compiler/target/surefire/surefirebooter-20260311190245715_3.jar /home/andreatp/workspace/chicory2/cranelift-compiler/target/surefire 2026-03-11T19-02-45_607-jvmRun1 surefire-20260311190245715_1tmp surefire_0-20260311190245715_2tmp
java_class_path (initial): /home/andreatp/workspace/chicory2/cranelift-compiler/target/surefire/surefirebooter-20260311190245715_3.jar
Launcher Type: SUN_STANDARD

[Global flags]
     intx CICompilerCount                          = 12                                        {product} {ergonomic}
     uint ConcGCThreads                            = 3                                         {product} {ergonomic}
     uint G1ConcRefinementThreads                  = 13                                        {product} {ergonomic}
   size_t G1HeapRegionSize                         = 8388608                                   {product} {ergonomic}
   size_t InitialHeapSize                          = 1048576000                                {product} {ergonomic}
   size_t MarkStackSize                            = 4194304                                   {product} {ergonomic}
   size_t MarkStackSizeMax                         = 536870912                                 {product} {ergonomic}
   size_t MaxHeapSize                              = 16777216000                               {product} {ergonomic}
   size_t MaxNewSize                               = 10066329600                               {product} {ergonomic}
   size_t MinHeapDeltaBytes                        = 8388608                                   {product} {ergonomic}
   size_t MinHeapSize                              = 8388608                                   {product} {ergonomic}
    uintx NonNMethodCodeHeapSize                   = 7602176                                {pd product} {ergonomic}
    uintx NonProfiledCodeHeapSize                  = 122032128                              {pd product} {ergonomic}
    uintx ProfiledCodeHeapSize                     = 122023936                              {pd product} {ergonomic}
    uintx ReservedCodeCacheSize                    = 251658240                              {pd product} {ergonomic}
     bool SegmentedCodeCache                       = true                                      {product} {ergonomic}
   size_t SoftMaxHeapSize                          = 16777216000                            {manageable} {ergonomic}
     bool UseCompressedOops                        = true                           {product lp64_product} {ergonomic}
     bool UseG1GC                                  = true                                      {product} {ergonomic}

Logging:
Log output configuration:
 #0: stdout all=warning uptime,level,tags foldmultilines=false
 #1: stderr all=off uptime,level,tags foldmultilines=false

Release file:
IMPLEMENTOR="Eclipse Adoptium"
IMPLEMENTOR_VERSION="Temurin-25+36"
JAVA_RUNTIME_VERSION="25+36-LTS"
JAVA_VERSION="25"
JAVA_VERSION_DATE="2025-09-16"
LIBC="gnu"
MODULES="java.base java.compiler java.datatransfer java.xml java.prefs java.desktop java.instrument java.logging java.management java.security.sasl java.naming java.rmi java.management.rmi java.net.http java.scripting java.security.jgss java.transaction.xa java.sql java.sql.rowset java.xml.crypto java.se java.smartcardio jdk.accessibility jdk.internal.jvmstat jdk.attach jdk.charsets jdk.internal.opt jdk.zipfs jdk.compiler jdk.crypto.cryptoki jdk.crypto.ec jdk.dynalink jdk.internal.ed jdk.editpad jdk.internal.vm.ci jdk.graal.compiler jdk.graal.compiler.management jdk.hotspot.agent jdk.httpserver jdk.incubator.vector jdk.internal.le jdk.internal.md jdk.jartool jdk.javadoc jdk.jcmd jdk.management jdk.management.agent jdk.jconsole jdk.jdeps jdk.jdwp.agent jdk.jdi jdk.jfr jdk.jlink jdk.jpackage jdk.jshell jdk.jsobject jdk.jstatd jdk.localedata jdk.management.jfr jdk.naming.dns jdk.naming.rmi jdk.net jdk.nio.mapmode jdk.sctp jdk.security.auth jdk.security.jgss jdk.unsupported jdk.unsupported.desktop jdk.xml.dom"
OS_ARCH="x86_64"
OS_NAME="Linux"
SOURCE=".:git:ef82ae723551"
BUILD_SOURCE="git:b7337f50fb2a765519e79674ae790c2a7450149e"
BUILD_SOURCE_REPO="https://github.com/adoptium/temurin-build.git"
SOURCE_REPO="https://github.com/adoptium/jdk.git"
FULL_VERSION="25+36-LTS"
SEMANTIC_VERSION="25+36"
BUILD_INFO="OS: Linux Version: 6.8.0-1031-azure"
JVM_VARIANT="Hotspot"
JVM_VERSION="25+36-LTS"
IMAGE_TYPE="JDK"

Environment Variables:
JAVA_HOME=/home/andreatp/.sdkman/candidates/java/current
PATH=/home/andreatp/.jbang/bin:/home/andreatp/Downloads/google-cloud-sdk/bin:/home/andreatp/.pyenv/shims:/home/andreatp/.pyenv/bin:/home/andreatp/.nvm/versions/node/v24.2.0/bin:/home/andreatp/.sdkman/candidates/visualvm/current/bin:/home/andreatp/.sdkman/candidates/sbt/current/bin:/home/andreatp/.sdkman/candidates/maven/current/bin:/home/andreatp/.sdkman/candidates/jbang/current/bin:/home/andreatp/.sdkman/candidates/java/current/bin:/home/andreatp/.sdkman/candidates/gradle/current/bin:/home/andreatp/.local/share/swiftly/bin:/home/andreatp/.local/bin:/home/andreatp/.cargo/bin:/usr/local/bin:/usr/bin:/var/lib/snapd/snap/bin:/home/andreatp/.rvm/bin:/usr/local/go/bin:/home/andreatp/.wasmtime/bin:/home/andreatp/.cargo/bin:/home/andreatp/.rvm/bin
USERNAME=andreatp
SHELL=/usr/bin/zsh
DISPLAY=:0
LANG=en_US.UTF-8
TERM=dumb

Active Locale:
LC_ALL=en_US.UTF-8
LC_COLLATE=en_US.UTF-8
LC_CTYPE=en_US.UTF-8
LC_MESSAGES=en_US.UTF-8
LC_MONETARY=en_US.UTF-8
LC_NUMERIC=en_US.UTF-8
LC_TIME=en_US.UTF-8

Signal Handlers:
   SIGSEGV: crash_handler in libjvm.so, mask=11100100010111111101111111111110, flags=SA_RESTART|SA_SIGINFO, unblocked
    SIGBUS: crash_handler in libjvm.so, mask=11100100010111111101111111111110, flags=SA_RESTART|SA_SIGINFO, unblocked
    SIGFPE: crash_handler in libjvm.so, mask=11100100010111111101111111111110, flags=SA_RESTART|SA_SIGINFO, unblocked
   SIGPIPE: javaSignalHandler in libjvm.so, mask=11100100010111111101111111111110, flags=SA_RESTART|SA_SIGINFO, blocked
   SIGXFSZ: javaSignalHandler in libjvm.so, mask=11100100010111111101111111111110, flags=SA_RESTART|SA_SIGINFO, blocked
    SIGILL: crash_handler in libjvm.so, mask=11100100010111111101111111111110, flags=SA_RESTART|SA_SIGINFO, unblocked
   SIGUSR2: SR_handler in libjvm.so, mask=00000000000000000000000000000000, flags=SA_RESTART|SA_SIGINFO, blocked
    SIGHUP: UserHandler in libjvm.so, mask=11100100010111111101111111111110, flags=SA_RESTART|SA_SIGINFO, blocked
    SIGINT: UserHandler in libjvm.so, mask=11100100010111111101111111111110, flags=SA_RESTART|SA_SIGINFO, blocked
   SIGTERM: UserHandler in libjvm.so, mask=11100100010111111101111111111110, flags=SA_RESTART|SA_SIGINFO, blocked
   SIGQUIT: UserHandler in libjvm.so, mask=11100100010111111101111111111110, flags=SA_RESTART|SA_SIGINFO, blocked
   SIGTRAP: crash_handler in libjvm.so, mask=11100100010111111101111111111110, flags=SA_RESTART|SA_SIGINFO, unblocked


Compilation memory statistics disabled.

Periodic native trim disabled

---------------  S Y S T E M  ---------------

OS:
Fedora release 42 (Adams)
uname: Linux 6.18.8-100.fc42.x86_64 #1 SMP PREEMPT_DYNAMIC Fri Jan 30 19:22:23 UTC 2026 x86_64
OS uptime: 0 days 9:04 hours
libc: glibc 2.41 NPTL 2.41 
rlimit (soft/hard): STACK 12500k/infinity , CORE infinity/infinity , NPROC 255769/255769 , NOFILE 524288/524288 , AS infinity/infinity , CPU infinity/infinity , DATA infinity/infinity , FSIZE infinity/infinity , MEMLOCK 8192k/8192k
load average: 7.71 3.42 1.53

/proc/meminfo:
MemTotal:       65528664 kB
MemFree:        12364292 kB
MemAvailable:   38171444 kB
Buffers:           15960 kB
Cached:         30325012 kB
SwapCached:            0 kB
Active:         28322876 kB
Inactive:       17978072 kB
Active(anon):   21192320 kB
Inactive(anon):        0 kB
Active(file):    7130556 kB
Inactive(file): 17978072 kB
Unevictable:     3943388 kB
Mlocked:            5816 kB
SwapTotal:       8388604 kB
SwapFree:        8388604 kB
Zswap:                 0 kB
Zswapped:              0 kB
Dirty:             18768 kB
Writeback:             0 kB
AnonPages:      19903980 kB
Mapped:          2325436 kB
Shmem:           5227524 kB
KReclaimable:    1425852 kB
Slab:            2227460 kB
SReclaimable:    1425852 kB
SUnreclaim:       801608 kB
KernelStack:       59520 kB
PageTables:       226716 kB
SecPageTables:      4188 kB
NFS_Unstable:          0 kB
Bounce:                0 kB
WritebackTmp:          0 kB
CommitLimit:    41152936 kB
Committed_AS:   112856932 kB
VmallocTotal:   34359738367 kB
VmallocUsed:      190548 kB
VmallocChunk:          0 kB
Percpu:            15360 kB
HardwareCorrupted:     0 kB
AnonHugePages:         0 kB
ShmemHugePages:  3864576 kB
ShmemPmdMapped:        0 kB
FileHugePages:         0 kB
FilePmdMapped:         0 kB
CmaTotal:              0 kB
CmaFree:               0 kB
Unaccepted:            0 kB
Balloon:               0 kB
HugePages_Total:       0
HugePages_Free:        0
HugePages_Rsvd:        0
HugePages_Surp:        0
Hugepagesize:       2048 kB
Hugetlb:               0 kB
DirectMap4k:      452032 kB
DirectMap2M:    16021504 kB
DirectMap1G:    51380224 kB

/sys/kernel/mm/transparent_hugepage/enabled: always [madvise] never
/sys/kernel/mm/transparent_hugepage/hpage_pmd_size: 2097152
/sys/kernel/mm/transparent_hugepage/shmem_enabled: always within_size advise [never] deny force
/sys/kernel/mm/transparent_hugepage/defrag (defrag/compaction efforts parameter): always defer defer+madvise [madvise] never

Process Memory:
Virtual Size: 21407348K (peak: 21407444K)
Resident Set Size: 636596K (peak: 1348148K) (anon: 609880K, file: 26684K, shmem: 32K)
Swapped out: 0K
C-Heap outstanding allocations: 153534K, retained: 244041K
glibc malloc tunables: (default)

/proc/sys/kernel/threads-max (system-wide limit on the number of threads): 511538
/proc/sys/vm/max_map_count (maximum number of memory map areas a process may have): 1048576
/proc/sys/vm/swappiness (control to define how aggressively the kernel swaps out anonymous memory): 60
/proc/sys/kernel/pid_max (system-wide limit on number of process identifiers): 4194304

container information not found.
Steal ticks since vm start: 0
Steal ticks percentage since vm start:  0.000

CPU: total 16 (initial active 16) (8 cores per cpu, 2 threads per core) family 6 model 141 stepping 1 microcode 0x58, cx8, cmov, fxsr, ht, mmx, 3dnowpref, sse, sse2, sse3, ssse3, sse4.1, sse4.2, popcnt, lzcnt, tsc, tscinvbit, avx, avx2, aes, erms, clmul, bmi1, bmi2, adx, avx512f, avx512dq, avx512cd, avx512bw, avx512vl, sha, fma, vzeroupper, avx512_vpopcntdq, avx512_vpclmulqdq, avx512_vaes, avx512_vnni, clflush, clflushopt, clwb, avx512_vbmi2, avx512_vbmi, rdtscp, rdpid, fsrm, gfni, avx512_bitalg, f16c, pku, ospke, cet_ibt, cet_ss, avx512_ifma
CPU Model and flags from /proc/cpuinfo:
model name	: 11th Gen Intel(R) Core(TM) i7-11850H @ 2.50GHz
flags		: fpu vme de pse tsc msr pae mce cx8 apic sep mtrr pge mca cmov pat pse36 clflush dts acpi mmx fxsr sse sse2 ss ht tm pbe syscall nx pdpe1gb rdtscp lm constant_tsc art arch_perfmon pebs bts rep_good nopl xtopology nonstop_tsc cpuid aperfmperf tsc_known_freq pni pclmulqdq dtes64 monitor ds_cpl vmx smx est tm2 ssse3 sdbg fma cx16 xtpr pdcm pcid sse4_1 sse4_2 x2apic movbe popcnt tsc_deadline_timer aes xsave avx f16c rdrand lahf_lm abm 3dnowprefetch cpuid_fault epb cat_l2 cdp_l2 ssbd ibrs ibpb stibp ibrs_enhanced tpr_shadow flexpriority ept vpid ept_ad fsgsbase tsc_adjust bmi1 avx2 smep bmi2 erms invpcid rdt_a avx512f avx512dq rdseed adx smap avx512ifma clflushopt clwb intel_pt avx512cd sha_ni avx512bw avx512vl xsaveopt xsavec xgetbv1 xsaves split_lock_detect user_shstk dtherm ida arat pln pts hwp hwp_notify hwp_act_window hwp_epp hwp_pkg_req vnmi avx512vbmi umip pku ospke avx512_vbmi2 gfni vaes vpclmulqdq avx512_vnni avx512_bitalg avx512_vpopcntdq rdpid movdiri movdir64b fsrm avx512_vp2intersect md_clear ibt flush_l1d arch_capabilities

Online cpus: 0-15
Offline cpus: 
BIOS frequency limitation: <Not Available>
Frequency switch latency (ns): 0
Available cpu frequencies: <Not Available>
Current governor: powersave
Core performance/turbo boost: <Not Available>

Memory: 4k page, physical 65528664k(38171444k free), swap 8388604k(8388604k free)
Page Sizes: 4k

vm_info: OpenJDK 64-Bit Server VM (25+36-LTS) for linux-amd64 JRE (25+36-LTS), built on 2025-09-16T00:00:00Z with gcc 14.2.0

END.
