#
# A fatal error has been detected by the Java Runtime Environment:
#
#  SIGSEGV (0xb) at pc=0x00007f4f80034034, pid=148518, tid=148519
#
# JRE version: OpenJDK Runtime Environment Temurin-25+36 (25.0+36) (build 25+36-LTS)
# Java VM: OpenJDK 64-Bit Server VM Temurin-25+36 (25+36-LTS, mixed mode, sharing, tiered, compressed oops, compressed class ptrs, g1 gc, linux-amd64)
# Problematic frame:
# C  0x00007f4f80034034
#
# Core dump will be written. Default location: Core dumps may be processed with "/usr/lib/systemd/systemd-coredump %P %u %g %s %t %c %h %d %F" (or dumping to /home/andreatp/workspace/chicory2/cranelift-compiler/core.148518)
#
# If you would like to submit a bug report, please visit:
#   https://github.com/adoptium/adoptium-support/issues
# The crash happened outside the Java Virtual Machine in native code.
# See problematic frame for where to report the bug.
#

---------------  S U M M A R Y ------------

Command Line: --enable-preview --enable-native-access=ALL-UNNAMED /home/andreatp/workspace/chicory2/cranelift-compiler/target/surefire/surefirebooter-20260311191357706_3.jar /home/andreatp/workspace/chicory2/cranelift-compiler/target/surefire 2026-03-11T19-13-57_621-jvmRun1 surefire-20260311191357706_1tmp surefire_0-20260311191357706_2tmp

Host: 11th Gen Intel(R) Core(TM) i7-11850H @ 2.50GHz, 16 cores, 62G, Fedora release 42 (Adams)
Time: Wed Mar 11 19:14:17 2026 WET elapsed time: 19.625525 seconds (0d 0h 0m 19s)

---------------  T H R E A D  ---------------

Current thread (0x00007f4fac02b870):  JavaThread "main"             [_thread_in_native, id=148519, stack(0x00007f4fb3a11000,0x00007f4fb3b11000) (1024K)]

Stack: [0x00007f4fb3a11000,0x00007f4fb3b11000],  sp=0x00007f4fb3b0d3f0,  free space=1008k
Native frames: (J=compiled Java code, j=interpreted, Vv=VM code, C=native code)
C  0x00007f4f80034034
v  ~RuntimeStub::nep_invoker_blob 0x00007f4f9bbcce9d
j  java.lang.invoke.LambdaForm$MH+0x000000004e1ae400.invoke(Ljava/lang/Object;JJJ)V+12 java.base@25
j  java.lang.invoke.LambdaForm$MH+0x000000004e1b8800.invokeExact_MT(Ljava/lang/Object;JJJLjava/lang/Object;)V+23 java.base@25
j  jdk.internal.foreign.abi.DowncallStub+0x000000004e1ae800.invoke(Ljava/lang/foreign/SegmentAllocator;Ljava/lang/foreign/MemorySegment;Ljava/lang/foreign/MemorySegment;Ljava/lang/foreign/MemorySegment;)V+113 java.base@25
j  java.lang.invoke.DirectMethodHandle$Holder.invokeStatic(Ljava/lang/Object;Ljava/lang/Object;Ljava/lang/Object;Ljava/lang/Object;Ljava/lang/Object;)V+16 java.base@25
j  java.lang.invoke.LambdaForm$MH+0x000000004e1b8000.invoke(Ljava/lang/Object;Ljava/lang/Object;Ljava/lang/Object;)Ljava/lang/Object;+76 java.base@25
J 7658 c1 java.lang.invoke.LambdaForm$MH+0x000000004e1b5800.invoke(Ljava/lang/Object;Ljava/lang/Object;Ljava/lang/Object;)Ljava/lang/Object; java.base@25 (56 bytes) @ 0x00007f4f95c9a8f4 [0x00007f4f95c99e80+0x0000000000000a74]
J 9099 c1 java.lang.invoke.MethodHandle.invokeWithArguments([Ljava/lang/Object;)Ljava/lang/Object; java.base@25 (32 bytes) @ 0x00007f4f9460af7c [0x00007f4f9460a880+0x00000000000006fc]
J 8369 c1 com.dylibso.chicory.cranelift.compiler.NativeMachine.call(I[J)[J (669 bytes) @ 0x00007f4f95e1bdec [0x00007f4f95e16680+0x000000000000576c]
J 5959 c2 com.dylibso.chicory.runtime.Instance$Exports$$Lambda+0x000000004e12a940.apply([J)[J (13 bytes) @ 0x00007f4f9c36edfc [0x00007f4f9c36eb80+0x000000000000027c]
j  com.dylibso.chicory.test.gen.SpecV1MemoryGrowTest.lambda$test4$0(Lcom/dylibso/chicory/runtime/ExportFunction;)V+7
j  com.dylibso.chicory.test.gen.SpecV1MemoryGrowTest$$Lambda+0x000000004e29a300.execute()V+4
J 7201 c1 org.junit.jupiter.api.AssertThrows.assertThrows(Ljava/lang/Class;Lorg/junit/jupiter/api/function/Executable;Ljava/lang/Object;)Ljava/lang/Throwable; (85 bytes) @ 0x00007f4f95b529fc [0x00007f4f95b52900+0x00000000000000fc]
J 7199 c1 org.junit.jupiter.api.Assertions.assertThrows(Ljava/lang/Class;Lorg/junit/jupiter/api/function/Executable;)Ljava/lang/Throwable; (6 bytes) @ 0x00007f4f95b5239c [0x00007f4f95b52300+0x000000000000009c]
j  com.dylibso.chicory.test.gen.SpecV1MemoryGrowTest.test4()V+20
J 8718 c2 java.lang.invoke.LambdaForm$DMH+0x000000004e0fc000.invokeVirtual(Ljava/lang/Object;Ljava/lang/Object;)V java.base@25 (14 bytes) @ 0x00007f4f9c6c0140 [0x00007f4f9c6c0100+0x0000000000000040]
J 8715 c2 java.lang.invoke.LambdaForm$MH+0x000000004e0fc800.invoke(Ljava/lang/Object;Ljava/lang/Object;)Ljava/lang/Object; java.base@25 (36 bytes) @ 0x00007f4f9c6bfe74 [0x00007f4f9c6bfe00+0x0000000000000074]
J 8124 c2 org.junit.jupiter.engine.execution.InvocationInterceptorChain$InterceptedInvocation.proceed()Ljava/lang/Object; (18 bytes) @ 0x00007f4f9c5762a0 [0x00007f4f9c575500+0x0000000000000da0]
J 8225 c2 org.junit.jupiter.engine.execution.InvocationInterceptorChain.invoke(Lorg/junit/jupiter/api/extension/InvocationInterceptor$Invocation;Lorg/junit/jupiter/engine/extension/ExtensionRegistry;Lorg/junit/jupiter/engine/execution/InvocationInterceptorChain$InterceptorCall;)Ljava/lang/Object; (35 bytes) @ 0x00007f4f9c5d3088 [0x00007f4f9c5d2600+0x0000000000000a88]
J 8716 c2 org.junit.jupiter.engine.descriptor.TestMethodTestDescriptor$$Lambda+0x000000004e0f8458.execute()V (16 bytes) @ 0x00007f4f9c6c2474 [0x00007f4f9c6c1e00+0x0000000000000674]
J 8304 c2 org.junit.platform.engine.support.hierarchical.ThrowableCollector.execute(Lorg/junit/platform/engine/support/hierarchical/ThrowableCollector$Executable;)V (20 bytes) @ 0x00007f4f9c5fe840 [0x00007f4f9c5fe800+0x0000000000000040]
J 8312 c2 org.junit.platform.engine.support.hierarchical.NodeTestTask.executeRecursively()V (35 bytes) @ 0x00007f4f9c6388a0 [0x00007f4f9c637c00+0x0000000000000ca0]
J 8264 c2 org.junit.platform.engine.support.hierarchical.SameThreadHierarchicalTestExecutorService$$Lambda+0x000000004e0e3100.accept(Ljava/lang/Object;)V (10 bytes) @ 0x00007f4f9c629730 [0x00007f4f9c626aa0+0x0000000000002c90]
J 2408 c2 java.util.ArrayList.forEach(Ljava/util/function/Consumer;)V java.base@25 (74 bytes) @ 0x00007f4f9c0b5de4 [0x00007f4f9c0b5d00+0x00000000000000e4]
j  org.junit.platform.engine.support.hierarchical.SameThreadHierarchicalTestExecutorService.invokeAll(Ljava/util/List;)V+6
J 8312 c2 org.junit.platform.engine.support.hierarchical.NodeTestTask.executeRecursively()V (35 bytes) @ 0x00007f4f9c63a6c0 [0x00007f4f9c637c00+0x0000000000002ac0]
J 8264 c2 org.junit.platform.engine.support.hierarchical.SameThreadHierarchicalTestExecutorService$$Lambda+0x000000004e0e3100.accept(Ljava/lang/Object;)V (10 bytes) @ 0x00007f4f9c629730 [0x00007f4f9c626aa0+0x0000000000002c90]
J 2408 c2 java.util.ArrayList.forEach(Ljava/util/function/Consumer;)V java.base@25 (74 bytes) @ 0x00007f4f9c0b5de4 [0x00007f4f9c0b5d00+0x00000000000000e4]
j  org.junit.platform.engine.support.hierarchical.SameThreadHierarchicalTestExecutorService.invokeAll(Ljava/util/List;)V+6
j  org.junit.platform.engine.support.hierarchical.NodeTestTask.lambda$executeRecursively$6()V+116
j  org.junit.platform.engine.support.hierarchical.NodeTestTask$$Lambda+0x000000004e0e25c0.execute()V+4
j  org.junit.platform.engine.support.hierarchical.ThrowableCollector.execute(Lorg/junit/platform/engine/support/hierarchical/ThrowableCollector$Executable;)V+1
j  org.junit.platform.engine.support.hierarchical.NodeTestTask.lambda$executeRecursively$8(Lorg/junit/platform/engine/support/hierarchical/EngineExecutionContext;)V+15
j  org.junit.platform.engine.support.hierarchical.NodeTestTask$$Lambda+0x000000004e0e2390.invoke(Lorg/junit/platform/engine/support/hierarchical/EngineExecutionContext;)V+5
j  org.junit.platform.engine.support.hierarchical.Node.around(Lorg/junit/platform/engine/support/hierarchical/EngineExecutionContext;Lorg/junit/platform/engine/support/hierarchical/Node$Invocation;)V+2
j  org.junit.platform.engine.support.hierarchical.NodeTestTask.lambda$executeRecursively$9()V+14
j  org.junit.platform.engine.support.hierarchical.NodeTestTask$$Lambda+0x000000004e0e2160.execute()V+4
j  org.junit.platform.engine.support.hierarchical.ThrowableCollector.execute(Lorg/junit/platform/engine/support/hierarchical/ThrowableCollector$Executable;)V+1
j  org.junit.platform.engine.support.hierarchical.NodeTestTask.executeRecursively()V+31
j  org.junit.platform.engine.support.hierarchical.NodeTestTask.execute()V+55
j  org.junit.platform.engine.support.hierarchical.SameThreadHierarchicalTestExecutorService.submit(Lorg/junit/platform/engine/support/hierarchical/HierarchicalTestExecutorService$TestTask;)Ljava/util/concurrent/Future;+1
j  org.junit.platform.engine.support.hierarchical.HierarchicalTestExecutor.execute()Ljava/util/concurrent/Future;+74
j  org.junit.platform.engine.support.hierarchical.HierarchicalTestEngine.execute(Lorg/junit/platform/engine/ExecutionRequest;)V+31
j  org.junit.platform.launcher.core.EngineExecutionOrchestrator.executeEngine(Lorg/junit/platform/engine/TestDescriptor;Lorg/junit/platform/engine/EngineExecutionListener;Lorg/junit/platform/engine/ConfigurationParameters;Lorg/junit/platform/engine/TestEngine;Lorg/junit/platform/engine/OutputDirectoryCreator;Lorg/junit/platform/launcher/core/DiscoveryIssueNotifier;Lorg/junit/platform/engine/support/store/NamespacedHierarchicalStore;)V+24
j  org.junit.platform.launcher.core.EngineExecutionOrchestrator.failOrExecuteEngine(Lorg/junit/platform/launcher/core/LauncherDiscoveryResult;Lorg/junit/platform/engine/EngineExecutionListener;Lorg/junit/platform/engine/TestEngine;Lorg/junit/platform/engine/support/store/NamespacedHierarchicalStore;)V+124
j  org.junit.platform.launcher.core.EngineExecutionOrchestrator.execute(Lorg/junit/platform/launcher/core/LauncherDiscoveryResult;Lorg/junit/platform/engine/EngineExecutionListener;Lorg/junit/platform/engine/support/store/NamespacedHierarchicalStore;)V+68
j  org.junit.platform.launcher.core.EngineExecutionOrchestrator.execute(Lorg/junit/platform/launcher/core/InternalTestPlan;Lorg/junit/platform/engine/EngineExecutionListener;Lorg/junit/platform/launcher/TestExecutionListener;Lorg/junit/platform/engine/support/store/NamespacedHierarchicalStore;)V+57
j  org.junit.platform.launcher.core.EngineExecutionOrchestrator.lambda$execute$0(Lorg/junit/platform/launcher/core/InternalTestPlan;Lorg/junit/platform/engine/support/store/NamespacedHierarchicalStore;Lorg/junit/platform/launcher/TestExecutionListener;)V+7
j  org.junit.platform.launcher.core.EngineExecutionOrchestrator$$Lambda+0x000000004e0d16e0.accept(Ljava/lang/Object;)V+16
j  org.junit.platform.launcher.core.EngineExecutionOrchestrator.withInterceptedStreams(Lorg/junit/platform/engine/ConfigurationParameters;Lorg/junit/platform/launcher/core/ListenerRegistry;Ljava/util/function/Consumer;)V+51
j  org.junit.platform.launcher.core.EngineExecutionOrchestrator.execute(Lorg/junit/platform/launcher/core/InternalTestPlan;Lorg/junit/platform/engine/support/store/NamespacedHierarchicalStore;[Lorg/junit/platform/launcher/TestExecutionListener;)V+26
j  org.junit.platform.launcher.core.DefaultLauncher.execute(Lorg/junit/platform/launcher/core/InternalTestPlan;[Lorg/junit/platform/launcher/TestExecutionListener;)V+12
j  org.junit.platform.launcher.core.DefaultLauncher.execute(Lorg/junit/platform/launcher/LauncherDiscoveryRequest;[Lorg/junit/platform/launcher/TestExecutionListener;)V+34
j  org.junit.platform.launcher.core.DelegatingLauncher.execute(Lorg/junit/platform/launcher/LauncherDiscoveryRequest;[Lorg/junit/platform/launcher/TestExecutionListener;)V+6
j  org.junit.platform.launcher.core.InterceptingLauncher.lambda$execute$1(Lorg/junit/platform/launcher/LauncherDiscoveryRequest;[Lorg/junit/platform/launcher/TestExecutionListener;)Ljava/lang/Object;+3
j  org.junit.platform.launcher.core.InterceptingLauncher$$Lambda+0x000000004e0d14b0.proceed()Ljava/lang/Object;+12
j  org.junit.platform.launcher.core.ClasspathAlignmentCheckingLauncherInterceptor.intercept(Lorg/junit/platform/launcher/LauncherInterceptor$Invocation;)Ljava/lang/Object;+1
j  org.junit.platform.launcher.core.InterceptingLauncher.execute(Lorg/junit/platform/launcher/LauncherDiscoveryRequest;[Lorg/junit/platform/launcher/TestExecutionListener;)V+12
j  org.junit.platform.launcher.core.DelegatingLauncher.execute(Lorg/junit/platform/launcher/LauncherDiscoveryRequest;[Lorg/junit/platform/launcher/TestExecutionListener;)V+6
j  org.apache.maven.surefire.junitplatform.LauncherAdapter.executeWithoutCancellationToken(Lorg/junit/platform/launcher/LauncherDiscoveryRequest;[Lorg/junit/platform/launcher/TestExecutionListener;)V+6
j  org.apache.maven.surefire.junitplatform.LauncherAdapter.execute(Lorg/junit/platform/launcher/LauncherDiscoveryRequest;[Lorg/junit/platform/launcher/TestExecutionListener;)V+10
j  org.apache.maven.surefire.junitplatform.JUnitPlatformProvider.execute(Lorg/apache/maven/surefire/junitplatform/LauncherAdapter;Lorg/apache/maven/surefire/api/util/TestsToRun;Lorg/apache/maven/surefire/junitplatform/RunListenerAdapter;)V+61
j  org.apache.maven.surefire.junitplatform.JUnitPlatformProvider.invokeAllTests(Lorg/apache/maven/surefire/junitplatform/LauncherAdapter;Lorg/apache/maven/surefire/api/util/TestsToRun;Lorg/apache/maven/surefire/junitplatform/RunListenerAdapter;)V+36
j  org.apache.maven.surefire.junitplatform.JUnitPlatformProvider.invoke(Ljava/lang/Object;)Lorg/apache/maven/surefire/api/suite/RunResult;+144
j  org.apache.maven.surefire.booter.ForkedBooter.runSuitesInProcess()V+8
j  org.apache.maven.surefire.booter.ForkedBooter.execute()V+1
j  org.apache.maven.surefire.booter.ForkedBooter.run(Lorg/apache/maven/surefire/booter/ForkedBooter;[Ljava/lang/String;)V+27
j  org.apache.maven.surefire.booter.ForkedBooter.main([Ljava/lang/String;)V+10
v  ~StubRoutines::call_stub 0x00007f4f9b85ffa6
V  [libjvm.so+0xa21400]  JavaCalls::call_helper(JavaValue*, methodHandle const&, JavaCallArguments*, JavaThread*)+0x2b0
V  [libjvm.so+0xaeae76]  jni_invoke_static(JNIEnv_*, JavaValue*, _jobject*, JNICallType, _jmethodID*, JNI_ArgumentPusher*, JavaThread*) [clone .constprop.1]+0x396
V  [libjvm.so+0xaedd31]  jni_CallStaticVoidMethod+0x161
C  [libjli.so+0xa73a]  invokeStaticMainWithArgs+0x4a
C  [libjli.so+0xb7c0]  JavaMain+0xeb0
C  [libjli.so+0xed49]  ThreadJavaMain+0x9
C  [libc.so.6+0x71f14]  start_thread+0x2e4
Java frames: (J=compiled Java code, j=interpreted, Vv=VM code)
v  ~RuntimeStub::nep_invoker_blob 0x00007f4f9bbcce64
j  java.lang.invoke.LambdaForm$MH+0x000000004e1ae400.invoke(Ljava/lang/Object;JJJ)V+12 java.base@25
j  java.lang.invoke.LambdaForm$MH+0x000000004e1b8800.invokeExact_MT(Ljava/lang/Object;JJJLjava/lang/Object;)V+23 java.base@25
j  jdk.internal.foreign.abi.DowncallStub+0x000000004e1ae800.invoke(Ljava/lang/foreign/SegmentAllocator;Ljava/lang/foreign/MemorySegment;Ljava/lang/foreign/MemorySegment;Ljava/lang/foreign/MemorySegment;)V+113 java.base@25
j  java.lang.invoke.DirectMethodHandle$Holder.invokeStatic(Ljava/lang/Object;Ljava/lang/Object;Ljava/lang/Object;Ljava/lang/Object;Ljava/lang/Object;)V+16 java.base@25
j  java.lang.invoke.LambdaForm$MH+0x000000004e1b8000.invoke(Ljava/lang/Object;Ljava/lang/Object;Ljava/lang/Object;)Ljava/lang/Object;+76 java.base@25
J 7658 c1 java.lang.invoke.LambdaForm$MH+0x000000004e1b5800.invoke(Ljava/lang/Object;Ljava/lang/Object;Ljava/lang/Object;)Ljava/lang/Object; java.base@25 (56 bytes) @ 0x00007f4f95c9a8f4 [0x00007f4f95c99e80+0x0000000000000a74]
J 9099 c1 java.lang.invoke.MethodHandle.invokeWithArguments([Ljava/lang/Object;)Ljava/lang/Object; java.base@25 (32 bytes) @ 0x00007f4f9460af7c [0x00007f4f9460a880+0x00000000000006fc]
J 8369 c1 com.dylibso.chicory.cranelift.compiler.NativeMachine.call(I[J)[J (669 bytes) @ 0x00007f4f95e1bdec [0x00007f4f95e16680+0x000000000000576c]
J 5959 c2 com.dylibso.chicory.runtime.Instance$Exports$$Lambda+0x000000004e12a940.apply([J)[J (13 bytes) @ 0x00007f4f9c36edfc [0x00007f4f9c36eb80+0x000000000000027c]
j  com.dylibso.chicory.test.gen.SpecV1MemoryGrowTest.lambda$test4$0(Lcom/dylibso/chicory/runtime/ExportFunction;)V+7
j  com.dylibso.chicory.test.gen.SpecV1MemoryGrowTest$$Lambda+0x000000004e29a300.execute()V+4
J 7201 c1 org.junit.jupiter.api.AssertThrows.assertThrows(Ljava/lang/Class;Lorg/junit/jupiter/api/function/Executable;Ljava/lang/Object;)Ljava/lang/Throwable; (85 bytes) @ 0x00007f4f95b529fc [0x00007f4f95b52900+0x00000000000000fc]
J 7199 c1 org.junit.jupiter.api.Assertions.assertThrows(Ljava/lang/Class;Lorg/junit/jupiter/api/function/Executable;)Ljava/lang/Throwable; (6 bytes) @ 0x00007f4f95b5239c [0x00007f4f95b52300+0x000000000000009c]
j  com.dylibso.chicory.test.gen.SpecV1MemoryGrowTest.test4()V+20
J 8718 c2 java.lang.invoke.LambdaForm$DMH+0x000000004e0fc000.invokeVirtual(Ljava/lang/Object;Ljava/lang/Object;)V java.base@25 (14 bytes) @ 0x00007f4f9c6c0140 [0x00007f4f9c6c0100+0x0000000000000040]
J 8715 c2 java.lang.invoke.LambdaForm$MH+0x000000004e0fc800.invoke(Ljava/lang/Object;Ljava/lang/Object;)Ljava/lang/Object; java.base@25 (36 bytes) @ 0x00007f4f9c6bfe74 [0x00007f4f9c6bfe00+0x0000000000000074]
J 8124 c2 org.junit.jupiter.engine.execution.InvocationInterceptorChain$InterceptedInvocation.proceed()Ljava/lang/Object; (18 bytes) @ 0x00007f4f9c5762a0 [0x00007f4f9c575500+0x0000000000000da0]
J 8225 c2 org.junit.jupiter.engine.execution.InvocationInterceptorChain.invoke(Lorg/junit/jupiter/api/extension/InvocationInterceptor$Invocation;Lorg/junit/jupiter/engine/extension/ExtensionRegistry;Lorg/junit/jupiter/engine/execution/InvocationInterceptorChain$InterceptorCall;)Ljava/lang/Object; (35 bytes) @ 0x00007f4f9c5d3088 [0x00007f4f9c5d2600+0x0000000000000a88]
J 8716 c2 org.junit.jupiter.engine.descriptor.TestMethodTestDescriptor$$Lambda+0x000000004e0f8458.execute()V (16 bytes) @ 0x00007f4f9c6c2474 [0x00007f4f9c6c1e00+0x0000000000000674]
J 8304 c2 org.junit.platform.engine.support.hierarchical.ThrowableCollector.execute(Lorg/junit/platform/engine/support/hierarchical/ThrowableCollector$Executable;)V (20 bytes) @ 0x00007f4f9c5fe840 [0x00007f4f9c5fe800+0x0000000000000040]
J 8312 c2 org.junit.platform.engine.support.hierarchical.NodeTestTask.executeRecursively()V (35 bytes) @ 0x00007f4f9c6388a0 [0x00007f4f9c637c00+0x0000000000000ca0]
J 8264 c2 org.junit.platform.engine.support.hierarchical.SameThreadHierarchicalTestExecutorService$$Lambda+0x000000004e0e3100.accept(Ljava/lang/Object;)V (10 bytes) @ 0x00007f4f9c629730 [0x00007f4f9c626aa0+0x0000000000002c90]
J 2408 c2 java.util.ArrayList.forEach(Ljava/util/function/Consumer;)V java.base@25 (74 bytes) @ 0x00007f4f9c0b5de4 [0x00007f4f9c0b5d00+0x00000000000000e4]
j  org.junit.platform.engine.support.hierarchical.SameThreadHierarchicalTestExecutorService.invokeAll(Ljava/util/List;)V+6
J 8312 c2 org.junit.platform.engine.support.hierarchical.NodeTestTask.executeRecursively()V (35 bytes) @ 0x00007f4f9c63a6c0 [0x00007f4f9c637c00+0x0000000000002ac0]
J 8264 c2 org.junit.platform.engine.support.hierarchical.SameThreadHierarchicalTestExecutorService$$Lambda+0x000000004e0e3100.accept(Ljava/lang/Object;)V (10 bytes) @ 0x00007f4f9c629730 [0x00007f4f9c626aa0+0x0000000000002c90]
J 2408 c2 java.util.ArrayList.forEach(Ljava/util/function/Consumer;)V java.base@25 (74 bytes) @ 0x00007f4f9c0b5de4 [0x00007f4f9c0b5d00+0x00000000000000e4]
j  org.junit.platform.engine.support.hierarchical.SameThreadHierarchicalTestExecutorService.invokeAll(Ljava/util/List;)V+6
j  org.junit.platform.engine.support.hierarchical.NodeTestTask.lambda$executeRecursively$6()V+116
j  org.junit.platform.engine.support.hierarchical.NodeTestTask$$Lambda+0x000000004e0e25c0.execute()V+4
j  org.junit.platform.engine.support.hierarchical.ThrowableCollector.execute(Lorg/junit/platform/engine/support/hierarchical/ThrowableCollector$Executable;)V+1
j  org.junit.platform.engine.support.hierarchical.NodeTestTask.lambda$executeRecursively$8(Lorg/junit/platform/engine/support/hierarchical/EngineExecutionContext;)V+15
j  org.junit.platform.engine.support.hierarchical.NodeTestTask$$Lambda+0x000000004e0e2390.invoke(Lorg/junit/platform/engine/support/hierarchical/EngineExecutionContext;)V+5
j  org.junit.platform.engine.support.hierarchical.Node.around(Lorg/junit/platform/engine/support/hierarchical/EngineExecutionContext;Lorg/junit/platform/engine/support/hierarchical/Node$Invocation;)V+2
j  org.junit.platform.engine.support.hierarchical.NodeTestTask.lambda$executeRecursively$9()V+14
j  org.junit.platform.engine.support.hierarchical.NodeTestTask$$Lambda+0x000000004e0e2160.execute()V+4
j  org.junit.platform.engine.support.hierarchical.ThrowableCollector.execute(Lorg/junit/platform/engine/support/hierarchical/ThrowableCollector$Executable;)V+1
j  org.junit.platform.engine.support.hierarchical.NodeTestTask.executeRecursively()V+31
j  org.junit.platform.engine.support.hierarchical.NodeTestTask.execute()V+55
j  org.junit.platform.engine.support.hierarchical.SameThreadHierarchicalTestExecutorService.submit(Lorg/junit/platform/engine/support/hierarchical/HierarchicalTestExecutorService$TestTask;)Ljava/util/concurrent/Future;+1
j  org.junit.platform.engine.support.hierarchical.HierarchicalTestExecutor.execute()Ljava/util/concurrent/Future;+74
j  org.junit.platform.engine.support.hierarchical.HierarchicalTestEngine.execute(Lorg/junit/platform/engine/ExecutionRequest;)V+31
j  org.junit.platform.launcher.core.EngineExecutionOrchestrator.executeEngine(Lorg/junit/platform/engine/TestDescriptor;Lorg/junit/platform/engine/EngineExecutionListener;Lorg/junit/platform/engine/ConfigurationParameters;Lorg/junit/platform/engine/TestEngine;Lorg/junit/platform/engine/OutputDirectoryCreator;Lorg/junit/platform/launcher/core/DiscoveryIssueNotifier;Lorg/junit/platform/engine/support/store/NamespacedHierarchicalStore;)V+24
j  org.junit.platform.launcher.core.EngineExecutionOrchestrator.failOrExecuteEngine(Lorg/junit/platform/launcher/core/LauncherDiscoveryResult;Lorg/junit/platform/engine/EngineExecutionListener;Lorg/junit/platform/engine/TestEngine;Lorg/junit/platform/engine/support/store/NamespacedHierarchicalStore;)V+124
j  org.junit.platform.launcher.core.EngineExecutionOrchestrator.execute(Lorg/junit/platform/launcher/core/LauncherDiscoveryResult;Lorg/junit/platform/engine/EngineExecutionListener;Lorg/junit/platform/engine/support/store/NamespacedHierarchicalStore;)V+68
j  org.junit.platform.launcher.core.EngineExecutionOrchestrator.execute(Lorg/junit/platform/launcher/core/InternalTestPlan;Lorg/junit/platform/engine/EngineExecutionListener;Lorg/junit/platform/launcher/TestExecutionListener;Lorg/junit/platform/engine/support/store/NamespacedHierarchicalStore;)V+57
j  org.junit.platform.launcher.core.EngineExecutionOrchestrator.lambda$execute$0(Lorg/junit/platform/launcher/core/InternalTestPlan;Lorg/junit/platform/engine/support/store/NamespacedHierarchicalStore;Lorg/junit/platform/launcher/TestExecutionListener;)V+7
j  org.junit.platform.launcher.core.EngineExecutionOrchestrator$$Lambda+0x000000004e0d16e0.accept(Ljava/lang/Object;)V+16
j  org.junit.platform.launcher.core.EngineExecutionOrchestrator.withInterceptedStreams(Lorg/junit/platform/engine/ConfigurationParameters;Lorg/junit/platform/launcher/core/ListenerRegistry;Ljava/util/function/Consumer;)V+51
j  org.junit.platform.launcher.core.EngineExecutionOrchestrator.execute(Lorg/junit/platform/launcher/core/InternalTestPlan;Lorg/junit/platform/engine/support/store/NamespacedHierarchicalStore;[Lorg/junit/platform/launcher/TestExecutionListener;)V+26
j  org.junit.platform.launcher.core.DefaultLauncher.execute(Lorg/junit/platform/launcher/core/InternalTestPlan;[Lorg/junit/platform/launcher/TestExecutionListener;)V+12
j  org.junit.platform.launcher.core.DefaultLauncher.execute(Lorg/junit/platform/launcher/LauncherDiscoveryRequest;[Lorg/junit/platform/launcher/TestExecutionListener;)V+34
j  org.junit.platform.launcher.core.DelegatingLauncher.execute(Lorg/junit/platform/launcher/LauncherDiscoveryRequest;[Lorg/junit/platform/launcher/TestExecutionListener;)V+6
j  org.junit.platform.launcher.core.InterceptingLauncher.lambda$execute$1(Lorg/junit/platform/launcher/LauncherDiscoveryRequest;[Lorg/junit/platform/launcher/TestExecutionListener;)Ljava/lang/Object;+3
j  org.junit.platform.launcher.core.InterceptingLauncher$$Lambda+0x000000004e0d14b0.proceed()Ljava/lang/Object;+12
j  org.junit.platform.launcher.core.ClasspathAlignmentCheckingLauncherInterceptor.intercept(Lorg/junit/platform/launcher/LauncherInterceptor$Invocation;)Ljava/lang/Object;+1
j  org.junit.platform.launcher.core.InterceptingLauncher.execute(Lorg/junit/platform/launcher/LauncherDiscoveryRequest;[Lorg/junit/platform/launcher/TestExecutionListener;)V+12
j  org.junit.platform.launcher.core.DelegatingLauncher.execute(Lorg/junit/platform/launcher/LauncherDiscoveryRequest;[Lorg/junit/platform/launcher/TestExecutionListener;)V+6
j  org.apache.maven.surefire.junitplatform.LauncherAdapter.executeWithoutCancellationToken(Lorg/junit/platform/launcher/LauncherDiscoveryRequest;[Lorg/junit/platform/launcher/TestExecutionListener;)V+6
j  org.apache.maven.surefire.junitplatform.LauncherAdapter.execute(Lorg/junit/platform/launcher/LauncherDiscoveryRequest;[Lorg/junit/platform/launcher/TestExecutionListener;)V+10
j  org.apache.maven.surefire.junitplatform.JUnitPlatformProvider.execute(Lorg/apache/maven/surefire/junitplatform/LauncherAdapter;Lorg/apache/maven/surefire/api/util/TestsToRun;Lorg/apache/maven/surefire/junitplatform/RunListenerAdapter;)V+61
j  org.apache.maven.surefire.junitplatform.JUnitPlatformProvider.invokeAllTests(Lorg/apache/maven/surefire/junitplatform/LauncherAdapter;Lorg/apache/maven/surefire/api/util/TestsToRun;Lorg/apache/maven/surefire/junitplatform/RunListenerAdapter;)V+36
j  org.apache.maven.surefire.junitplatform.JUnitPlatformProvider.invoke(Ljava/lang/Object;)Lorg/apache/maven/surefire/api/suite/RunResult;+144
j  org.apache.maven.surefire.booter.ForkedBooter.runSuitesInProcess()V+8
j  org.apache.maven.surefire.booter.ForkedBooter.execute()V+1
j  org.apache.maven.surefire.booter.ForkedBooter.run(Lorg/apache/maven/surefire/booter/ForkedBooter;[Ljava/lang/String;)V+27
j  org.apache.maven.surefire.booter.ForkedBooter.main([Ljava/lang/String;)V+10
v  ~StubRoutines::call_stub 0x00007f4f9b85ffa6

siginfo: si_signo: 11 (SIGSEGV), si_code: 2 (SEGV_ACCERR), si_addr: 0x00007f4facf99d20

Registers:
RAX=0x00007f4f4d0a2388, RBX=0x00007f4f4d0a2388, RCX=0x00007f4faccc2e10, RDX=0x00007f4facf89d20
RSP=0x00007f4fb3b0d3f0, RBP=0x00007f4fb3b0d3f0, RSI=0x00007f4faccc2e10, RDI=0x00007f4facf89d20
R8 =0x000000041b2970d8, R9 =0x00000007ff8e6168, R10=0x00007f4f80034030, R11=0x00007f4f9c2b4380
R12=0x0000000000000000, R13=0x00007f4fb3b0d418, R14=0x00007f4fb3b0d4e0, R15=0x00007f4fac02b870
RIP=0x00007f4f80034034, EFLAGS=0x0000000000010287, CSGSFS=0x002b000000000033, ERR=0x0000000000000006
  TRAPNO=0x000000000000000e

XMM[0]=0x0000000000000000 0x0000000000000000
XMM[1]=0x0000000000000000 0xffeb4374ffeb4374
XMM[2]=0x0000000000000000 0x0000000000000001
XMM[3]=0x0000000000000000 0x0000000000000000
XMM[4]=0x0000000000000000 0x00000007ffd03188
XMM[5]=0x0000000000000000 0x00000000ffea4d67
XMM[6]=0x0000000000000000 0x00000000ffeb4374
XMM[7]=0x0000000000000000 0x00000007ffca89a0
XMM[8]=0x060001edb32cd937 0xf852d974a2c147d2
XMM[9]=0xef207f96ef207f96 0xef207f96bc93d830
XMM[10]=0x0000000000000000 0x00000000cd73589a
XMM[11]=0x546f9f27546f9f27 0x546f9f2711037757
XMM[12]=0x0000000000000000 0x00000000bc93d830
XMM[13]=0x0000000000000000 0x0000000000000000
XMM[14]=0x0000000000000000 0x000000000000fff9
XMM[15]=0x0000000000000000 0x00000000fff4703f
  MXCSR=0x00001fbf


Register to memory mapping:

RAX={method} {0x00007f4f4d0a2388} 'linkToNative' '(JJJLjava/lang/Object;)V' in 'java/lang/invoke/MethodHandle'
RBX={method} {0x00007f4f4d0a2388} 'linkToNative' '(JJJLjava/lang/Object;)V' in 'java/lang/invoke/MethodHandle'
RCX=0x00007f4faccc2e10 points into unknown readable memory: 0x00007f4fac28f7c0 | c0 f7 28 ac 4f 7f 00 00
RDX=0x00007f4facf89d20 points into unknown readable memory: 0x0000000000000002 | 02 00 00 00 00 00 00 00
RSP=0x00007f4fb3b0d3f0 is pointing into the stack for thread: 0x00007f4fac02b870
RBP=0x00007f4fb3b0d3f0 is pointing into the stack for thread: 0x00007f4fac02b870
RSI=0x00007f4faccc2e10 points into unknown readable memory: 0x00007f4fac28f7c0 | c0 f7 28 ac 4f 7f 00 00
RDI=0x00007f4facf89d20 points into unknown readable memory: 0x0000000000000002 | 02 00 00 00 00 00 00 00
R8 =0x000000041b2970d8 is an oop: jdk.internal.foreign.abi.NativeEntryPoint 
{0x000000041b2970d8} - klass: 'jdk/internal/foreign/abi/NativeEntryPoint' - flags: 

 - ---- fields (total size 3 words):
 - private final 'methodType' 'Ljava/lang/invoke/MethodType;' @12  a 'java/lang/invoke/MethodType'{0x000000041b291000} = (JJJ)V (0x83652200)
 - private final 'downcallStubAddress' 'J' @16  139979891986016 (0x00007f4f9bbcce60)
R9 =0x00000007ff8e6168 is an oop: jdk.internal.foreign.NativeMemorySegmentImpl 
{0x00000007ff8e6168} - klass: 'jdk/internal/foreign/NativeMemorySegmentImpl' - flags: 

 - ---- fields (total size 5 words):
 - final 'readOnly' 'Z' @12  false (0x00)
 - final 'length' 'J' @16  0 (0x0000000000000000)
 - final 'scope' 'Ljdk/internal/foreign/MemorySessionImpl;' @24  a 'jdk/internal/foreign/SharedSession'{0x00000007ff8e60f0} (0xfff1cc1e)
 - final 'min' 'J' @32  139980181118240 (0x00007f4facf89d20)
R10=0x00007f4f80034030 points into unknown readable memory: 0x000087c7e5894855 | 55 48 89 e5 c7 87 00 00
R11=0x00007f4f9c2b4380 is at entry_point+0 in (nmethod*)0x00007f4f9c2b4288
Compiled method (n/a) 19632 4651     n 0       java.lang.invoke.MethodHandle::linkToNative(JJJL)V (native)
 total in heap  [0x00007f4f9c2b4288,0x00007f4f9c2b4388] = 256
 main code      [0x00007f4f9c2b4380,0x00007f4f9c2b4387] = 7
 stub code      [0x00007f4f9c2b4387,0x00007f4f9c2b4388] = 1
R12=0x0 is null
R13=0x00007f4fb3b0d418 is pointing into the stack for thread: 0x00007f4fac02b870
R14=0x00007f4fb3b0d4e0 is pointing into the stack for thread: 0x00007f4fac02b870
R15=0x00007f4fac02b870 is a thread

Top of Stack: (sp=0x00007f4fb3b0d3f0)
0x00007f4fb3b0d3f0:   00007f4fb3b0d400 00007f4f9bbcce9d   ....O.......O...
0x00007f4fb3b0d400:   00007f4fb3b0d498 00007f4f9b867438   ....O...8t..O...
0x00007f4fb3b0d410:   00007f4f9b867438 000000041b2970d8   8t..O....p).....
0x00007f4fb3b0d420:   00007f4faccc2e10 0000000000000000   ....O...........
0x00007f4fb3b0d430:   00007f4facf89d20 0000000000000000    ...O...........
0x00007f4fb3b0d440:   00007f4f80034030 0000000000000000   0@..O...........
0x00007f4fb3b0d450:   fffffffffffffff7 00007f4f4d9e5654   ........TV.MO...
0x00007f4fb3b0d460:   0000000000000009 00007f4f4d9e5800   .........X.MO...
0x00007f4fb3b0d470:   0000000000000000 000000041b297020   ........ p).....
0x00007f4fb3b0d480:   00007f4f4d9e5660 fffffffffffffff0   `V.MO...........
0x00007f4fb3b0d490:   00007f4fb3b0d4b0 00007f4fb3b0d530   ....O...0...O...
0x00007f4fb3b0d4a0:   00007f4f9b867438 000000041b2970d8   8t..O....p).....
0x00007f4fb3b0d4b0:   00007f4faccc2e10 0000000000000000   ....O...........
0x00007f4fb3b0d4c0:   00007f4facf89d20 0000000000000000    ...O...........
0x00007f4fb3b0d4d0:   00007f4f80034030 0000000000000000   0@..O...........
0x00007f4fb3b0d4e0:   000000041b296d90 fffffffffffffff7   .m).............
0x00007f4fb3b0d4f0:   00007f4f4d9f5e9f 0000000000000009   .^.MO...........
0x00007f4fb3b0d500:   00007f4f4d9f6068 0000000000000000   h`.MO...........
0x00007f4fb3b0d510:   000000041b2aade0 00007f4f4d9f5eb0   ..*......^.MO...
0x00007f4fb3b0d520:   fffffffffffffff0 00007f4fb3b0d540   ........@...O...
0x00007f4fb3b0d530:   00007f4fb3b0d5c8 00007f4f9b867438   ....O...8t..O...
0x00007f4fb3b0d540:   000000041b291000 00007f4faccc2e10   ..).........O...
0x00007f4fb3b0d550:   0000000000000000 00007f4facf89d20   ........ ...O...
0x00007f4fb3b0d560:   0000000000000000 00007f4f80034030   ........0@..O...
0x00007f4fb3b0d570:   0000000000000000 000000041b296d90   .........m).....
0x00007f4fb3b0d580:   fffffffffffffff7 00007f4f4d9e60a9   .........`.MO...
0x00007f4fb3b0d590:   000000000000000f 00007f4f4d9e6288   .........b.MO...
0x00007f4fb3b0d5a0:   0000000000000000 000000041b296cb8   .........l).....
0x00007f4fb3b0d5b0:   00007f4f4d9e5f38 ffffffffffffffef   8_.MO...........
0x00007f4fb3b0d5c0:   00007f4fb3b0d620 00007f4fb3b0d690    ...O.......O...
0x00007f4fb3b0d5d0:   00007f4f9b867438 00000007ff5f3b08   8t..O....;_.....
0x00007f4fb3b0d5e0:   00000007ff5f24d8 00000007ff8e60f0   .$_......`......

Instructions: (pc=0x00007f4f80034034)
  0x00007f4f80033f34:   00 00 00 00 00 00 00 00 00 00 00 00 00 00 00 00
  0x00007f4f80033f44:   00 00 00 00 00 00 00 00 00 00 00 00 00 00 00 00
  0x00007f4f80033f54:   00 00 00 00 00 00 00 00 00 00 00 00 00 00 00 00
  0x00007f4f80033f64:   00 00 00 00 00 00 00 00 00 00 00 00 00 00 00 00
  0x00007f4f80033f74:   00 00 00 00 00 00 00 00 00 00 00 00 00 00 00 00
  0x00007f4f80033f84:   00 00 00 00 00 00 00 00 00 00 00 00 00 00 00 00
  0x00007f4f80033f94:   00 00 00 00 00 00 00 00 00 00 00 00 00 00 00 00
  0x00007f4f80033fa4:   00 00 00 00 00 00 00 00 00 00 00 00 00 00 00 00
  0x00007f4f80033fb4:   00 00 00 00 00 00 00 00 00 00 00 00 00 00 00 00
  0x00007f4f80033fc4:   00 00 00 00 00 00 00 00 00 00 00 00 00 00 00 00
  0x00007f4f80033fd4:   00 00 00 00 00 00 00 00 00 00 00 00 00 00 00 00
  0x00007f4f80033fe4:   00 00 00 00 00 00 00 00 00 00 00 00 00 00 00 00
  0x00007f4f80033ff4:   00 00 00 00 00 00 00 00 00 00 00 00 55 48 89 e5
  0x00007f4f80034004:   8b 07 48 89 ec 5d c3 00 00 00 00 00 55 48 89 e5
  0x00007f4f80034014:   c7 07 02 00 00 00 48 89 ec 5d c3 00 55 48 89 e5
  0x00007f4f80034024:   8b 87 00 00 01 00 48 89 ec 5d c3 00 55 48 89 e5
=>0x00007f4f80034034:   c7 87 00 00 01 00 03 00 00 00 48 89 ec 5d c3 00
  0x00007f4f80034044:   00 00 00 00 00 00 00 00 00 00 00 00 55 48 89 e5
  0x00007f4f80034054:   48 83 ec 10 4c 89 24 24 89 56 24 4c 8b 8e d0 00
  0x00007f4f80034064:   00 00 49 89 f4 4c 89 e7 41 ff d1 4c 89 e6 4c 8b
  0x00007f4f80034074:   8e e0 00 00 00 4c 8b 24 24 48 83 c4 10 48 89 ec
  0x00007f4f80034084:   5d c3 00 00 00 00 00 00 00 00 00 00 55 48 89 e5
  0x00007f4f80034094:   8b 86 d8 00 00 00 48 89 ec 5d c3 00 00 00 00 00
  0x00007f4f800340a4:   00 00 00 00 00 00 00 00 00 00 00 00 00 00 00 00
  0x00007f4f800340b4:   00 00 00 00 00 00 00 00 00 00 00 00 00 00 00 00
  0x00007f4f800340c4:   00 00 00 00 00 00 00 00 00 00 00 00 00 00 00 00
  0x00007f4f800340d4:   00 00 00 00 00 00 00 00 00 00 00 00 00 00 00 00
  0x00007f4f800340e4:   00 00 00 00 00 00 00 00 00 00 00 00 00 00 00 00
  0x00007f4f800340f4:   00 00 00 00 00 00 00 00 00 00 00 00 00 00 00 00
  0x00007f4f80034104:   00 00 00 00 00 00 00 00 00 00 00 00 00 00 00 00
  0x00007f4f80034114:   00 00 00 00 00 00 00 00 00 00 00 00 00 00 00 00
  0x00007f4f80034124:   00 00 00 00 00 00 00 00 00 00 00 00 00 00 00 00


Stack slot to memory mapping:

stack at sp + 0 slots: 0x00007f4fb3b0d400 is pointing into the stack for thread: 0x00007f4fac02b870
stack at sp + 1 slots: 0x00007f4f9bbcce9d is at code_begin+61 in 
[CodeBlob kind:6 (0x00007f4f9bbcce08)]
Framesize: 2
Runtime Stub (0x00007f4f9bbcce08): nep_invoker_blob
--------------------------------------------------------------------------------
Decoding CodeBlob, name: nep_invoker_blob, at  [0x00007f4f9bbcce60, 0x00007f4f9bbccf48]  232 bytes
[MachCode]
  0x00007f4f9bbcce60: 5548 8bec | c5f8 7749 | 89af 9004 | 0000 49ba | 64ce bc9b | 4f7f 0000 | 4d89 9788 | 0400 0049 
  0x00007f4f9bbcce80: 89a7 8004 | 0000 41c7 | 872c 0500 | 0004 0000 | 004c 8bd6 | 488b f148 | 8bfa 41ff | d2c5 f877 
  0x00007f4f9bbccea0: 41c7 872c | 0500 0005 | 0000 00f0 | 8344 24c0 | 0049 3b6f | 280f 874d | 0000 0041 | 83bf 2805 
  0x00007f4f9bbccec0: 0000 000f | 853f 0000 | 0041 c787 | 2c05 0000 | 0800 0000 | 4183 bfa8 | 0500 0002 | 0f84 4400 
  0x00007f4f9bbccee0: 0000 49c7 | 8780 0400 | 0000 0000 | 0049 c787 | 9004 0000 | 0000 0000 | 49c7 8788 | 0400 0000 
  0x00007f4f9bbccf00: 0000 00c5 | f877 c9c3 | 498b ffc5 | f877 4c8b | e448 83ec | 0048 83e4 | f0e8 52fa | a618 498b 
  0x00007f4f9bbccf20: e44d 33e4 | eba3 c5f8 | 774c 8be4 | 4883 ec00 | 4883 e4f0 | e8d7 0bf8 | 1849 8be4 | 4d33 e4eb 
  0x00007f4f9bbccf40: a1f4 f4f4 | f4f4 f4f4 
[/MachCode]
--------------------------------------------------------------------------------
stack at sp + 2 slots: 0x00007f4fb3b0d498 is pointing into the stack for thread: 0x00007f4fac02b870
stack at sp + 3 slots: 0x00007f4f9b867438 is at code_begin+1272 in an Interpreter codelet
return entry points  [0x00007f4f9b866f40, 0x00007f4f9b867bb8]  3192 bytes
stack at sp + 4 slots: 0x00007f4f9b867438 is at code_begin+1272 in an Interpreter codelet
return entry points  [0x00007f4f9b866f40, 0x00007f4f9b867bb8]  3192 bytes
stack at sp + 5 slots: 0x000000041b2970d8 is an oop: jdk.internal.foreign.abi.NativeEntryPoint 
{0x000000041b2970d8} - klass: 'jdk/internal/foreign/abi/NativeEntryPoint' - flags: 

 - ---- fields (total size 3 words):
 - private final 'methodType' 'Ljava/lang/invoke/MethodType;' @12  a 'java/lang/invoke/MethodType'{0x000000041b291000} = (JJJ)V (0x83652200)
 - private final 'downcallStubAddress' 'J' @16  139979891986016 (0x00007f4f9bbcce60)
stack at sp + 6 slots: 0x00007f4faccc2e10 points into unknown readable memory: 0x00007f4fac28f7c0 | c0 f7 28 ac 4f 7f 00 00
stack at sp + 7 slots: 0x0 is null

Lock stack of current Java thread (top to bottom):

--------------------------------------------------------------------------------
Decoding CodeBlob, name: nep_invoker_blob, at  [0x00007f4f9bbcce60, 0x00007f4f9bbccf48]  232 bytes
[MachCode]
  0x00007f4f9bbcce60: 5548 8bec | c5f8 7749 | 89af 9004 | 0000 49ba | 64ce bc9b | 4f7f 0000 | 4d89 9788 | 0400 0049 
  0x00007f4f9bbcce80: 89a7 8004 | 0000 41c7 | 872c 0500 | 0004 0000 | 004c 8bd6 | 488b f148 | 8bfa 41ff | d2c5 f877 
  0x00007f4f9bbccea0: 41c7 872c | 0500 0005 | 0000 00f0 | 8344 24c0 | 0049 3b6f | 280f 874d | 0000 0041 | 83bf 2805 
  0x00007f4f9bbccec0: 0000 000f | 853f 0000 | 0041 c787 | 2c05 0000 | 0800 0000 | 4183 bfa8 | 0500 0002 | 0f84 4400 
  0x00007f4f9bbccee0: 0000 49c7 | 8780 0400 | 0000 0000 | 0049 c787 | 9004 0000 | 0000 0000 | 49c7 8788 | 0400 0000 
  0x00007f4f9bbccf00: 0000 00c5 | f877 c9c3 | 498b ffc5 | f877 4c8b | e448 83ec | 0048 83e4 | f0e8 52fa | a618 498b 
  0x00007f4f9bbccf20: e44d 33e4 | eba3 c5f8 | 774c 8be4 | 4883 ec00 | 4883 e4f0 | e8d7 0bf8 | 1849 8be4 | 4d33 e4eb 
  0x00007f4f9bbccf40: a1f4 f4f4 | f4f4 f4f4 
[/MachCode]
--------------------------------------------------------------------------------


Compiled method (c1) 19639 7658       3       java.lang.invoke.LambdaForm$MH/0x000000004e1b5800::invoke (56 bytes)
 total in heap  [0x00007f4f95c99d88,0x00007f4f95c9ab50] = 3528
 main code      [0x00007f4f95c99e80,0x00007f4f95c9aac0] = 3136
 stub code      [0x00007f4f95c9aac0,0x00007f4f95c9ab48] = 136
 oops           [0x00007f4f95c9ab48,0x00007f4f95c9ab50] = 8
 mutable data [0x00007f4f00b66060,0x00007f4f00b66168] = 264
 relocation     [0x00007f4f00b66060,0x00007f4f00b66140] = 224
 metadata       [0x00007f4f00b66140,0x00007f4f00b66168] = 40
 immutable data [0x00007f4f00b65d40,0x00007f4f00b66050] = 784
 dependencies   [0x00007f4f00b65d40,0x00007f4f00b65d50] = 16
 nul chk table  [0x00007f4f00b65d50,0x00007f4f00b65d88] = 56
 scopes pcs     [0x00007f4f00b65d88,0x00007f4f00b65f08] = 384
 scopes data    [0x00007f4f00b65f08,0x00007f4f00b66050] = 328

[Constant Pool (empty)]

[MachCode]
[Verified Entry Point]
  # {method} {0x00007f4f4d9f3f60} 'invoke' '(Ljava/lang/Object;Ljava/lang/Object;Ljava/lang/Object;)Ljava/lang/Object;' in 'java/lang/invoke/LambdaForm$MH+0x000000004e1b5800'
  # parm0:    rsi:rsi   = 'java/lang/Object'
  # parm1:    rdx:rdx   = 'java/lang/Object'
  # parm2:    rcx:rcx   = 'java/lang/Object'
  #           [sp+0xb0]  (sp of caller)
  0x00007f4f95c99e80: 8984 2400 | c0fe ff55 | 4881 eca0 | 0000 0090 | 4181 7f20 | 0500 0000 

  0x00007f4f95c99e98: ;   {runtime_call Stub::method_entry_barrier}
  0x00007f4f95c99e98: 7405 e821 

  0x00007f4f95c99e9c: ;   {metadata(method data for {method} {0x00007f4f4d9f3f60} 'invoke' '(Ljava/lang/Object;Ljava/lang/Object;Ljava/lang/Object;)Ljava/lang/Object;' in 'java/lang/invoke/LambdaForm$MH+0x000000004e1b5800')}
  0x00007f4f95c99e9c: d7bf 0548 | bf00 80ea | 4d4f 7f00 | 0048 8dbf | f002 0000 | 4885 f675 | 0cf6 0701 | 7548 f048 
  0x00007f4f95c99ebc: 830f 01eb | 418b 5e08 | 41ba 0000 | 004d 4903 | da4c 8bd3 | 4833 1f48 | f7c3 fcff | ffff 7426 
  0x00007f4f95c99edc: f6c3 0275 | 2148 f707 | feff ffff | 7415 498b | da48 331f | 48f7 c3fc | ffff ff74 | 0948 830f 
  0x00007f4f95c99efc: 02eb 0348 | 891f 4885 | d275 0ef6 | 4710 0175 | 4ef0 4883 | 4f10 01eb | 468b 5a08 | 41ba 0000 
  0x00007f4f95c99f1c: 004d 4903 | da4c 8bd3 | 4833 5f10 | 48f7 c3fc | ffff ff74 | 2af6 c302 | 7525 48f7 | 4710 feff 
  0x00007f4f95c99f3c: ffff 7417 | 498b da48 | 335f 1048 | f7c3 fcff | ffff 740b | 4883 4f10 | 02eb 0448 

  0x00007f4f95c99f58: ;   {metadata(method data for {method} {0x00007f4f4d9f3f60} 'invoke' '(Ljava/lang/Object;Ljava/lang/Object;Ljava/lang/Object;)Ljava/lang/Object;' in 'java/lang/invoke/LambdaForm$MH+0x000000004e1b5800')}
  0x00007f4f95c99f58: 895f 1048 | bf00 80ea | 4d4f 7f00 | 008b 9f90 | 0000 0083 | c302 899f | 9000 0000 | 81e3 fe07 
  0x00007f4f95c99f78: 0000 85db | 0f84 f109 | 0000 4889 | 5424 6048 | 8974 2458 

  0x00007f4f95c99f8c: ;   {metadata(method data for {method} {0x00007f4f4d9f3f60} 'invoke' '(Ljava/lang/Object;Ljava/lang/Object;Ljava/lang/Object;)Ljava/lang/Object;' in 'java/lang/invoke/LambdaForm$MH+0x000000004e1b5800')}
  0x00007f4f95c99f8c: 48bf 0080 | ea4d 4f7f | 0000 488d | bfe8 0000 | 0048 85c9 | 750e f647 | 0801 754e | f048 834f 
  0x00007f4f95c99fac: 0801 eb46 | 8b59 0841 | ba00 0000 | 4d49 03da | 4c8b d348 | 335f 0848 | f7c3 fcff | ffff 742a 
  0x00007f4f95c99fcc: f6c3 0275 | 2548 f747 | 08fe ffff | ff74 1749 | 8bda 4833 | 5f08 48f7 | c3fc ffff | ff74 0b48 
  0x00007f4f95c99fec: 834f 0802 | eb04 4889 

  0x00007f4f95c99ff4: ;   {metadata(method data for {method} {0x00007f4f4d9f3f60} 'invoke' '(Ljava/lang/Object;Ljava/lang/Object;Ljava/lang/Object;)Ljava/lang/Object;' in 'java/lang/invoke/LambdaForm$MH+0x000000004e1b5800')}
  0x00007f4f95c99ff4: 5f08 48bf | 0080 ea4d | 4f7f 0000 | 4883 87d8 | 0000 0001 | 488b f1ba | 0200 0000 | 4889 4c24 
  0x00007f4f95c9a014: ;   {static_call}
  0x00007f4f95c9a014: 5066 90e8 

  0x00007f4f95c9a018: ; ImmutableOopMap {[80]=Oop [88]=Oop [96]=Oop }
                      ;*invokestatic checkSpreadArgument {reexecute=0 rethrow=0 return_oop=0}
                      ; - java.lang.invoke.LambdaForm$MH/0x000000004e1b5800::invoke@2
  0x00007f4f95c9a018: e4c6 a206 

  0x00007f4f95c9a01c: ;   {post_call_nop}
  0x00007f4f95c9a01c: 0f1f 8400 | 9402 0000 | 488b 4c24 | 5048 85c9 

  0x00007f4f95c9a02c: ;   {metadata(method data for {method} {0x00007f4f4d9f3f60} 'invoke' '(Ljava/lang/Object;Ljava/lang/Object;Ljava/lang/Object;)Ljava/lang/Object;' in 'java/lang/invoke/LambdaForm$MH+0x000000004e1b5800')}
  0x00007f4f95c9a02c: 48bf 0080 | ea4d 4f7f | 0000 750c | 808f f900 | 0000 01e9 | a700 0000 | 8b59 0841 | ba00 0000 
  0x00007f4f95c9a04c: 4d49 03da | 483b 9f08 | 0100 0075 | 0d48 8387 | 1001 0000 | 01e9 6000 | 0000 483b | 9f18 0100 
  0x00007f4f95c9a06c: 0075 0d48 | 8387 2001 | 0000 01e9 | 4a00 0000 | 4883 bf08 | 0100 0000 | 7517 4889 | 9f08 0100 
  0x00007f4f95c9a08c: 0048 c787 | 1001 0000 | 0100 0000 | e929 0000 | 0048 83bf | 1801 0000 | 0075 1748 | 899f 1801 
  0x00007f4f95c9a0ac: 0000 48c7 | 8720 0100 | 0001 0000 | 00e9 0800 | 0000 4883 | 8700 0100 

  0x00007f4f95c9a0c4: ;   {metadata('java/lang/Object'[])}
  0x00007f4f95c9a0c4: 0001 48bb | e01f 174d | 0000 0000 | 8b79 0841 | ba00 0000 | 4d49 03fa | 483b 5f38 | 0f85 ae08 
  0x00007f4f95c9a0e4: 0000 e900 | 0000 0048 | 8bd1 837a | 0c00 0f86 | af08 0000 | 8b7a 1048 | c1e7 0383 | 7a0c 010f 
  0x00007f4f95c9a104: 86b0 0800 | 008b 5a14 | 48c1 e303 | 488b 7424 | 5848 85f6 

  0x00007f4f95c9a118: ;   {metadata(method data for {method} {0x00007f4f4d9f3f60} 'invoke' '(Ljava/lang/Object;Ljava/lang/Object;Ljava/lang/Object;)Ljava/lang/Object;' in 'java/lang/invoke/LambdaForm$MH+0x000000004e1b5800')}
  0x00007f4f95c9a118: 48b8 0080 | ea4d 4f7f | 0000 750c | 8088 2901 | 0000 01e9 | a600 0000 | 8b4e 0841 | ba00 0000 
  0x00007f4f95c9a138: 4d49 03ca | 483b 8838 | 0100 0075 | 0d48 8380 | 4001 0000 | 01e9 6000 | 0000 483b | 8848 0100 
  0x00007f4f95c9a158: 0075 0d48 | 8380 5001 | 0000 01e9 | 4a00 0000 | 4883 b838 | 0100 0000 | 7517 4889 | 8838 0100 
  0x00007f4f95c9a178: 0048 c780 | 4001 0000 | 0100 0000 | e929 0000 | 0048 83b8 | 4801 0000 | 0075 1748 | 8988 4801 
  0x00007f4f95c9a198: 0000 48c7 | 8050 0100 | 0001 0000 | 00e9 0800 | 0000 4883 | 8030 0100 

  0x00007f4f95c9a1b0: ;   {metadata('java/lang/invoke/BoundMethodHandle$Species_L')}
  0x00007f4f95c9a1b0: 0001 48b9 | c0ac 324d | 0000 0000 | 8b56 0841 | ba00 0000 | 4d49 03d2 | 483b ca0f | 85fa 0700 
  0x00007f4f95c9a1d0: 00e9 0000 | 0000 488b | d68b 5220 | 48c1 e203 | 488b 7424 | 6048 85f6 

  0x00007f4f95c9a1e8: ;   {metadata(method data for {method} {0x00007f4f4d9f3f60} 'invoke' '(Ljava/lang/Object;Ljava/lang/Object;Ljava/lang/Object;)Ljava/lang/Object;' in 'java/lang/invoke/LambdaForm$MH+0x000000004e1b5800')}
  0x00007f4f95c9a1e8: 48b9 0080 | ea4d 4f7f | 0000 750c | 8089 5901 | 0000 01e9 | a800 0000 | 448b 4608 | 41ba 0000 
  0x00007f4f95c9a208: 004d 4d03 | c24c 3b81 | 6801 0000 | 750d 4883 | 8170 0100 | 0001 e960 | 0000 004c | 3b81 7801 
  0x00007f4f95c9a228: 0000 750d | 4883 8180 | 0100 0001 | e94a 0000 | 0048 83b9 | 6801 0000 | 0075 174c | 8981 6801 
  0x00007f4f95c9a248: 0000 48c7 | 8170 0100 | 0001 0000 | 00e9 2900 | 0000 4883 | b978 0100 | 0000 7517 | 4c89 8178 
  0x00007f4f95c9a268: 0100 0048 | c781 8001 | 0000 0100 | 0000 e908 | 0000 0048 | 8381 6001 

  0x00007f4f95c9a280: ;   {metadata('java/lang/invoke/MethodHandle')}
  0x00007f4f95c9a280: 0000 0149 | b890 e51e | 4d00 0000 | 008b 4e08 | 41ba 0000 | 004d 4903 | ca4c 3b41 | 380f 8536 
  0x00007f4f95c9a2a0: 0700 00e9 | 0000 0000 | 488b c648 

  0x00007f4f95c9a2ac: ;   {metadata(method data for {method} {0x00007f4f4d9f3f60} 'invoke' '(Ljava/lang/Object;Ljava/lang/Object;Ljava/lang/Object;)Ljava/lang/Object;' in 'java/lang/invoke/LambdaForm$MH+0x000000004e1b5800')}
  0x00007f4f95c9a2ac: 85d2 48be | 0080 ea4d | 4f7f 0000 | 750c 808e | 8901 0000 | 01e9 a700 | 0000 448b | 4208 41ba 
  0x00007f4f95c9a2cc: 0000 004d | 4d03 c24c | 3b86 9801 | 0000 750d | 4883 86a0 | 0100 0001 | e960 0000 | 004c 3b86 
  0x00007f4f95c9a2ec: a801 0000 | 750d 4883 | 86b0 0100 | 0001 e94a | 0000 0048 | 83be 9801 | 0000 0075 | 174c 8986 
  0x00007f4f95c9a30c: 9801 0000 | 48c7 86a0 | 0100 0001 | 0000 00e9 | 2900 0000 | 4883 bea8 | 0100 0000 | 7517 4c89 
  0x00007f4f95c9a32c: 86a8 0100 | 0048 c786 | b001 0000 | 0100 0000 | e908 0000 | 0048 8386 | 9001 0000 

  0x00007f4f95c9a348: ;   {metadata('java/lang/invoke/MethodType')}
  0x00007f4f95c9a348: 0149 b860 | f81e 4d00 | 0000 008b | 4a08 41ba | 0000 004d | 4903 ca4c | 3bc1 0f85 | 7a06 0000 
  0x00007f4f95c9a368: e900 0000 | 0048 8bca 

  0x00007f4f95c9a370: ;   {metadata(method data for {method} {0x00007f4f4d9f3f60} 'invoke' '(Ljava/lang/Object;Ljava/lang/Object;Ljava/lang/Object;)Ljava/lang/Object;' in 'java/lang/invoke/LambdaForm$MH+0x000000004e1b5800')}
  0x00007f4f95c9a370: 48ba 0080 | ea4d 4f7f | 0000 488d | 92d0 0100 | 0048 85c0 | 750e f642 | 0801 754f | f048 834a 
  0x00007f4f95c9a390: 0801 eb47 | 8b70 0841 | ba00 0000 | 4d49 03f2 | 4c8b d648 | 3372 0848 | f7c6 fcff | ffff 742b 
  0x00007f4f95c9a3b0: 40f6 c602 | 7525 48f7 | 4208 feff | ffff 7417 | 498b f248 | 3372 0848 | f7c6 fcff | ffff 740b 
  0x00007f4f95c9a3d0: 4883 4a08 | 02eb 0448 | 8972 0848 | 85c9 750c | f642 1801 | 7506 f048 | 834a 1801 

  0x00007f4f95c9a3ec: ;   {metadata(method data for {method} {0x00007f4f4d9f3f60} 'invoke' '(Ljava/lang/Object;Ljava/lang/Object;Ljava/lang/Object;)Ljava/lang/Object;' in 'java/lang/invoke/LambdaForm$MH+0x000000004e1b5800')}
  0x00007f4f95c9a3ec: 48ba 0080 | ea4d 4f7f | 0000 4883 | 82c0 0100 

  0x00007f4f95c9a3fc: ;   {metadata(method data for {method} {0x000000004d470010} 'checkGenericType' '(Ljava/lang/invoke/MethodHandle;Ljava/lang/invoke/MethodType;)Ljava/lang/invoke/MethodHandle;' in 'java/lang/invoke/Invokers')}
  0x00007f4f95c9a3fc: 0001 48ba | 606b b14d | 4f7f 0000 | 8bb2 9000 | 0000 83c6 | 0289 b290 | 0000 0081 | e6fe ff1f 
  0x00007f4f95c9a41c: 0085 f60f | 84c6 0500 | 0048 3b00 

  0x00007f4f95c9a428: ;   {metadata(method data for {method} {0x000000004d470010} 'checkGenericType' '(Ljava/lang/invoke/MethodHandle;Ljava/lang/invoke/MethodType;)Ljava/lang/invoke/MethodHandle;' in 'java/lang/invoke/Invokers')}
  0x00007f4f95c9a428: 488b d048 | be60 6bb1 | 4d4f 7f00 | 008b 5208 | 41ba 0000 | 004d 4903 | d248 3b96 | e000 0000 
  0x00007f4f95c9a448: 750d 4883 | 86e8 0000 | 0001 e960 | 0000 0048 | 3b96 f000 | 0000 750d | 4883 86f8 | 0000 0001 
  0x00007f4f95c9a468: e94a 0000 | 0048 83be | e000 0000 | 0075 1748 | 8996 e000 | 0000 48c7 | 86e8 0000 | 0001 0000 
  0x00007f4f95c9a488: 00e9 2900 | 0000 4883 | bef0 0000 | 0000 7517 | 4889 96f0 | 0000 0048 | c786 f800 | 0000 0100 
  0x00007f4f95c9a4a8: 0000 e908 | 0000 0048 | 8386 d800 

  0x00007f4f95c9a4b4: ;   {metadata(method data for {method} {0x000000004d4783e0} 'asType' '(Ljava/lang/invoke/MethodType;)Ljava/lang/invoke/MethodHandle;' in 'java/lang/invoke/MethodHandle')}
  0x00007f4f95c9a4b4: 0000 0148 | ba68 0a25 | 4c4f 7f00 | 008b b290 | 0000 0083 | c602 89b2 | 9000 0000 | 81e6 feff 
  0x00007f4f95c9a4d4: 1f00 85f6 | 0f84 3305 | 0000 8b50 | 1048 c1e2 | 0348 3bca 

  0x00007f4f95c9a4e8: ;   {metadata(method data for {method} {0x000000004d4783e0} 'asType' '(Ljava/lang/invoke/MethodType;)Ljava/lang/invoke/MethodHandle;' in 'java/lang/invoke/MethodHandle')}
  0x00007f4f95c9a4e8: 48ba 680a | 254c 4f7f | 0000 bee8 | 0000 0074 | 05be d800 | 0000 4c8b | 0432 4d8d | 4001 4c89 
  0x00007f4f95c9a508: 0432 4889 | 9c24 8000 | 0000 4889 | 7c24 780f | 8497 0000 | 0048 8bd0 

  0x00007f4f95c9a520: ;   {metadata(method data for {method} {0x000000004d4783e0} 'asType' '(Ljava/lang/invoke/MethodType;)Ljava/lang/invoke/MethodHandle;' in 'java/lang/invoke/MethodHandle')}
  0x00007f4f95c9a520: 48be 680a | 254c 4f7f | 0000 4883 | 86f8 0000 | 0001 488b | d148 8bf0 | 4889 4c24 | 7048 8944 
  0x00007f4f95c9a540: 2468 0f1f 

  0x00007f4f95c9a544: ;   {optimized virtual_call}
  0x00007f4f95c9a544: 4400 00e8 

  0x00007f4f95c9a548: ; ImmutableOopMap {[104]=Oop [112]=Oop [120]=Oop [128]=Oop }
                      ;*invokevirtual asTypeCached {reexecute=0 rethrow=0 return_oop=0}
                      ; - java.lang.invoke.MethodHandle::asType@12 (line 869)
                      ; - java.lang.invoke.Invokers::checkGenericType@2 (line 541)
                      ; - java.lang.invoke.LambdaForm$MH/0x000000004e1b5800::invoke@37
  0x00007f4f95c9a548: 9435 c105 

  0x00007f4f95c9a54c: ;   {post_call_nop}
  0x00007f4f95c9a54c: 0f1f 8400 | c407 0001 

  0x00007f4f95c9a554: ;   {metadata(method data for {method} {0x000000004d4783e0} 'asType' '(Ljava/lang/invoke/MethodType;)Ljava/lang/invoke/MethodHandle;' in 'java/lang/invoke/MethodHandle')}
  0x00007f4f95c9a554: 4885 c048 | ba68 0a25 | 4c4f 7f00 | 00be 3801 | 0000 7505 | be28 0100 | 0048 8b3c | 3248 8d7f 
  0x00007f4f95c9a574: 0148 893c | 320f 8535 | 0000 0048 | 8b4c 2470 | 488b 4424 | 6848 8bd0 

  0x00007f4f95c9a58c: ;   {metadata(method data for {method} {0x000000004d4783e0} 'asType' '(Ljava/lang/invoke/MethodType;)Ljava/lang/invoke/MethodHandle;' in 'java/lang/invoke/MethodHandle')}
  0x00007f4f95c9a58c: 48be 680a | 254c 4f7f | 0000 4883 | 8648 0100 | 0001 488b | d148 8bf0 

  0x00007f4f95c9a5a4: ;   {optimized virtual_call}
  0x00007f4f95c9a5a4: 6666 90e8 

  0x00007f4f95c9a5a8: ; ImmutableOopMap {[120]=Oop [128]=Oop }
                      ;*invokevirtual setAsTypeCache {reexecute=0 rethrow=0 return_oop=0}
                      ; - java.lang.invoke.MethodHandle::asType@24 (line 873)
                      ; - java.lang.invoke.Invokers::checkGenericType@2 (line 541)
                      ; - java.lang.invoke.LambdaForm$MH/0x000000004e1b5800::invoke@37
  0x00007f4f95c9a5a8: 3435 c105 

  0x00007f4f95c9a5ac: ;   {post_call_nop}
  0x00007f4f95c9a5ac: 0f1f 8400 | 2408 0002 

  0x00007f4f95c9a5b4: ;   {metadata(method data for {method} {0x00007f4f4d9f3f60} 'invoke' '(Ljava/lang/Object;Ljava/lang/Object;Ljava/lang/Object;)Ljava/lang/Object;' in 'java/lang/invoke/LambdaForm$MH+0x000000004e1b5800')}
  0x00007f4f95c9a5b4: 48be 0080 | ea4d 4f7f | 0000 488d | b6f0 0100 | 0048 85c0 | 750c f606 | 0175 49f0 | 4883 0e01 
  0x00007f4f95c9a5d4: eb42 8b78 | 0841 ba00 | 0000 4d49 | 03fa 4c8b | d748 333e | 48f7 c7fc | ffff ff74 | 2740 f6c7 
  0x00007f4f95c9a5f4: 0275 2148 | f706 feff | ffff 7415 | 498b fa48 | 333e 48f7 | c7fc ffff | ff74 0948 | 830e 02eb 
  0x00007f4f95c9a614: 0348 893e 

  0x00007f4f95c9a618: ;   {metadata(method data for {method} {0x00007f4f4d9f3f60} 'invoke' '(Ljava/lang/Object;Ljava/lang/Object;Ljava/lang/Object;)Ljava/lang/Object;' in 'java/lang/invoke/LambdaForm$MH+0x000000004e1b5800')}
  0x00007f4f95c9a618: 48be 0080 | ea4d 4f7f | 0000 488d | b610 0200 | 0048 85c0 | 750e f646 | 0801 754f | f048 834e 
  0x00007f4f95c9a638: 0801 eb47 | 8b78 0841 | ba00 0000 | 4d49 03fa | 4c8b d748 | 337e 0848 | f7c7 fcff | ffff 742b 
  0x00007f4f95c9a658: 40f6 c702 | 7525 48f7 | 4608 feff | ffff 7417 | 498b fa48 | 337e 0848 | f7c7 fcff | ffff 740b 
  0x00007f4f95c9a678: 4883 4e08 | 02eb 0448 

  0x00007f4f95c9a680: ;   {metadata(method data for {method} {0x00007f4f4d9f3f60} 'invoke' '(Ljava/lang/Object;Ljava/lang/Object;Ljava/lang/Object;)Ljava/lang/Object;' in 'java/lang/invoke/LambdaForm$MH+0x000000004e1b5800')}
  0x00007f4f95c9a680: 897e 0848 | be00 80ea | 4d4f 7f00 | 0048 8386 | 0002 0000 

  0x00007f4f95c9a694: ;   {metadata(method data for {method} {0x000000004d46ff60} 'checkCustomized' '(Ljava/lang/invoke/MethodHandle;)V' in 'java/lang/invoke/Invokers')}
  0x00007f4f95c9a694: 0148 beb8 | 5e2a 4c4f | 7f00 008b | be90 0000 | 0083 c702 | 89be 9000 | 0000 81e7 | feff 1f00 
  0x00007f4f95c9a6b4: 85ff 0f84 | 7603 0000 

  0x00007f4f95c9a6bc: ;   {metadata(method data for {method} {0x000000004d46ff60} 'checkCustomized' '(Ljava/lang/invoke/MethodHandle;)V' in 'java/lang/invoke/Invokers')}
  0x00007f4f95c9a6bc: 48be b85e | 2a4c 4f7f | 0000 4883 | 86d8 0000 

  0x00007f4f95c9a6cc: ;   {metadata(method data for {method} {0x000000004d1f59a8} 'isCompileConstant' '(Ljava/lang/Object;)Z' in 'java/lang/invoke/MethodHandleImpl')}
  0x00007f4f95c9a6cc: 0001 48be | c063 2a4c | 4f7f 0000 | 8bbe 9000 | 0000 83c7 | 0289 be90 | 0000 0081 | e7fe ff1f 
  0x00007f4f95c9a6ec: 0085 ff0f | 845e 0300 

  0x00007f4f95c9a6f4: ;   {metadata(method data for {method} {0x000000004d46ff60} 'checkCustomized' '(Ljava/lang/invoke/MethodHandle;)V' in 'java/lang/invoke/Invokers')}
  0x00007f4f95c9a6f4: 0048 beb8 | 5e2a 4c4f | 7f00 00ff | 86e8 0000 | 008b 7014 | 48c1 e603 

  0x00007f4f95c9a70c: ; implicit exception: dispatches to 0x00007f4f95c9aa79
  0x00007f4f95c9a70c: 8b76 1c48 | c1e6 0348 

  0x00007f4f95c9a714: ;   {metadata(method data for {method} {0x000000004d46ff60} 'checkCustomized' '(Ljava/lang/invoke/MethodHandle;)V' in 'java/lang/invoke/Invokers')}
  0x00007f4f95c9a714: 85f6 48be | b85e 2a4c | 4f7f 0000 | bf18 0100 | 0074 05bf | 0801 0000 | 488b 1c3e | 488d 5b01 
  0x00007f4f95c9a734: 4889 1c3e | 0f84 0d00 | 0000 4889 | 8424 8800 | 0000 e931 

  0x00007f4f95c9a748: ;   {metadata(method data for {method} {0x000000004d46ff60} 'checkCustomized' '(Ljava/lang/invoke/MethodHandle;)V' in 'java/lang/invoke/Invokers')}
  0x00007f4f95c9a748: 0000 0048 | beb8 5e2a | 4c4f 7f00 | 0048 8386 | 2801 0000 | 0148 8bf0 | 4889 8424 | 8800 0000 
  0x00007f4f95c9a768: 0f1f 8000 

  0x00007f4f95c9a76c: ;   {static_call}
  0x00007f4f95c9a76c: 0000 00e8 

  0x00007f4f95c9a770: ; ImmutableOopMap {[120]=Oop [128]=Oop [136]=Oop }
                      ;*invokestatic maybeCustomize {reexecute=0 rethrow=0 return_oop=0}
                      ; - java.lang.invoke.Invokers::checkCustomized@19 (line 626)
                      ; - java.lang.invoke.LambdaForm$MH/0x000000004e1b5800::invoke@44
  0x00007f4f95c9a770: 8ce5 8606 

  0x00007f4f95c9a774: ;   {post_call_nop}
  0x00007f4f95c9a774: 0f1f 8400 | ec09 0003 | 488b 8424 | 8800 0000 | 488b 9c24 | 8000 0000 | 488b 7c24 

  0x00007f4f95c9a790: ;   {metadata(method data for {method} {0x00007f4f4d9f3f60} 'invoke' '(Ljava/lang/Object;Ljava/lang/Object;Ljava/lang/Object;)Ljava/lang/Object;' in 'java/lang/invoke/LambdaForm$MH+0x000000004e1b5800')}
  0x00007f4f95c9a790: 7848 ba00 | 80ea 4d4f | 7f00 0048 | 8d92 5802 | 0000 4885 | ff75 0ef6 | 4208 0175 | 4ef0 4883 
  0x00007f4f95c9a7b0: 4a08 01eb | 468b 4f08 | 41ba 0000 | 004d 4903 | ca4c 8bd1 | 4833 4a08 | 48f7 c1fc | ffff ff74 
  0x00007f4f95c9a7d0: 2af6 c102 | 7525 48f7 | 4208 feff | ffff 7417 | 498b ca48 | 334a 0848 | f7c1 fcff | ffff 740b 
  0x00007f4f95c9a7f0: 4883 4a08 | 02eb 0448 | 894a 0848 | 85db 750e | f642 1801 | 754e f048 | 834a 1801 | eb46 8b4b 
  0x00007f4f95c9a810: 0841 ba00 | 0000 4d49 | 03ca 4c8b | d148 334a | 1848 f7c1 | fcff ffff | 742a f6c1 | 0275 2548 
  0x00007f4f95c9a830: f742 18fe | ffff ff74 | 1749 8bca | 4833 4a18 | 48f7 c1fc | ffff ff74 | 0b48 834a | 1802 eb04 
  0x00007f4f95c9a850: 4889 4a18 

  0x00007f4f95c9a854: ;   {metadata(method data for {method} {0x00007f4f4d9f3f60} 'invoke' '(Ljava/lang/Object;Ljava/lang/Object;Ljava/lang/Object;)Ljava/lang/Object;' in 'java/lang/invoke/LambdaForm$MH+0x000000004e1b5800')}
  0x00007f4f95c9a854: 488b d048 | b900 80ea | 4d4f 7f00 | 008b 5208 | 41ba 0000 | 004d 4903 | d248 3b91 | 3002 0000 
  0x00007f4f95c9a874: 750d 4883 | 8138 0200 | 0001 e960 | 0000 0048 | 3b91 4002 | 0000 750d | 4883 8148 | 0200 0001 
  0x00007f4f95c9a894: e94a 0000 | 0048 83b9 | 3002 0000 | 0075 1748 | 8991 3002 | 0000 48c7 | 8138 0200 | 0001 0000 
  0x00007f4f95c9a8b4: 00e9 2900 | 0000 4883 | b940 0200 | 0000 7517 | 4889 9140 | 0200 0048 | c781 4802 | 0000 0100 
  0x00007f4f95c9a8d4: 0000 e908 | 0000 0048 | 8381 2802 | 0000 0148 | 8bd7 488b | cb48 8bf0 

  0x00007f4f95c9a8ec: ;   {optimized virtual_call}
  0x00007f4f95c9a8ec: 6666 90e8 

  0x00007f4f95c9a8f0: ; ImmutableOopMap {}
                      ;*invokevirtual invokeBasic {reexecute=0 rethrow=0 return_oop=0}
                      ; - java.lang.invoke.LambdaForm$MH/0x000000004e1b5800::invoke@52
  0x00007f4f95c9a8f0: 8cf9 3106 

  0x00007f4f95c9a8f4: ;   {post_call_nop}
  0x00007f4f95c9a8f4: 0f1f 8400 | 6c0b 0004 

  0x00007f4f95c9a8fc: ;   {metadata(method data for {method} {0x00007f4f4d9f3f60} 'invoke' '(Ljava/lang/Object;Ljava/lang/Object;Ljava/lang/Object;)Ljava/lang/Object;' in 'java/lang/invoke/LambdaForm$MH+0x000000004e1b5800')}
  0x00007f4f95c9a8fc: 48be 0080 | ea4d 4f7f | 0000 488d | b678 0200 | 0048 85c0 | 750c f606 | 0175 49f0 | 4883 0e01 
  0x00007f4f95c9a91c: eb42 8b78 | 0841 ba00 | 0000 4d49 | 03fa 4c8b | d748 333e | 48f7 c7fc | ffff ff74 | 2740 f6c7 
  0x00007f4f95c9a93c: 0275 2148 | f706 feff | ffff 7415 | 498b fa48 | 333e 48f7 | c7fc ffff | ff74 0948 | 830e 02eb 
  0x00007f4f95c9a95c: 0348 893e | 4881 c4a0 | 0000 005d 

  0x00007f4f95c9a968: ;   {poll_return}
  0x00007f4f95c9a968: 493b 6728 | 0f87 0c01 

  0x00007f4f95c9a970: ;   {metadata({method} {0x00007f4f4d9f3f60} 'invoke' '(Ljava/lang/Object;Ljava/lang/Object;Ljava/lang/Object;)Ljava/lang/Object;' in 'java/lang/invoke/LambdaForm$MH+0x000000004e1b5800')}
  0x00007f4f95c9a970: 0000 c349 | ba60 3f9f | 4d4f 7f00 | 004c 8954 | 2408 48c7 | 0424 ffff 

  0x00007f4f95c9a988: ;   {runtime_call C1 Runtime counter_overflow_blob}
  0x00007f4f95c9a988: ffff e8d1 

  0x00007f4f95c9a98c: ; ImmutableOopMap {rsi=Oop rdx=Oop rcx=Oop }
                      ;*synchronization entry
                      ; - java.lang.invoke.LambdaForm$MH/0x000000004e1b5800::invoke@-1
  0x00007f4f95c9a98c: 17cf 05e9 | eef5 ffff | 4889 0c24 

  0x00007f4f95c9a998: ;   {runtime_call C1 Runtime throw_class_cast_exception_blob}
  0x00007f4f95c9a998: e843 d5ce 

  0x00007f4f95c9a99c: ; ImmutableOopMap {[88]=Oop [96]=Oop }
                      ;*checkcast {reexecute=0 rethrow=0 return_oop=0}
                      ; - java.lang.invoke.LambdaForm$MH/0x000000004e1b5800::invoke@6
                      ;   {runtime_call C1 Runtime throw_null_pointer_exception_blob}
  0x00007f4f95c9a99c: 05e8 3ead 

  0x00007f4f95c9a9a0: ; ImmutableOopMap {rdx=Oop [88]=Oop [96]=Oop }
                      ;*aaload {reexecute=0 rethrow=0 return_oop=0}
                      ; - java.lang.invoke.LambdaForm$MH/0x000000004e1b5800::invoke@12
                      ;   {runtime_call C1 Runtime throw_null_pointer_exception_blob}
  0x00007f4f95c9a9a0: ce05 e839 

  0x00007f4f95c9a9a4: ; ImmutableOopMap {rdx=Oop [88]=Oop [96]=Oop }
                      ;*aaload {reexecute=0 rethrow=0 return_oop=0}
                      ; - java.lang.invoke.LambdaForm$MH/0x000000004e1b5800::invoke@12
  0x00007f4f95c9a9a4: adce 0548 | c704 2400 | 0000 0048 | 8954 2408 

  0x00007f4f95c9a9b4: ;   {runtime_call C1 Runtime throw_range_check_failed_blob}
  0x00007f4f95c9a9b4: e827 a4ce 

  0x00007f4f95c9a9b8: ; ImmutableOopMap {rdx=Oop [88]=Oop [96]=Oop }
                      ;*aaload {reexecute=0 rethrow=0 return_oop=0}
                      ; - java.lang.invoke.LambdaForm$MH/0x000000004e1b5800::invoke@12
  0x00007f4f95c9a9b8: 0548 c704 | 2401 0000 | 0048 8954 

  0x00007f4f95c9a9c4: ;   {runtime_call C1 Runtime throw_range_check_failed_blob}
  0x00007f4f95c9a9c4: 2408 e815 

  0x00007f4f95c9a9c8: ; ImmutableOopMap {rdx=Oop rdi=Oop [88]=Oop [96]=Oop }
                      ;*aaload {reexecute=0 rethrow=0 return_oop=0}
                      ; - java.lang.invoke.LambdaForm$MH/0x000000004e1b5800::invoke@16
  0x00007f4f95c9a9c8: a4ce 0548 

  0x00007f4f95c9a9cc: ;   {runtime_call C1 Runtime throw_class_cast_exception_blob}
  0x00007f4f95c9a9cc: 8934 24e8 

  0x00007f4f95c9a9d0: ; ImmutableOopMap {rdi=Oop rbx=Oop [96]=Oop }
                      ;*checkcast {reexecute=0 rethrow=0 return_oop=0}
                      ; - java.lang.invoke.LambdaForm$MH/0x000000004e1b5800::invoke@20
  0x00007f4f95c9a9d0: 0cd5 ce05 

  0x00007f4f95c9a9d4: ;   {runtime_call C1 Runtime throw_null_pointer_exception_blob}
  0x00007f4f95c9a9d4: e807 adce 

  0x00007f4f95c9a9d8: ; ImmutableOopMap {rdi=Oop rbx=Oop [96]=Oop }
                      ;*getfield argL0 {reexecute=1 rethrow=0 return_oop=0}
                      ; - (reexecute) java.lang.invoke.LambdaForm$MH/0x000000004e1b5800::invoke@23
  0x00007f4f95c9a9d8: 0548 8934 

  0x00007f4f95c9a9dc: ;   {runtime_call C1 Runtime throw_class_cast_exception_blob}
  0x00007f4f95c9a9dc: 24e8 fed4 

  0x00007f4f95c9a9e0: ; ImmutableOopMap {rdi=Oop rbx=Oop rdx=Oop }
                      ;*checkcast {reexecute=0 rethrow=0 return_oop=0}
                      ; - java.lang.invoke.LambdaForm$MH/0x000000004e1b5800::invoke@29
  0x00007f4f95c9a9e0: ce05 4889 

  0x00007f4f95c9a9e4: ;   {runtime_call C1 Runtime throw_class_cast_exception_blob}
  0x00007f4f95c9a9e4: 1424 e8f5 

  0x00007f4f95c9a9e8: ; ImmutableOopMap {rdi=Oop rbx=Oop rax=Oop }
                      ;*checkcast {reexecute=0 rethrow=0 return_oop=0}
                      ; - java.lang.invoke.LambdaForm$MH/0x000000004e1b5800::invoke@34
                      ;   {metadata({method} {0x000000004d470010} 'checkGenericType' '(Ljava/lang/invoke/MethodHandle;Ljava/lang/invoke/MethodType;)Ljava/lang/invoke/MethodHandle;' in 'java/lang/invoke/Invokers')}
  0x00007f4f95c9a9e8: d4ce 0549 | ba10 0047 | 4d00 0000 | 004c 8954 | 2408 48c7 | 0424 ffff 

  0x00007f4f95c9aa00: ;   {runtime_call C1 Runtime counter_overflow_blob}
  0x00007f4f95c9aa00: ffff e859 

  0x00007f4f95c9aa04: ; ImmutableOopMap {rdi=Oop rbx=Oop rax=Oop rcx=Oop }
                      ;*synchronization entry
                      ; - java.lang.invoke.Invokers::checkGenericType@-1 (line 541)
                      ; - java.lang.invoke.LambdaForm$MH/0x000000004e1b5800::invoke@37
  0x00007f4f95c9aa04: 17cf 05e9 | 19fa ffff 

  0x00007f4f95c9aa0c: ;   {runtime_call C1 Runtime throw_null_pointer_exception_blob}
  0x00007f4f95c9aa0c: e8cf acce 

  0x00007f4f95c9aa10: ; ImmutableOopMap {rdi=Oop rbx=Oop rax=Oop rcx=Oop }
                      ;*invokevirtual asType {reexecute=0 rethrow=0 return_oop=0}
                      ; - java.lang.invoke.Invokers::checkGenericType@2 (line 541)
                      ; - java.lang.invoke.LambdaForm$MH/0x000000004e1b5800::invoke@37
                      ;   {metadata({method} {0x000000004d4783e0} 'asType' '(Ljava/lang/invoke/MethodType;)Ljava/lang/invoke/MethodHandle;' in 'java/lang/invoke/MethodHandle')}
  0x00007f4f95c9aa10: 0549 bae0 | 8347 4d00 | 0000 004c | 8954 2408 | 48c7 0424 | ffff ffff 

  0x00007f4f95c9aa28: ;   {runtime_call C1 Runtime counter_overflow_blob}
  0x00007f4f95c9aa28: e833 17cf 

  0x00007f4f95c9aa2c: ; ImmutableOopMap {rdi=Oop rbx=Oop rax=Oop rcx=Oop }
                      ;*synchronization entry
                      ; - java.lang.invoke.MethodHandle::asType@-1 (line 865)
                      ; - java.lang.invoke.Invokers::checkGenericType@2 (line 541)
                      ; - java.lang.invoke.LambdaForm$MH/0x000000004e1b5800::invoke@37
  0x00007f4f95c9aa2c: 05e9 acfa 

  0x00007f4f95c9aa30: ;   {metadata({method} {0x000000004d46ff60} 'checkCustomized' '(Ljava/lang/invoke/MethodHandle;)V' in 'java/lang/invoke/Invokers')}
  0x00007f4f95c9aa30: ffff 49ba | 60ff 464d | 0000 0000 | 4c89 5424 | 0848 c704 | 24ff ffff 

  0x00007f4f95c9aa48: ;   {runtime_call C1 Runtime counter_overflow_blob}
  0x00007f4f95c9aa48: ffe8 1217 

  0x00007f4f95c9aa4c: ; ImmutableOopMap {rax=Oop [120]=Oop [128]=Oop }
                      ;*synchronization entry
                      ; - java.lang.invoke.Invokers::checkCustomized@-1 (line 622)
                      ; - java.lang.invoke.LambdaForm$MH/0x000000004e1b5800::invoke@44
  0x00007f4f95c9aa4c: cf05 e969 

  0x00007f4f95c9aa50: ;   {metadata({method} {0x000000004d1f59a8} 'isCompileConstant' '(Ljava/lang/Object;)Z' in 'java/lang/invoke/MethodHandleImpl')}
  0x00007f4f95c9aa50: fcff ff49 | baa8 591f | 4d00 0000 | 004c 8954 | 2408 48c7 | 0424 ffff 

  0x00007f4f95c9aa68: ;   {runtime_call C1 Runtime counter_overflow_blob}
  0x00007f4f95c9aa68: ffff e8f1 

  0x00007f4f95c9aa6c: ; ImmutableOopMap {rax=Oop [120]=Oop [128]=Oop }
                      ;*synchronization entry
                      ; - java.lang.invoke.MethodHandleImpl::isCompileConstant@-1 (line 625)
                      ; - java.lang.invoke.Invokers::checkCustomized@1 (line 622)
                      ; - java.lang.invoke.LambdaForm$MH/0x000000004e1b5800::invoke@44
  0x00007f4f95c9aa6c: 16cf 05e9 | 81fc ffff 

  0x00007f4f95c9aa74: ;   {runtime_call C1 Runtime throw_null_pointer_exception_blob}
  0x00007f4f95c9aa74: e867 acce 

  0x00007f4f95c9aa78: ; ImmutableOopMap {rax=Oop [120]=Oop [128]=Oop }
                      ;*getfield form {reexecute=1 rethrow=0 return_oop=0}
                      ; - (reexecute) java.lang.invoke.Invokers::checkCustomized@9 (line 625)
                      ; - java.lang.invoke.LambdaForm$MH/0x000000004e1b5800::invoke@44
                      ;   {runtime_call C1 Runtime throw_null_pointer_exception_blob}
  0x00007f4f95c9aa78: 05e8 62ac 

  0x00007f4f95c9aa7c: ; ImmutableOopMap {rax=Oop [120]=Oop [128]=Oop }
                      ;*getfield customized {reexecute=1 rethrow=0 return_oop=0}
                      ; - (reexecute) java.lang.invoke.Invokers::checkCustomized@12 (line 625)
                      ; - java.lang.invoke.LambdaForm$MH/0x000000004e1b5800::invoke@44
                      ;   {internal_word}
  0x00007f4f95c9aa7c: ce05 49ba | 68a9 c995 | 4f7f 0000 | 4d89 9738 

  0x00007f4f95c9aa8c: ;   {runtime_call SafepointBlob}
  0x00007f4f95c9aa8c: 0500 00e9 | cc60 c105 | 498b 87e0 | 0500 0049 | c787 e005 | 0000 0000 | 0000 49c7 | 87e8 0500 
  0x00007f4f95c9aaac: 0000 0000 | 0048 81c4 | a000 0000 

  0x00007f4f95c9aab8: ;   {runtime_call C1 Runtime unwind_exception_blob}
  0x00007f4f95c9aab8: 5de9 229d | ce05 f4f4 
[Stub Code]
  0x00007f4f95c9aac0: ;   {static_stub}
  0x00007f4f95c9aac0: 48bb 0000 | 0000 0000 

  0x00007f4f95c9aac8: ;   {runtime_call nmethod}
  0x00007f4f95c9aac8: 0000 e9fb 

  0x00007f4f95c9aacc: ;   {static_stub}
  0x00007f4f95c9aacc: ffff ff48 | bb00 0000 | 0000 0000 

  0x00007f4f95c9aad8: ;   {runtime_call nmethod}
  0x00007f4f95c9aad8: 00e9 fbff 

  0x00007f4f95c9aadc: ;   {static_stub}
  0x00007f4f95c9aadc: ffff 48bb | 0000 0000 | 0000 0000 

  0x00007f4f95c9aae8: ;   {runtime_call nmethod}
  0x00007f4f95c9aae8: e9fb ffff 

  0x00007f4f95c9aaec: ;   {static_stub}
  0x00007f4f95c9aaec: ff48 bb00 | 0000 0000 

  0x00007f4f95c9aaf4: ;   {runtime_call nmethod}
  0x00007f4f95c9aaf4: 0000 00e9 | fbff ffff 

  0x00007f4f95c9aafc: ;   {static_stub}
  0x00007f4f95c9aafc: 48bb 0000 | 0000 0000 

  0x00007f4f95c9ab04: ;   {runtime_call nmethod}
  0x00007f4f95c9ab04: 0000 e9fb 

  0x00007f4f95c9ab08: ;   {runtime_call C1 Runtime handle_exception_from_callee_blob}
  0x00007f4f95c9ab08: ffff ffe8 | d0cd ce05 

  0x00007f4f95c9ab10: ;   {external_word}
  0x00007f4f95c9ab10: 48bf 28c7 | eeb4 4f7f | 0000 4883 

  0x00007f4f95c9ab1c: ;   {runtime_call MacroAssembler::debug64(char*, long, long*)}
  0x00007f4f95c9ab1c: e4f0 e81d | e3ca 1ef4 
[Deopt Handler Code]
  0x00007f4f95c9ab24: ;   {section_word}
  0x00007f4f95c9ab24: 49ba 24ab | c995 4f7f | 0000 4152 

  0x00007f4f95c9ab30: ;   {runtime_call DeoptimizationBlob}
  0x00007f4f95c9ab30: e9ab 47c1 

  0x00007f4f95c9ab34: ;   {section_word}
  0x00007f4f95c9ab34: 0549 ba35 | abc9 954f | 7f00 0041 

  0x00007f4f95c9ab40: ;   {runtime_call DeoptimizationBlob}
  0x00007f4f95c9ab40: 52e9 9a47 | c105 f4f4 
[/MachCode]


Compiled method (c1) 19660 9099       3       java.lang.invoke.MethodHandle::invokeWithArguments (32 bytes)
 total in heap  [0x00007f4f9460a788,0x00007f4f9460b1e8] = 2656
 main code      [0x00007f4f9460a880,0x00007f4f9460b128] = 2216
 stub code      [0x00007f4f9460b128,0x00007f4f9460b1e0] = 184
 oops           [0x00007f4f9460b1e0,0x00007f4f9460b1e8] = 8
 mutable data [0x00007f4f04071070,0x00007f4f040711d0] = 352
 relocation     [0x00007f4f04071070,0x00007f4f04071180] = 272
 metadata       [0x00007f4f04071180,0x00007f4f040711d0] = 80
 immutable data [0x00007f4f0407d970,0x00007f4f0407dc68] = 760
 dependencies   [0x00007f4f0407d970,0x00007f4f0407d988] = 24
 nul chk table  [0x00007f4f0407d988,0x00007f4f0407d9c0] = 56
 scopes pcs     [0x00007f4f0407d9c0,0x00007f4f0407db30] = 368
 scopes data    [0x00007f4f0407db30,0x00007f4f0407dc68] = 312

[Constant Pool (empty)]

[MachCode]
[Instructions begin]
  0x00007f4f9460a880: 6666 660f | 1f84 0000 | 0000 0066 | 6666 9066 | 6690 448b | 5608 443b 

  0x00007f4f9460a898: ;   {runtime_call Shared Runtime ic_miss_blob}
  0x00007f4f9460a898: 5008 0f85 | 402d 2a07 
[Verified Entry Point]
  0x00007f4f9460a8a0: 8984 2400 | c0fe ff55 | 4881 eca0 | 0000 0090 | 4181 7f20 | 0500 0000 

  0x00007f4f9460a8b8: ;   {runtime_call Stub::method_entry_barrier}
  0x00007f4f9460a8b8: 7405 e801 | cd28 0748 | 8974 2468 | 4889 5424 

  0x00007f4f9460a8c8: ;   {metadata(method data for {method} {0x000000004d1eedc0} 'invokeWithArguments' '([Ljava/lang/Object;)Ljava/lang/Object;' in 'java/lang/invoke/MethodHandle')}
  0x00007f4f9460a8c8: 7048 bf60 | c3b4 4d4f | 7f00 008b | 9f90 0000 | 0083 c302 | 899f 9000 | 0000 81e3 | fe07 0000 
  0x00007f4f9460a8e8: 85db 0f84 | ec06 0000 

  0x00007f4f9460a8f0: ;   {metadata(method data for {method} {0x000000004d1eedc0} 'invokeWithArguments' '([Ljava/lang/Object;)Ljava/lang/Object;' in 'java/lang/invoke/MethodHandle')}
  0x00007f4f9460a8f0: 4885 d248 | bf60 c3b4 | 4d4f 7f00 | 00bb d800 | 0000 7505 | bbe8 0000 | 0048 8b04 | 1f48 8d40 
  0x00007f4f9460a910: 0148 8904 | 1f0f 851a 

  0x00007f4f9460a918: ;   {metadata(method data for {method} {0x000000004d1eedc0} 'invokeWithArguments' '([Ljava/lang/Object;)Ljava/lang/Object;' in 'java/lang/invoke/MethodHandle')}
  0x00007f4f9460a918: 0000 0048 | bf60 c3b4 | 4d4f 7f00 | 00ff 87f8 | 0000 00bf | 0000 0000 | e903 0000 | 008b 7a0c 
  0x00007f4f9460a938: ;   {metadata(method data for {method} {0x000000004d1eedc0} 'invokeWithArguments' '([Ljava/lang/Object;)Ljava/lang/Object;' in 'java/lang/invoke/MethodHandle')}
  0x00007f4f9460a938: 48bb 60c3 | b44d 4f7f | 0000 4883 | 8310 0100 

  0x00007f4f9460a948: ;   {metadata(method data for {method} {0x000000004d4775b8} 'genericMethodType' '(I)Ljava/lang/invoke/MethodType;' in 'java/lang/invoke/MethodType')}
  0x00007f4f9460a948: 0001 48bb | b863 0f4d | 4f7f 0000 | 8b83 9000 | 0000 83c0 | 0289 8390 | 0000 0025 | feff 1f00 
  0x00007f4f9460a968: 85c0 0f84 | 9206 0000 

  0x00007f4f9460a970: ;   {metadata(method data for {method} {0x000000004d4775b8} 'genericMethodType' '(I)Ljava/lang/invoke/MethodType;' in 'java/lang/invoke/MethodType')}
  0x00007f4f9460a970: 48bb b863 | 0f4d 4f7f | 0000 4883 | 83d8 0000 | 0001 488b | f7ba 0000 | 0000 0f1f 

  0x00007f4f9460a98c: ;   {static_call}
  0x00007f4f9460a98c: 4400 00e8 

  0x00007f4f9460a990: ; ImmutableOopMap {[104]=Oop [112]=Oop }
                      ;*invokestatic genericMethodType {reexecute=0 rethrow=0 return_oop=0}
                      ; - java.lang.invoke.MethodType::genericMethodType@2 (line 455)
                      ; - java.lang.invoke.MethodHandle::invokeWithArguments@10 (line 734)
  0x00007f4f9460a990: ecad ec07 

  0x00007f4f9460a994: ;   {post_call_nop}
  0x00007f4f9460a994: 0f1f 8400 | 0c02 0000 | 4889 4424 | 7848 3b00 

  0x00007f4f9460a9a4: ;   {metadata(method data for {method} {0x000000004d1eedc0} 'invokeWithArguments' '([Ljava/lang/Object;)Ljava/lang/Object;' in 'java/lang/invoke/MethodHandle')}
  0x00007f4f9460a9a4: 488b f048 | bf60 c3b4 | 4d4f 7f00 | 008b 7608 | 41ba 0000 | 004d 4903 | f248 3bb7 | 2801 0000 
  0x00007f4f9460a9c4: 750d 4883 | 8730 0100 | 0001 e960 | 0000 0048 | 3bb7 3801 | 0000 750d | 4883 8740 | 0100 0001 
  0x00007f4f9460a9e4: e94a 0000 | 0048 83bf | 2801 0000 | 0075 1748 | 89b7 2801 | 0000 48c7 | 8730 0100 | 0001 0000 
  0x00007f4f9460aa04: 00e9 2900 | 0000 4883 | bf38 0100 | 0000 7517 | 4889 b738 | 0100 0048 | c787 4001 | 0000 0100 
  0x00007f4f9460aa24: 0000 e908 | 0000 0048 | 8387 2001 | 0000 0148 

  0x00007f4f9460aa34: ;   {optimized virtual_call}
  0x00007f4f9460aa34: 8bf0 90e8 

  0x00007f4f9460aa38: ; ImmutableOopMap {[104]=Oop [112]=Oop [120]=Oop }
                      ;*invokevirtual invokers {reexecute=0 rethrow=0 return_oop=0}
                      ; - java.lang.invoke.MethodHandle::invokeWithArguments@15 (line 735)
  0x00007f4f9460aa38: d426 f507 

  0x00007f4f9460aa3c: ;   {post_call_nop}
  0x00007f4f9460aa3c: 0f1f 8400 | b402 0001 

  0x00007f4f9460aa44: ; implicit exception: dispatches to 0x00007f4f9460b028
  0x00007f4f9460aa44: 483b 0048 

  0x00007f4f9460aa48: ;   {metadata(method data for {method} {0x000000004d1eedc0} 'invokeWithArguments' '([Ljava/lang/Object;)Ljava/lang/Object;' in 'java/lang/invoke/MethodHandle')}
  0x00007f4f9460aa48: 8bd0 48be | 60c3 b44d | 4f7f 0000 | 4883 8660 | 0100 0001 | ba00 0000 | 0048 8bf0 

  0x00007f4f9460aa64: ;   {optimized virtual_call}
  0x00007f4f9460aa64: 6666 90e8 

  0x00007f4f9460aa68: ; ImmutableOopMap {[104]=Oop [112]=Oop [120]=Oop }
                      ;*invokevirtual spreadInvoker {reexecute=0 rethrow=0 return_oop=0}
                      ; - java.lang.invoke.MethodHandle::invokeWithArguments@19 (line 735)
  0x00007f4f9460aa68: a4c1 fb07 

  0x00007f4f9460aa6c: ;   {post_call_nop}
  0x00007f4f9460aa6c: 0f1f 8400 | e402 0002 | 4889 8424 | 8000 0000 | 488b 7424 

  0x00007f4f9460aa80: ;   {metadata(method data for {method} {0x000000004d1eedc0} 'invokeWithArguments' '([Ljava/lang/Object;)Ljava/lang/Object;' in 'java/lang/invoke/MethodHandle')}
  0x00007f4f9460aa80: 6848 ba60 | c3b4 4d4f | 7f00 008b | 7608 41ba | 0000 004d | 4903 f248 | 3bb2 8801 | 0000 750d 
  0x00007f4f9460aaa0: 4883 8290 | 0100 0001 | e960 0000 | 0048 3bb2 | 9801 0000 | 750d 4883 | 82a0 0100 | 0001 e94a 
  0x00007f4f9460aac0: 0000 0048 | 83ba 8801 | 0000 0075 | 1748 89b2 | 8801 0000 | 48c7 8290 | 0100 0001 | 0000 00e9 
  0x00007f4f9460aae0: 2900 0000 | 4883 ba98 | 0100 0000 | 7517 4889 | b298 0100 | 0048 c782 | a001 0000 | 0100 0000 
  0x00007f4f9460ab00: e908 0000 | 0048 8382 | 8001 0000 

  0x00007f4f9460ab0c: ;   {metadata(method data for {method} {0x000000004d4783e0} 'asType' '(Ljava/lang/invoke/MethodType;)Ljava/lang/invoke/MethodHandle;' in 'java/lang/invoke/MethodHandle')}
  0x00007f4f9460ab0c: 0148 ba68 | 0a25 4c4f | 7f00 008b | b290 0000 | 0083 c602 | 89b2 9000 | 0000 81e6 | feff 1f00 
  0x00007f4f9460ab2c: 85f6 0f84 | f904 0000 | 488b 7424 | 688b 5610 | 48c1 e203 | 488b 7c24 | 7848 3bfa 

  0x00007f4f9460ab48: ;   {metadata(method data for {method} {0x000000004d4783e0} 'asType' '(Ljava/lang/invoke/MethodType;)Ljava/lang/invoke/MethodHandle;' in 'java/lang/invoke/MethodHandle')}
  0x00007f4f9460ab48: 48ba 680a | 254c 4f7f | 0000 bbe8 | 0000 0074 | 05bb d800 | 0000 488b | 0c1a 488d | 4901 4889 
  0x00007f4f9460ab68: 0c1a 0f84 | a700 0000 

  0x00007f4f9460ab70: ;   {metadata(method data for {method} {0x000000004d4783e0} 'asType' '(Ljava/lang/invoke/MethodType;)Ljava/lang/invoke/MethodHandle;' in 'java/lang/invoke/MethodHandle')}
  0x00007f4f9460ab70: 488b d648 | bb68 0a25 | 4c4f 7f00 | 0048 8383 | f800 0000 | 0148 8bd7 | 488b de48 

  0x00007f4f9460ab8c: ;   {optimized virtual_call}
  0x00007f4f9460ab8c: 8bf3 90e8 

  0x00007f4f9460ab90: ; ImmutableOopMap {[104]=Oop [112]=Oop [120]=Oop [128]=Oop }
                      ;*invokevirtual asTypeCached {reexecute=0 rethrow=0 return_oop=0}
                      ; - java.lang.invoke.MethodHandle::asType@12 (line 869)
                      ; - java.lang.invoke.MethodHandle::invokeWithArguments@24 (line 735)
  0x00007f4f9460ab90: fc30 f207 

  0x00007f4f9460ab94: ;   {post_call_nop}
  0x00007f4f9460ab94: 0f1f 8400 | 0c04 0003 

  0x00007f4f9460ab9c: ;   {metadata(method data for {method} {0x000000004d4783e0} 'asType' '(Ljava/lang/invoke/MethodType;)Ljava/lang/invoke/MethodHandle;' in 'java/lang/invoke/MethodHandle')}
  0x00007f4f9460ab9c: 4885 c048 | ba68 0a25 | 4c4f 7f00 | 00be 2801 | 0000 7405 | be38 0100 | 0048 8b3c | 3248 8d7f 
  0x00007f4f9460abbc: 0148 893c | 320f 8410 | 0000 0048 | 8bf0 488b | 8424 8000 | 0000 e940 | 0000 0048 | 8b44 2478 
  0x00007f4f9460abdc: 488b 7424 | 6848 8bd6 

  0x00007f4f9460abe4: ;   {metadata(method data for {method} {0x000000004d4783e0} 'asType' '(Ljava/lang/invoke/MethodType;)Ljava/lang/invoke/MethodHandle;' in 'java/lang/invoke/MethodHandle')}
  0x00007f4f9460abe4: 48bf 680a | 254c 4f7f | 0000 4883 | 8748 0100 | 0001 488b | d066 0f1f 

  0x00007f4f9460abfc: ;   {optimized virtual_call}
  0x00007f4f9460abfc: 4400 00e8 

  0x00007f4f9460ac00: ; ImmutableOopMap {[112]=Oop [128]=Oop }
                      ;*invokevirtual setAsTypeCache {reexecute=0 rethrow=0 return_oop=0}
                      ; - java.lang.invoke.MethodHandle::asType@24 (line 873)
                      ; - java.lang.invoke.MethodHandle::invokeWithArguments@24 (line 735)
  0x00007f4f9460ac00: 8cce f307 

  0x00007f4f9460ac04: ;   {post_call_nop}
  0x00007f4f9460ac04: 0f1f 8400 | 7c04 0004 | 488b f048 | 8b84 2480 

  0x00007f4f9460ac14: ;   {metadata(method data for {method} {0x000000004d1eedc0} 'invokeWithArguments' '([Ljava/lang/Object;)Ljava/lang/Object;' in 'java/lang/invoke/MethodHandle')}
  0x00007f4f9460ac14: 0000 0048 | bf60 c3b4 | 4d4f 7f00 | 0048 8dbf | e001 0000 | 4885 f675 | 0cf6 4708 | 0175 06f0 
  0x00007f4f9460ac34: 4883 4f08 

  0x00007f4f9460ac38: ;   {metadata(method data for {method} {0x000000004d209c78} 'invokeExact_MT' '(Ljava/lang/Object;Ljava/lang/Object;Ljava/lang/Object;Ljava/lang/Object;)Ljava/lang/Object;' in 'java/lang/invoke/Invokers$Holder')}
  0x00007f4f9460ac38: 0148 bf10 | df0b 4d4f | 7f00 0048 | 8dbf 6802 | 0000 4885 | c075 0af6 | 0701 7505 | f048 830f 
  0x00007f4f9460ac58: ;   {metadata(method data for {method} {0x000000004d1eedc0} 'invokeWithArguments' '([Ljava/lang/Object;)Ljava/lang/Object;' in 'java/lang/invoke/MethodHandle')}
  0x00007f4f9460ac58: 0148 bf60 | c3b4 4d4f | 7f00 0048 | 8387 b001 

  0x00007f4f9460ac68: ;   {metadata(method data for {method} {0x000000004d209c78} 'invokeExact_MT' '(Ljava/lang/Object;Ljava/lang/Object;Ljava/lang/Object;Ljava/lang/Object;)Ljava/lang/Object;' in 'java/lang/invoke/Invokers$Holder')}
  0x00007f4f9460ac68: 0000 0148 | bf10 df0b | 4d4f 7f00 | 008b 9f90 | 0000 0083 | c302 899f | 9000 0000 | 81e3 feff 
  0x00007f4f9460ac88: 1f00 85db | 0f84 bc03 

  0x00007f4f9460ac90: ;   {metadata(method data for {method} {0x000000004d209c78} 'invokeExact_MT' '(Ljava/lang/Object;Ljava/lang/Object;Ljava/lang/Object;Ljava/lang/Object;)Ljava/lang/Object;' in 'java/lang/invoke/Invokers$Holder')}
  0x00007f4f9460ac90: 0000 48bf | 10df 0b4d | 4f7f 0000 | 488d bf48 | 0100 0048 | 85c0 750c | f647 0801 | 7506 f048 
  0x00007f4f9460acb0: 834f 0801 

  0x00007f4f9460acb4: ;   {metadata(method data for {method} {0x000000004d209c78} 'invokeExact_MT' '(Ljava/lang/Object;Ljava/lang/Object;Ljava/lang/Object;Ljava/lang/Object;)Ljava/lang/Object;' in 'java/lang/invoke/Invokers$Holder')}
  0x00007f4f9460acb4: 48bf 10df | 0b4d 4f7f | 0000 4883 | 8738 0100 

  0x00007f4f9460acc4: ;   {metadata(method data for {method} {0x000000004d470068} 'checkExactType' '(Ljava/lang/invoke/MethodHandle;Ljava/lang/invoke/MethodType;)V' in 'java/lang/invoke/Invokers')}
  0x00007f4f9460acc4: 0001 48bf | 785b 2a4c | 4f7f 0000 | 8b9f 9000 | 0000 83c3 | 0289 9f90 | 0000 0081 | e3fe ff1f 
  0x00007f4f9460ace4: 0085 db0f | 8482 0300 | 0048 3b00 

  0x00007f4f9460acf0: ;   {metadata(method data for {method} {0x000000004d470068} 'checkExactType' '(Ljava/lang/invoke/MethodHandle;Ljava/lang/invoke/MethodType;)V' in 'java/lang/invoke/Invokers')}
  0x00007f4f9460acf0: 488b f848 | bb78 5b2a | 4c4f 7f00 | 008b 7f08 | 41ba 0000 | 004d 4903 | fa48 3bbb | e000 0000 
  0x00007f4f9460ad10: 750d 4883 | 83e8 0000 | 0001 e960 | 0000 0048 | 3bbb f000 | 0000 750d | 4883 83f8 | 0000 0001 
  0x00007f4f9460ad30: e94a 0000 | 0048 83bb | e000 0000 | 0075 1748 | 89bb e000 | 0000 48c7 | 83e8 0000 | 0001 0000 
  0x00007f4f9460ad50: 00e9 2900 | 0000 4883 | bbf0 0000 | 0000 7517 | 4889 bbf0 | 0000 0048 | c783 f800 | 0000 0100 
  0x00007f4f9460ad70: 0000 e908 | 0000 0048 | 8383 d800 | 0000 018b | 7810 48c1 

  0x00007f4f9460ad84: ;   {oop(a 'java/lang/invoke/MethodType'{0x000000041b800800} = (Ljava/lang/invoke/MethodHandle;[Ljava/lang/Object;)Ljava/lang/Object;)}
  0x00007f4f9460ad84: e703 48bb | 0008 801b | 0400 0000 

  0x00007f4f9460ad90: ;   {metadata(method data for {method} {0x000000004d470068} 'checkExactType' '(Ljava/lang/invoke/MethodHandle;Ljava/lang/invoke/MethodType;)V' in 'java/lang/invoke/Invokers')}
  0x00007f4f9460ad90: 483b fb48 | bb78 5b2a | 4c4f 7f00 | 00ba 1801 | 0000 7505 | ba08 0100 | 0048 8b0c | 1348 8d49 
  0x00007f4f9460adb0: 0148 890c | 130f 85dc 

  0x00007f4f9460adb8: ;   {metadata(method data for {method} {0x000000004d209c78} 'invokeExact_MT' '(Ljava/lang/Object;Ljava/lang/Object;Ljava/lang/Object;Ljava/lang/Object;)Ljava/lang/Object;' in 'java/lang/invoke/Invokers$Holder')}
  0x00007f4f9460adb8: 0100 0048 | bf10 df0b | 4d4f 7f00 | 0048 8387 | 7001 0000 

  0x00007f4f9460adcc: ;   {metadata(method data for {method} {0x000000004d46ff60} 'checkCustomized' '(Ljava/lang/invoke/MethodHandle;)V' in 'java/lang/invoke/Invokers')}
  0x00007f4f9460adcc: 0148 bfb8 | 5e2a 4c4f | 7f00 008b | 9f90 0000 | 0083 c302 | 899f 9000 | 0000 81e3 | feff 1f00 
  0x00007f4f9460adec: 85db 0f84 | a102 0000 

  0x00007f4f9460adf4: ;   {metadata(method data for {method} {0x000000004d46ff60} 'checkCustomized' '(Ljava/lang/invoke/MethodHandle;)V' in 'java/lang/invoke/Invokers')}
  0x00007f4f9460adf4: 48bf b85e | 2a4c 4f7f | 0000 4883 | 87d8 0000 

  0x00007f4f9460ae04: ;   {metadata(method data for {method} {0x000000004d1f59a8} 'isCompileConstant' '(Ljava/lang/Object;)Z' in 'java/lang/invoke/MethodHandleImpl')}
  0x00007f4f9460ae04: 0001 48bf | c063 2a4c | 4f7f 0000 | 8b9f 9000 | 0000 83c3 | 0289 9f90 | 0000 0081 | e3fe ff1f 
  0x00007f4f9460ae24: 0085 db0f | 8489 0200 

  0x00007f4f9460ae2c: ;   {metadata(method data for {method} {0x000000004d46ff60} 'checkCustomized' '(Ljava/lang/invoke/MethodHandle;)V' in 'java/lang/invoke/Invokers')}
  0x00007f4f9460ae2c: 0048 bfb8 | 5e2a 4c4f | 7f00 00ff | 87e8 0000 | 008b 7814 | 48c1 e703 

  0x00007f4f9460ae44: ; implicit exception: dispatches to 0x00007f4f9460b0d7
  0x00007f4f9460ae44: 8b7f 1c48 | c1e7 0348 

  0x00007f4f9460ae4c: ;   {metadata(method data for {method} {0x000000004d46ff60} 'checkCustomized' '(Ljava/lang/invoke/MethodHandle;)V' in 'java/lang/invoke/Invokers')}
  0x00007f4f9460ae4c: 85ff 48bf | b85e 2a4c | 4f7f 0000 | bb08 0100 | 0075 05bb | 1801 0000 | 488b 141f | 488d 5201 
  0x00007f4f9460ae6c: 4889 141f | 4889 b424 | 8800 0000 | 0f85 2600 

  0x00007f4f9460ae7c: ;   {metadata(method data for {method} {0x000000004d46ff60} 'checkCustomized' '(Ljava/lang/invoke/MethodHandle;)V' in 'java/lang/invoke/Invokers')}
  0x00007f4f9460ae7c: 0000 48bf | b85e 2a4c | 4f7f 0000 | 4883 8728 | 0100 0001 | 488b f00f 

  0x00007f4f9460ae94: ;   {static_call}
  0x00007f4f9460ae94: 1f40 00e8 

  0x00007f4f9460ae98: ; ImmutableOopMap {[112]=Oop [128]=Oop [136]=Oop }
                      ;*invokestatic maybeCustomize {reexecute=0 rethrow=0 return_oop=0}
                      ; - java.lang.invoke.Invokers::checkCustomized@19 (line 626)
                      ; - java.lang.invoke.Invokers$Holder::invokeExact_MT@14
                      ; - java.lang.invoke.MethodHandle::invokeWithArguments@28 (line 735)
  0x00007f4f9460ae98: 64de ef07 

  0x00007f4f9460ae9c: ;   {post_call_nop}
  0x00007f4f9460ae9c: 0f1f 8400 | 1407 0005 | 488b 5424 

  0x00007f4f9460aea8: ;   {metadata(method data for {method} {0x000000004d209c78} 'invokeExact_MT' '(Ljava/lang/Object;Ljava/lang/Object;Ljava/lang/Object;Ljava/lang/Object;)Ljava/lang/Object;' in 'java/lang/invoke/Invokers$Holder')}
  0x00007f4f9460aea8: 7048 b910 | df0b 4d4f | 7f00 0048 | 8d89 c801 | 0000 4885 | d275 0cf6 | 4118 0175 | 06f0 4883 
  0x00007f4f9460aec8: 4918 0148 | 8b84 2480 

  0x00007f4f9460aed0: ;   {metadata(method data for {method} {0x000000004d209c78} 'invokeExact_MT' '(Ljava/lang/Object;Ljava/lang/Object;Ljava/lang/Object;Ljava/lang/Object;)Ljava/lang/Object;' in 'java/lang/invoke/Invokers$Holder')}
  0x00007f4f9460aed0: 0000 0048 | b910 df0b | 4d4f 7f00 | 008b 4008 | 41ba 0000 | 004d 4903 | c248 3b81 | a001 0000 
  0x00007f4f9460aef0: 750d 4883 | 81a8 0100 | 0001 e960 | 0000 0048 | 3b81 b001 | 0000 750d | 4883 81b8 | 0100 0001 
  0x00007f4f9460af10: e94a 0000 | 0048 83b9 | a001 0000 | 0075 1748 | 8981 a001 | 0000 48c7 | 81a8 0100 | 0001 0000 
  0x00007f4f9460af30: 00e9 2900 | 0000 4883 | b9b0 0100 | 0000 7517 | 4889 81b0 | 0100 0048 | c781 b801 | 0000 0100 
  0x00007f4f9460af50: 0000 e908 | 0000 0048 | 8381 9801 | 0000 0148 | 8bda 488b | 9424 8800 | 0000 488b | cb48 8bb4 
  0x00007f4f9460af70: 2480 0000 

  0x00007f4f9460af74: ;   {optimized virtual_call}
  0x00007f4f9460af74: 0066 90e8 

  0x00007f4f9460af78: ; ImmutableOopMap {}
                      ;*invokevirtual invokeBasic {reexecute=0 rethrow=0 return_oop=0}
                      ; - java.lang.invoke.Invokers$Holder::invokeExact_MT@20
                      ; - java.lang.invoke.MethodHandle::invokeWithArguments@28 (line 735)
  0x00007f4f9460af78: 04f3 9a07 

  0x00007f4f9460af7c: ;   {post_call_nop}
  0x00007f4f9460af7c: 0f1f 8400 | f407 0006 | 4881 c4a0 | 0000 005d 

  0x00007f4f9460af8c: ;   {poll_return}
  0x00007f4f9460af8c: 493b 6728 | 0f87 4601 | 0000 c348 | 89b4 2488 

  0x00007f4f9460af9c: ;   {metadata(method data for {method} {0x000000004d470068} 'checkExactType' '(Ljava/lang/invoke/MethodHandle;Ljava/lang/invoke/MethodType;)V' in 'java/lang/invoke/Invokers')}
  0x00007f4f9460af9c: 0000 0048 | bb78 5b2a | 4c4f 7f00 | 0048 8383 | 2801 0000 

  0x00007f4f9460afb0: ;   {oop(a 'java/lang/invoke/MethodType'{0x000000041b800800} = (Ljava/lang/invoke/MethodHandle;[Ljava/lang/Object;)Ljava/lang/Object;)}
  0x00007f4f9460afb0: 0148 bb00 | 0880 1b04 | 0000 0048 | 8bf7 488b | d366 0f1f 

  0x00007f4f9460afc4: ;   {static_call}
  0x00007f4f9460afc4: 4400 00e8 

  0x00007f4f9460afc8: ; ImmutableOopMap {[112]=Oop [128]=Oop [136]=Oop }
                      ;*invokestatic newWrongMethodTypeException {reexecute=0 rethrow=0 return_oop=0}
                      ; - java.lang.invoke.Invokers::checkExactType@12 (line 531)
                      ; - java.lang.invoke.Invokers$Holder::invokeExact_MT@10
                      ; - java.lang.invoke.MethodHandle::invokeWithArguments@28 (line 735)
  0x00007f4f9460afc8: 1435 2a07 

  0x00007f4f9460afcc: ;   {post_call_nop}
  0x00007f4f9460afcc: 0f1f 8400 | 4408 0007 

  0x00007f4f9460afd4: ; implicit exception: dispatches to 0x00007f4f9460b0f2
  0x00007f4f9460afd4: 483b 00e9 | 3801 0000 

  0x00007f4f9460afdc: ;   {metadata({method} {0x000000004d1eedc0} 'invokeWithArguments' '([Ljava/lang/Object;)Ljava/lang/Object;' in 'java/lang/invoke/MethodHandle')}
  0x00007f4f9460afdc: 49ba c0ed | 1e4d 0000 | 0000 4c89 | 5424 0848 | c704 24ff 

  0x00007f4f9460aff0: ;   {runtime_call C1 Runtime counter_overflow_blob}
  0x00007f4f9460aff0: ffff ffe8 

  0x00007f4f9460aff4: ; ImmutableOopMap {rsi=Oop rdx=Oop [104]=Oop [112]=Oop }
                      ;*synchronization entry
                      ; - java.lang.invoke.MethodHandle::invokeWithArguments@-1 (line 734)
  0x00007f4f9460aff4: 6811 3807 | e9f3 f8ff 

  0x00007f4f9460affc: ;   {runtime_call C1 Runtime throw_null_pointer_exception_blob}
  0x00007f4f9460affc: ffe8 dea6 

  0x00007f4f9460b000: ; ImmutableOopMap {rsi=Oop rdx=Oop [104]=Oop [112]=Oop }
                      ;*arraylength {reexecute=0 rethrow=0 return_oop=0}
                      ; - java.lang.invoke.MethodHandle::invokeWithArguments@9 (line 734)
                      ;   {metadata({method} {0x000000004d4775b8} 'genericMethodType' '(I)Ljava/lang/invoke/MethodType;' in 'java/lang/invoke/MethodType')}
  0x00007f4f9460b000: 3707 49ba | b875 474d | 0000 0000 | 4c89 5424 | 0848 c704 | 24ff ffff 

  0x00007f4f9460b018: ;   {runtime_call C1 Runtime counter_overflow_blob}
  0x00007f4f9460b018: ffe8 4211 

  0x00007f4f9460b01c: ; ImmutableOopMap {[104]=Oop [112]=Oop }
                      ;*synchronization entry
                      ; - java.lang.invoke.MethodType::genericMethodType@-1 (line 455)
                      ; - java.lang.invoke.MethodHandle::invokeWithArguments@10 (line 734)
  0x00007f4f9460b01c: 3807 e94d 

  0x00007f4f9460b020: ;   {runtime_call C1 Runtime throw_null_pointer_exception_blob}
  0x00007f4f9460b020: f9ff ffe8 

  0x00007f4f9460b024: ; ImmutableOopMap {rax=Oop [104]=Oop [112]=Oop [120]=Oop }
                      ;*invokevirtual invokers {reexecute=0 rethrow=0 return_oop=0}
                      ; - java.lang.invoke.MethodHandle::invokeWithArguments@15 (line 735)
  0x00007f4f9460b024: b8a6 3707 

  0x00007f4f9460b028: ;   {runtime_call C1 Runtime throw_null_pointer_exception_blob}
  0x00007f4f9460b028: e8b3 a637 

  0x00007f4f9460b02c: ; ImmutableOopMap {rax=Oop [104]=Oop [112]=Oop [120]=Oop }
                      ;*invokevirtual spreadInvoker {reexecute=0 rethrow=0 return_oop=0}
                      ; - java.lang.invoke.MethodHandle::invokeWithArguments@19 (line 735)
                      ;   {metadata({method} {0x000000004d4783e0} 'asType' '(Ljava/lang/invoke/MethodType;)Ljava/lang/invoke/MethodHandle;' in 'java/lang/invoke/MethodHandle')}
  0x00007f4f9460b02c: 0749 bae0 | 8347 4d00 | 0000 004c | 8954 2408 | 48c7 0424 | ffff ffff 

  0x00007f4f9460b044: ;   {runtime_call C1 Runtime counter_overflow_blob}
  0x00007f4f9460b044: e817 1138 

  0x00007f4f9460b048: ; ImmutableOopMap {rax=Oop [104]=Oop [112]=Oop [120]=Oop [128]=Oop }
                      ;*synchronization entry
                      ; - java.lang.invoke.MethodHandle::asType@-1 (line 865)
                      ; - java.lang.invoke.MethodHandle::invokeWithArguments@24 (line 735)
  0x00007f4f9460b048: 07e9 e6fa 

  0x00007f4f9460b04c: ;   {metadata({method} {0x000000004d209c78} 'invokeExact_MT' '(Ljava/lang/Object;Ljava/lang/Object;Ljava/lang/Object;Ljava/lang/Object;)Ljava/lang/Object;' in 'java/lang/invoke/Invokers$Holder')}
  0x00007f4f9460b04c: ffff 49ba | 789c 204d | 0000 0000 | 4c89 5424 | 0848 c704 | 24ff ffff 

  0x00007f4f9460b064: ;   {runtime_call C1 Runtime counter_overflow_blob}
  0x00007f4f9460b064: ffe8 f610 

  0x00007f4f9460b068: ; ImmutableOopMap {rsi=Oop rax=Oop [112]=Oop [128]=Oop }
                      ;*synchronization entry
                      ; - java.lang.invoke.Invokers$Holder::invokeExact_MT@-1
                      ; - java.lang.invoke.MethodHandle::invokeWithArguments@28 (line 735)
  0x00007f4f9460b068: 3807 e923 

  0x00007f4f9460b06c: ;   {metadata({method} {0x000000004d470068} 'checkExactType' '(Ljava/lang/invoke/MethodHandle;Ljava/lang/invoke/MethodType;)V' in 'java/lang/invoke/Invokers')}
  0x00007f4f9460b06c: fcff ff49 | ba68 0047 | 4d00 0000 | 004c 8954 | 2408 48c7 | 0424 ffff 

  0x00007f4f9460b084: ;   {runtime_call C1 Runtime counter_overflow_blob}
  0x00007f4f9460b084: ffff e8d5 

  0x00007f4f9460b088: ; ImmutableOopMap {rsi=Oop rax=Oop [112]=Oop [128]=Oop }
                      ;*synchronization entry
                      ; - java.lang.invoke.Invokers::checkExactType@-1 (line 529)
                      ; - java.lang.invoke.Invokers$Holder::invokeExact_MT@10
                      ; - java.lang.invoke.MethodHandle::invokeWithArguments@28 (line 735)
  0x00007f4f9460b088: 1038 07e9 | 5dfc ffff 

  0x00007f4f9460b090: ;   {runtime_call C1 Runtime throw_null_pointer_exception_blob}
  0x00007f4f9460b090: e84b a637 

  0x00007f4f9460b094: ; ImmutableOopMap {rsi=Oop rax=Oop [112]=Oop [128]=Oop }
                      ;*invokevirtual type {reexecute=0 rethrow=0 return_oop=0}
                      ; - java.lang.invoke.Invokers::checkExactType@1 (line 529)
                      ; - java.lang.invoke.Invokers$Holder::invokeExact_MT@10
                      ; - java.lang.invoke.MethodHandle::invokeWithArguments@28 (line 735)
                      ;   {metadata({method} {0x000000004d46ff60} 'checkCustomized' '(Ljava/lang/invoke/MethodHandle;)V' in 'java/lang/invoke/Invokers')}
  0x00007f4f9460b094: 0749 ba60 | ff46 4d00 | 0000 004c | 8954 2408 | 48c7 0424 | ffff ffff 

  0x00007f4f9460b0ac: ;   {runtime_call C1 Runtime counter_overflow_blob}
  0x00007f4f9460b0ac: e8af 1038 

  0x00007f4f9460b0b0: ; ImmutableOopMap {rsi=Oop rax=Oop [112]=Oop [128]=Oop }
                      ;*synchronization entry
                      ; - java.lang.invoke.Invokers::checkCustomized@-1 (line 622)
                      ; - java.lang.invoke.Invokers$Holder::invokeExact_MT@14
                      ; - java.lang.invoke.MethodHandle::invokeWithArguments@28 (line 735)
  0x00007f4f9460b0b0: 07e9 3efd 

  0x00007f4f9460b0b4: ;   {metadata({method} {0x000000004d1f59a8} 'isCompileConstant' '(Ljava/lang/Object;)Z' in 'java/lang/invoke/MethodHandleImpl')}
  0x00007f4f9460b0b4: ffff 49ba | a859 1f4d | 0000 0000 | 4c89 5424 | 0848 c704 | 24ff ffff 

  0x00007f4f9460b0cc: ;   {runtime_call C1 Runtime counter_overflow_blob}
  0x00007f4f9460b0cc: ffe8 8e10 

  0x00007f4f9460b0d0: ; ImmutableOopMap {rsi=Oop rax=Oop [112]=Oop [128]=Oop }
                      ;*synchronization entry
                      ; - java.lang.invoke.MethodHandleImpl::isCompileConstant@-1 (line 625)
                      ; - java.lang.invoke.Invokers::checkCustomized@1 (line 622)
                      ; - java.lang.invoke.Invokers$Holder::invokeExact_MT@14
                      ; - java.lang.invoke.MethodHandle::invokeWithArguments@28 (line 735)
  0x00007f4f9460b0d0: 3807 e956 

  0x00007f4f9460b0d4: ;   {runtime_call C1 Runtime throw_null_pointer_exception_blob}
  0x00007f4f9460b0d4: fdff ffe8 

  0x00007f4f9460b0d8: ; ImmutableOopMap {rsi=Oop rax=Oop [112]=Oop [128]=Oop }
                      ;*getfield customized {reexecute=1 rethrow=0 return_oop=0}
                      ; - (reexecute) java.lang.invoke.Invokers::checkCustomized@12 (line 625)
                      ; - java.lang.invoke.Invokers$Holder::invokeExact_MT@14
                      ; - java.lang.invoke.MethodHandle::invokeWithArguments@28 (line 735)
  0x00007f4f9460b0d8: 04a6 3707 

  0x00007f4f9460b0dc: ;   {internal_word}
  0x00007f4f9460b0dc: 49ba 8caf | 6094 4f7f | 0000 4d89 | 9738 0500 

  0x00007f4f9460b0ec: ;   {runtime_call SafepointBlob}
  0x00007f4f9460b0ec: 00e9 6e5a 

  0x00007f4f9460b0f0: ;   {runtime_call C1 Runtime throw_null_pointer_exception_blob}
  0x00007f4f9460b0f0: 2a07 e8e9 

  0x00007f4f9460b0f4: ; ImmutableOopMap {rax=Oop [112]=Oop [128]=Oop [136]=Oop }
                      ;*athrow {reexecute=1 rethrow=0 return_oop=0}
                      ; - (reexecute) java.lang.invoke.Invokers::checkExactType@15 (line 531)
                      ; - java.lang.invoke.Invokers$Holder::invokeExact_MT@10
                      ; - java.lang.invoke.MethodHandle::invokeWithArguments@28 (line 735)
  0x00007f4f9460b0f4: a537 0749 | 8b87 e005 | 0000 49c7 | 87e0 0500 | 0000 0000 | 0049 c787 | e805 0000 | 0000 0000 
  0x00007f4f9460b114: 4881 c4a0 | 0000 005d 

  0x00007f4f9460b11c: ;   {runtime_call C1 Runtime unwind_exception_blob}
  0x00007f4f9460b11c: e9bf 9637 | 07f4 f4f4 | f4f4 f4f4 
[Stub Code]
  0x00007f4f9460b128: ;   {other}
  0x00007f4f9460b128: 0f1f 4400 

  0x00007f4f9460b12c: ;   {static_stub}
  0x00007f4f9460b12c: 0048 bb00 | 0000 0000 

  0x00007f4f9460b134: ;   {runtime_call nmethod}
  0x00007f4f9460b134: 0000 00e9 | fbff ffff 

  0x00007f4f9460b13c: ;   {static_stub}
  0x00007f4f9460b13c: 48bb 0000 | 0000 0000 

  0x00007f4f9460b144: ;   {runtime_call nmethod}
  0x00007f4f9460b144: 0000 e9fb 

  0x00007f4f9460b148: ;   {static_stub}
  0x00007f4f9460b148: ffff ff48 | bb00 0000 | 0000 0000 

  0x00007f4f9460b154: ;   {runtime_call nmethod}
  0x00007f4f9460b154: 00e9 fbff 

  0x00007f4f9460b158: ;   {static_stub}
  0x00007f4f9460b158: ffff 48bb | 0000 0000 | 0000 0000 

  0x00007f4f9460b164: ;   {runtime_call nmethod}
  0x00007f4f9460b164: e9fb ffff 

  0x00007f4f9460b168: ;   {static_stub}
  0x00007f4f9460b168: ff48 bb00 | 0000 0000 

  0x00007f4f9460b170: ;   {runtime_call nmethod}
  0x00007f4f9460b170: 0000 00e9 | fbff ffff 

  0x00007f4f9460b178: ;   {static_stub}
  0x00007f4f9460b178: 48bb 0000 | 0000 0000 

  0x00007f4f9460b180: ;   {runtime_call nmethod}
  0x00007f4f9460b180: 0000 e9fb 

  0x00007f4f9460b184: ;   {static_stub}
  0x00007f4f9460b184: ffff ff48 | bb00 0000 | 0000 0000 

  0x00007f4f9460b190: ;   {runtime_call nmethod}
  0x00007f4f9460b190: 00e9 fbff 

  0x00007f4f9460b194: ;   {static_stub}
  0x00007f4f9460b194: ffff 48bb | 0000 0000 | 0000 0000 

  0x00007f4f9460b1a0: ;   {runtime_call nmethod}
  0x00007f4f9460b1a0: e9fb ffff 

  0x00007f4f9460b1a4: ;   {runtime_call C1 Runtime handle_exception_from_callee_blob}
  0x00007f4f9460b1a4: ffe8 36c7 

  0x00007f4f9460b1a8: ;   {external_word}
  0x00007f4f9460b1a8: 3707 48bf | 28c7 eeb4 | 4f7f 0000 | 4883 e4f0 

  0x00007f4f9460b1b8: ;   {runtime_call MacroAssembler::debug64(char*, long, long*)}
  0x00007f4f9460b1b8: e883 dc33 

  0x00007f4f9460b1bc: ;   {section_word}
  0x00007f4f9460b1bc: 20f4 49ba | beb1 6094 | 4f7f 0000 

  0x00007f4f9460b1c8: ;   {runtime_call DeoptimizationBlob}
  0x00007f4f9460b1c8: 4152 e911 

  0x00007f4f9460b1cc: ;   {section_word}
  0x00007f4f9460b1cc: 412a 0749 | bacf b160 | 944f 7f00 

  0x00007f4f9460b1d8: ;   {runtime_call DeoptimizationBlob}
  0x00007f4f9460b1d8: 0041 52e9 | 0041 2a07 
[/MachCode]


---------------  P R O C E S S  ---------------

Threads class SMR info:
_java_thread_list=0x00007f4ec07438d0, length=19, elements={
0x00007f4fac02b870, 0x00007f4fac1052a0, 0x00007f4fac1062e0, 0x00007f4fac107810,
0x00007f4fac109130, 0x00007f4fac10a9b0, 0x00007f4fac10c830, 0x00007f4fac10e220,
0x00007f4fac14f0d0, 0x00007f4fac1516d0, 0x00007f4fac292200, 0x00007f4fac29cef0,
0x00007f4f283ec780, 0x00007f4f04032ad0, 0x00007f4ef80253f0, 0x00007f4f340570b0,
0x00007f4f0c021ba0, 0x00007f4f282295b0, 0x00007f4f0073fc00
}

Java Threads: ( => current thread )
=>0x00007f4fac02b870 JavaThread "main"                              [_thread_in_native, id=148519, stack(0x00007f4fb3a11000,0x00007f4fb3b11000) (1024K)]
  0x00007f4fac1052a0 JavaThread "Reference Handler"          daemon [_thread_blocked, id=148535, stack(0x00007f4f6bf00000,0x00007f4f6c000000) (1024K)]
  0x00007f4fac1062e0 JavaThread "Finalizer"                  daemon [_thread_blocked, id=148536, stack(0x00007f4f6bcfe000,0x00007f4f6bdfe000) (1024K)]
  0x00007f4fac107810 JavaThread "Signal Dispatcher"          daemon [_thread_blocked, id=148537, stack(0x00007f4f6bbfd000,0x00007f4f6bcfd000) (1024K)]
  0x00007f4fac109130 JavaThread "Service Thread"             daemon [_thread_blocked, id=148538, stack(0x00007f4f6bafd000,0x00007f4f6bbfd000) (1024K)]
  0x00007f4fac10a9b0 JavaThread "Monitor Deflation Thread"   daemon [_thread_blocked, id=148539, stack(0x00007f4f6b9fd000,0x00007f4f6bafd000) (1024K)]
  0x00007f4fac10c830 JavaThread "C2 CompilerThread0"         daemon [_thread_blocked, id=148540, stack(0x00007f4f6b8fd000,0x00007f4f6b9fd000) (1024K)]
  0x00007f4fac10e220 JavaThread "C1 CompilerThread0"         daemon [_thread_blocked, id=148541, stack(0x00007f4f6b7fd000,0x00007f4f6b8fd000) (1024K)]
  0x00007f4fac14f0d0 JavaThread "Notification Thread"        daemon [_thread_blocked, id=148544, stack(0x00007f4f6b4fd000,0x00007f4f6b5fd000) (1024K)]
  0x00007f4fac1516d0 JavaThread "Common-Cleaner"             daemon [_thread_blocked, id=148545, stack(0x00007f4f6b3fd000,0x00007f4f6b4fd000) (1024K)]
  0x00007f4fac292200 JavaThread "surefire-forkedjvm-stream-flusher" daemon [_thread_blocked, id=148547, stack(0x00007f4f6b1fd000,0x00007f4f6b2fd000) (1024K)]
  0x00007f4fac29cef0 JavaThread "surefire-forkedjvm-command-thread" daemon [_thread_in_native, id=148548, stack(0x00007f4f6b0fd000,0x00007f4f6b1fd000) (1024K)]
  0x00007f4f283ec780 JavaThread "C1 CompilerThread1"         daemon [_thread_blocked, id=148601, stack(0x00007f4f6acfd000,0x00007f4f6adfd000) (1024K)]
  0x00007f4f04032ad0 JavaThread "C1 CompilerThread2"         daemon [_thread_blocked, id=148602, stack(0x00007f4f6adfd000,0x00007f4f6aefd000) (1024K)]
  0x00007f4ef80253f0 JavaThread "C2 CompilerThread1"         daemon [_thread_blocked, id=148604, stack(0x00007f4f6b2fd000,0x00007f4f6b3fd000) (1024K)]
  0x00007f4f340570b0 JavaThread "C2 CompilerThread2"         daemon [_thread_blocked, id=148638, stack(0x00007f4f6aefd000,0x00007f4f6affd000) (1024K)]
  0x00007f4f0c021ba0 JavaThread "C2 CompilerThread3"         daemon [_thread_blocked, id=148639, stack(0x00007f4f6b6fd000,0x00007f4f6b7fd000) (1024K)]
  0x00007f4f282295b0 JavaThread "C2 CompilerThread4"         daemon [_thread_in_native, id=148641, stack(0x00007f4f6b5fd000,0x00007f4f6b6fd000) (1024K)]
  0x00007f4f0073fc00 JavaThread "C1 CompilerThread3"         daemon [_thread_blocked, id=148647, stack(0x00007f4f6abfd000,0x00007f4f6acfd000) (1024K)]
Total: 19

Other Threads:
  0x00007f4fac0fb320 VMThread "VM Thread"                           [id=148532, stack(0x00007f4f6bdff000,0x00007f4f6beff000) (1024K)]
  0x00007f4fac0eaa00 WatcherThread "VM Periodic Task Thread"        [id=148530, stack(0x00007f4f800f8000,0x00007f4f801f8000) (1024K)]
  0x00007f4fac059d90 WorkerThread "GC Thread#0"                     [id=148521, stack(0x00007f4fb09f3000,0x00007f4fb0af3000) (1024K)]
  0x00007f4f50008d50 WorkerThread "GC Thread#1"                     [id=148556, stack(0x00007f4f6a9fd000,0x00007f4f6aafd000) (1024K)]
  0x00007f4f500099a0 WorkerThread "GC Thread#2"                     [id=148557, stack(0x00007f4f6a8fc000,0x00007f4f6a9fc000) (1024K)]
  0x00007f4f5000a6e0 WorkerThread "GC Thread#3"                     [id=148558, stack(0x00007f4f6a7fb000,0x00007f4f6a8fb000) (1024K)]
  0x00007f4f5000b420 WorkerThread "GC Thread#4"                     [id=148559, stack(0x00007f4f6a6fa000,0x00007f4f6a7fa000) (1024K)]
  0x00007f4f5000c1a0 WorkerThread "GC Thread#5"                     [id=148560, stack(0x00007f4f6a5f9000,0x00007f4f6a6f9000) (1024K)]
  0x00007f4f5000cf20 WorkerThread "GC Thread#6"                     [id=148561, stack(0x00007f4f6a4f8000,0x00007f4f6a5f8000) (1024K)]
  0x00007f4f5000dca0 WorkerThread "GC Thread#7"                     [id=148562, stack(0x00007f4f6a3f7000,0x00007f4f6a4f7000) (1024K)]
  0x00007f4f5000ea20 WorkerThread "GC Thread#8"                     [id=148563, stack(0x00007f4f6a2f6000,0x00007f4f6a3f6000) (1024K)]
  0x00007f4f5000f7a0 WorkerThread "GC Thread#9"                     [id=148564, stack(0x00007f4f6a1f5000,0x00007f4f6a2f5000) (1024K)]
  0x00007f4f50010520 WorkerThread "GC Thread#10"                    [id=148565, stack(0x00007f4f6a0f4000,0x00007f4f6a1f4000) (1024K)]
  0x00007f4f500112a0 WorkerThread "GC Thread#11"                    [id=148566, stack(0x00007f4f69ff3000,0x00007f4f6a0f3000) (1024K)]
  0x00007f4f50012020 WorkerThread "GC Thread#12"                    [id=148567, stack(0x00007f4f69ef2000,0x00007f4f69ff2000) (1024K)]
  0x00007f4fac072d50 ConcurrentGCThread "G1 Main Marker"            [id=148522, stack(0x00007f4fb08f2000,0x00007f4fb09f2000) (1024K)]
  0x00007f4fac073f20 WorkerThread "G1 Conc#0"                       [id=148523, stack(0x00007f4fb07f1000,0x00007f4fb08f1000) (1024K)]
  0x00007f4f74000cd0 WorkerThread "G1 Conc#1"                       [id=148608, stack(0x00007f4f69df1000,0x00007f4f69ef1000) (1024K)]
  0x00007f4f74001840 WorkerThread "G1 Conc#2"                       [id=148609, stack(0x00007f4f69cf0000,0x00007f4f69df0000) (1024K)]
  0x00007f4fac0da590 ConcurrentGCThread "G1 Refine#0"               [id=148524, stack(0x00007f4f802fa000,0x00007f4f803fa000) (1024K)]
  0x00007f4fac0db780 ConcurrentGCThread "G1 Service"                [id=148525, stack(0x00007f4f801f9000,0x00007f4f802f9000) (1024K)]
Total: 21

Threads with active compile tasks:
C2 CompilerThread4  19677 9065       4       com.dylibso.chicory.cranelift.CraneliftMachineFuncGroup_0::func_4051 (6118 bytes)
Total: 1

VM state: not at safepoint (normal execution)

VM Mutex/Monitor currently owned by a thread: None

Heap address: 0x0000000418000000, size: 16000 MB, Compressed Oops mode: Zero based, Oop shift amount: 3

CDS archive(s) mapped at: [0x000000004d000000-0x000000004dd8c000-0x000000004dd8c000), size 14204928, SharedBaseAddress: 0x000000004d000000, ArchiveRelocationMode: 1.
Compressed class space mapped at: 0x000000004e000000-0x000000008e000000, reserved size: 1073741824
UseCompressedClassPointers 1, UseCompactObjectHeaders 0
Narrow klass pointer bits 32, Max shift 3
Narrow klass base: 0x000000004d000000, Narrow klass shift: 0
Encoding Range: [0x000000004d000000 - 0x000000014d000000), (4294967296 bytes)
Klass Range:    [0x000000004d001000 - 0x000000008e000000), (1090514944 bytes)
Klass ID Range:  [4096 - 1090519033) (1090514937)
Protection zone: [0x000000004d000000 - 0x000000004d001000), (4096 bytes)

GC Precious Log:
 CardTable entry size: 512
 Card Set container configuration: InlinePtr #cards 4 size 8 Array Of Cards #cards 64 size 144 Howl #buckets 8 coarsen threshold 14745 Howl Bitmap #cards 2048 size 272 coarsen threshold 1843 Card regions per heap region 1 cards per card region 16384
 CPUs: 16 total, 16 available
 Memory: 63992M
 Large Page Support: Disabled
 NUMA Support: Disabled
 Compressed Oops: Enabled (Zero based)
 Heap Region Size: 8M
 Heap Min Capacity: 8M
 Heap Initial Capacity: 1000M
 Heap Max Capacity: 16000M
 Pre-touch: Disabled
 Parallel Workers: 13
 Concurrent Workers: 3
 Concurrent Refinement Workers: 13
 Periodic GC: Disabled

Heap:
 garbage-first heap   total reserved 16384000K, committed 335872K, used 67875K [0x0000000418000000, 0x0000000800000000)
  region size 8192K, 3 young (24576K), 2 survivors (16384K)

Heap Regions: E=young(eden), S=young(survivor), O=old, HS=humongous(starts), HC=humongous(continues), CS=collection set, F=free, TAMS=top-at-mark-start, PB=parsable bottom
|   0|0x0000000418000000, 0x0000000418000000, 0x0000000418800000|  0%| F|  |TAMS 0x0000000418000000| PB 0x0000000418000000| Untracked |  0
|   1|0x0000000418800000, 0x0000000419000000, 0x0000000419000000|100%| O|  |TAMS 0x0000000418800000| PB 0x0000000418800000| Untracked |  0
|   2|0x0000000419000000, 0x0000000419800000, 0x0000000419800000|100%| O|  |TAMS 0x0000000419000000| PB 0x0000000419000000| Untracked |  0
|   3|0x0000000419800000, 0x000000041a000000, 0x000000041a000000|100%| O|  |TAMS 0x0000000419800000| PB 0x0000000419800000| Untracked |  0
|   4|0x000000041a000000, 0x000000041a800000, 0x000000041a800000|100%| O|  |TAMS 0x000000041a000000| PB 0x000000041a000000| Untracked |  0
|   5|0x000000041a800000, 0x000000041b000000, 0x000000041b000000|100%| O|  |TAMS 0x000000041a800000| PB 0x000000041a800000| Untracked |  0
|   6|0x000000041b000000, 0x000000041b3609c0, 0x000000041b800000| 42%| O|  |TAMS 0x000000041b000000| PB 0x000000041b000000| Untracked |  0
|   7|0x000000041b800000, 0x000000041bac4c28, 0x000000041c000000| 34%| O|  |TAMS 0x000000041b800000| PB 0x000000041b800000| Untracked |  0
|   8|0x000000041c000000, 0x000000041c000000, 0x000000041c800000|  0%| F|  |TAMS 0x000000041c000000| PB 0x000000041c000000| Untracked |  0
|   9|0x000000041c800000, 0x000000041c800000, 0x000000041d000000|  0%| F|  |TAMS 0x000000041c800000| PB 0x000000041c800000| Untracked |  0
|  10|0x000000041d000000, 0x000000041d000000, 0x000000041d800000|  0%| F|  |TAMS 0x000000041d000000| PB 0x000000041d000000| Untracked |  0
|  11|0x000000041d800000, 0x000000041d800000, 0x000000041e000000|  0%| F|  |TAMS 0x000000041d800000| PB 0x000000041d800000| Untracked |  0
|  12|0x000000041e000000, 0x000000041e000000, 0x000000041e800000|  0%| F|  |TAMS 0x000000041e000000| PB 0x000000041e000000| Untracked |  0
|  13|0x000000041e800000, 0x000000041ec23750, 0x000000041f000000| 51%| S|CS|TAMS 0x000000041e800000| PB 0x000000041e800000| Complete |  0
|  14|0x000000041f000000, 0x000000041f800000, 0x000000041f800000|100%| S|CS|TAMS 0x000000041f000000| PB 0x000000041f000000| Complete |  0
|  15|0x000000041f800000, 0x000000041f800000, 0x0000000420000000|  0%| F|  |TAMS 0x000000041f800000| PB 0x000000041f800000| Untracked |  0
|  16|0x0000000420000000, 0x0000000420000000, 0x0000000420800000|  0%| F|  |TAMS 0x0000000420000000| PB 0x0000000420000000| Untracked |  0
|  17|0x0000000420800000, 0x0000000420800000, 0x0000000421000000|  0%| F|  |TAMS 0x0000000420800000| PB 0x0000000420800000| Untracked |  0
|  18|0x0000000421000000, 0x0000000421000000, 0x0000000421800000|  0%| F|  |TAMS 0x0000000421000000| PB 0x0000000421000000| Untracked |  0
|  19|0x0000000421800000, 0x0000000421800000, 0x0000000422000000|  0%| F|  |TAMS 0x0000000421800000| PB 0x0000000421800000| Untracked |  0
|  20|0x0000000422000000, 0x0000000422000000, 0x0000000422800000|  0%| F|  |TAMS 0x0000000422000000| PB 0x0000000422000000| Untracked |  0
|  21|0x0000000422800000, 0x0000000422800000, 0x0000000423000000|  0%| F|  |TAMS 0x0000000422800000| PB 0x0000000422800000| Untracked |  0
|  22|0x0000000423000000, 0x0000000423000000, 0x0000000423800000|  0%| F|  |TAMS 0x0000000423000000| PB 0x0000000423000000| Untracked |  0
|  23|0x0000000423800000, 0x0000000423800000, 0x0000000424000000|  0%| F|  |TAMS 0x0000000423800000| PB 0x0000000423800000| Untracked |  0
|  24|0x0000000424000000, 0x0000000424000000, 0x0000000424800000|  0%| F|  |TAMS 0x0000000424000000| PB 0x0000000424000000| Untracked |  0
|  25|0x0000000424800000, 0x0000000424800000, 0x0000000425000000|  0%| F|  |TAMS 0x0000000424800000| PB 0x0000000424800000| Untracked |  0
|  26|0x0000000425000000, 0x0000000425000000, 0x0000000425800000|  0%| F|  |TAMS 0x0000000425000000| PB 0x0000000425000000| Untracked |  0
|  27|0x0000000425800000, 0x0000000425800000, 0x0000000426000000|  0%| F|  |TAMS 0x0000000425800000| PB 0x0000000425800000| Untracked |  0
|  28|0x0000000426000000, 0x0000000426000000, 0x0000000426800000|  0%| F|  |TAMS 0x0000000426000000| PB 0x0000000426000000| Untracked |  0
|  29|0x0000000426800000, 0x0000000426800000, 0x0000000427000000|  0%| F|  |TAMS 0x0000000426800000| PB 0x0000000426800000| Untracked |  0
|  30|0x0000000427000000, 0x0000000427000000, 0x0000000427800000|  0%| F|  |TAMS 0x0000000427000000| PB 0x0000000427000000| Untracked |  0
|  31|0x0000000427800000, 0x0000000427800000, 0x0000000428000000|  0%| F|  |TAMS 0x0000000427800000| PB 0x0000000427800000| Untracked |  0
|  32|0x0000000428000000, 0x0000000428000000, 0x0000000428800000|  0%| F|  |TAMS 0x0000000428000000| PB 0x0000000428000000| Untracked |  0
|  33|0x0000000428800000, 0x0000000428800000, 0x0000000429000000|  0%| F|  |TAMS 0x0000000428800000| PB 0x0000000428800000| Untracked |  0
| 110|0x000000044f000000, 0x000000044f000000, 0x000000044f800000|  0%| F|  |TAMS 0x000000044f000000| PB 0x000000044f000000| Untracked |  0
| 111|0x000000044f800000, 0x000000044f800000, 0x0000000450000000|  0%| F|  |TAMS 0x000000044f800000| PB 0x000000044f800000| Untracked |  0
| 115|0x0000000451800000, 0x0000000451800000, 0x0000000452000000|  0%| F|  |TAMS 0x0000000451800000| PB 0x0000000451800000| Untracked |  0
| 116|0x0000000452000000, 0x0000000452000000, 0x0000000452800000|  0%| F|  |TAMS 0x0000000452000000| PB 0x0000000452000000| Untracked |  0
| 218|0x0000000485000000, 0x0000000485000000, 0x0000000485800000|  0%| F|  |TAMS 0x0000000485000000| PB 0x0000000485000000| Untracked |  0
|1998|0x00000007ff000000, 0x00000007ff800000, 0x00000007ff800000|100%| O|  |TAMS 0x00000007ff000000| PB 0x00000007ff000000| Untracked |  0
|1999|0x00000007ff800000, 0x00000007ffe453c0, 0x0000000800000000| 78%| E|  |TAMS 0x00000007ff800000| PB 0x00000007ff800000| Complete |  0

Card table byte_map: [0x00007f4f924c0000,0x00007f4f94400000] _byte_map_base: 0x00007f4f90400000

Marking Bits: (CMBitMap*) 0x00007f4fac05aae0
 Bits: [0x00007f4f82a00000, 0x00007f4f92400000)

Polling page: 0x00007f4fb5676000

Metaspace:
Metaspace        used 35875K, committed 36800K, reserved 1114112K
 class space     used 2279K, committed 2688K, reserved 1048576K

Usage:
  Non-class:     32.81 MB used.
      Class:      2.23 MB used.
       Both:     35.03 MB used.

Virtual space:
  Non-class space:       64.00 MB reserved,      33.31 MB ( 52%) committed,  1 nodes.
      Class space:        1.00 GB reserved,       2.62 MB ( <1%) committed,  1 nodes.
             Both:        1.06 GB reserved,      35.94 MB (  3%) committed. 

Chunk freelists:
   Non-Class:  14.20 MB
       Class:  13.39 MB
        Both:  27.59 MB

MaxMetaspaceSize: unlimited
CompressedClassSpaceSize: 1.00 GB
Initial GC threshold: 21.00 MB
Current GC threshold: 58.75 MB
CDS: on
 - commit_granule_bytes: 65536.
 - commit_granule_words: 8192.
 - virtual_space_node_default_size: 8388608.
 - enlarge_chunks_in_place: 1.
UseCompressedClassPointers 1, UseCompactObjectHeaders 0
Narrow klass pointer bits 32, Max shift 3
Narrow klass base: 0x000000004d000000, Narrow klass shift: 0
Encoding Range: [0x000000004d000000 - 0x000000014d000000), (4294967296 bytes)
Klass Range:    [0x000000004d001000 - 0x000000008e000000), (1090514944 bytes)
Klass ID Range:  [4096 - 1090519033) (1090514937)
Protection zone: [0x000000004d000000 - 0x000000004d001000), (4096 bytes)


Internal statistics:

num_allocs_failed_limit: 26.
num_arena_births: 1370.
num_arena_deaths: 0.
num_vsnodes_births: 2.
num_vsnodes_deaths: 0.
num_space_committed: 558.
num_space_uncommitted: 0.
num_chunks_returned_to_freelist: 26.
num_chunks_taken_from_freelist: 2626.
num_chunk_merges: 26.
num_chunk_splits: 1801.
num_chunks_enlarged: 1168.
num_inconsistent_stats: 0.

CodeHeap 'non-profiled nmethods': size=119172Kb used=7816Kb max_used=7816Kb free=111355Kb
 bounds [0x00007f4f9bf9f000, 0x00007f4f9c75f000, 0x00007f4fa3400000]
CodeHeap 'profiled nmethods': size=119164Kb used=29593Kb max_used=29593Kb free=89570Kb
 bounds [0x00007f4f94400000, 0x00007f4f961e0000, 0x00007f4f9b85f000]
CodeHeap 'non-nmethods': size=7424Kb used=4266Kb max_used=4336Kb free=3157Kb
 bounds [0x00007f4f9b85f000, 0x00007f4f9bcaf000, 0x00007f4f9bf9f000]
CodeCache: size=245760Kb, used=41675Kb, max_used=41745Kb, free=204082Kb
 total_blobs=9852, nmethods=8205, adapters=634, full_count=0
Compilation: enabled, stopped_count=0, restarted_count=0

Compilation events (20 events):
Event: 19.555 Thread 0x00007f4f340570b0 nmethod 9121 0x00007f4f9c11f788 code [0x00007f4f9c11f8a0, 0x00007f4f9c1223e0]
Event: 19.555 Thread 0x00007f4ef80253f0 nmethod 9128 0x00007f4f9c186708 code [0x00007f4f9c186800, 0x00007f4f9c1868f8]
Event: 19.557 Thread 0x00007f4ef80253f0 9129       4       jdk.internal.classfile.impl.StackMapGenerator$Frame::<init> (75 bytes)
Event: 19.558 Thread 0x00007f4ef80253f0 nmethod 9129 0x00007f4f9c0e8908 code [0x00007f4f9c0e8a00, 0x00007f4f9c0e8f40]
Event: 19.559 Thread 0x00007f4ef80253f0 9130       4       java.lang.StringLatin1$CharsSpliterator::estimateSize (11 bytes)
Event: 19.559 Thread 0x00007f4ef80253f0 nmethod 9130 0x00007f4f9c0ec688 code [0x00007f4f9c0ec780, 0x00007f4f9c0ec800]
Event: 19.560 Thread 0x00007f4f0c021ba0 nmethod 9120 0x00007f4f9c163088 code [0x00007f4f9c163180, 0x00007f4f9c1652f8]
Event: 19.574 Thread 0x00007f4f0073fc00 9132       3       java.lang.Class::arrayContentsEq (70 bytes)
Event: 19.574 Thread 0x00007f4fac10e220 9131       3       java.lang.Class::getDeclaredMethod (42 bytes)
Event: 19.575 Thread 0x00007f4f0073fc00 nmethod 9132 0x00007f4f94657288 code [0x00007f4f94657380, 0x00007f4f94657770]
Event: 19.575 Thread 0x00007f4fac10e220 nmethod 9131 0x00007f4f944ea808 code [0x00007f4f944ea900, 0x00007f4f944eb050]
Event: 19.595 Thread 0x00007f4f0c021ba0 9133       4       java.util.ImmutableCollections$MapN::get (35 bytes)
Event: 19.596 Thread 0x00007f4f340570b0 9134       4       com.dylibso.chicory.wabt.Wat2WasmModuleMachineFuncGroup_0::func_1604 (146 bytes)
Event: 19.607 Thread 0x00007f4f0c021ba0 nmethod 9133 0x00007f4f9c0b9988 code [0x00007f4f9c0b9a80, 0x00007f4f9c0ba498]
Event: 19.609 Thread 0x00007f4fac10c830 nmethod 9112 0x00007f4f9c0b2408 code [0x00007f4f9c0b2500, 0x00007f4f9c0b5858]
Event: 19.621 Thread 0x00007f4f340570b0 nmethod 9134 0x00007f4f9c027e08 code [0x00007f4f9c027f00, 0x00007f4f9c029640]
Event: 19.624 Thread 0x00007f4fac10e220 9135       3       java.util.AbstractList$SubList$1::hasNext (20 bytes)
Event: 19.624 Thread 0x00007f4f0073fc00 9136       3       java.util.AbstractList$SubList$1::nextIndex (18 bytes)
Event: 19.624 Thread 0x00007f4f0073fc00 nmethod 9136 0x00007f4f944cdb88 code [0x00007f4f944cdc80, 0x00007f4f944cde68]
Event: 19.625 Thread 0x00007f4fac10e220 nmethod 9135 0x00007f4f9464fb88 code [0x00007f4f9464fc80, 0x00007f4f9464ff28]

GC Heap Usage History (20 events):
Event: 13.809 {heap Before GC invocations=24 (full 0):
 garbage-first heap   total reserved 16384000K, committed 303104K, used 230093K [0x0000000418000000, 0x0000000800000000)
  region size 8192K, 22 young (180224K), 1 survivors (8192K)
}
Event: 13.812 {heap After GC invocations=25 (full 0):
 garbage-first heap   total reserved 16384000K, committed 303104K, used 58404K [0x0000000418000000, 0x0000000800000000)
  region size 8192K, 1 young (8192K), 1 survivors (8192K)
}
Event: 14.503 {heap Before GC invocations=25 (full 0):
 garbage-first heap   total reserved 16384000K, committed 303104K, used 230436K [0x0000000418000000, 0x0000000800000000)
  region size 8192K, 22 young (180224K), 1 survivors (8192K)
}
Event: 14.509 {heap After GC invocations=26 (full 0):
 garbage-first heap   total reserved 16384000K, committed 303104K, used 60449K [0x0000000418000000, 0x0000000800000000)
  region size 8192K, 1 young (8192K), 1 survivors (8192K)
}
Event: 15.322 {heap Before GC invocations=26 (full 0):
 garbage-first heap   total reserved 16384000K, committed 303104K, used 232481K [0x0000000418000000, 0x0000000800000000)
  region size 8192K, 22 young (180224K), 1 survivors (8192K)
}
Event: 15.330 {heap After GC invocations=27 (full 0):
 garbage-first heap   total reserved 16384000K, committed 303104K, used 62375K [0x0000000418000000, 0x0000000800000000)
  region size 8192K, 1 young (8192K), 1 survivors (8192K)
}
Event: 16.175 {heap Before GC invocations=27 (full 0):
 garbage-first heap   total reserved 16384000K, committed 303104K, used 234407K [0x0000000418000000, 0x0000000800000000)
  region size 8192K, 22 young (180224K), 1 survivors (8192K)
}
Event: 16.184 {heap After GC invocations=28 (full 0):
 garbage-first heap   total reserved 16384000K, committed 303104K, used 65791K [0x0000000418000000, 0x0000000800000000)
  region size 8192K, 2 young (16384K), 2 survivors (16384K)
}
Event: 16.652 {heap Before GC invocations=28 (full 0):
 garbage-first heap   total reserved 16384000K, committed 303104K, used 221439K [0x0000000418000000, 0x0000000800000000)
  region size 8192K, 22 young (180224K), 2 survivors (16384K)
}
Event: 16.658 {heap After GC invocations=29 (full 0):
 garbage-first heap   total reserved 16384000K, committed 303104K, used 65254K [0x0000000418000000, 0x0000000800000000)
  region size 8192K, 2 young (16384K), 2 survivors (16384K)
}
Event: 17.433 {heap Before GC invocations=29 (full 0):
 garbage-first heap   total reserved 16384000K, committed 303104K, used 229094K [0x0000000418000000, 0x0000000800000000)
  region size 8192K, 22 young (180224K), 2 survivors (16384K)
}
Event: 17.440 {heap After GC invocations=30 (full 0):
 garbage-first heap   total reserved 16384000K, committed 303104K, used 65218K [0x0000000418000000, 0x0000000800000000)
  region size 8192K, 2 young (16384K), 2 survivors (16384K)
}
Event: 18.171 {heap Before GC invocations=30 (full 0):
 garbage-first heap   total reserved 16384000K, committed 303104K, used 229058K [0x0000000418000000, 0x0000000800000000)
  region size 8192K, 22 young (180224K), 2 survivors (16384K)
}
Event: 18.179 {heap After GC invocations=31 (full 0):
 garbage-first heap   total reserved 16384000K, committed 303104K, used 67340K [0x0000000418000000, 0x0000000800000000)
  region size 8192K, 2 young (16384K), 2 survivors (16384K)
}
Event: 18.190 {heap Before GC invocations=31 (full 0):
 garbage-first heap   total reserved 16384000K, committed 303104K, used 67340K [0x0000000418000000, 0x0000000800000000)
  region size 8192K, 3 young (24576K), 2 survivors (16384K)
}
Event: 18.198 {heap After GC invocations=32 (full 0):
 garbage-first heap   total reserved 16384000K, committed 303104K, used 65943K [0x0000000418000000, 0x0000000800000000)
  region size 8192K, 2 young (16384K), 2 survivors (16384K)
}
Event: 18.882 {heap Before GC invocations=33 (full 0):
 garbage-first heap   total reserved 16384000K, committed 278528K, used 205207K [0x0000000418000000, 0x0000000800000000)
  region size 8192K, 20 young (163840K), 2 survivors (16384K)
}
Event: 18.891 {heap After GC invocations=34 (full 0):
 garbage-first heap   total reserved 16384000K, committed 278528K, used 68166K [0x0000000418000000, 0x0000000800000000)
  region size 8192K, 2 young (16384K), 2 survivors (16384K)
}
Event: 19.575 {heap Before GC invocations=34 (full 0):
 garbage-first heap   total reserved 16384000K, committed 278528K, used 215622K [0x0000000418000000, 0x0000000800000000)
  region size 8192K, 20 young (163840K), 2 survivors (16384K)
}
Event: 19.594 {heap After GC invocations=35 (full 0):
 garbage-first heap   total reserved 16384000K, committed 335872K, used 67875K [0x0000000418000000, 0x0000000800000000)
  region size 8192K, 2 young (16384K), 2 survivors (16384K)
}

Metaspace Usage History (20 events):
Event: 13.809 {metaspace Before GC invocations=24 (full 0):
 Metaspace       used 33025K, committed 33600K, reserved 1114112K
  class space    used 1795K, committed 2048K, reserved 1048576K
}
Event: 13.812 {metaspace After GC invocations=25 (full 0):
 Metaspace       used 33025K, committed 33600K, reserved 1114112K
  class space    used 1795K, committed 2048K, reserved 1048576K
}
Event: 14.503 {metaspace Before GC invocations=25 (full 0):
 Metaspace       used 33337K, committed 33984K, reserved 1114112K
  class space    used 1812K, committed 2112K, reserved 1048576K
}
Event: 14.509 {metaspace After GC invocations=26 (full 0):
 Metaspace       used 33337K, committed 33984K, reserved 1114112K
  class space    used 1812K, committed 2112K, reserved 1048576K
}
Event: 15.322 {metaspace Before GC invocations=26 (full 0):
 Metaspace       used 33731K, committed 34496K, reserved 1114112K
  class space    used 1854K, committed 2176K, reserved 1048576K
}
Event: 15.330 {metaspace After GC invocations=27 (full 0):
 Metaspace       used 33731K, committed 34496K, reserved 1114112K
  class space    used 1854K, committed 2176K, reserved 1048576K
}
Event: 16.175 {metaspace Before GC invocations=27 (full 0):
 Metaspace       used 33998K, committed 34752K, reserved 1114112K
  class space    used 1869K, committed 2176K, reserved 1048576K
}
Event: 16.184 {metaspace After GC invocations=28 (full 0):
 Metaspace       used 33998K, committed 34752K, reserved 1114112K
  class space    used 1869K, committed 2176K, reserved 1048576K
}
Event: 16.652 {metaspace Before GC invocations=28 (full 0):
 Metaspace       used 34207K, committed 34944K, reserved 1114112K
  class space    used 1914K, committed 2240K, reserved 1048576K
}
Event: 16.658 {metaspace After GC invocations=29 (full 0):
 Metaspace       used 34207K, committed 34944K, reserved 1114112K
  class space    used 1914K, committed 2240K, reserved 1048576K
}
Event: 17.433 {metaspace Before GC invocations=29 (full 0):
 Metaspace       used 34911K, committed 35712K, reserved 1114112K
  class space    used 2049K, committed 2432K, reserved 1048576K
}
Event: 17.440 {metaspace After GC invocations=30 (full 0):
 Metaspace       used 34911K, committed 35712K, reserved 1114112K
  class space    used 2049K, committed 2432K, reserved 1048576K
}
Event: 18.171 {metaspace Before GC invocations=30 (full 0):
 Metaspace       used 35061K, committed 35840K, reserved 1114112K
  class space    used 2075K, committed 2432K, reserved 1048576K
}
Event: 18.179 {metaspace After GC invocations=31 (full 0):
 Metaspace       used 35061K, committed 35840K, reserved 1114112K
  class space    used 2075K, committed 2432K, reserved 1048576K
}
Event: 18.190 {metaspace Before GC invocations=31 (full 0):
 Metaspace       used 35107K, committed 36032K, reserved 1114112K
  class space    used 2086K, committed 2496K, reserved 1048576K
}
Event: 18.198 {metaspace After GC invocations=32 (full 0):
 Metaspace       used 35107K, committed 36032K, reserved 1114112K
  class space    used 2086K, committed 2496K, reserved 1048576K
}
Event: 18.882 {metaspace Before GC invocations=33 (full 0):
 Metaspace       used 35642K, committed 36544K, reserved 1114112K
  class space    used 2231K, committed 2624K, reserved 1048576K
}
Event: 18.891 {metaspace After GC invocations=34 (full 0):
 Metaspace       used 35642K, committed 36544K, reserved 1114112K
  class space    used 2231K, committed 2624K, reserved 1048576K
}
Event: 19.575 {metaspace Before GC invocations=34 (full 0):
 Metaspace       used 35869K, committed 36800K, reserved 1114112K
  class space    used 2277K, committed 2688K, reserved 1048576K
}
Event: 19.594 {metaspace After GC invocations=35 (full 0):
 Metaspace       used 35869K, committed 36800K, reserved 1114112K
  class space    used 2277K, committed 2688K, reserved 1048576K
}

Dll operation events (9 events):
Event: 0.002 Loaded shared library /home/andreatp/.sdkman/candidates/java/25-tem/lib/libjava.so
Event: 0.022 Loaded shared library /home/andreatp/.sdkman/candidates/java/25-tem/lib/libsimdsort.so
Event: 0.033 Loaded shared library /home/andreatp/.sdkman/candidates/java/25-tem/lib/libnio.so
Event: 0.035 Loaded shared library /home/andreatp/.sdkman/candidates/java/25-tem/lib/libzip.so
Event: 0.079 Loaded shared library /home/andreatp/.sdkman/candidates/java/25-tem/lib/libmanagement.so
Event: 0.080 Loaded shared library /home/andreatp/.sdkman/candidates/java/25-tem/lib/libmanagement_ext.so
Event: 0.101 Loaded shared library /home/andreatp/.sdkman/candidates/java/25-tem/lib/libjimage.so
Event: 6.673 Loaded shared library /home/andreatp/.sdkman/candidates/java/25-tem/lib/libnet.so
Event: 7.574 Loaded shared library /home/andreatp/.sdkman/candidates/java/25-tem/lib/libsyslookup.so

Deoptimization events (20 events):
Event: 18.824 Thread 0x00007f4fac02b870 Uncommon trap: trap_request=0xffffff45 fr.pc=0x00007f4f9c1ba418 relative=0x0000000000000118
Event: 18.824 Thread 0x00007f4fac02b870 Uncommon trap: reason=unstable_if action=reinterpret pc=0x00007f4f9c1ba418 method=com.dylibso.chicory.wasm.Validator.getLocalType(I)Lcom/dylibso/chicory/wasm/types/ValType; @ 10 c2
Event: 18.824 Thread 0x00007f4fac02b870 DEOPT PACKING pc=0x00007f4f9c1ba418 sp=0x00007f4fb3b0d730
Event: 18.824 Thread 0x00007f4fac02b870 DEOPT UNPACKING pc=0x00007f4f9b98f9f9 sp=0x00007f4fb3b0d6e8 mode 2
Event: 19.074 Thread 0x00007f4fac02b870 Uncommon trap: trap_request=0xffffffde fr.pc=0x00007f4f9c492d28 relative=0x0000000000001628
Event: 19.074 Thread 0x00007f4fac02b870 Uncommon trap: reason=class_check action=maybe_recompile pc=0x00007f4f9c492d28 method=com.dylibso.chicory.runtime.Instance.initialize(Z)Lcom/dylibso/chicory/runtime/Instance; @ 173 c2
Event: 19.074 Thread 0x00007f4fac02b870 DEOPT PACKING pc=0x00007f4f9c492d28 sp=0x00007f4fb3b0dde0
Event: 19.074 Thread 0x00007f4fac02b870 DEOPT UNPACKING pc=0x00007f4f9b98f9f9 sp=0x00007f4fb3b0dd80 mode 2
Event: 19.096 Thread 0x00007f4fac02b870 Uncommon trap: trap_request=0xffffff45 fr.pc=0x00007f4f9c1bd400 relative=0x0000000000000180
Event: 19.096 Thread 0x00007f4fac02b870 Uncommon trap: reason=unstable_if action=reinterpret pc=0x00007f4f9c1bd400 method=com.dylibso.chicory.wasm.Validator.setLocal(I)V @ 10 c2
Event: 19.096 Thread 0x00007f4fac02b870 DEOPT PACKING pc=0x00007f4f9c1bd400 sp=0x00007f4fb3b0d730
Event: 19.096 Thread 0x00007f4fac02b870 DEOPT UNPACKING pc=0x00007f4f9b98f9f9 sp=0x00007f4fb3b0d6f8 mode 2
Event: 19.433 Thread 0x00007f4fac02b870 Uncommon trap: trap_request=0xffffff45 fr.pc=0x00007f4f9c6f4fbc relative=0x0000000000003f9c
Event: 19.433 Thread 0x00007f4fac02b870 Uncommon trap: reason=unstable_if action=reinterpret pc=0x00007f4f9c6f4fbc method=com.dylibso.chicory.cranelift.CraneliftMachineFuncGroup_0.func_3874(IIILcom/dylibso/chicory/runtime/Memory;Lcom/dylibso/chicory/runtime/Instance;)V @ 248 c2
Event: 19.433 Thread 0x00007f4fac02b870 DEOPT PACKING pc=0x00007f4f9c6f4fbc sp=0x00007f4fb3b0c100
Event: 19.433 Thread 0x00007f4fac02b870 DEOPT UNPACKING pc=0x00007f4f9b98f9f9 sp=0x00007f4fb3b0c128 mode 2
Event: 19.489 Thread 0x00007f4fac02b870 Uncommon trap: trap_request=0xffffffde fr.pc=0x00007f4f9c492d28 relative=0x0000000000001628
Event: 19.489 Thread 0x00007f4fac02b870 Uncommon trap: reason=class_check action=maybe_recompile pc=0x00007f4f9c492d28 method=com.dylibso.chicory.runtime.Instance.initialize(Z)Lcom/dylibso/chicory/runtime/Instance; @ 173 c2
Event: 19.489 Thread 0x00007f4fac02b870 DEOPT PACKING pc=0x00007f4f9c492d28 sp=0x00007f4fb3b0dde0
Event: 19.489 Thread 0x00007f4fac02b870 DEOPT UNPACKING pc=0x00007f4f9b98f9f9 sp=0x00007f4fb3b0dd80 mode 2

Classes loaded (20 events):
Event: 9.004 Loading class java/lang/StackTraceElement$HashedModules
Event: 9.004 Loading class java/lang/StackTraceElement$HashedModules done
Event: 9.005 Loading class java/util/AbstractList$RandomAccessSubList
Event: 9.005 Loading class java/util/AbstractList$SubList
Event: 9.005 Loading class java/util/AbstractList$SubList done
Event: 9.005 Loading class java/util/AbstractList$RandomAccessSubList done
Event: 9.005 Loading class java/util/AbstractList$SubList$1
Event: 9.005 Loading class java/util/AbstractList$SubList$1 done
Event: 9.009 Loading class java/io/PrintWriter
Event: 9.009 Loading class java/io/PrintWriter done
Event: 9.009 Loading class java/lang/Throwable$WrappedPrintWriter
Event: 9.009 Loading class java/lang/Throwable$PrintStreamOrWriter
Event: 9.009 Loading class java/lang/Throwable$PrintStreamOrWriter done
Event: 9.009 Loading class java/lang/Throwable$WrappedPrintWriter done
Event: 18.228 Loading class java/lang/invoke/BoundMethodHandle$Species_LLLLLLLL
Event: 18.228 Loading class java/lang/invoke/BoundMethodHandle$Species_LLLLLLLL done
Event: 18.720 Loading class java/lang/invoke/BoundMethodHandle$Species_LLLLLLLLL
Event: 18.720 Loading class java/lang/invoke/BoundMethodHandle$Species_LLLLLLLLL done
Event: 18.725 Loading class java/lang/invoke/BoundMethodHandle$Species_LLLLLLLLLL
Event: 18.725 Loading class java/lang/invoke/BoundMethodHandle$Species_LLLLLLLLLL done

Classes unloaded (0 events):
No events

Classes redefined (0 events):
No events

Internal exceptions (20 events):
Event: 18.229 Thread 0x00007f4fac02b870 Exception <a 'java/lang/NoSuchMethodError'{0x00000007ffdbce68}: 'java.lang.Object java.lang.invoke.DirectMethodHandle$Holder.invokeStatic(java.lang.Object, java.lang.Object, java.lang.Object, java.lang.Object, java.lang.Object, java.lang.Object, java.lang.Object, java.lang.Object, java.lang.Object, java.lang.Object, java.lang.Object)'> (0x00000007ffdbce68) 
thrown [src/hotspot/share/interpreter/linkResolver.cpp, line 803]
Event: 18.230 Thread 0x00007f4fac02b870 Exception <a 'java/lang/ArrayIndexOutOfBoundsException'{0x00000007ffde1f20}: Index 1 out of bounds for length 1> (0x00000007ffde1f20) 
thrown [src/hotspot/share/interpreter/interpreterRuntime.cpp, line 420]
Event: 18.231 Thread 0x00007f4fac02b870 Exception <a 'java/lang/ArrayIndexOutOfBoundsException'{0x00000007ffdf6970}: Index 1 out of bounds for length 1> (0x00000007ffdf6970) 
thrown [src/hotspot/share/interpreter/interpreterRuntime.cpp, line 420]
Event: 18.231 Thread 0x00007f4fac02b870 Exception <a 'java/lang/ArrayIndexOutOfBoundsException'{0x00000007ffe0b1f8}: Index 1 out of bounds for length 1> (0x00000007ffe0b1f8) 
thrown [src/hotspot/share/interpreter/interpreterRuntime.cpp, line 420]
Event: 18.232 Thread 0x00007f4fac02b870 Exception <a 'java/lang/ArrayIndexOutOfBoundsException'{0x00000007ffe1fa80}: Index 1 out of bounds for length 1> (0x00000007ffe1fa80) 
thrown [src/hotspot/share/interpreter/interpreterRuntime.cpp, line 420]
Event: 18.232 Thread 0x00007f4fac02b870 Exception <a 'java/lang/ArrayIndexOutOfBoundsException'{0x00000007ffe34308}: Index 1 out of bounds for length 1> (0x00000007ffe34308) 
thrown [src/hotspot/share/interpreter/interpreterRuntime.cpp, line 420]
Event: 18.233 Thread 0x00007f4fac02b870 Exception <a 'java/lang/ArrayIndexOutOfBoundsException'{0x00000007ffe48b90}: Index 1 out of bounds for length 1> (0x00000007ffe48b90) 
thrown [src/hotspot/share/interpreter/interpreterRuntime.cpp, line 420]
Event: 18.233 Thread 0x00007f4fac02b870 Exception <a 'java/lang/ArrayIndexOutOfBoundsException'{0x00000007ffe5d418}: Index 1 out of bounds for length 1> (0x00000007ffe5d418) 
thrown [src/hotspot/share/interpreter/interpreterRuntime.cpp, line 420]
Event: 18.233 Thread 0x00007f4fac02b870 Exception <a 'java/lang/ArrayIndexOutOfBoundsException'{0x00000007ffe71f60}: Index 1 out of bounds for length 1> (0x00000007ffe71f60) 
thrown [src/hotspot/share/interpreter/interpreterRuntime.cpp, line 420]
Event: 18.711 Thread 0x00007f4fac02b870 Exception <a 'java/lang/NoSuchMethodError'{0x00000004204e5028}: 'void java.lang.invoke.DirectMethodHandle$Holder.invokeStaticInit(java.lang.Object, java.lang.Object, java.lang.Object, java.lang.Object, java.lang.Object, long, float, double, int, int)'> (0x00000004204e5028) 
thrown [src/hotspot/share/interpreter/linkResolver.cpp, line 803]
Event: 18.711 Thread 0x00007f4fac02b870 Exception <a 'java/lang/NoSuchMethodError'{0x00000004204f5f28}: 'void java.lang.invoke.DelegatingMethodHandle$Holder.reinvoke_L(java.lang.Object, java.lang.Object, java.lang.Object, java.lang.Object, java.lang.Object, long, float, double, int, int)'> (0x00000004204f5f28) 
thrown [src/hotspot/share/interpreter/linkResolver.cpp, line 803]
Event: 18.714 Thread 0x00007f4fac02b870 Exception <a 'java/lang/NoSuchMethodError'{0x0000000420541bb0}: 'double java.lang.invoke.DirectMethodHandle$Holder.invokeStaticInit(java.lang.Object, java.lang.Object, java.lang.Object, java.lang.Object, java.lang.Object, long, float, double, int, int)'> (0x0000000420541bb0) 
thrown [src/hotspot/share/interpreter/linkResolver.cpp, line 803]
Event: 18.714 Thread 0x00007f4fac02b870 Exception <a 'java/lang/NoSuchMethodError'{0x0000000420552ab0}: 'double java.lang.invoke.DelegatingMethodHandle$Holder.reinvoke_L(java.lang.Object, java.lang.Object, java.lang.Object, java.lang.Object, java.lang.Object, long, float, double, int, int)'> (0x0000000420552ab0) 
thrown [src/hotspot/share/interpreter/linkResolver.cpp, line 803]
Event: 18.718 Thread 0x00007f4fac02b870 Implicit null exception at 0x00007f4f9c5c7066 to 0x00007f4f9c5c77e4
Event: 18.718 Thread 0x00007f4fac02b870 Exception <a 'java/lang/NoSuchMethodError'{0x0000000420648f28}: 'java.lang.Object java.lang.invoke.Invokers$Holder.invoker(java.lang.Object, java.lang.Object, java.lang.Object, java.lang.Object, java.lang.Object, java.lang.Object, java.lang.Object, java.lang.Object, java.lang.Object)'> (0x0000000420648f28) 
thrown [src/hotspot/share/interpreter/linkResolver.cpp, line 803]
Event: 18.719 Thread 0x00007f4fac02b870 Implicit null exception at 0x00007f4f9c5c63fe to 0x00007f4f9c5c67b8
Event: 18.721 Thread 0x00007f4fac02b870 Exception <a 'java/lang/NoSuchMethodError'{0x00000004207a8ab0}: 'java.lang.Object java.lang.invoke.DirectMethodHandle$Holder.invokeStatic(java.lang.Object, java.lang.Object, java.lang.Object, java.lang.Object, java.lang.Object, java.lang.Object, java.lang.Object, java.lang.Object, java.lang.Object, java.lang.Object, java.lang.Object, java.lang.Object)'> (0x00000004207a8ab0) 
thrown [src/hotspot/share/interpreter/linkResolver.cpp, line 803]
Event: 18.726 Thread 0x00007f4fac02b870 Exception <a 'java/lang/NoSuchMethodError'{0x000000041f82a4e0}: 'java.lang.Object java.lang.invoke.DirectMethodHandle$Holder.invokeStatic(java.lang.Object, java.lang.Object, java.lang.Object, java.lang.Object, java.lang.Object, java.lang.Object, java.lang.Object, java.lang.Object, java.lang.Object, java.lang.Object, java.lang.Object, java.lang.Object, java.lang.Object)'> (0x000000041f82a4e0) 
thrown [src/hotspot/share/interpreter/linkResolver.cpp, line 803]
Event: 18.802 Thread 0x00007f4fac02b870 Exception <a 'java/lang/NoSuchMethodError'{0x000000041f2179e0}: 'long java.lang.invoke.DirectMethodHandle$Holder.invokeStaticInit(java.lang.Object, java.lang.Object, java.lang.Object, java.lang.Object, java.lang.Object, long, float, double, int, int)'> (0x000000041f2179e0) 
thrown [src/hotspot/share/interpreter/linkResolver.cpp, line 803]
Event: 18.803 Thread 0x00007f4fac02b870 Exception <a 'java/lang/NoSuchMethodError'{0x000000041f2288e0}: 'long java.lang.invoke.DelegatingMethodHandle$Holder.reinvoke_L(java.lang.Object, java.lang.Object, java.lang.Object, java.lang.Object, java.lang.Object, long, float, double, int, int)'> (0x000000041f2288e0) 
thrown [src/hotspot/share/interpreter/linkResolver.cpp, line 803]

VM Operations (20 events):
Event: 16.175 Executing safepoint VM operation: G1CollectForAllocation (G1 Evacuation Pause)
Event: 16.185 Executing safepoint VM operation: G1CollectForAllocation (G1 Evacuation Pause) done
Event: 16.652 Executing safepoint VM operation: G1CollectForAllocation (G1 Evacuation Pause)
Event: 16.658 Executing safepoint VM operation: G1CollectForAllocation (G1 Evacuation Pause) done
Event: 17.029 Executing non-safepoint VM operation: HandshakeAllThreads (Deoptimize)
Event: 17.029 Executing non-safepoint VM operation: HandshakeAllThreads (Deoptimize) done
Event: 17.433 Executing safepoint VM operation: G1CollectForAllocation (G1 Evacuation Pause)
Event: 17.440 Executing safepoint VM operation: G1CollectForAllocation (G1 Evacuation Pause) done
Event: 18.171 Executing safepoint VM operation: G1CollectForAllocation (G1 Evacuation Pause)
Event: 18.179 Executing safepoint VM operation: G1CollectForAllocation (G1 Evacuation Pause) done
Event: 18.190 Executing safepoint VM operation: G1TryInitiateConcMark (CodeCache GC Threshold)
Event: 18.198 Executing safepoint VM operation: G1TryInitiateConcMark (CodeCache GC Threshold) done
Event: 18.245 Executing safepoint VM operation: G1PauseRemark
Event: 18.254 Executing safepoint VM operation: G1PauseRemark done
Event: 18.274 Executing safepoint VM operation: G1PauseCleanup
Event: 18.275 Executing safepoint VM operation: G1PauseCleanup done
Event: 18.882 Executing safepoint VM operation: G1CollectForAllocation (G1 Evacuation Pause)
Event: 18.891 Executing safepoint VM operation: G1CollectForAllocation (G1 Evacuation Pause) done
Event: 19.575 Executing safepoint VM operation: G1CollectForAllocation (G1 Evacuation Pause)
Event: 19.594 Executing safepoint VM operation: G1CollectForAllocation (G1 Evacuation Pause) done

Memory protections (20 events):
Event: 6.516 Protecting memory [0x00007f4f6adfd000,0x00007f4f6ae01000] with protection modes 0
Event: 6.518 Protecting memory [0x00007f4f6abfd000,0x00007f4f6ac01000] with protection modes 0
Event: 6.521 Protecting memory [0x00007f4f6b2fd000,0x00007f4f6b301000] with protection modes 0
Event: 6.556 Protecting memory [0x00007f4f6aefd000,0x00007f4f6af01000] with protection modes 0
Event: 6.556 Protecting memory [0x00007f4f6b6fd000,0x00007f4f6b701000] with protection modes 0
Event: 6.556 Protecting memory [0x00007f4f6b5fd000,0x00007f4f6b601000] with protection modes 0
Event: 8.460 Protecting memory [0x00007f4f6b6fd000,0x00007f4f6b701000] with protection modes 0
Event: 8.515 Protecting memory [0x00007f4f6b5fd000,0x00007f4f6b601000] with protection modes 0
Event: 9.513 Protecting memory [0x00007f4f6aafd000,0x00007f4f6ab01000] with protection modes 0
Event: 9.524 Protecting memory [0x00007f4f6affd000,0x00007f4f6b001000] with protection modes 0
Event: 11.459 Protecting memory [0x00007f4f6aafd000,0x00007f4f6ab01000] with protection modes 0
Event: 11.487 Protecting memory [0x00007f4f6affd000,0x00007f4f6b001000] with protection modes 0
Event: 11.487 Protecting memory [0x00007f4f69bef000,0x00007f4f69bf3000] with protection modes 0
Event: 13.841 Protecting memory [0x00007f4f6aefd000,0x00007f4f6af01000] with protection modes 0
Event: 14.135 Protecting memory [0x00007f4f6b6fd000,0x00007f4f6b701000] with protection modes 0
Event: 14.204 Protecting memory [0x00007f4f6b5fd000,0x00007f4f6b601000] with protection modes 0
Event: 14.356 Protecting memory [0x00007f4f6aafd000,0x00007f4f6ab01000] with protection modes 0
Event: 14.356 Protecting memory [0x00007f4f6affd000,0x00007f4f6b001000] with protection modes 0
Event: 14.356 Protecting memory [0x00007f4f69bef000,0x00007f4f69bf3000] with protection modes 0
Event: 16.433 Protecting memory [0x00007f4f6abfd000,0x00007f4f6ac01000] with protection modes 0

Nmethod flushes (20 events):
Event: 18.253 Thread 0x00007f4fac0fb320 flushing  nmethod 0x00007f4f947e8788
Event: 18.253 Thread 0x00007f4fac0fb320 flushing  nmethod 0x00007f4f947eb688
Event: 18.253 Thread 0x00007f4fac0fb320 flushing  nmethod 0x00007f4f947ebc08
Event: 18.253 Thread 0x00007f4fac0fb320 flushing  nmethod 0x00007f4f947f4288
Event: 18.253 Thread 0x00007f4fac0fb320 flushing  nmethod 0x00007f4f947f4588
Event: 18.253 Thread 0x00007f4fac0fb320 flushing  nmethod 0x00007f4f94848f88
Event: 18.253 Thread 0x00007f4fac0fb320 flushing  nmethod 0x00007f4f94849508
Event: 18.253 Thread 0x00007f4fac0fb320 flushing  nmethod 0x00007f4f94849b88
Event: 18.253 Thread 0x00007f4fac0fb320 flushing  nmethod 0x00007f4f9484a308
Event: 18.253 Thread 0x00007f4fac0fb320 flushing  nmethod 0x00007f4f9484a688
Event: 18.253 Thread 0x00007f4fac0fb320 flushing  nmethod 0x00007f4f9484ab08
Event: 18.253 Thread 0x00007f4fac0fb320 flushing  nmethod 0x00007f4f9484b208
Event: 18.253 Thread 0x00007f4fac0fb320 flushing  nmethod 0x00007f4f9484b788
Event: 18.253 Thread 0x00007f4fac0fb320 flushing  nmethod 0x00007f4f9484c388
Event: 18.253 Thread 0x00007f4fac0fb320 flushing  nmethod 0x00007f4f9484c708
Event: 18.253 Thread 0x00007f4fac0fb320 flushing  nmethod 0x00007f4f9484d308
Event: 18.253 Thread 0x00007f4fac0fb320 flushing  nmethod 0x00007f4f9484d788
Event: 18.253 Thread 0x00007f4fac0fb320 flushing  nmethod 0x00007f4f9484da88
Event: 18.253 Thread 0x00007f4fac0fb320 flushing  nmethod 0x00007f4f9484de88
Event: 18.253 Thread 0x00007f4fac0fb320 flushing  nmethod 0x00007f4f9484e188

Events (20 events):
Event: 11.459 Thread 0x00007f4f1c4a0970 Thread added: 0x00007f4f0cb72eb0
Event: 11.487 Thread 0x00007f4f0cb72eb0 Thread added: 0x00007f4ec079d060
Event: 11.487 Thread 0x00007f4f0cb72eb0 Thread added: 0x00007f4ec05baa70
Event: 11.821 Thread 0x00007f4ec05baa70 Thread exited: 0x00007f4ec05baa70
Event: 11.840 Thread 0x00007f4ec079d060 Thread exited: 0x00007f4ec079d060
Event: 11.894 Thread 0x00007f4f0cb72eb0 Thread exited: 0x00007f4f0cb72eb0
Event: 12.374 Thread 0x00007f4ef8a13d20 Thread exited: 0x00007f4ef8a13d20
Event: 12.681 Thread 0x00007f4f044abfa0 Thread exited: 0x00007f4f044abfa0
Event: 13.673 Thread 0x00007f4f1c4a0970 Thread exited: 0x00007f4f1c4a0970
Event: 13.841 Thread 0x00007f4fac10c830 Thread added: 0x00007f4f340570b0
Event: 14.134 Thread 0x00007f4f340570b0 Thread added: 0x00007f4f0c021ba0
Event: 14.204 Thread 0x00007f4fac10e220 Thread added: 0x00007f4f282295b0
Event: 14.356 Thread 0x00007f4f0c021ba0 Thread added: 0x00007f4f2c5773d0
Event: 14.356 Thread 0x00007f4f0c021ba0 Thread added: 0x00007f4f2c577cd0
Event: 14.356 Thread 0x00007f4f0c021ba0 Thread added: 0x00007f4f2c578ad0
Event: 14.494 Thread 0x00007f4f040350d0 Thread exited: 0x00007f4f040350d0
Event: 16.433 Thread 0x00007f4f04032ad0 Thread added: 0x00007f4f0073fc00
Event: 16.470 Thread 0x00007f4f2c578ad0 Thread exited: 0x00007f4f2c578ad0
Event: 16.470 Thread 0x00007f4f2c577cd0 Thread exited: 0x00007f4f2c577cd0
Event: 18.183 Thread 0x00007f4f2c5773d0 Thread exited: 0x00007f4f2c5773d0


Dynamic libraries:
4d000000-4d001000 ---p 00000000 00:00 0 
4d001000-4dd8c000 rw-p 00001000 00:24 62088005                           /home/andreatp/.sdkman/candidates/java/25-tem/lib/server/classes.jsa
4dd8c000-4e000000 ---p 00000000 00:00 0 
4e000000-4e040000 rw-p 00000000 00:00 0 
4e040000-4e140000 rw-p 00000000 00:00 0 
4e140000-4e180000 rw-p 00000000 00:00 0 
4e180000-4e2a0000 rw-p 00000000 00:00 0 
4e2a0000-8e000000 ---p 00000000 00:00 0 
418000000-429000000 rw-p 00000000 00:00 0 
429000000-44f000000 ---p 00000000 00:00 0 
44f000000-450000000 rw-p 00000000 00:00 0 
450000000-451800000 ---p 00000000 00:00 0 
451800000-452800000 rw-p 00000000 00:00 0 
452800000-485000000 ---p 00000000 00:00 0 
485000000-485800000 rw-p 00000000 00:00 0 
485800000-7ff000000 ---p 00000000 00:00 0 
7ff000000-7ff800000 rw-p 00000000 00:00 0 
7ff800000-7ff921000 rw-p 00dbf000 00:24 62088005                         /home/andreatp/.sdkman/candidates/java/25-tem/lib/server/classes.jsa
7ff921000-800000000 rw-p 00000000 00:00 0 
557bcd252000-557bcd253000 r--p 00000000 00:24 62087964                   /home/andreatp/.sdkman/candidates/java/25-tem/bin/java
557bcd253000-557bcd254000 r-xp 00001000 00:24 62087964                   /home/andreatp/.sdkman/candidates/java/25-tem/bin/java
557bcd254000-557bcd255000 r--p 00002000 00:24 62087964                   /home/andreatp/.sdkman/candidates/java/25-tem/bin/java
557bcd255000-557bcd256000 r--p 00002000 00:24 62087964                   /home/andreatp/.sdkman/candidates/java/25-tem/bin/java
557bcd256000-557bcd257000 rw-p 00003000 00:24 62087964                   /home/andreatp/.sdkman/candidates/java/25-tem/bin/java
557bef227000-557bef270000 rw-p 00000000 00:00 0                          [heap]
7f4eb8000000-7f4eb91cb000 rw-p 00000000 00:00 0 
7f4eb91cb000-7f4ebc000000 ---p 00000000 00:00 0 
7f4ec0000000-7f4ec1857000 rw-p 00000000 00:00 0 
7f4ec1857000-7f4ec4000000 ---p 00000000 00:00 0 
7f4ec4000000-7f4ec55e0000 rw-p 00000000 00:00 0 
7f4ec55e0000-7f4ec8000000 ---p 00000000 00:00 0 
7f4ec8000000-7f4ec8023000 rw-p 00000000 00:00 0 
7f4ec8023000-7f4ecc000000 ---p 00000000 00:00 0 
7f4ecc000000-7f4ecc021000 rw-p 00000000 00:00 0 
7f4ecc021000-7f4ed0000000 ---p 00000000 00:00 0 
7f4ed0000000-7f4ed0021000 rw-p 00000000 00:00 0 
7f4ed0021000-7f4ed4000000 ---p 00000000 00:00 0 
7f4ed4000000-7f4ed4076000 rw-p 00000000 00:00 0 
7f4ed4076000-7f4ed8000000 ---p 00000000 00:00 0 
7f4ed8000000-7f4ed8021000 rw-p 00000000 00:00 0 
7f4ed8021000-7f4edc000000 ---p 00000000 00:00 0 
7f4edc000000-7f4edc054000 rw-p 00000000 00:00 0 
7f4edc054000-7f4ee0000000 ---p 00000000 00:00 0 
7f4ee0000000-7f4ee0021000 rw-p 00000000 00:00 0 
7f4ee0021000-7f4ee4000000 ---p 00000000 00:00 0 
7f4ee4000000-7f4ee4021000 rw-p 00000000 00:00 0 
7f4ee4021000-7f4ee8000000 ---p 00000000 00:00 0 
7f4ee8000000-7f4ee8036000 rw-p 00000000 00:00 0 
7f4ee8036000-7f4eec000000 ---p 00000000 00:00 0 
7f4eec000000-7f4eec021000 rw-p 00000000 00:00 0 
7f4eec021000-7f4ef0000000 ---p 00000000 00:00 0 
7f4ef0000000-7f4ef0021000 rw-p 00000000 00:00 0 
7f4ef0021000-7f4ef4000000 ---p 00000000 00:00 0 
7f4ef4000000-7f4ef4021000 rw-p 00000000 00:00 0 
7f4ef4021000-7f4ef8000000 ---p 00000000 00:00 0 
7f4ef8000000-7f4ef97ca000 rw-p 00000000 00:00 0 
7f4ef97ca000-7f4efc000000 ---p 00000000 00:00 0 
7f4efc000000-7f4efd2d2000 rw-p 00000000 00:00 0 
7f4efd2d2000-7f4f00000000 ---p 00000000 00:00 0 
7f4f00000000-7f4f00c16000 rw-p 00000000 00:00 0 
7f4f00c16000-7f4f04000000 ---p 00000000 00:00 0 
7f4f04000000-7f4f05859000 rw-p 00000000 00:00 0 
7f4f05859000-7f4f08000000 ---p 00000000 00:00 0 
7f4f08000000-7f4f0819d000 rw-p 00000000 00:00 0 
7f4f0819d000-7f4f0c000000 ---p 00000000 00:00 0 
7f4f0c000000-7f4f0dfb1000 rw-p 00000000 00:00 0 
7f4f0dfb1000-7f4f10000000 ---p 00000000 00:00 0 
7f4f10000000-7f4f10021000 rw-p 00000000 00:00 0 
7f4f10021000-7f4f14000000 ---p 00000000 00:00 0 
7f4f14000000-7f4f14021000 rw-p 00000000 00:00 0 
7f4f14021000-7f4f18000000 ---p 00000000 00:00 0 
7f4f18000000-7f4f18021000 rw-p 00000000 00:00 0 
7f4f18021000-7f4f1c000000 ---p 00000000 00:00 0 
7f4f1c000000-7f4f1e1b0000 rw-p 00000000 00:00 0 
7f4f1e1b0000-7f4f20000000 ---p 00000000 00:00 0 
7f4f20000000-7f4f21f4c000 rw-p 00000000 00:00 0 
7f4f21f4c000-7f4f24000000 ---p 00000000 00:00 0 
7f4f24000000-7f4f24021000 rw-p 00000000 00:00 0 
7f4f24021000-7f4f28000000 ---p 00000000 00:00 0 
7f4f28000000-7f4f28d62000 rw-p 00000000 00:00 0 
7f4f28d62000-7f4f2c000000 ---p 00000000 00:00 0 
7f4f2c000000-7f4f2dea2000 rw-p 00000000 00:00 0 
7f4f2dea2000-7f4f30000000 ---p 00000000 00:00 0 
7f4f30000000-7f4f30021000 rw-p 00000000 00:00 0 
7f4f30021000-7f4f34000000 ---p 00000000 00:00 0 
7f4f34000000-7f4f3645d000 rw-p 00000000 00:00 0 
7f4f3645d000-7f4f38000000 ---p 00000000 00:00 0 
7f4f38000000-7f4f3803d000 rw-p 00000000 00:00 0 
7f4f3803d000-7f4f3c000000 ---p 00000000 00:00 0 
7f4f3e000000-7f4f4be70000 r--p 00000000 00:24 16857077                   /usr/lib/locale/locale-archive
7f4f4c000000-7f4f4c400000 rw-p 00000000 00:00 0 
7f4f4c400000-7f4f4cfc0000 rw-p 00000000 00:00 0 
7f4f4cfc0000-7f4f4d100000 rw-p 00000000 00:00 0 
7f4f4d100000-7f4f4d1c0000 rw-p 00000000 00:00 0 
7f4f4d1c0000-7f4f4d720000 rw-p 00000000 00:00 0 
7f4f4d720000-7f4f4d840000 rw-p 00000000 00:00 0 
7f4f4d840000-7f4f4d940000 rw-p 00000000 00:00 0 
7f4f4d940000-7f4f4da60000 rw-p 00000000 00:00 0 
7f4f4da60000-7f4f4dae0000 rw-p 00000000 00:00 0 
7f4f4dae0000-7f4f4db80000 rw-p 00000000 00:00 0 
7f4f4db80000-7f4f4dc00000 ---p 00000000 00:00 0 
7f4f4dc00000-7f4f4df20000 rw-p 00000000 00:00 0 
7f4f4df20000-7f4f4e1d0000 rw-p 00000000 00:00 0 
7f4f4e1d0000-7f4f50000000 ---p 00000000 00:00 0 
7f4f50000000-7f4f50037000 rw-p 00000000 00:00 0 
7f4f50037000-7f4f54000000 ---p 00000000 00:00 0 
7f4f54000000-7f4f54021000 rw-p 00000000 00:00 0 
7f4f54021000-7f4f58000000 ---p 00000000 00:00 0 
7f4f58000000-7f4f58021000 rw-p 00000000 00:00 0 
7f4f58021000-7f4f5c000000 ---p 00000000 00:00 0 
7f4f60000000-7f4f60021000 rw-p 00000000 00:00 0 
7f4f60021000-7f4f64000000 ---p 00000000 00:00 0 
7f4f64000000-7f4f64021000 rw-p 00000000 00:00 0 
7f4f64021000-7f4f68000000 ---p 00000000 00:00 0 
7f4f69bef000-7f4f69bf3000 ---p 00000000 00:00 0 
7f4f69bf3000-7f4f69cef000 rw-p 00000000 00:00 0 
7f4f69cef000-7f4f69cf0000 ---p 00000000 00:00 0 
7f4f69cf0000-7f4f69df0000 rw-p 00000000 00:00 0 
7f4f69df0000-7f4f69df1000 ---p 00000000 00:00 0 
7f4f69df1000-7f4f69ef1000 rw-p 00000000 00:00 0 
7f4f69ef1000-7f4f69ef2000 ---p 00000000 00:00 0 
7f4f69ef2000-7f4f69ff2000 rw-p 00000000 00:00 0 
7f4f69ff2000-7f4f69ff3000 ---p 00000000 00:00 0 
7f4f69ff3000-7f4f6a0f3000 rw-p 00000000 00:00 0 
7f4f6a0f3000-7f4f6a0f4000 ---p 00000000 00:00 0 
7f4f6a0f4000-7f4f6a1f4000 rw-p 00000000 00:00 0 
7f4f6a1f4000-7f4f6a1f5000 ---p 00000000 00:00 0 
7f4f6a1f5000-7f4f6a2f5000 rw-p 00000000 00:00 0 
7f4f6a2f5000-7f4f6a2f6000 ---p 00000000 00:00 0 
7f4f6a2f6000-7f4f6a3f6000 rw-p 00000000 00:00 0 
7f4f6a3f6000-7f4f6a3f7000 ---p 00000000 00:00 0 
7f4f6a3f7000-7f4f6a4f7000 rw-p 00000000 00:00 0 
7f4f6a4f7000-7f4f6a4f8000 ---p 00000000 00:00 0 
7f4f6a4f8000-7f4f6a5f8000 rw-p 00000000 00:00 0 
7f4f6a5f8000-7f4f6a5f9000 ---p 00000000 00:00 0 
7f4f6a5f9000-7f4f6a6f9000 rw-p 00000000 00:00 0 
7f4f6a6f9000-7f4f6a6fa000 ---p 00000000 00:00 0 
7f4f6a6fa000-7f4f6a7fa000 rw-p 00000000 00:00 0 
7f4f6a7fa000-7f4f6a7fb000 ---p 00000000 00:00 0 
7f4f6a7fb000-7f4f6a8fb000 rw-p 00000000 00:00 0 
7f4f6a8fb000-7f4f6a8fc000 ---p 00000000 00:00 0 
7f4f6a8fc000-7f4f6a9fc000 rw-p 00000000 00:00 0 
7f4f6a9fc000-7f4f6a9fd000 ---p 00000000 00:00 0 
7f4f6a9fd000-7f4f6aafd000 rw-p 00000000 00:00 0 
7f4f6aafd000-7f4f6ab01000 ---p 00000000 00:00 0 
7f4f6ab01000-7f4f6abfd000 rw-p 00000000 00:00 0 
7f4f6abfd000-7f4f6ac01000 ---p 00000000 00:00 0 
7f4f6ac01000-7f4f6acfd000 rw-p 00000000 00:00 0 
7f4f6acfd000-7f4f6ad01000 ---p 00000000 00:00 0 
7f4f6ad01000-7f4f6adfd000 rw-p 00000000 00:00 0 
7f4f6adfd000-7f4f6ae01000 ---p 00000000 00:00 0 
7f4f6ae01000-7f4f6aefd000 rw-p 00000000 00:00 0 
7f4f6aefd000-7f4f6af01000 ---p 00000000 00:00 0 
7f4f6af01000-7f4f6affd000 rw-p 00000000 00:00 0 
7f4f6affd000-7f4f6b001000 ---p 00000000 00:00 0 
7f4f6b001000-7f4f6b0fd000 rw-p 00000000 00:00 0 
7f4f6b0fd000-7f4f6b101000 ---p 00000000 00:00 0 
7f4f6b101000-7f4f6b1fd000 rw-p 00000000 00:00 0 
7f4f6b1fd000-7f4f6b201000 ---p 00000000 00:00 0 
7f4f6b201000-7f4f6b2fd000 rw-p 00000000 00:00 0 
7f4f6b2fd000-7f4f6b301000 ---p 00000000 00:00 0 
7f4f6b301000-7f4f6b3fd000 rw-p 00000000 00:00 0 
7f4f6b3fd000-7f4f6b401000 ---p 00000000 00:00 0 
7f4f6b401000-7f4f6b4fd000 rw-p 00000000 00:00 0 
7f4f6b4fd000-7f4f6b501000 ---p 00000000 00:00 0 
7f4f6b501000-7f4f6b5fd000 rw-p 00000000 00:00 0 
7f4f6b5fd000-7f4f6b601000 ---p 00000000 00:00 0 
7f4f6b601000-7f4f6b6fd000 rw-p 00000000 00:00 0 
7f4f6b6fd000-7f4f6b701000 ---p 00000000 00:00 0 
7f4f6b701000-7f4f6b7fd000 rw-p 00000000 00:00 0 
7f4f6b7fd000-7f4f6b801000 ---p 00000000 00:00 0 
7f4f6b801000-7f4f6b8fd000 rw-p 00000000 00:00 0 
7f4f6b8fd000-7f4f6b901000 ---p 00000000 00:00 0 
7f4f6b901000-7f4f6b9fd000 rw-p 00000000 00:00 0 
7f4f6b9fd000-7f4f6ba01000 ---p 00000000 00:00 0 
7f4f6ba01000-7f4f6bafd000 rw-p 00000000 00:00 0 
7f4f6bafd000-7f4f6bb01000 ---p 00000000 00:00 0 
7f4f6bb01000-7f4f6bbfd000 rw-p 00000000 00:00 0 
7f4f6bbfd000-7f4f6bc01000 ---p 00000000 00:00 0 
7f4f6bc01000-7f4f6bcfd000 rw-p 00000000 00:00 0 
7f4f6bcfd000-7f4f6bcfe000 ---p 00000000 00:00 0 
7f4f6bcfe000-7f4f6bd02000 ---p 00000000 00:00 0 
7f4f6bd02000-7f4f6bdfe000 rw-p 00000000 00:00 0 
7f4f6bdfe000-7f4f6bdff000 ---p 00000000 00:00 0 
7f4f6bdff000-7f4f6beff000 rw-p 00000000 00:00 0 
7f4f6beff000-7f4f6bf00000 ---p 00000000 00:00 0 
7f4f6bf00000-7f4f6bf04000 ---p 00000000 00:00 0 
7f4f6bf04000-7f4f6c000000 rw-p 00000000 00:00 0 
7f4f6c000000-7f4f6c021000 rw-p 00000000 00:00 0 
7f4f6c021000-7f4f70000000 ---p 00000000 00:00 0 
7f4f70000000-7f4f70021000 rw-p 00000000 00:00 0 
7f4f70021000-7f4f74000000 ---p 00000000 00:00 0 
7f4f74000000-7f4f74021000 rw-p 00000000 00:00 0 
7f4f74021000-7f4f78000000 ---p 00000000 00:00 0 
7f4f78000000-7f4f78021000 rw-p 00000000 00:00 0 
7f4f78021000-7f4f7c000000 ---p 00000000 00:00 0 
7f4f7c000000-7f4f7c021000 rw-p 00000000 00:00 0 
7f4f7c021000-7f4f80000000 ---p 00000000 00:00 0 
7f4f8002d000-7f4f80034000 r--s 00000000 00:24 17059797                   /usr/lib64/gconv/gconv-modules.cache
7f4f80034000-7f4f8003e000 r-xp 00000000 00:00 0 
7f4f8003e000-7f4f80044000 r-xp 00000000 00:00 0 
7f4f80044000-7f4f800f7000 r-xp 00000000 00:00 0 
7f4f800f7000-7f4f800f8000 ---p 00000000 00:00 0 
7f4f800f8000-7f4f801f8000 rw-p 00000000 00:00 0 
7f4f801f8000-7f4f801f9000 ---p 00000000 00:00 0 
7f4f801f9000-7f4f802f9000 rw-p 00000000 00:00 0 
7f4f802f9000-7f4f802fa000 ---p 00000000 00:00 0 
7f4f802fa000-7f4f803fa000 rw-p 00000000 00:00 0 
7f4f803fa000-7f4f82e40000 rw-p 00000000 00:00 0 
7f4f82e40000-7f4f837c0000 ---p 00000000 00:00 0 
7f4f837c0000-7f4f83800000 rw-p 00000000 00:00 0 
7f4f83800000-7f4f83860000 ---p 00000000 00:00 0 
7f4f83860000-7f4f838a0000 rw-p 00000000 00:00 0 
7f4f838a0000-7f4f84540000 ---p 00000000 00:00 0 
7f4f84540000-7f4f84560000 rw-p 00000000 00:00 0 
7f4f84560000-7f4f923c0000 ---p 00000000 00:00 0 
7f4f923c0000-7f4f92400000 rw-p 00000000 00:00 0 
7f4f92400000-7f4f92401000 r-xp 00000000 00:00 0 
7f4f92401000-7f4f924c0000 r-xp 00000000 00:00 0 
7f4f924c0000-7f4f92548000 rw-p 00000000 00:00 0 
7f4f92548000-7f4f92678000 ---p 00000000 00:00 0 
7f4f92678000-7f4f92680000 rw-p 00000000 00:00 0 
7f4f92680000-7f4f9268c000 ---p 00000000 00:00 0 
7f4f9268c000-7f4f92694000 rw-p 00000000 00:00 0 
7f4f92694000-7f4f92828000 ---p 00000000 00:00 0 
7f4f92828000-7f4f9282c000 rw-p 00000000 00:00 0 
7f4f9282c000-7f4f943f8000 ---p 00000000 00:00 0 
7f4f943f8000-7f4f94400000 rw-p 00000000 00:00 0 
7f4f94400000-7f4f961e0000 rwxp 00000000 00:00 0 
7f4f961e0000-7f4f9b85f000 ---p 00000000 00:00 0 
7f4f9b85f000-7f4f9bcaf000 rwxp 00000000 00:00 0 
7f4f9bcaf000-7f4f9bf9f000 ---p 00000000 00:00 0 
7f4f9bf9f000-7f4f9c75f000 rwxp 00000000 00:00 0 
7f4f9c75f000-7f4fa3400000 ---p 00000000 00:00 0 
7f4fa3400000-7f4fabf14000 r--s 00000000 00:24 62088042                   /home/andreatp/.sdkman/candidates/java/25-tem/lib/modules
7f4fabf14000-7f4fabf3b000 r-xp 00000000 00:00 0 
7f4fabf3b000-7f4fabf3d000 r--p 00000000 00:24 62087985                   /home/andreatp/.sdkman/candidates/java/25-tem/lib/libzip.so
7f4fabf3d000-7f4fabf4f000 r-xp 00002000 00:24 62087985                   /home/andreatp/.sdkman/candidates/java/25-tem/lib/libzip.so
7f4fabf4f000-7f4fabf57000 r--p 00014000 00:24 62087985                   /home/andreatp/.sdkman/candidates/java/25-tem/lib/libzip.so
7f4fabf57000-7f4fabf58000 r--p 0001b000 00:24 62087985                   /home/andreatp/.sdkman/candidates/java/25-tem/lib/libzip.so
7f4fabf58000-7f4fabf59000 rw-p 0001c000 00:24 62087985                   /home/andreatp/.sdkman/candidates/java/25-tem/lib/libzip.so
7f4fabf59000-7f4fabf5c000 r--p 00000000 00:24 62088001                   /home/andreatp/.sdkman/candidates/java/25-tem/lib/libnet.so
7f4fabf5c000-7f4fabf64000 r-xp 00003000 00:24 62088001                   /home/andreatp/.sdkman/candidates/java/25-tem/lib/libnet.so
7f4fabf64000-7f4fabf66000 r--p 0000b000 00:24 62088001                   /home/andreatp/.sdkman/candidates/java/25-tem/lib/libnet.so
7f4fabf66000-7f4fabf67000 r--p 0000c000 00:24 62088001                   /home/andreatp/.sdkman/candidates/java/25-tem/lib/libnet.so
7f4fabf67000-7f4fabf68000 rw-p 0000d000 00:24 62088001                   /home/andreatp/.sdkman/candidates/java/25-tem/lib/libnet.so
7f4fabf68000-7f4fabf70000 r--p 00000000 00:24 62088041                   /home/andreatp/.sdkman/candidates/java/25-tem/lib/libnio.so
7f4fabf70000-7f4fabf79000 r-xp 00008000 00:24 62088041                   /home/andreatp/.sdkman/candidates/java/25-tem/lib/libnio.so
7f4fabf79000-7f4fabf7d000 r--p 00011000 00:24 62088041                   /home/andreatp/.sdkman/candidates/java/25-tem/lib/libnio.so
7f4fabf7d000-7f4fabf7e000 r--p 00015000 00:24 62088041                   /home/andreatp/.sdkman/candidates/java/25-tem/lib/libnio.so
7f4fabf7e000-7f4fabf7f000 rw-p 00016000 00:24 62088041                   /home/andreatp/.sdkman/candidates/java/25-tem/lib/libnio.so
7f4fabf7f000-7f4fad4c8000 rw-p 00000000 00:00 0 
7f4fad4c8000-7f4fb0000000 ---p 00000000 00:00 0 
7f4fb0000000-7f4fb000b000 r-xp 00000000 00:00 0 
7f4fb000b000-7f4fb000c000 r--p 00000000 00:24 62088018                   /home/andreatp/.sdkman/candidates/java/25-tem/lib/libsimdsort.so
7f4fb000c000-7f4fb0045000 r-xp 00001000 00:24 62088018                   /home/andreatp/.sdkman/candidates/java/25-tem/lib/libsimdsort.so
7f4fb0045000-7f4fb004b000 r--p 0003a000 00:24 62088018                   /home/andreatp/.sdkman/candidates/java/25-tem/lib/libsimdsort.so
7f4fb004b000-7f4fb004c000 r--p 0003f000 00:24 62088018                   /home/andreatp/.sdkman/candidates/java/25-tem/lib/libsimdsort.so
7f4fb004c000-7f4fb004d000 rw-p 00040000 00:24 62088018                   /home/andreatp/.sdkman/candidates/java/25-tem/lib/libsimdsort.so
7f4fb004d000-7f4fb07f0000 rw-p 00000000 00:00 0 
7f4fb07f0000-7f4fb07f1000 ---p 00000000 00:00 0 
7f4fb07f1000-7f4fb08f1000 rw-p 00000000 00:00 0 
7f4fb08f1000-7f4fb08f2000 ---p 00000000 00:00 0 
7f4fb08f2000-7f4fb09f2000 rw-p 00000000 00:00 0 
7f4fb09f2000-7f4fb09f3000 ---p 00000000 00:00 0 
7f4fb09f3000-7f4fb0af3000 rw-p 00000000 00:00 0 
7f4fb0af3000-7f4fb0c7a000 rw-p 00000000 00:00 0 
7f4fb0c7a000-7f4fb0daa000 ---p 00000000 00:00 0 
7f4fb0daa000-7f4fb0db2000 rw-p 00000000 00:00 0 
7f4fb0db2000-7f4fb0dbe000 ---p 00000000 00:00 0 
7f4fb0dbe000-7f4fb0dc6000 rw-p 00000000 00:00 0 
7f4fb0dc6000-7f4fb0f5a000 ---p 00000000 00:00 0 
7f4fb0f5a000-7f4fb0f5e000 rw-p 00000000 00:00 0 
7f4fb0f5e000-7f4fb2b2a000 ---p 00000000 00:00 0 
7f4fb2b2a000-7f4fb384f000 rw-p 00000000 00:00 0 
7f4fb384f000-7f4fb3928000 ---p 00000000 00:00 0 
7f4fb3928000-7f4fb3964000 rw-p 00000000 00:00 0 
7f4fb3964000-7f4fb3a11000 ---p 00000000 00:00 0 
7f4fb3a11000-7f4fb3a15000 ---p 00000000 00:00 0 
7f4fb3a15000-7f4fb3b11000 rw-p 00000000 00:00 0 
7f4fb3b11000-7f4fb3b8e000 r-xp 00000000 00:24 16857124                   /usr/lib64/libm.so.6
7f4fb3b8e000-7f4fb3bfe000 r--p 0007d000 00:24 16857124                   /usr/lib64/libm.so.6
7f4fb3bfe000-7f4fb3bff000 r--p 000ec000 00:24 16857124                   /usr/lib64/libm.so.6
7f4fb3bff000-7f4fb3c00000 rw-p 000ed000 00:24 16857124                   /usr/lib64/libm.so.6
7f4fb3c00000-7f4fb3ee2000 r--p 00000000 00:24 62088004                   /home/andreatp/.sdkman/candidates/java/25-tem/lib/server/libjvm.so
7f4fb3ee2000-7f4fb4ee2000 r-xp 002e2000 00:24 62088004                   /home/andreatp/.sdkman/candidates/java/25-tem/lib/server/libjvm.so
7f4fb4ee2000-7f4fb51f2000 r--p 012e2000 00:24 62088004                   /home/andreatp/.sdkman/candidates/java/25-tem/lib/server/libjvm.so
7f4fb51f2000-7f4fb52dd000 r--p 015f2000 00:24 62088004                   /home/andreatp/.sdkman/candidates/java/25-tem/lib/server/libjvm.so
7f4fb52dd000-7f4fb5308000 rw-p 016dd000 00:24 62088004                   /home/andreatp/.sdkman/candidates/java/25-tem/lib/server/libjvm.so
7f4fb5308000-7f4fb5384000 rw-p 00000000 00:00 0 
7f4fb5384000-7f4fb5386000 r--p 00000000 00:24 62088016                   /home/andreatp/.sdkman/candidates/java/25-tem/lib/libmanagement_ext.so
7f4fb5386000-7f4fb5389000 r-xp 00002000 00:24 62088016                   /home/andreatp/.sdkman/candidates/java/25-tem/lib/libmanagement_ext.so
7f4fb5389000-7f4fb538a000 r--p 00005000 00:24 62088016                   /home/andreatp/.sdkman/candidates/java/25-tem/lib/libmanagement_ext.so
7f4fb538a000-7f4fb538b000 r--p 00006000 00:24 62088016                   /home/andreatp/.sdkman/candidates/java/25-tem/lib/libmanagement_ext.so
7f4fb538b000-7f4fb538c000 rw-p 00007000 00:24 62088016                   /home/andreatp/.sdkman/candidates/java/25-tem/lib/libmanagement_ext.so
7f4fb538c000-7f4fb5413000 rw-p 00000000 00:00 0 
7f4fb5413000-7f4fb5419000 ---p 00000000 00:00 0 
7f4fb5419000-7f4fb5427000 r--p 00000000 00:24 62087993                   /home/andreatp/.sdkman/candidates/java/25-tem/lib/libjava.so
7f4fb5427000-7f4fb5435000 r-xp 0000e000 00:24 62087993                   /home/andreatp/.sdkman/candidates/java/25-tem/lib/libjava.so
7f4fb5435000-7f4fb543a000 r--p 0001c000 00:24 62087993                   /home/andreatp/.sdkman/candidates/java/25-tem/lib/libjava.so
7f4fb543a000-7f4fb543b000 r--p 00021000 00:24 62087993                   /home/andreatp/.sdkman/candidates/java/25-tem/lib/libjava.so
7f4fb543b000-7f4fb543c000 rw-p 00022000 00:24 62087993                   /home/andreatp/.sdkman/candidates/java/25-tem/lib/libjava.so
7f4fb543c000-7f4fb543d000 rw-p 00000000 00:00 0 
7f4fb543d000-7f4fb5441000 r--p 00000000 00:24 62087996                   /home/andreatp/.sdkman/candidates/java/25-tem/lib/libjimage.so
7f4fb5441000-7f4fb5459000 r-xp 00004000 00:24 62087996                   /home/andreatp/.sdkman/candidates/java/25-tem/lib/libjimage.so
7f4fb5459000-7f4fb545f000 r--p 0001c000 00:24 62087996                   /home/andreatp/.sdkman/candidates/java/25-tem/lib/libjimage.so
7f4fb545f000-7f4fb5461000 r--p 00021000 00:24 62087996                   /home/andreatp/.sdkman/candidates/java/25-tem/lib/libjimage.so
7f4fb5461000-7f4fb5462000 rw-p 00023000 00:24 62087996                   /home/andreatp/.sdkman/candidates/java/25-tem/lib/libjimage.so
7f4fb5462000-7f4fb5463000 r-xp 00000000 00:24 16857132                   /usr/lib64/librt.so.1
7f4fb5463000-7f4fb5464000 r--p 00001000 00:24 16857132                   /usr/lib64/librt.so.1
7f4fb5464000-7f4fb5465000 r--p 00001000 00:24 16857132                   /usr/lib64/librt.so.1
7f4fb5465000-7f4fb5468000 rw-p 00000000 00:00 0 
7f4fb5468000-7f4fb5469000 r-xp 00000000 00:24 16857130                   /usr/lib64/libpthread.so.0
7f4fb5469000-7f4fb546a000 r--p 00001000 00:24 16857130                   /usr/lib64/libpthread.so.0
7f4fb546a000-7f4fb546b000 r--p 00001000 00:24 16857130                   /usr/lib64/libpthread.so.0
7f4fb546b000-7f4fb546c000 rw-p 00000000 00:00 0 
7f4fb546c000-7f4fb546d000 r-xp 00000000 00:24 16857123                   /usr/lib64/libdl.so.2
7f4fb546d000-7f4fb546e000 r--p 00001000 00:24 16857123                   /usr/lib64/libdl.so.2
7f4fb546e000-7f4fb546f000 r--p 00001000 00:24 16857123                   /usr/lib64/libdl.so.2
7f4fb546f000-7f4fb5470000 rw-p 00000000 00:00 0 
7f4fb5470000-7f4fb55de000 r-xp 00000000 00:24 16857122                   /usr/lib64/libc.so.6
7f4fb55de000-7f4fb5653000 r--p 0016e000 00:24 16857122                   /usr/lib64/libc.so.6
7f4fb5653000-7f4fb5657000 r--p 001e2000 00:24 16857122                   /usr/lib64/libc.so.6
7f4fb5657000-7f4fb5659000 rw-p 001e6000 00:24 16857122                   /usr/lib64/libc.so.6
7f4fb5659000-7f4fb5661000 rw-p 00000000 00:00 0 
7f4fb5661000-7f4fb5662000 r-xp 00000000 00:00 0 
7f4fb5662000-7f4fb5663000 r--p 00000000 00:24 62087997                   /home/andreatp/.sdkman/candidates/java/25-tem/lib/libsyslookup.so
7f4fb5663000-7f4fb5664000 r-xp 00001000 00:24 62087997                   /home/andreatp/.sdkman/candidates/java/25-tem/lib/libsyslookup.so
7f4fb5664000-7f4fb5665000 r--p 00002000 00:24 62087997                   /home/andreatp/.sdkman/candidates/java/25-tem/lib/libsyslookup.so
7f4fb5665000-7f4fb5666000 r--p 00002000 00:24 62087997                   /home/andreatp/.sdkman/candidates/java/25-tem/lib/libsyslookup.so
7f4fb5666000-7f4fb5667000 rw-p 00003000 00:24 62087997                   /home/andreatp/.sdkman/candidates/java/25-tem/lib/libsyslookup.so
7f4fb5667000-7f4fb566a000 r--p 00000000 00:24 62088022                   /home/andreatp/.sdkman/candidates/java/25-tem/lib/libmanagement.so
7f4fb566a000-7f4fb566b000 r-xp 00003000 00:24 62088022                   /home/andreatp/.sdkman/candidates/java/25-tem/lib/libmanagement.so
7f4fb566b000-7f4fb566c000 r--p 00004000 00:24 62088022                   /home/andreatp/.sdkman/candidates/java/25-tem/lib/libmanagement.so
7f4fb566c000-7f4fb566d000 r--p 00004000 00:24 62088022                   /home/andreatp/.sdkman/candidates/java/25-tem/lib/libmanagement.so
7f4fb566d000-7f4fb566e000 rw-p 00005000 00:24 62088022                   /home/andreatp/.sdkman/candidates/java/25-tem/lib/libmanagement.so
7f4fb566e000-7f4fb5676000 rw-s 00000000 00:2b 7397                       /tmp/hsperfdata_andreatp/148518
7f4fb5676000-7f4fb5677000 ---p 00000000 00:00 0 
7f4fb5677000-7f4fb5678000 r--p 00000000 00:00 0 
7f4fb5678000-7f4fb5679000 ---p 00000000 00:00 0 
7f4fb5679000-7f4fb567c000 r--p 00000000 00:24 62088010                   /home/andreatp/.sdkman/candidates/java/25-tem/lib/libjli.so
7f4fb567c000-7f4fb568d000 r-xp 00003000 00:24 62088010                   /home/andreatp/.sdkman/candidates/java/25-tem/lib/libjli.so
7f4fb568d000-7f4fb5694000 r--p 00014000 00:24 62088010                   /home/andreatp/.sdkman/candidates/java/25-tem/lib/libjli.so
7f4fb5694000-7f4fb5695000 r--p 0001a000 00:24 62088010                   /home/andreatp/.sdkman/candidates/java/25-tem/lib/libjli.so
7f4fb5695000-7f4fb5696000 rw-p 0001b000 00:24 62088010                   /home/andreatp/.sdkman/candidates/java/25-tem/lib/libjli.so
7f4fb5696000-7f4fb5698000 rw-p 00000000 00:00 0 
7f4fb5698000-7f4fb569c000 r--p 00000000 00:00 0                          [vvar]
7f4fb569c000-7f4fb569e000 r--p 00000000 00:00 0                          [vvar_vclock]
7f4fb569e000-7f4fb56a0000 r-xp 00000000 00:00 0                          [vdso]
7f4fb56a0000-7f4fb56ca000 r-xp 00000000 00:24 16857119                   /usr/lib64/ld-linux-x86-64.so.2
7f4fb56ca000-7f4fb56d5000 r--p 0002a000 00:24 16857119                   /usr/lib64/ld-linux-x86-64.so.2
7f4fb56d5000-7f4fb56d7000 r--p 00035000 00:24 16857119                   /usr/lib64/ld-linux-x86-64.so.2
7f4fb56d7000-7f4fb56d8000 rw-p 00037000 00:24 16857119                   /usr/lib64/ld-linux-x86-64.so.2
7f4fb56d8000-7f4fb56d9000 rw-p 00000000 00:00 0 
7ffd62aaa000-7ffd62acc000 rw-p 00000000 00:00 0                          [stack]
ffffffffff600000-ffffffffff601000 --xp 00000000 00:00 0                  [vsyscall]
Total number of mappings: 356

JVMTI agents: none


VM Arguments:
jvm_args: --enable-preview --enable-native-access=ALL-UNNAMED 
java_command: /home/andreatp/workspace/chicory2/cranelift-compiler/target/surefire/surefirebooter-20260311191357706_3.jar /home/andreatp/workspace/chicory2/cranelift-compiler/target/surefire 2026-03-11T19-13-57_621-jvmRun1 surefire-20260311191357706_1tmp surefire_0-20260311191357706_2tmp
java_class_path (initial): /home/andreatp/workspace/chicory2/cranelift-compiler/target/surefire/surefirebooter-20260311191357706_3.jar
Launcher Type: SUN_STANDARD

[Global flags]
     intx CICompilerCount                          = 12                                        {product} {ergonomic}
     uint ConcGCThreads                            = 3                                         {product} {ergonomic}
     uint G1ConcRefinementThreads                  = 13                                        {product} {ergonomic}
   size_t G1HeapRegionSize                         = 8388608                                   {product} {ergonomic}
   size_t InitialHeapSize                          = 1048576000                                {product} {ergonomic}
   size_t MarkStackSize                            = 4194304                                   {product} {ergonomic}
   size_t MarkStackSizeMax                         = 536870912                                 {product} {ergonomic}
   size_t MaxHeapSize                              = 16777216000                               {product} {ergonomic}
   size_t MaxNewSize                               = 10066329600                               {product} {ergonomic}
   size_t MinHeapDeltaBytes                        = 8388608                                   {product} {ergonomic}
   size_t MinHeapSize                              = 8388608                                   {product} {ergonomic}
    uintx NonNMethodCodeHeapSize                   = 7602176                                {pd product} {ergonomic}
    uintx NonProfiledCodeHeapSize                  = 122032128                              {pd product} {ergonomic}
    uintx ProfiledCodeHeapSize                     = 122023936                              {pd product} {ergonomic}
    uintx ReservedCodeCacheSize                    = 251658240                              {pd product} {ergonomic}
     bool SegmentedCodeCache                       = true                                      {product} {ergonomic}
   size_t SoftMaxHeapSize                          = 16777216000                            {manageable} {ergonomic}
     bool UseCompressedOops                        = true                           {product lp64_product} {ergonomic}
     bool UseG1GC                                  = true                                      {product} {ergonomic}

Logging:
Log output configuration:
 #0: stdout all=warning uptime,level,tags foldmultilines=false
 #1: stderr all=off uptime,level,tags foldmultilines=false

Release file:
IMPLEMENTOR="Eclipse Adoptium"
IMPLEMENTOR_VERSION="Temurin-25+36"
JAVA_RUNTIME_VERSION="25+36-LTS"
JAVA_VERSION="25"
JAVA_VERSION_DATE="2025-09-16"
LIBC="gnu"
MODULES="java.base java.compiler java.datatransfer java.xml java.prefs java.desktop java.instrument java.logging java.management java.security.sasl java.naming java.rmi java.management.rmi java.net.http java.scripting java.security.jgss java.transaction.xa java.sql java.sql.rowset java.xml.crypto java.se java.smartcardio jdk.accessibility jdk.internal.jvmstat jdk.attach jdk.charsets jdk.internal.opt jdk.zipfs jdk.compiler jdk.crypto.cryptoki jdk.crypto.ec jdk.dynalink jdk.internal.ed jdk.editpad jdk.internal.vm.ci jdk.graal.compiler jdk.graal.compiler.management jdk.hotspot.agent jdk.httpserver jdk.incubator.vector jdk.internal.le jdk.internal.md jdk.jartool jdk.javadoc jdk.jcmd jdk.management jdk.management.agent jdk.jconsole jdk.jdeps jdk.jdwp.agent jdk.jdi jdk.jfr jdk.jlink jdk.jpackage jdk.jshell jdk.jsobject jdk.jstatd jdk.localedata jdk.management.jfr jdk.naming.dns jdk.naming.rmi jdk.net jdk.nio.mapmode jdk.sctp jdk.security.auth jdk.security.jgss jdk.unsupported jdk.unsupported.desktop jdk.xml.dom"
OS_ARCH="x86_64"
OS_NAME="Linux"
SOURCE=".:git:ef82ae723551"
BUILD_SOURCE="git:b7337f50fb2a765519e79674ae790c2a7450149e"
BUILD_SOURCE_REPO="https://github.com/adoptium/temurin-build.git"
SOURCE_REPO="https://github.com/adoptium/jdk.git"
FULL_VERSION="25+36-LTS"
SEMANTIC_VERSION="25+36"
BUILD_INFO="OS: Linux Version: 6.8.0-1031-azure"
JVM_VARIANT="Hotspot"
JVM_VERSION="25+36-LTS"
IMAGE_TYPE="JDK"

Environment Variables:
JAVA_HOME=/home/andreatp/.sdkman/candidates/java/current
PATH=/home/andreatp/.jbang/bin:/home/andreatp/Downloads/google-cloud-sdk/bin:/home/andreatp/.pyenv/shims:/home/andreatp/.pyenv/bin:/home/andreatp/.nvm/versions/node/v24.2.0/bin:/home/andreatp/.sdkman/candidates/visualvm/current/bin:/home/andreatp/.sdkman/candidates/sbt/current/bin:/home/andreatp/.sdkman/candidates/maven/current/bin:/home/andreatp/.sdkman/candidates/jbang/current/bin:/home/andreatp/.sdkman/candidates/java/current/bin:/home/andreatp/.sdkman/candidates/gradle/current/bin:/home/andreatp/.local/share/swiftly/bin:/home/andreatp/.local/bin:/home/andreatp/.cargo/bin:/usr/local/bin:/usr/bin:/var/lib/snapd/snap/bin:/home/andreatp/.rvm/bin:/usr/local/go/bin:/home/andreatp/.wasmtime/bin:/home/andreatp/.cargo/bin:/home/andreatp/.rvm/bin
USERNAME=andreatp
SHELL=/usr/bin/zsh
DISPLAY=:0
LANG=en_US.UTF-8
TERM=dumb

Active Locale:
LC_ALL=en_US.UTF-8
LC_COLLATE=en_US.UTF-8
LC_CTYPE=en_US.UTF-8
LC_MESSAGES=en_US.UTF-8
LC_MONETARY=en_US.UTF-8
LC_NUMERIC=en_US.UTF-8
LC_TIME=en_US.UTF-8

Signal Handlers:
   SIGSEGV: crash_handler in libjvm.so, mask=11100100010111111101111111111110, flags=SA_RESTART|SA_SIGINFO, unblocked
    SIGBUS: crash_handler in libjvm.so, mask=11100100010111111101111111111110, flags=SA_RESTART|SA_SIGINFO, unblocked
    SIGFPE: crash_handler in libjvm.so, mask=11100100010111111101111111111110, flags=SA_RESTART|SA_SIGINFO, unblocked
   SIGPIPE: javaSignalHandler in libjvm.so, mask=11100100010111111101111111111110, flags=SA_RESTART|SA_SIGINFO, blocked
   SIGXFSZ: javaSignalHandler in libjvm.so, mask=11100100010111111101111111111110, flags=SA_RESTART|SA_SIGINFO, blocked
    SIGILL: crash_handler in libjvm.so, mask=11100100010111111101111111111110, flags=SA_RESTART|SA_SIGINFO, unblocked
   SIGUSR2: SR_handler in libjvm.so, mask=00000000000000000000000000000000, flags=SA_RESTART|SA_SIGINFO, blocked
    SIGHUP: UserHandler in libjvm.so, mask=11100100010111111101111111111110, flags=SA_RESTART|SA_SIGINFO, blocked
    SIGINT: UserHandler in libjvm.so, mask=11100100010111111101111111111110, flags=SA_RESTART|SA_SIGINFO, blocked
   SIGTERM: UserHandler in libjvm.so, mask=11100100010111111101111111111110, flags=SA_RESTART|SA_SIGINFO, blocked
   SIGQUIT: UserHandler in libjvm.so, mask=11100100010111111101111111111110, flags=SA_RESTART|SA_SIGINFO, blocked
   SIGTRAP: crash_handler in libjvm.so, mask=11100100010111111101111111111110, flags=SA_RESTART|SA_SIGINFO, unblocked


Compilation memory statistics disabled.

Periodic native trim disabled

---------------  S Y S T E M  ---------------

OS:
Fedora release 42 (Adams)
uname: Linux 6.18.8-100.fc42.x86_64 #1 SMP PREEMPT_DYNAMIC Fri Jan 30 19:22:23 UTC 2026 x86_64
OS uptime: 0 days 9:15 hours
libc: glibc 2.41 NPTL 2.41 
rlimit (soft/hard): STACK 12500k/infinity , CORE infinity/infinity , NPROC 255769/255769 , NOFILE 524288/524288 , AS infinity/infinity , CPU infinity/infinity , DATA infinity/infinity , FSIZE infinity/infinity , MEMLOCK 8192k/8192k
load average: 6.02 5.07 3.55

/proc/meminfo:
MemTotal:       65528664 kB
MemFree:        13513148 kB
MemAvailable:   39343648 kB
Buffers:           15960 kB
Cached:         30599604 kB
SwapCached:            0 kB
Active:         26919456 kB
Inactive:       18003260 kB
Active(anon):   19788900 kB
Inactive(anon):        0 kB
Active(file):    7130556 kB
Inactive(file): 18003260 kB
Unevictable:     4133712 kB
Mlocked:            5816 kB
SwapTotal:       8388604 kB
SwapFree:        8388604 kB
Zswap:                 0 kB
Zswapped:              0 kB
Dirty:             66472 kB
Writeback:             0 kB
AnonPages:      18441636 kB
Mapped:          2296932 kB
Shmem:           5476944 kB
KReclaimable:    1424012 kB
Slab:            2227752 kB
SReclaimable:    1424012 kB
SUnreclaim:       803740 kB
KernelStack:       59104 kB
PageTables:       221128 kB
SecPageTables:      4188 kB
NFS_Unstable:          0 kB
Bounce:                0 kB
WritebackTmp:          0 kB
CommitLimit:    41152936 kB
Committed_AS:   108934940 kB
VmallocTotal:   34359738367 kB
VmallocUsed:      190180 kB
VmallocChunk:          0 kB
Percpu:            15360 kB
HardwareCorrupted:     0 kB
AnonHugePages:         0 kB
ShmemHugePages:  4052992 kB
ShmemPmdMapped:        0 kB
FileHugePages:         0 kB
FilePmdMapped:         0 kB
CmaTotal:              0 kB
CmaFree:               0 kB
Unaccepted:            0 kB
Balloon:               0 kB
HugePages_Total:       0
HugePages_Free:        0
HugePages_Rsvd:        0
HugePages_Surp:        0
Hugepagesize:       2048 kB
Hugetlb:               0 kB
DirectMap4k:      452032 kB
DirectMap2M:    16021504 kB
DirectMap1G:    51380224 kB

/sys/kernel/mm/transparent_hugepage/enabled: always [madvise] never
/sys/kernel/mm/transparent_hugepage/hpage_pmd_size: 2097152
/sys/kernel/mm/transparent_hugepage/shmem_enabled: always within_size advise [never] deny force
/sys/kernel/mm/transparent_hugepage/defrag (defrag/compaction efforts parameter): always defer defer+madvise [madvise] never

Process Memory:
Virtual Size: 21407348K (peak: 21471404K)
Resident Set Size: 657920K (peak: 1628156K) (anon: 631216K, file: 26672K, shmem: 32K)
Swapped out: 0K
C-Heap outstanding allocations: 163980K, retained: 220187K
glibc malloc tunables: (default)

/proc/sys/kernel/threads-max (system-wide limit on the number of threads): 511538
/proc/sys/vm/max_map_count (maximum number of memory map areas a process may have): 1048576
/proc/sys/vm/swappiness (control to define how aggressively the kernel swaps out anonymous memory): 60
/proc/sys/kernel/pid_max (system-wide limit on number of process identifiers): 4194304

container information not found.
Steal ticks since vm start: 0
Steal ticks percentage since vm start:  0.000

CPU: total 16 (initial active 16) (8 cores per cpu, 2 threads per core) family 6 model 141 stepping 1 microcode 0x58, cx8, cmov, fxsr, ht, mmx, 3dnowpref, sse, sse2, sse3, ssse3, sse4.1, sse4.2, popcnt, lzcnt, tsc, tscinvbit, avx, avx2, aes, erms, clmul, bmi1, bmi2, adx, avx512f, avx512dq, avx512cd, avx512bw, avx512vl, sha, fma, vzeroupper, avx512_vpopcntdq, avx512_vpclmulqdq, avx512_vaes, avx512_vnni, clflush, clflushopt, clwb, avx512_vbmi2, avx512_vbmi, rdtscp, rdpid, fsrm, gfni, avx512_bitalg, f16c, pku, ospke, cet_ibt, cet_ss, avx512_ifma
CPU Model and flags from /proc/cpuinfo:
model name	: 11th Gen Intel(R) Core(TM) i7-11850H @ 2.50GHz
flags		: fpu vme de pse tsc msr pae mce cx8 apic sep mtrr pge mca cmov pat pse36 clflush dts acpi mmx fxsr sse sse2 ss ht tm pbe syscall nx pdpe1gb rdtscp lm constant_tsc art arch_perfmon pebs bts rep_good nopl xtopology nonstop_tsc cpuid aperfmperf tsc_known_freq pni pclmulqdq dtes64 monitor ds_cpl vmx smx est tm2 ssse3 sdbg fma cx16 xtpr pdcm pcid sse4_1 sse4_2 x2apic movbe popcnt tsc_deadline_timer aes xsave avx f16c rdrand lahf_lm abm 3dnowprefetch cpuid_fault epb cat_l2 cdp_l2 ssbd ibrs ibpb stibp ibrs_enhanced tpr_shadow flexpriority ept vpid ept_ad fsgsbase tsc_adjust bmi1 avx2 smep bmi2 erms invpcid rdt_a avx512f avx512dq rdseed adx smap avx512ifma clflushopt clwb intel_pt avx512cd sha_ni avx512bw avx512vl xsaveopt xsavec xgetbv1 xsaves split_lock_detect user_shstk dtherm ida arat pln pts hwp hwp_notify hwp_act_window hwp_epp hwp_pkg_req vnmi avx512vbmi umip pku ospke avx512_vbmi2 gfni vaes vpclmulqdq avx512_vnni avx512_bitalg avx512_vpopcntdq rdpid movdiri movdir64b fsrm avx512_vp2intersect md_clear ibt flush_l1d arch_capabilities

Online cpus: 0-15
Offline cpus: 
BIOS frequency limitation: <Not Available>
Frequency switch latency (ns): 0
Available cpu frequencies: <Not Available>
Current governor: powersave
Core performance/turbo boost: <Not Available>

Memory: 4k page, physical 65528664k(39343648k free), swap 8388604k(8388604k free)
Page Sizes: 4k

vm_info: OpenJDK 64-Bit Server VM (25+36-LTS) for linux-amd64 JRE (25+36-LTS), built on 2025-09-16T00:00:00Z with gcc 14.2.0

END.
