#
# A fatal error has been detected by the Java Runtime Environment:
#
#  SIGSEGV (0xb) at pc=0x00007f8104bf0034, pid=144878, tid=144881
#
# JRE version: OpenJDK Runtime Environment Temurin-25+36 (25.0+36) (build 25+36-LTS)
# Java VM: OpenJDK 64-Bit Server VM Temurin-25+36 (25+36-LTS, mixed mode, sharing, tiered, compressed oops, compressed class ptrs, g1 gc, linux-amd64)
# Problematic frame:
# C  0x00007f8104bf0034
#
# Core dump will be written. Default location: Core dumps may be processed with "/usr/lib/systemd/systemd-coredump %P %u %g %s %t %c %h %d %F" (or dumping to /home/andreatp/workspace/chicory2/cranelift-compiler/core.144878)
#
# If you would like to submit a bug report, please visit:
#   https://github.com/adoptium/adoptium-support/issues
# The crash happened outside the Java Virtual Machine in native code.
# See problematic frame for where to report the bug.
#

---------------  S U M M A R Y ------------

Command Line: --enable-preview --enable-native-access=ALL-UNNAMED /home/andreatp/workspace/chicory2/cranelift-compiler/target/surefire/surefirebooter-20260311190336157_3.jar /home/andreatp/workspace/chicory2/cranelift-compiler/target/surefire 2026-03-11T19-03-36_092-jvmRun1 surefire-20260311190336157_1tmp surefire_0-20260311190336157_2tmp

Host: 11th Gen Intel(R) Core(TM) i7-11850H @ 2.50GHz, 16 cores, 62G, Fedora release 42 (Adams)
Time: Wed Mar 11 19:03:57 2026 WET elapsed time: 20.998663 seconds (0d 0h 0m 20s)

---------------  T H R E A D  ---------------

Current thread (0x00007f814002b810):  JavaThread "main"             [_thread_in_native, id=144881, stack(0x00007f8146a11000,0x00007f8146b11000) (1024K)]

Stack: [0x00007f8146a11000,0x00007f8146b11000],  sp=0x00007f8146b0d580,  free space=1009k
Native frames: (J=compiled Java code, j=interpreted, Vv=VM code, C=native code)
C  0x00007f8104bf0034
v  ~RuntimeStub::nep_invoker_blob 0x00007f812fbc169d
j  java.lang.invoke.LambdaForm$MH+0x00000000891ae400.invoke(Ljava/lang/Object;JJJ)V+12 java.base@25
j  java.lang.invoke.LambdaForm$MH+0x00000000891b8800.invokeExact_MT(Ljava/lang/Object;JJJLjava/lang/Object;)V+23 java.base@25
j  jdk.internal.foreign.abi.DowncallStub+0x00000000891ae800.invoke(Ljava/lang/foreign/SegmentAllocator;Ljava/lang/foreign/MemorySegment;Ljava/lang/foreign/MemorySegment;Ljava/lang/foreign/MemorySegment;)V+113 java.base@25
j  java.lang.invoke.DirectMethodHandle$Holder.invokeStatic(Ljava/lang/Object;Ljava/lang/Object;Ljava/lang/Object;Ljava/lang/Object;Ljava/lang/Object;)V+16 java.base@25
j  java.lang.invoke.LambdaForm$MH+0x00000000891b8000.invoke(Ljava/lang/Object;Ljava/lang/Object;Ljava/lang/Object;)Ljava/lang/Object;+76 java.base@25
J 7691 c1 java.lang.invoke.LambdaForm$MH+0x00000000891b5800.invoke(Ljava/lang/Object;Ljava/lang/Object;Ljava/lang/Object;)Ljava/lang/Object; java.base@25 (56 bytes) @ 0x00007f8129cf64f4 [0x00007f8129cf5a80+0x0000000000000a74]
J 9121 c1 java.lang.invoke.MethodHandle.invokeWithArguments([Ljava/lang/Object;)Ljava/lang/Object; java.base@25 (32 bytes) @ 0x00007f81286a107c [0x00007f81286a0980+0x00000000000006fc]
J 8894 c1 com.dylibso.chicory.cranelift.compiler.NativeMachine.call(I[J)[J (669 bytes) @ 0x00007f8128477a04 [0x00007f8128472400+0x0000000000005604]
J 5989 c2 com.dylibso.chicory.runtime.Instance$Exports$$Lambda+0x000000008912a940.apply([J)[J (13 bytes) @ 0x00007f813038847c [0x00007f8130388200+0x000000000000027c]
j  com.dylibso.chicory.test.gen.SpecV1MemoryGrowTest.lambda$test4$0(Lcom/dylibso/chicory/runtime/ExportFunction;)V+7
j  com.dylibso.chicory.test.gen.SpecV1MemoryGrowTest$$Lambda+0x0000000089298690.execute()V+4
J 7221 c1 org.junit.jupiter.api.AssertThrows.assertThrows(Ljava/lang/Class;Lorg/junit/jupiter/api/function/Executable;Ljava/lang/Object;)Ljava/lang/Throwable; (85 bytes) @ 0x00007f8129baedfc [0x00007f8129baed00+0x00000000000000fc]
J 7219 c1 org.junit.jupiter.api.Assertions.assertThrows(Ljava/lang/Class;Lorg/junit/jupiter/api/function/Executable;)Ljava/lang/Throwable; (6 bytes) @ 0x00007f8129bae49c [0x00007f8129bae400+0x000000000000009c]
j  com.dylibso.chicory.test.gen.SpecV1MemoryGrowTest.test4()V+20
J 8363 c2 java.lang.invoke.LambdaForm$DMH+0x00000000890fc000.invokeVirtual(Ljava/lang/Object;Ljava/lang/Object;)V java.base@25 (14 bytes) @ 0x00007f813060cc40 [0x00007f813060cc00+0x0000000000000040]
J 8362 c2 java.lang.invoke.LambdaForm$MH+0x00000000890fc800.invoke(Ljava/lang/Object;Ljava/lang/Object;)Ljava/lang/Object; java.base@25 (36 bytes) @ 0x00007f813060b574 [0x00007f813060b500+0x0000000000000074]
J 8174 c2 org.junit.platform.commons.util.ReflectionUtils.invokeMethod(Ljava/lang/reflect/Method;Ljava/lang/Object;[Ljava/lang/Object;)Ljava/lang/Object; (55 bytes) @ 0x00007f81305a19a4 [0x00007f81305a1380+0x0000000000000624]
J 8185 c2 org.junit.jupiter.engine.execution.InvocationInterceptorChain.invoke(Lorg/junit/jupiter/api/extension/InvocationInterceptor$Invocation;Lorg/junit/jupiter/engine/extension/ExtensionRegistry;Lorg/junit/jupiter/engine/execution/InvocationInterceptorChain$InterceptorCall;)Ljava/lang/Object; (35 bytes) @ 0x00007f81305c0a54 [0x00007f81305bf780+0x00000000000012d4]
J 8327 c2 org.junit.platform.engine.support.hierarchical.NodeTestTask$$Lambda+0x00000000890e2390.invoke(Lorg/junit/platform/engine/support/hierarchical/EngineExecutionContext;)V (9 bytes) @ 0x00007f8130630ec8 [0x00007f8130630100+0x0000000000000dc8]
J 8270 c2 org.junit.platform.engine.support.hierarchical.SameThreadHierarchicalTestExecutorService$$Lambda+0x00000000890e3100.accept(Ljava/lang/Object;)V (10 bytes) @ 0x00007f81305ea550 [0x00007f81305e9280+0x00000000000012d0]
J 2404 c2 java.util.ArrayList.forEach(Ljava/util/function/Consumer;)V java.base@25 (74 bytes) @ 0x00007f81300b24e4 [0x00007f81300b2400+0x00000000000000e4]
j  org.junit.platform.engine.support.hierarchical.SameThreadHierarchicalTestExecutorService.invokeAll(Ljava/util/List;)V+6
J 8270 c2 org.junit.platform.engine.support.hierarchical.SameThreadHierarchicalTestExecutorService$$Lambda+0x00000000890e3100.accept(Ljava/lang/Object;)V (10 bytes) @ 0x00007f81305ec8bc [0x00007f81305e9280+0x000000000000363c]
J 2404 c2 java.util.ArrayList.forEach(Ljava/util/function/Consumer;)V java.base@25 (74 bytes) @ 0x00007f81300b24e4 [0x00007f81300b2400+0x00000000000000e4]
j  org.junit.platform.engine.support.hierarchical.SameThreadHierarchicalTestExecutorService.invokeAll(Ljava/util/List;)V+6
j  org.junit.platform.engine.support.hierarchical.NodeTestTask.lambda$executeRecursively$6()V+116
j  org.junit.platform.engine.support.hierarchical.NodeTestTask$$Lambda+0x00000000890e25c0.execute()V+4
j  org.junit.platform.engine.support.hierarchical.ThrowableCollector.execute(Lorg/junit/platform/engine/support/hierarchical/ThrowableCollector$Executable;)V+1
j  org.junit.platform.engine.support.hierarchical.NodeTestTask.lambda$executeRecursively$8(Lorg/junit/platform/engine/support/hierarchical/EngineExecutionContext;)V+15
j  org.junit.platform.engine.support.hierarchical.NodeTestTask$$Lambda+0x00000000890e2390.invoke(Lorg/junit/platform/engine/support/hierarchical/EngineExecutionContext;)V+5
j  org.junit.platform.engine.support.hierarchical.Node.around(Lorg/junit/platform/engine/support/hierarchical/EngineExecutionContext;Lorg/junit/platform/engine/support/hierarchical/Node$Invocation;)V+2
j  org.junit.platform.engine.support.hierarchical.NodeTestTask.lambda$executeRecursively$9()V+14
j  org.junit.platform.engine.support.hierarchical.NodeTestTask$$Lambda+0x00000000890e2160.execute()V+4
j  org.junit.platform.engine.support.hierarchical.ThrowableCollector.execute(Lorg/junit/platform/engine/support/hierarchical/ThrowableCollector$Executable;)V+1
j  org.junit.platform.engine.support.hierarchical.NodeTestTask.executeRecursively()V+31
j  org.junit.platform.engine.support.hierarchical.NodeTestTask.execute()V+55
j  org.junit.platform.engine.support.hierarchical.SameThreadHierarchicalTestExecutorService.submit(Lorg/junit/platform/engine/support/hierarchical/HierarchicalTestExecutorService$TestTask;)Ljava/util/concurrent/Future;+1
j  org.junit.platform.engine.support.hierarchical.HierarchicalTestExecutor.execute()Ljava/util/concurrent/Future;+74
j  org.junit.platform.engine.support.hierarchical.HierarchicalTestEngine.execute(Lorg/junit/platform/engine/ExecutionRequest;)V+31
j  org.junit.platform.launcher.core.EngineExecutionOrchestrator.executeEngine(Lorg/junit/platform/engine/TestDescriptor;Lorg/junit/platform/engine/EngineExecutionListener;Lorg/junit/platform/engine/ConfigurationParameters;Lorg/junit/platform/engine/TestEngine;Lorg/junit/platform/engine/OutputDirectoryCreator;Lorg/junit/platform/launcher/core/DiscoveryIssueNotifier;Lorg/junit/platform/engine/support/store/NamespacedHierarchicalStore;)V+24
j  org.junit.platform.launcher.core.EngineExecutionOrchestrator.failOrExecuteEngine(Lorg/junit/platform/launcher/core/LauncherDiscoveryResult;Lorg/junit/platform/engine/EngineExecutionListener;Lorg/junit/platform/engine/TestEngine;Lorg/junit/platform/engine/support/store/NamespacedHierarchicalStore;)V+124
j  org.junit.platform.launcher.core.EngineExecutionOrchestrator.execute(Lorg/junit/platform/launcher/core/LauncherDiscoveryResult;Lorg/junit/platform/engine/EngineExecutionListener;Lorg/junit/platform/engine/support/store/NamespacedHierarchicalStore;)V+68
j  org.junit.platform.launcher.core.EngineExecutionOrchestrator.execute(Lorg/junit/platform/launcher/core/InternalTestPlan;Lorg/junit/platform/engine/EngineExecutionListener;Lorg/junit/platform/launcher/TestExecutionListener;Lorg/junit/platform/engine/support/store/NamespacedHierarchicalStore;)V+57
j  org.junit.platform.launcher.core.EngineExecutionOrchestrator.lambda$execute$0(Lorg/junit/platform/launcher/core/InternalTestPlan;Lorg/junit/platform/engine/support/store/NamespacedHierarchicalStore;Lorg/junit/platform/launcher/TestExecutionListener;)V+7
j  org.junit.platform.launcher.core.EngineExecutionOrchestrator$$Lambda+0x00000000890d16e0.accept(Ljava/lang/Object;)V+16
j  org.junit.platform.launcher.core.EngineExecutionOrchestrator.withInterceptedStreams(Lorg/junit/platform/engine/ConfigurationParameters;Lorg/junit/platform/launcher/core/ListenerRegistry;Ljava/util/function/Consumer;)V+51
j  org.junit.platform.launcher.core.EngineExecutionOrchestrator.execute(Lorg/junit/platform/launcher/core/InternalTestPlan;Lorg/junit/platform/engine/support/store/NamespacedHierarchicalStore;[Lorg/junit/platform/launcher/TestExecutionListener;)V+26
j  org.junit.platform.launcher.core.DefaultLauncher.execute(Lorg/junit/platform/launcher/core/InternalTestPlan;[Lorg/junit/platform/launcher/TestExecutionListener;)V+12
j  org.junit.platform.launcher.core.DefaultLauncher.execute(Lorg/junit/platform/launcher/LauncherDiscoveryRequest;[Lorg/junit/platform/launcher/TestExecutionListener;)V+34
j  org.junit.platform.launcher.core.DelegatingLauncher.execute(Lorg/junit/platform/launcher/LauncherDiscoveryRequest;[Lorg/junit/platform/launcher/TestExecutionListener;)V+6
j  org.junit.platform.launcher.core.InterceptingLauncher.lambda$execute$1(Lorg/junit/platform/launcher/LauncherDiscoveryRequest;[Lorg/junit/platform/launcher/TestExecutionListener;)Ljava/lang/Object;+3
j  org.junit.platform.launcher.core.InterceptingLauncher$$Lambda+0x00000000890d14b0.proceed()Ljava/lang/Object;+12
j  org.junit.platform.launcher.core.ClasspathAlignmentCheckingLauncherInterceptor.intercept(Lorg/junit/platform/launcher/LauncherInterceptor$Invocation;)Ljava/lang/Object;+1
j  org.junit.platform.launcher.core.InterceptingLauncher.execute(Lorg/junit/platform/launcher/LauncherDiscoveryRequest;[Lorg/junit/platform/launcher/TestExecutionListener;)V+12
j  org.junit.platform.launcher.core.DelegatingLauncher.execute(Lorg/junit/platform/launcher/LauncherDiscoveryRequest;[Lorg/junit/platform/launcher/TestExecutionListener;)V+6
j  org.apache.maven.surefire.junitplatform.LauncherAdapter.executeWithoutCancellationToken(Lorg/junit/platform/launcher/LauncherDiscoveryRequest;[Lorg/junit/platform/launcher/TestExecutionListener;)V+6
j  org.apache.maven.surefire.junitplatform.LauncherAdapter.execute(Lorg/junit/platform/launcher/LauncherDiscoveryRequest;[Lorg/junit/platform/launcher/TestExecutionListener;)V+10
j  org.apache.maven.surefire.junitplatform.JUnitPlatformProvider.execute(Lorg/apache/maven/surefire/junitplatform/LauncherAdapter;Lorg/apache/maven/surefire/api/util/TestsToRun;Lorg/apache/maven/surefire/junitplatform/RunListenerAdapter;)V+61
j  org.apache.maven.surefire.junitplatform.JUnitPlatformProvider.invokeAllTests(Lorg/apache/maven/surefire/junitplatform/LauncherAdapter;Lorg/apache/maven/surefire/api/util/TestsToRun;Lorg/apache/maven/surefire/junitplatform/RunListenerAdapter;)V+36
j  org.apache.maven.surefire.junitplatform.JUnitPlatformProvider.invoke(Ljava/lang/Object;)Lorg/apache/maven/surefire/api/suite/RunResult;+144
j  org.apache.maven.surefire.booter.ForkedBooter.runSuitesInProcess()V+8
j  org.apache.maven.surefire.booter.ForkedBooter.execute()V+1
j  org.apache.maven.surefire.booter.ForkedBooter.run(Lorg/apache/maven/surefire/booter/ForkedBooter;[Ljava/lang/String;)V+27
j  org.apache.maven.surefire.booter.ForkedBooter.main([Ljava/lang/String;)V+10
v  ~StubRoutines::call_stub 0x00007f812f85ffa6
V  [libjvm.so+0xa21400]  JavaCalls::call_helper(JavaValue*, methodHandle const&, JavaCallArguments*, JavaThread*)+0x2b0
V  [libjvm.so+0xaeae76]  jni_invoke_static(JNIEnv_*, JavaValue*, _jobject*, JNICallType, _jmethodID*, JNI_ArgumentPusher*, JavaThread*) [clone .constprop.1]+0x396
V  [libjvm.so+0xaedd31]  jni_CallStaticVoidMethod+0x161
C  [libjli.so+0xa73a]  invokeStaticMainWithArgs+0x4a
C  [libjli.so+0xb7c0]  JavaMain+0xeb0
C  [libjli.so+0xed49]  ThreadJavaMain+0x9
C  [libc.so.6+0x71f14]  start_thread+0x2e4
Java frames: (J=compiled Java code, j=interpreted, Vv=VM code)
v  ~RuntimeStub::nep_invoker_blob 0x00007f812fbc1664
j  java.lang.invoke.LambdaForm$MH+0x00000000891ae400.invoke(Ljava/lang/Object;JJJ)V+12 java.base@25
j  java.lang.invoke.LambdaForm$MH+0x00000000891b8800.invokeExact_MT(Ljava/lang/Object;JJJLjava/lang/Object;)V+23 java.base@25
j  jdk.internal.foreign.abi.DowncallStub+0x00000000891ae800.invoke(Ljava/lang/foreign/SegmentAllocator;Ljava/lang/foreign/MemorySegment;Ljava/lang/foreign/MemorySegment;Ljava/lang/foreign/MemorySegment;)V+113 java.base@25
j  java.lang.invoke.DirectMethodHandle$Holder.invokeStatic(Ljava/lang/Object;Ljava/lang/Object;Ljava/lang/Object;Ljava/lang/Object;Ljava/lang/Object;)V+16 java.base@25
j  java.lang.invoke.LambdaForm$MH+0x00000000891b8000.invoke(Ljava/lang/Object;Ljava/lang/Object;Ljava/lang/Object;)Ljava/lang/Object;+76 java.base@25
J 7691 c1 java.lang.invoke.LambdaForm$MH+0x00000000891b5800.invoke(Ljava/lang/Object;Ljava/lang/Object;Ljava/lang/Object;)Ljava/lang/Object; java.base@25 (56 bytes) @ 0x00007f8129cf64f4 [0x00007f8129cf5a80+0x0000000000000a74]
J 9121 c1 java.lang.invoke.MethodHandle.invokeWithArguments([Ljava/lang/Object;)Ljava/lang/Object; java.base@25 (32 bytes) @ 0x00007f81286a107c [0x00007f81286a0980+0x00000000000006fc]
J 8894 c1 com.dylibso.chicory.cranelift.compiler.NativeMachine.call(I[J)[J (669 bytes) @ 0x00007f8128477a04 [0x00007f8128472400+0x0000000000005604]
J 5989 c2 com.dylibso.chicory.runtime.Instance$Exports$$Lambda+0x000000008912a940.apply([J)[J (13 bytes) @ 0x00007f813038847c [0x00007f8130388200+0x000000000000027c]
j  com.dylibso.chicory.test.gen.SpecV1MemoryGrowTest.lambda$test4$0(Lcom/dylibso/chicory/runtime/ExportFunction;)V+7
j  com.dylibso.chicory.test.gen.SpecV1MemoryGrowTest$$Lambda+0x0000000089298690.execute()V+4
J 7221 c1 org.junit.jupiter.api.AssertThrows.assertThrows(Ljava/lang/Class;Lorg/junit/jupiter/api/function/Executable;Ljava/lang/Object;)Ljava/lang/Throwable; (85 bytes) @ 0x00007f8129baedfc [0x00007f8129baed00+0x00000000000000fc]
J 7219 c1 org.junit.jupiter.api.Assertions.assertThrows(Ljava/lang/Class;Lorg/junit/jupiter/api/function/Executable;)Ljava/lang/Throwable; (6 bytes) @ 0x00007f8129bae49c [0x00007f8129bae400+0x000000000000009c]
j  com.dylibso.chicory.test.gen.SpecV1MemoryGrowTest.test4()V+20
J 8363 c2 java.lang.invoke.LambdaForm$DMH+0x00000000890fc000.invokeVirtual(Ljava/lang/Object;Ljava/lang/Object;)V java.base@25 (14 bytes) @ 0x00007f813060cc40 [0x00007f813060cc00+0x0000000000000040]
J 8362 c2 java.lang.invoke.LambdaForm$MH+0x00000000890fc800.invoke(Ljava/lang/Object;Ljava/lang/Object;)Ljava/lang/Object; java.base@25 (36 bytes) @ 0x00007f813060b574 [0x00007f813060b500+0x0000000000000074]
J 8174 c2 org.junit.platform.commons.util.ReflectionUtils.invokeMethod(Ljava/lang/reflect/Method;Ljava/lang/Object;[Ljava/lang/Object;)Ljava/lang/Object; (55 bytes) @ 0x00007f81305a19a4 [0x00007f81305a1380+0x0000000000000624]
J 8185 c2 org.junit.jupiter.engine.execution.InvocationInterceptorChain.invoke(Lorg/junit/jupiter/api/extension/InvocationInterceptor$Invocation;Lorg/junit/jupiter/engine/extension/ExtensionRegistry;Lorg/junit/jupiter/engine/execution/InvocationInterceptorChain$InterceptorCall;)Ljava/lang/Object; (35 bytes) @ 0x00007f81305c0a54 [0x00007f81305bf780+0x00000000000012d4]
J 8327 c2 org.junit.platform.engine.support.hierarchical.NodeTestTask$$Lambda+0x00000000890e2390.invoke(Lorg/junit/platform/engine/support/hierarchical/EngineExecutionContext;)V (9 bytes) @ 0x00007f8130630ec8 [0x00007f8130630100+0x0000000000000dc8]
J 8270 c2 org.junit.platform.engine.support.hierarchical.SameThreadHierarchicalTestExecutorService$$Lambda+0x00000000890e3100.accept(Ljava/lang/Object;)V (10 bytes) @ 0x00007f81305ea550 [0x00007f81305e9280+0x00000000000012d0]
J 2404 c2 java.util.ArrayList.forEach(Ljava/util/function/Consumer;)V java.base@25 (74 bytes) @ 0x00007f81300b24e4 [0x00007f81300b2400+0x00000000000000e4]
j  org.junit.platform.engine.support.hierarchical.SameThreadHierarchicalTestExecutorService.invokeAll(Ljava/util/List;)V+6
J 8270 c2 org.junit.platform.engine.support.hierarchical.SameThreadHierarchicalTestExecutorService$$Lambda+0x00000000890e3100.accept(Ljava/lang/Object;)V (10 bytes) @ 0x00007f81305ec8bc [0x00007f81305e9280+0x000000000000363c]
J 2404 c2 java.util.ArrayList.forEach(Ljava/util/function/Consumer;)V java.base@25 (74 bytes) @ 0x00007f81300b24e4 [0x00007f81300b2400+0x00000000000000e4]
j  org.junit.platform.engine.support.hierarchical.SameThreadHierarchicalTestExecutorService.invokeAll(Ljava/util/List;)V+6
j  org.junit.platform.engine.support.hierarchical.NodeTestTask.lambda$executeRecursively$6()V+116
j  org.junit.platform.engine.support.hierarchical.NodeTestTask$$Lambda+0x00000000890e25c0.execute()V+4
j  org.junit.platform.engine.support.hierarchical.ThrowableCollector.execute(Lorg/junit/platform/engine/support/hierarchical/ThrowableCollector$Executable;)V+1
j  org.junit.platform.engine.support.hierarchical.NodeTestTask.lambda$executeRecursively$8(Lorg/junit/platform/engine/support/hierarchical/EngineExecutionContext;)V+15
j  org.junit.platform.engine.support.hierarchical.NodeTestTask$$Lambda+0x00000000890e2390.invoke(Lorg/junit/platform/engine/support/hierarchical/EngineExecutionContext;)V+5
j  org.junit.platform.engine.support.hierarchical.Node.around(Lorg/junit/platform/engine/support/hierarchical/EngineExecutionContext;Lorg/junit/platform/engine/support/hierarchical/Node$Invocation;)V+2
j  org.junit.platform.engine.support.hierarchical.NodeTestTask.lambda$executeRecursively$9()V+14
j  org.junit.platform.engine.support.hierarchical.NodeTestTask$$Lambda+0x00000000890e2160.execute()V+4
j  org.junit.platform.engine.support.hierarchical.ThrowableCollector.execute(Lorg/junit/platform/engine/support/hierarchical/ThrowableCollector$Executable;)V+1
j  org.junit.platform.engine.support.hierarchical.NodeTestTask.executeRecursively()V+31
j  org.junit.platform.engine.support.hierarchical.NodeTestTask.execute()V+55
j  org.junit.platform.engine.support.hierarchical.SameThreadHierarchicalTestExecutorService.submit(Lorg/junit/platform/engine/support/hierarchical/HierarchicalTestExecutorService$TestTask;)Ljava/util/concurrent/Future;+1
j  org.junit.platform.engine.support.hierarchical.HierarchicalTestExecutor.execute()Ljava/util/concurrent/Future;+74
j  org.junit.platform.engine.support.hierarchical.HierarchicalTestEngine.execute(Lorg/junit/platform/engine/ExecutionRequest;)V+31
j  org.junit.platform.launcher.core.EngineExecutionOrchestrator.executeEngine(Lorg/junit/platform/engine/TestDescriptor;Lorg/junit/platform/engine/EngineExecutionListener;Lorg/junit/platform/engine/ConfigurationParameters;Lorg/junit/platform/engine/TestEngine;Lorg/junit/platform/engine/OutputDirectoryCreator;Lorg/junit/platform/launcher/core/DiscoveryIssueNotifier;Lorg/junit/platform/engine/support/store/NamespacedHierarchicalStore;)V+24
j  org.junit.platform.launcher.core.EngineExecutionOrchestrator.failOrExecuteEngine(Lorg/junit/platform/launcher/core/LauncherDiscoveryResult;Lorg/junit/platform/engine/EngineExecutionListener;Lorg/junit/platform/engine/TestEngine;Lorg/junit/platform/engine/support/store/NamespacedHierarchicalStore;)V+124
j  org.junit.platform.launcher.core.EngineExecutionOrchestrator.execute(Lorg/junit/platform/launcher/core/LauncherDiscoveryResult;Lorg/junit/platform/engine/EngineExecutionListener;Lorg/junit/platform/engine/support/store/NamespacedHierarchicalStore;)V+68
j  org.junit.platform.launcher.core.EngineExecutionOrchestrator.execute(Lorg/junit/platform/launcher/core/InternalTestPlan;Lorg/junit/platform/engine/EngineExecutionListener;Lorg/junit/platform/launcher/TestExecutionListener;Lorg/junit/platform/engine/support/store/NamespacedHierarchicalStore;)V+57
j  org.junit.platform.launcher.core.EngineExecutionOrchestrator.lambda$execute$0(Lorg/junit/platform/launcher/core/InternalTestPlan;Lorg/junit/platform/engine/support/store/NamespacedHierarchicalStore;Lorg/junit/platform/launcher/TestExecutionListener;)V+7
j  org.junit.platform.launcher.core.EngineExecutionOrchestrator$$Lambda+0x00000000890d16e0.accept(Ljava/lang/Object;)V+16
j  org.junit.platform.launcher.core.EngineExecutionOrchestrator.withInterceptedStreams(Lorg/junit/platform/engine/ConfigurationParameters;Lorg/junit/platform/launcher/core/ListenerRegistry;Ljava/util/function/Consumer;)V+51
j  org.junit.platform.launcher.core.EngineExecutionOrchestrator.execute(Lorg/junit/platform/launcher/core/InternalTestPlan;Lorg/junit/platform/engine/support/store/NamespacedHierarchicalStore;[Lorg/junit/platform/launcher/TestExecutionListener;)V+26
j  org.junit.platform.launcher.core.DefaultLauncher.execute(Lorg/junit/platform/launcher/core/InternalTestPlan;[Lorg/junit/platform/launcher/TestExecutionListener;)V+12
j  org.junit.platform.launcher.core.DefaultLauncher.execute(Lorg/junit/platform/launcher/LauncherDiscoveryRequest;[Lorg/junit/platform/launcher/TestExecutionListener;)V+34
j  org.junit.platform.launcher.core.DelegatingLauncher.execute(Lorg/junit/platform/launcher/LauncherDiscoveryRequest;[Lorg/junit/platform/launcher/TestExecutionListener;)V+6
j  org.junit.platform.launcher.core.InterceptingLauncher.lambda$execute$1(Lorg/junit/platform/launcher/LauncherDiscoveryRequest;[Lorg/junit/platform/launcher/TestExecutionListener;)Ljava/lang/Object;+3
j  org.junit.platform.launcher.core.InterceptingLauncher$$Lambda+0x00000000890d14b0.proceed()Ljava/lang/Object;+12
j  org.junit.platform.launcher.core.ClasspathAlignmentCheckingLauncherInterceptor.intercept(Lorg/junit/platform/launcher/LauncherInterceptor$Invocation;)Ljava/lang/Object;+1
j  org.junit.platform.launcher.core.InterceptingLauncher.execute(Lorg/junit/platform/launcher/LauncherDiscoveryRequest;[Lorg/junit/platform/launcher/TestExecutionListener;)V+12
j  org.junit.platform.launcher.core.DelegatingLauncher.execute(Lorg/junit/platform/launcher/LauncherDiscoveryRequest;[Lorg/junit/platform/launcher/TestExecutionListener;)V+6
j  org.apache.maven.surefire.junitplatform.LauncherAdapter.executeWithoutCancellationToken(Lorg/junit/platform/launcher/LauncherDiscoveryRequest;[Lorg/junit/platform/launcher/TestExecutionListener;)V+6
j  org.apache.maven.surefire.junitplatform.LauncherAdapter.execute(Lorg/junit/platform/launcher/LauncherDiscoveryRequest;[Lorg/junit/platform/launcher/TestExecutionListener;)V+10
j  org.apache.maven.surefire.junitplatform.JUnitPlatformProvider.execute(Lorg/apache/maven/surefire/junitplatform/LauncherAdapter;Lorg/apache/maven/surefire/api/util/TestsToRun;Lorg/apache/maven/surefire/junitplatform/RunListenerAdapter;)V+61
j  org.apache.maven.surefire.junitplatform.JUnitPlatformProvider.invokeAllTests(Lorg/apache/maven/surefire/junitplatform/LauncherAdapter;Lorg/apache/maven/surefire/api/util/TestsToRun;Lorg/apache/maven/surefire/junitplatform/RunListenerAdapter;)V+36
j  org.apache.maven.surefire.junitplatform.JUnitPlatformProvider.invoke(Ljava/lang/Object;)Lorg/apache/maven/surefire/api/suite/RunResult;+144
j  org.apache.maven.surefire.booter.ForkedBooter.runSuitesInProcess()V+8
j  org.apache.maven.surefire.booter.ForkedBooter.execute()V+1
j  org.apache.maven.surefire.booter.ForkedBooter.run(Lorg/apache/maven/surefire/booter/ForkedBooter;[Ljava/lang/String;)V+27
j  org.apache.maven.surefire.booter.ForkedBooter.main([Ljava/lang/String;)V+10
v  ~StubRoutines::call_stub 0x00007f812f85ffa6

siginfo: si_signo: 11 (SIGSEGV), si_code: 2 (SEGV_ACCERR), si_addr: 0x00007f8140f5b270

Registers:
RAX=0x00007f80e90a2110, RBX=0x00007f80e90a2110, RCX=0x00007f8140a6f700, RDX=0x00007f8140f4b270
RSP=0x00007f8146b0d580, RBP=0x00007f8146b0d580, RSI=0x00007f8140a6f700, RDI=0x00007f8140f4b270
R8 =0x000000041b800770, R9 =0x00000004224c7c90, R10=0x00007f8104bf0030, R11=0x00007f81302c7a80
R12=0x0000000000000000, R13=0x00007f8146b0d5a8, R14=0x00007f8146b0d670, R15=0x00007f814002b810
RIP=0x00007f8104bf0034, EFLAGS=0x0000000000010287, CSGSFS=0x002b000000000033, ERR=0x0000000000000006
  TRAPNO=0x000000000000000e

XMM[0]=0x0000000000000000 0x0000000000000000
XMM[1]=0x0000000000000000 0x831039b4831039b4
XMM[2]=0x0000000000000000 0x0000000000000000
XMM[3]=0x0000000000000000 0x00000004218ee5d8
XMM[4]=0x0000000000000000 0x0000000000000001
XMM[5]=0x0000000000000000 0x00000000831039b4
XMM[6]=0x0000000000000000 0x00000004218943a8
XMM[7]=0x0000000000000000 0x0000000083103523
XMM[8]=0x060001edb32cd937 0xf852d974a2c147d2
XMM[9]=0xef207f96ef207f96 0xef207f96bc93d830
XMM[10]=0x0000000000000000 0x00000000cd73589a
XMM[11]=0x546f9f27546f9f27 0x546f9f2711037757
XMM[12]=0x0000000000000000 0x00000000bc93d830
XMM[13]=0x0000000000000000 0x0000000000000000
XMM[14]=0x0000000000000000 0x000000000000fff9
XMM[15]=0x0000000000000000 0x00000000844c4781
  MXCSR=0x00001fbf


Register to memory mapping:

RAX={method} {0x00007f80e90a2110} 'linkToNative' '(JJJLjava/lang/Object;)V' in 'java/lang/invoke/MethodHandle'
RBX={method} {0x00007f80e90a2110} 'linkToNative' '(JJJLjava/lang/Object;)V' in 'java/lang/invoke/MethodHandle'
RCX=0x00007f8140a6f700 points into unknown readable memory: 0x00007f8140f4b290 | 90 b2 f4 40 81 7f 00 00
RDX=0x00007f8140f4b270 points into unknown readable memory: 0x0000000000000002 | 02 00 00 00 00 00 00 00
RSP=0x00007f8146b0d580 is pointing into the stack for thread: 0x00007f814002b810
RBP=0x00007f8146b0d580 is pointing into the stack for thread: 0x00007f814002b810
RSI=0x00007f8140a6f700 points into unknown readable memory: 0x00007f8140f4b290 | 90 b2 f4 40 81 7f 00 00
RDI=0x00007f8140f4b270 points into unknown readable memory: 0x0000000000000002 | 02 00 00 00 00 00 00 00
R8 =0x000000041b800770 is an oop: jdk.internal.foreign.abi.NativeEntryPoint 
{0x000000041b800770} - klass: 'jdk/internal/foreign/abi/NativeEntryPoint' - flags: 

 - ---- fields (total size 3 words):
 - private final 'methodType' 'Ljava/lang/invoke/MethodType;' @12  a 'java/lang/invoke/MethodType'{0x000000041b800810} = (JJJ)V (0x83700102)
 - private final 'downcallStubAddress' 'J' @16  140192828364384 (0x00007f812fbc1660)
R9 =0x00000004224c7c90 is an oop: jdk.internal.foreign.NativeMemorySegmentImpl 
{0x00000004224c7c90} - klass: 'jdk/internal/foreign/NativeMemorySegmentImpl' - flags: 

 - ---- fields (total size 5 words):
 - final 'readOnly' 'Z' @12  false (0x00)
 - final 'length' 'J' @16  0 (0x0000000000000000)
 - final 'scope' 'Ljdk/internal/foreign/MemorySessionImpl;' @24  a 'jdk/internal/foreign/SharedSession'{0x00000004224c7c18} (0x84498f83)
 - final 'min' 'J' @32  140193117287024 (0x00007f8140f4b270)
R10=0x00007f8104bf0030 points into unknown readable memory: 0x000087c7e5894855 | 55 48 89 e5 c7 87 00 00
R11=0x00007f81302c7a80 is at entry_point+0 in (nmethod*)0x00007f81302c7988
Compiled method (n/a) 21007 4662     n 0       java.lang.invoke.MethodHandle::linkToNative(JJJL)V (native)
 total in heap  [0x00007f81302c7988,0x00007f81302c7a88] = 256
 main code      [0x00007f81302c7a80,0x00007f81302c7a87] = 7
 stub code      [0x00007f81302c7a87,0x00007f81302c7a88] = 1
R12=0x0 is null
R13=0x00007f8146b0d5a8 is pointing into the stack for thread: 0x00007f814002b810
R14=0x00007f8146b0d670 is pointing into the stack for thread: 0x00007f814002b810
R15=0x00007f814002b810 is a thread

Top of Stack: (sp=0x00007f8146b0d580)
0x00007f8146b0d580:   00007f8146b0d590 00007f812fbc169d   ...F......./....
0x00007f8146b0d590:   00007f8146b0d628 00007f812f867438   (..F....8t./....
0x00007f8146b0d5a0:   00007f812f867438 000000041b800770   8t./....p.......
0x00007f8146b0d5b0:   00007f8140a6f700 0000000000000000   ...@............
0x00007f8146b0d5c0:   00007f8140f4b270 0000000000000000   p..@............
0x00007f8146b0d5d0:   00007f8104bf0030 0000000000000000   0...............
0x00007f8146b0d5e0:   fffffffffffffff7 00007f80e99e5654   ........TV......
0x00007f8146b0d5f0:   0000000000000009 00007f80e99e5800   .........X......
0x00007f8146b0d600:   0000000000000000 000000041b8006d8   ................
0x00007f8146b0d610:   00007f80e99e5660 fffffffffffffff0   `V..............
0x00007f8146b0d620:   00007f8146b0d640 00007f8146b0d6c0   @..F.......F....
0x00007f8146b0d630:   00007f812f867438 000000041b800770   8t./....p.......
0x00007f8146b0d640:   00007f8140a6f700 0000000000000000   ...@............
0x00007f8146b0d650:   00007f8140f4b270 0000000000000000   p..@............
0x00007f8146b0d660:   00007f8104bf0030 0000000000000000   0...............
0x00007f8146b0d670:   000000041b800348 fffffffffffffff7   H...............
0x00007f8146b0d680:   00007f80e99f5e9f 0000000000000009   .^..............
0x00007f8146b0d690:   00007f80e99f6068 0000000000000000   h`..............
0x00007f8146b0d6a0:   000000041b846368 00007f80e99f5eb0   hc.......^......
0x00007f8146b0d6b0:   fffffffffffffff0 00007f8146b0d6d0   ...........F....
0x00007f8146b0d6c0:   00007f8146b0d758 00007f812f867438   X..F....8t./....
0x00007f8146b0d6d0:   000000041b800810 00007f8140a6f700   ...........@....
0x00007f8146b0d6e0:   0000000000000000 00007f8140f4b270   ........p..@....
0x00007f8146b0d6f0:   0000000000000000 00007f8104bf0030   ........0.......
0x00007f8146b0d700:   0000000000000000 000000041b800348   ........H.......
0x00007f8146b0d710:   fffffffffffffff7 00007f80e99e60a9   .........`......
0x00007f8146b0d720:   000000000000000f 00007f80e99e6288   .........b......
0x00007f8146b0d730:   0000000000000000 000000041b800270   ........p.......
0x00007f8146b0d740:   00007f80e99e5f38 ffffffffffffffef   8_..............
0x00007f8146b0d750:   00007f8146b0d7b0 00007f8146b0d820   ...F.... ..F....
0x00007f8146b0d760:   00007f812f867438 000000041881aed8   8t./............
0x00007f8146b0d770:   0000000418819748 00000004224c7c18   H........|L"....

Instructions: (pc=0x00007f8104bf0034)
  0x00007f8104beff34:   00 00 00 00 00 00 00 00 00 00 00 00 00 00 00 00
  0x00007f8104beff44:   00 00 00 00 00 00 00 00 00 00 00 00 00 00 00 00
  0x00007f8104beff54:   00 00 00 00 00 00 00 00 00 00 00 00 00 00 00 00
  0x00007f8104beff64:   00 00 00 00 00 00 00 00 00 00 00 00 00 00 00 00
  0x00007f8104beff74:   00 00 00 00 00 00 00 00 00 00 00 00 00 00 00 00
  0x00007f8104beff84:   00 00 00 00 00 00 00 00 00 00 00 00 00 00 00 00
  0x00007f8104beff94:   00 00 00 00 00 00 00 00 00 00 00 00 00 00 00 00
  0x00007f8104beffa4:   00 00 00 00 00 00 00 00 00 00 00 00 00 00 00 00
  0x00007f8104beffb4:   00 00 00 00 00 00 00 00 00 00 00 00 00 00 00 00
  0x00007f8104beffc4:   00 00 00 00 00 00 00 00 00 00 00 00 00 00 00 00
  0x00007f8104beffd4:   00 00 00 00 00 00 00 00 00 00 00 00 00 00 00 00
  0x00007f8104beffe4:   00 00 00 00 00 00 00 00 00 00 00 00 00 00 00 00
  0x00007f8104befff4:   00 00 00 00 00 00 00 00 00 00 00 00 55 48 89 e5
  0x00007f8104bf0004:   8b 07 48 89 ec 5d c3 00 00 00 00 00 55 48 89 e5
  0x00007f8104bf0014:   c7 07 02 00 00 00 48 89 ec 5d c3 00 55 48 89 e5
  0x00007f8104bf0024:   8b 87 00 00 01 00 48 89 ec 5d c3 00 55 48 89 e5
=>0x00007f8104bf0034:   c7 87 00 00 01 00 03 00 00 00 48 89 ec 5d c3 00
  0x00007f8104bf0044:   00 00 00 00 00 00 00 00 00 00 00 00 55 48 89 e5
  0x00007f8104bf0054:   48 83 ec 10 4c 89 24 24 89 56 24 4c 8b 8e d0 00
  0x00007f8104bf0064:   00 00 49 89 f4 4c 89 e7 41 ff d1 4c 89 e6 4c 8b
  0x00007f8104bf0074:   8e e0 00 00 00 4c 8b 24 24 48 83 c4 10 48 89 ec
  0x00007f8104bf0084:   5d c3 00 00 00 00 00 00 00 00 00 00 55 48 89 e5
  0x00007f8104bf0094:   8b 86 d8 00 00 00 48 89 ec 5d c3 00 00 00 00 00
  0x00007f8104bf00a4:   00 00 00 00 00 00 00 00 00 00 00 00 00 00 00 00
  0x00007f8104bf00b4:   00 00 00 00 00 00 00 00 00 00 00 00 00 00 00 00
  0x00007f8104bf00c4:   00 00 00 00 00 00 00 00 00 00 00 00 00 00 00 00
  0x00007f8104bf00d4:   00 00 00 00 00 00 00 00 00 00 00 00 00 00 00 00
  0x00007f8104bf00e4:   00 00 00 00 00 00 00 00 00 00 00 00 00 00 00 00
  0x00007f8104bf00f4:   00 00 00 00 00 00 00 00 00 00 00 00 00 00 00 00
  0x00007f8104bf0104:   00 00 00 00 00 00 00 00 00 00 00 00 00 00 00 00
  0x00007f8104bf0114:   00 00 00 00 00 00 00 00 00 00 00 00 00 00 00 00
  0x00007f8104bf0124:   00 00 00 00 00 00 00 00 00 00 00 00 00 00 00 00


Stack slot to memory mapping:

stack at sp + 0 slots: 0x00007f8146b0d590 is pointing into the stack for thread: 0x00007f814002b810
stack at sp + 1 slots: 0x00007f812fbc169d is at code_begin+61 in 
[CodeBlob kind:6 (0x00007f812fbc1608)]
Framesize: 2
Runtime Stub (0x00007f812fbc1608): nep_invoker_blob
--------------------------------------------------------------------------------
Decoding CodeBlob, name: nep_invoker_blob, at  [0x00007f812fbc1660, 0x00007f812fbc1748]  232 bytes
[MachCode]
  0x00007f812fbc1660: 5548 8bec | c5f8 7749 | 89af 9004 | 0000 49ba | 6416 bc2f | 817f 0000 | 4d89 9788 | 0400 0049 
  0x00007f812fbc1680: 89a7 8004 | 0000 41c7 | 872c 0500 | 0004 0000 | 004c 8bd6 | 488b f148 | 8bfa 41ff | d2c5 f877 
  0x00007f812fbc16a0: 41c7 872c | 0500 0005 | 0000 00f0 | 8344 24c0 | 0049 3b6f | 280f 874d | 0000 0041 | 83bf 2805 
  0x00007f812fbc16c0: 0000 000f | 853f 0000 | 0041 c787 | 2c05 0000 | 0800 0000 | 4183 bfa8 | 0500 0002 | 0f84 4400 
  0x00007f812fbc16e0: 0000 49c7 | 8780 0400 | 0000 0000 | 0049 c787 | 9004 0000 | 0000 0000 | 49c7 8788 | 0400 0000 
  0x00007f812fbc1700: 0000 00c5 | f877 c9c3 | 498b ffc5 | f877 4c8b | e448 83ec | 0048 83e4 | f0e8 52b2 | a717 498b 
  0x00007f812fbc1720: e44d 33e4 | eba3 c5f8 | 774c 8be4 | 4883 ec00 | 4883 e4f0 | e8d7 c3f8 | 1749 8be4 | 4d33 e4eb 
  0x00007f812fbc1740: a1f4 f4f4 | f4f4 f4f4 
[/MachCode]
--------------------------------------------------------------------------------
stack at sp + 2 slots: 0x00007f8146b0d628 is pointing into the stack for thread: 0x00007f814002b810
stack at sp + 3 slots: 0x00007f812f867438 is at code_begin+1272 in an Interpreter codelet
return entry points  [0x00007f812f866f40, 0x00007f812f867bb8]  3192 bytes
stack at sp + 4 slots: 0x00007f812f867438 is at code_begin+1272 in an Interpreter codelet
return entry points  [0x00007f812f866f40, 0x00007f812f867bb8]  3192 bytes
stack at sp + 5 slots: 0x000000041b800770 is an oop: jdk.internal.foreign.abi.NativeEntryPoint 
{0x000000041b800770} - klass: 'jdk/internal/foreign/abi/NativeEntryPoint' - flags: 

 - ---- fields (total size 3 words):
 - private final 'methodType' 'Ljava/lang/invoke/MethodType;' @12  a 'java/lang/invoke/MethodType'{0x000000041b800810} = (JJJ)V (0x83700102)
 - private final 'downcallStubAddress' 'J' @16  140192828364384 (0x00007f812fbc1660)
stack at sp + 6 slots: 0x00007f8140a6f700 points into unknown readable memory: 0x00007f8140f4b290 | 90 b2 f4 40 81 7f 00 00
stack at sp + 7 slots: 0x0 is null

Lock stack of current Java thread (top to bottom):

--------------------------------------------------------------------------------
Decoding CodeBlob, name: nep_invoker_blob, at  [0x00007f812fbc1660, 0x00007f812fbc1748]  232 bytes
[MachCode]
  0x00007f812fbc1660: 5548 8bec | c5f8 7749 | 89af 9004 | 0000 49ba | 6416 bc2f | 817f 0000 | 4d89 9788 | 0400 0049 
  0x00007f812fbc1680: 89a7 8004 | 0000 41c7 | 872c 0500 | 0004 0000 | 004c 8bd6 | 488b f148 | 8bfa 41ff | d2c5 f877 
  0x00007f812fbc16a0: 41c7 872c | 0500 0005 | 0000 00f0 | 8344 24c0 | 0049 3b6f | 280f 874d | 0000 0041 | 83bf 2805 
  0x00007f812fbc16c0: 0000 000f | 853f 0000 | 0041 c787 | 2c05 0000 | 0800 0000 | 4183 bfa8 | 0500 0002 | 0f84 4400 
  0x00007f812fbc16e0: 0000 49c7 | 8780 0400 | 0000 0000 | 0049 c787 | 9004 0000 | 0000 0000 | 49c7 8788 | 0400 0000 
  0x00007f812fbc1700: 0000 00c5 | f877 c9c3 | 498b ffc5 | f877 4c8b | e448 83ec | 0048 83e4 | f0e8 52b2 | a717 498b 
  0x00007f812fbc1720: e44d 33e4 | eba3 c5f8 | 774c 8be4 | 4883 ec00 | 4883 e4f0 | e8d7 c3f8 | 1749 8be4 | 4d33 e4eb 
  0x00007f812fbc1740: a1f4 f4f4 | f4f4 f4f4 
[/MachCode]
--------------------------------------------------------------------------------


Compiled method (c1) 21013 7691       3       java.lang.invoke.LambdaForm$MH/0x00000000891b5800::invoke (56 bytes)
 total in heap  [0x00007f8129cf5988,0x00007f8129cf6750] = 3528
 main code      [0x00007f8129cf5a80,0x00007f8129cf66c0] = 3136
 stub code      [0x00007f8129cf66c0,0x00007f8129cf6748] = 136
 oops           [0x00007f8129cf6748,0x00007f8129cf6750] = 8
 mutable data [0x00007f80c896f730,0x00007f80c896f838] = 264
 relocation     [0x00007f80c896f730,0x00007f80c896f810] = 224
 metadata       [0x00007f80c896f810,0x00007f80c896f838] = 40
 immutable data [0x00007f80c896f410,0x00007f80c896f720] = 784
 dependencies   [0x00007f80c896f410,0x00007f80c896f420] = 16
 nul chk table  [0x00007f80c896f420,0x00007f80c896f458] = 56
 scopes pcs     [0x00007f80c896f458,0x00007f80c896f5d8] = 384
 scopes data    [0x00007f80c896f5d8,0x00007f80c896f720] = 328

[Constant Pool (empty)]

[MachCode]
[Verified Entry Point]
  # {method} {0x00007f80e99f3f60} 'invoke' '(Ljava/lang/Object;Ljava/lang/Object;Ljava/lang/Object;)Ljava/lang/Object;' in 'java/lang/invoke/LambdaForm$MH+0x00000000891b5800'
  # parm0:    rsi:rsi   = 'java/lang/Object'
  # parm1:    rdx:rdx   = 'java/lang/Object'
  # parm2:    rcx:rcx   = 'java/lang/Object'
  #           [sp+0xb0]  (sp of caller)
  0x00007f8129cf5a80: 8984 2400 | c0fe ff55 | 4881 eca0 | 0000 0090 | 4181 7f20 | 0500 0000 

  0x00007f8129cf5a98: ;   {runtime_call Stub::method_entry_barrier}
  0x00007f8129cf5a98: 7405 e821 

  0x00007f8129cf5a9c: ;   {metadata(method data for {method} {0x00007f80e99f3f60} 'invoke' '(Ljava/lang/Object;Ljava/lang/Object;Ljava/lang/Object;)Ljava/lang/Object;' in 'java/lang/invoke/LambdaForm$MH+0x00000000891b5800')}
  0x00007f8129cf5a9c: 1bba 0548 | bf00 20ea | e980 7f00 | 0048 8dbf | f002 0000 | 4885 f675 | 0cf6 0701 | 7548 f048 
  0x00007f8129cf5abc: 830f 01eb | 418b 5e08 | 41ba 0000 | 0088 4903 | da4c 8bd3 | 4833 1f48 | f7c3 fcff | ffff 7426 
  0x00007f8129cf5adc: f6c3 0275 | 2148 f707 | feff ffff | 7415 498b | da48 331f | 48f7 c3fc | ffff ff74 | 0948 830f 
  0x00007f8129cf5afc: 02eb 0348 | 891f 4885 | d275 0ef6 | 4710 0175 | 4ef0 4883 | 4f10 01eb | 468b 5a08 | 41ba 0000 
  0x00007f8129cf5b1c: 0088 4903 | da4c 8bd3 | 4833 5f10 | 48f7 c3fc | ffff ff74 | 2af6 c302 | 7525 48f7 | 4710 feff 
  0x00007f8129cf5b3c: ffff 7417 | 498b da48 | 335f 1048 | f7c3 fcff | ffff 740b | 4883 4f10 | 02eb 0448 

  0x00007f8129cf5b58: ;   {metadata(method data for {method} {0x00007f80e99f3f60} 'invoke' '(Ljava/lang/Object;Ljava/lang/Object;Ljava/lang/Object;)Ljava/lang/Object;' in 'java/lang/invoke/LambdaForm$MH+0x00000000891b5800')}
  0x00007f8129cf5b58: 895f 1048 | bf00 20ea | e980 7f00 | 008b 9f90 | 0000 0083 | c302 899f | 9000 0000 | 81e3 fe07 
  0x00007f8129cf5b78: 0000 85db | 0f84 f109 | 0000 4889 | 5424 6048 | 8974 2458 

  0x00007f8129cf5b8c: ;   {metadata(method data for {method} {0x00007f80e99f3f60} 'invoke' '(Ljava/lang/Object;Ljava/lang/Object;Ljava/lang/Object;)Ljava/lang/Object;' in 'java/lang/invoke/LambdaForm$MH+0x00000000891b5800')}
  0x00007f8129cf5b8c: 48bf 0020 | eae9 807f | 0000 488d | bfe8 0000 | 0048 85c9 | 750e f647 | 0801 754e | f048 834f 
  0x00007f8129cf5bac: 0801 eb46 | 8b59 0841 | ba00 0000 | 8849 03da | 4c8b d348 | 335f 0848 | f7c3 fcff | ffff 742a 
  0x00007f8129cf5bcc: f6c3 0275 | 2548 f747 | 08fe ffff | ff74 1749 | 8bda 4833 | 5f08 48f7 | c3fc ffff | ff74 0b48 
  0x00007f8129cf5bec: 834f 0802 | eb04 4889 

  0x00007f8129cf5bf4: ;   {metadata(method data for {method} {0x00007f80e99f3f60} 'invoke' '(Ljava/lang/Object;Ljava/lang/Object;Ljava/lang/Object;)Ljava/lang/Object;' in 'java/lang/invoke/LambdaForm$MH+0x00000000891b5800')}
  0x00007f8129cf5bf4: 5f08 48bf | 0020 eae9 | 807f 0000 | 4883 87d8 | 0000 0001 | 488b f1ba | 0200 0000 | 4889 4c24 
  0x00007f8129cf5c14: ;   {static_call}
  0x00007f8129cf5c14: 5066 90e8 

  0x00007f8129cf5c18: ; ImmutableOopMap {[80]=Oop [88]=Oop [96]=Oop }
                      ;*invokestatic checkSpreadArgument {reexecute=0 rethrow=0 return_oop=0}
                      ; - java.lang.invoke.LambdaForm$MH/0x00000000891b5800::invoke@2
  0x00007f8129cf5c18: 6491 8c06 

  0x00007f8129cf5c1c: ;   {post_call_nop}
  0x00007f8129cf5c1c: 0f1f 8400 | 9402 0000 | 488b 4c24 | 5048 85c9 

  0x00007f8129cf5c2c: ;   {metadata(method data for {method} {0x00007f80e99f3f60} 'invoke' '(Ljava/lang/Object;Ljava/lang/Object;Ljava/lang/Object;)Ljava/lang/Object;' in 'java/lang/invoke/LambdaForm$MH+0x00000000891b5800')}
  0x00007f8129cf5c2c: 48bf 0020 | eae9 807f | 0000 750c | 808f f900 | 0000 01e9 | a700 0000 | 8b59 0841 | ba00 0000 
  0x00007f8129cf5c4c: 8849 03da | 483b 9f08 | 0100 0075 | 0d48 8387 | 1001 0000 | 01e9 6000 | 0000 483b | 9f18 0100 
  0x00007f8129cf5c6c: 0075 0d48 | 8387 2001 | 0000 01e9 | 4a00 0000 | 4883 bf08 | 0100 0000 | 7517 4889 | 9f08 0100 
  0x00007f8129cf5c8c: 0048 c787 | 1001 0000 | 0100 0000 | e929 0000 | 0048 83bf | 1801 0000 | 0075 1748 | 899f 1801 
  0x00007f8129cf5cac: 0000 48c7 | 8720 0100 | 0001 0000 | 00e9 0800 | 0000 4883 | 8700 0100 

  0x00007f8129cf5cc4: ;   {metadata('java/lang/Object'[])}
  0x00007f8129cf5cc4: 0001 48bb | e01f 1788 | 0000 0000 | 8b79 0841 | ba00 0000 | 8849 03fa | 483b 5f38 | 0f85 ae08 
  0x00007f8129cf5ce4: 0000 e900 | 0000 0048 | 8bd1 837a | 0c00 0f86 | af08 0000 | 8b7a 1048 | c1e7 0383 | 7a0c 010f 
  0x00007f8129cf5d04: 86b0 0800 | 008b 5a14 | 48c1 e303 | 488b 7424 | 5848 85f6 

  0x00007f8129cf5d18: ;   {metadata(method data for {method} {0x00007f80e99f3f60} 'invoke' '(Ljava/lang/Object;Ljava/lang/Object;Ljava/lang/Object;)Ljava/lang/Object;' in 'java/lang/invoke/LambdaForm$MH+0x00000000891b5800')}
  0x00007f8129cf5d18: 48b8 0020 | eae9 807f | 0000 750c | 8088 2901 | 0000 01e9 | a600 0000 | 8b4e 0841 | ba00 0000 
  0x00007f8129cf5d38: 8849 03ca | 483b 8838 | 0100 0075 | 0d48 8380 | 4001 0000 | 01e9 6000 | 0000 483b | 8848 0100 
  0x00007f8129cf5d58: 0075 0d48 | 8380 5001 | 0000 01e9 | 4a00 0000 | 4883 b838 | 0100 0000 | 7517 4889 | 8838 0100 
  0x00007f8129cf5d78: 0048 c780 | 4001 0000 | 0100 0000 | e929 0000 | 0048 83b8 | 4801 0000 | 0075 1748 | 8988 4801 
  0x00007f8129cf5d98: 0000 48c7 | 8050 0100 | 0001 0000 | 00e9 0800 | 0000 4883 | 8030 0100 

  0x00007f8129cf5db0: ;   {metadata('java/lang/invoke/BoundMethodHandle$Species_L')}
  0x00007f8129cf5db0: 0001 48b9 | c0ac 3288 | 0000 0000 | 8b56 0841 | ba00 0000 | 8849 03d2 | 483b ca0f | 85fa 0700 
  0x00007f8129cf5dd0: 00e9 0000 | 0000 488b | d68b 5220 | 48c1 e203 | 488b 7424 | 6048 85f6 

  0x00007f8129cf5de8: ;   {metadata(method data for {method} {0x00007f80e99f3f60} 'invoke' '(Ljava/lang/Object;Ljava/lang/Object;Ljava/lang/Object;)Ljava/lang/Object;' in 'java/lang/invoke/LambdaForm$MH+0x00000000891b5800')}
  0x00007f8129cf5de8: 48b9 0020 | eae9 807f | 0000 750c | 8089 5901 | 0000 01e9 | a800 0000 | 448b 4608 | 41ba 0000 
  0x00007f8129cf5e08: 0088 4d03 | c24c 3b81 | 6801 0000 | 750d 4883 | 8170 0100 | 0001 e960 | 0000 004c | 3b81 7801 
  0x00007f8129cf5e28: 0000 750d | 4883 8180 | 0100 0001 | e94a 0000 | 0048 83b9 | 6801 0000 | 0075 174c | 8981 6801 
  0x00007f8129cf5e48: 0000 48c7 | 8170 0100 | 0001 0000 | 00e9 2900 | 0000 4883 | b978 0100 | 0000 7517 | 4c89 8178 
  0x00007f8129cf5e68: 0100 0048 | c781 8001 | 0000 0100 | 0000 e908 | 0000 0048 | 8381 6001 

  0x00007f8129cf5e80: ;   {metadata('java/lang/invoke/MethodHandle')}
  0x00007f8129cf5e80: 0000 0149 | b890 e51e | 8800 0000 | 008b 4e08 | 41ba 0000 | 0088 4903 | ca4c 3b41 | 380f 8536 
  0x00007f8129cf5ea0: 0700 00e9 | 0000 0000 | 488b c648 

  0x00007f8129cf5eac: ;   {metadata(method data for {method} {0x00007f80e99f3f60} 'invoke' '(Ljava/lang/Object;Ljava/lang/Object;Ljava/lang/Object;)Ljava/lang/Object;' in 'java/lang/invoke/LambdaForm$MH+0x00000000891b5800')}
  0x00007f8129cf5eac: 85d2 48be | 0020 eae9 | 807f 0000 | 750c 808e | 8901 0000 | 01e9 a700 | 0000 448b | 4208 41ba 
  0x00007f8129cf5ecc: 0000 0088 | 4d03 c24c | 3b86 9801 | 0000 750d | 4883 86a0 | 0100 0001 | e960 0000 | 004c 3b86 
  0x00007f8129cf5eec: a801 0000 | 750d 4883 | 86b0 0100 | 0001 e94a | 0000 0048 | 83be 9801 | 0000 0075 | 174c 8986 
  0x00007f8129cf5f0c: 9801 0000 | 48c7 86a0 | 0100 0001 | 0000 00e9 | 2900 0000 | 4883 bea8 | 0100 0000 | 7517 4c89 
  0x00007f8129cf5f2c: 86a8 0100 | 0048 c786 | b001 0000 | 0100 0000 | e908 0000 | 0048 8386 | 9001 0000 

  0x00007f8129cf5f48: ;   {metadata('java/lang/invoke/MethodType')}
  0x00007f8129cf5f48: 0149 b860 | f81e 8800 | 0000 008b | 4a08 41ba | 0000 0088 | 4903 ca4c | 3bc1 0f85 | 7a06 0000 
  0x00007f8129cf5f68: e900 0000 | 0048 8bca 

  0x00007f8129cf5f70: ;   {metadata(method data for {method} {0x00007f80e99f3f60} 'invoke' '(Ljava/lang/Object;Ljava/lang/Object;Ljava/lang/Object;)Ljava/lang/Object;' in 'java/lang/invoke/LambdaForm$MH+0x00000000891b5800')}
  0x00007f8129cf5f70: 48ba 0020 | eae9 807f | 0000 488d | 92d0 0100 | 0048 85c0 | 750e f642 | 0801 754f | f048 834a 
  0x00007f8129cf5f90: 0801 eb47 | 8b70 0841 | ba00 0000 | 8849 03f2 | 4c8b d648 | 3372 0848 | f7c6 fcff | ffff 742b 
  0x00007f8129cf5fb0: 40f6 c602 | 7525 48f7 | 4208 feff | ffff 7417 | 498b f248 | 3372 0848 | f7c6 fcff | ffff 740b 
  0x00007f8129cf5fd0: 4883 4a08 | 02eb 0448 | 8972 0848 | 85c9 750c | f642 1801 | 7506 f048 | 834a 1801 

  0x00007f8129cf5fec: ;   {metadata(method data for {method} {0x00007f80e99f3f60} 'invoke' '(Ljava/lang/Object;Ljava/lang/Object;Ljava/lang/Object;)Ljava/lang/Object;' in 'java/lang/invoke/LambdaForm$MH+0x00000000891b5800')}
  0x00007f8129cf5fec: 48ba 0020 | eae9 807f | 0000 4883 | 82c0 0100 

  0x00007f8129cf5ffc: ;   {metadata(method data for {method} {0x0000000088470010} 'checkGenericType' '(Ljava/lang/invoke/MethodHandle;Ljava/lang/invoke/MethodType;)Ljava/lang/invoke/MethodHandle;' in 'java/lang/invoke/Invokers')}
  0x00007f8129cf5ffc: 0001 48ba | 886e b1e9 | 807f 0000 | 8bb2 9000 | 0000 83c6 | 0289 b290 | 0000 0081 | e6fe ff1f 
  0x00007f8129cf601c: 0085 f60f | 84c6 0500 | 0048 3b00 

  0x00007f8129cf6028: ;   {metadata(method data for {method} {0x0000000088470010} 'checkGenericType' '(Ljava/lang/invoke/MethodHandle;Ljava/lang/invoke/MethodType;)Ljava/lang/invoke/MethodHandle;' in 'java/lang/invoke/Invokers')}
  0x00007f8129cf6028: 488b d048 | be88 6eb1 | e980 7f00 | 008b 5208 | 41ba 0000 | 0088 4903 | d248 3b96 | e000 0000 
  0x00007f8129cf6048: 750d 4883 | 86e8 0000 | 0001 e960 | 0000 0048 | 3b96 f000 | 0000 750d | 4883 86f8 | 0000 0001 
  0x00007f8129cf6068: e94a 0000 | 0048 83be | e000 0000 | 0075 1748 | 8996 e000 | 0000 48c7 | 86e8 0000 | 0001 0000 
  0x00007f8129cf6088: 00e9 2900 | 0000 4883 | bef0 0000 | 0000 7517 | 4889 96f0 | 0000 0048 | c786 f800 | 0000 0100 
  0x00007f8129cf60a8: 0000 e908 | 0000 0048 | 8386 d800 

  0x00007f8129cf60b4: ;   {metadata(method data for {method} {0x00000000884783e0} 'asType' '(Ljava/lang/invoke/MethodType;)Ljava/lang/invoke/MethodHandle;' in 'java/lang/invoke/MethodHandle')}
  0x00007f8129cf60b4: 0000 0148 | ba28 fe24 | e880 7f00 | 008b b290 | 0000 0083 | c602 89b2 | 9000 0000 | 81e6 feff 
  0x00007f8129cf60d4: 1f00 85f6 | 0f84 3305 | 0000 8b50 | 1048 c1e2 | 0348 3bca 

  0x00007f8129cf60e8: ;   {metadata(method data for {method} {0x00000000884783e0} 'asType' '(Ljava/lang/invoke/MethodType;)Ljava/lang/invoke/MethodHandle;' in 'java/lang/invoke/MethodHandle')}
  0x00007f8129cf60e8: 48ba 28fe | 24e8 807f | 0000 bee8 | 0000 0074 | 05be d800 | 0000 4c8b | 0432 4d8d | 4001 4c89 
  0x00007f8129cf6108: 0432 4889 | 9c24 8000 | 0000 4889 | 7c24 780f | 8497 0000 | 0048 8bd0 

  0x00007f8129cf6120: ;   {metadata(method data for {method} {0x00000000884783e0} 'asType' '(Ljava/lang/invoke/MethodType;)Ljava/lang/invoke/MethodHandle;' in 'java/lang/invoke/MethodHandle')}
  0x00007f8129cf6120: 48be 28fe | 24e8 807f | 0000 4883 | 86f8 0000 | 0001 488b | d148 8bf0 | 4889 4c24 | 7048 8944 
  0x00007f8129cf6140: 2468 0f1f 

  0x00007f8129cf6144: ;   {optimized virtual_call}
  0x00007f8129cf6144: 4400 00e8 

  0x00007f8129cf6148: ; ImmutableOopMap {[104]=Oop [112]=Oop [120]=Oop [128]=Oop }
                      ;*invokevirtual asTypeCached {reexecute=0 rethrow=0 return_oop=0}
                      ; - java.lang.invoke.MethodHandle::asType@12 (line 869)
                      ; - java.lang.invoke.Invokers::checkGenericType@2 (line 541)
                      ; - java.lang.invoke.LambdaForm$MH/0x00000000891b5800::invoke@37
  0x00007f8129cf6148: 9479 bb05 

  0x00007f8129cf614c: ;   {post_call_nop}
  0x00007f8129cf614c: 0f1f 8400 | c407 0001 

  0x00007f8129cf6154: ;   {metadata(method data for {method} {0x00000000884783e0} 'asType' '(Ljava/lang/invoke/MethodType;)Ljava/lang/invoke/MethodHandle;' in 'java/lang/invoke/MethodHandle')}
  0x00007f8129cf6154: 4885 c048 | ba28 fe24 | e880 7f00 | 00be 3801 | 0000 7505 | be28 0100 | 0048 8b3c | 3248 8d7f 
  0x00007f8129cf6174: 0148 893c | 320f 8535 | 0000 0048 | 8b4c 2470 | 488b 4424 | 6848 8bd0 

  0x00007f8129cf618c: ;   {metadata(method data for {method} {0x00000000884783e0} 'asType' '(Ljava/lang/invoke/MethodType;)Ljava/lang/invoke/MethodHandle;' in 'java/lang/invoke/MethodHandle')}
  0x00007f8129cf618c: 48be 28fe | 24e8 807f | 0000 4883 | 8648 0100 | 0001 488b | d148 8bf0 

  0x00007f8129cf61a4: ;   {optimized virtual_call}
  0x00007f8129cf61a4: 6666 90e8 

  0x00007f8129cf61a8: ; ImmutableOopMap {[120]=Oop [128]=Oop }
                      ;*invokevirtual setAsTypeCache {reexecute=0 rethrow=0 return_oop=0}
                      ; - java.lang.invoke.MethodHandle::asType@24 (line 873)
                      ; - java.lang.invoke.Invokers::checkGenericType@2 (line 541)
                      ; - java.lang.invoke.LambdaForm$MH/0x00000000891b5800::invoke@37
  0x00007f8129cf61a8: 3479 bb05 

  0x00007f8129cf61ac: ;   {post_call_nop}
  0x00007f8129cf61ac: 0f1f 8400 | 2408 0002 

  0x00007f8129cf61b4: ;   {metadata(method data for {method} {0x00007f80e99f3f60} 'invoke' '(Ljava/lang/Object;Ljava/lang/Object;Ljava/lang/Object;)Ljava/lang/Object;' in 'java/lang/invoke/LambdaForm$MH+0x00000000891b5800')}
  0x00007f8129cf61b4: 48be 0020 | eae9 807f | 0000 488d | b6f0 0100 | 0048 85c0 | 750c f606 | 0175 49f0 | 4883 0e01 
  0x00007f8129cf61d4: eb42 8b78 | 0841 ba00 | 0000 8849 | 03fa 4c8b | d748 333e | 48f7 c7fc | ffff ff74 | 2740 f6c7 
  0x00007f8129cf61f4: 0275 2148 | f706 feff | ffff 7415 | 498b fa48 | 333e 48f7 | c7fc ffff | ff74 0948 | 830e 02eb 
  0x00007f8129cf6214: 0348 893e 

  0x00007f8129cf6218: ;   {metadata(method data for {method} {0x00007f80e99f3f60} 'invoke' '(Ljava/lang/Object;Ljava/lang/Object;Ljava/lang/Object;)Ljava/lang/Object;' in 'java/lang/invoke/LambdaForm$MH+0x00000000891b5800')}
  0x00007f8129cf6218: 48be 0020 | eae9 807f | 0000 488d | b610 0200 | 0048 85c0 | 750e f646 | 0801 754f | f048 834e 
  0x00007f8129cf6238: 0801 eb47 | 8b78 0841 | ba00 0000 | 8849 03fa | 4c8b d748 | 337e 0848 | f7c7 fcff | ffff 742b 
  0x00007f8129cf6258: 40f6 c702 | 7525 48f7 | 4608 feff | ffff 7417 | 498b fa48 | 337e 0848 | f7c7 fcff | ffff 740b 
  0x00007f8129cf6278: 4883 4e08 | 02eb 0448 

  0x00007f8129cf6280: ;   {metadata(method data for {method} {0x00007f80e99f3f60} 'invoke' '(Ljava/lang/Object;Ljava/lang/Object;Ljava/lang/Object;)Ljava/lang/Object;' in 'java/lang/invoke/LambdaForm$MH+0x00000000891b5800')}
  0x00007f8129cf6280: 897e 0848 | be00 20ea | e980 7f00 | 0048 8386 | 0002 0000 

  0x00007f8129cf6294: ;   {metadata(method data for {method} {0x000000008846ff60} 'checkCustomized' '(Ljava/lang/invoke/MethodHandle;)V' in 'java/lang/invoke/Invokers')}
  0x00007f8129cf6294: 0148 be88 | 732a e880 | 7f00 008b | be90 0000 | 0083 c702 | 89be 9000 | 0000 81e7 | feff 1f00 
  0x00007f8129cf62b4: 85ff 0f84 | 7603 0000 

  0x00007f8129cf62bc: ;   {metadata(method data for {method} {0x000000008846ff60} 'checkCustomized' '(Ljava/lang/invoke/MethodHandle;)V' in 'java/lang/invoke/Invokers')}
  0x00007f8129cf62bc: 48be 8873 | 2ae8 807f | 0000 4883 | 86d8 0000 

  0x00007f8129cf62cc: ;   {metadata(method data for {method} {0x00000000881f59a8} 'isCompileConstant' '(Ljava/lang/Object;)Z' in 'java/lang/invoke/MethodHandleImpl')}
  0x00007f8129cf62cc: 0001 48be | 0075 2ae8 | 807f 0000 | 8bbe 9000 | 0000 83c7 | 0289 be90 | 0000 0081 | e7fe ff1f 
  0x00007f8129cf62ec: 0085 ff0f | 845e 0300 

  0x00007f8129cf62f4: ;   {metadata(method data for {method} {0x000000008846ff60} 'checkCustomized' '(Ljava/lang/invoke/MethodHandle;)V' in 'java/lang/invoke/Invokers')}
  0x00007f8129cf62f4: 0048 be88 | 732a e880 | 7f00 00ff | 86e8 0000 | 008b 7014 | 48c1 e603 

  0x00007f8129cf630c: ; implicit exception: dispatches to 0x00007f8129cf6679
  0x00007f8129cf630c: 8b76 1c48 | c1e6 0348 

  0x00007f8129cf6314: ;   {metadata(method data for {method} {0x000000008846ff60} 'checkCustomized' '(Ljava/lang/invoke/MethodHandle;)V' in 'java/lang/invoke/Invokers')}
  0x00007f8129cf6314: 85f6 48be | 8873 2ae8 | 807f 0000 | bf18 0100 | 0074 05bf | 0801 0000 | 488b 1c3e | 488d 5b01 
  0x00007f8129cf6334: 4889 1c3e | 0f84 0d00 | 0000 4889 | 8424 8800 | 0000 e931 

  0x00007f8129cf6348: ;   {metadata(method data for {method} {0x000000008846ff60} 'checkCustomized' '(Ljava/lang/invoke/MethodHandle;)V' in 'java/lang/invoke/Invokers')}
  0x00007f8129cf6348: 0000 0048 | be88 732a | e880 7f00 | 0048 8386 | 2801 0000 | 0148 8bf0 | 4889 8424 | 8800 0000 
  0x00007f8129cf6368: 0f1f 8000 

  0x00007f8129cf636c: ;   {static_call}
  0x00007f8129cf636c: 0000 00e8 

  0x00007f8129cf6370: ; ImmutableOopMap {[120]=Oop [128]=Oop [136]=Oop }
                      ;*invokestatic maybeCustomize {reexecute=0 rethrow=0 return_oop=0}
                      ; - java.lang.invoke.Invokers::checkCustomized@19 (line 626)
                      ; - java.lang.invoke.LambdaForm$MH/0x00000000891b5800::invoke@44
  0x00007f8129cf6370: 0c63 8306 

  0x00007f8129cf6374: ;   {post_call_nop}
  0x00007f8129cf6374: 0f1f 8400 | ec09 0003 | 488b 8424 | 8800 0000 | 488b 9c24 | 8000 0000 | 488b 7c24 

  0x00007f8129cf6390: ;   {metadata(method data for {method} {0x00007f80e99f3f60} 'invoke' '(Ljava/lang/Object;Ljava/lang/Object;Ljava/lang/Object;)Ljava/lang/Object;' in 'java/lang/invoke/LambdaForm$MH+0x00000000891b5800')}
  0x00007f8129cf6390: 7848 ba00 | 20ea e980 | 7f00 0048 | 8d92 5802 | 0000 4885 | ff75 0ef6 | 4208 0175 | 4ef0 4883 
  0x00007f8129cf63b0: 4a08 01eb | 468b 4f08 | 41ba 0000 | 0088 4903 | ca4c 8bd1 | 4833 4a08 | 48f7 c1fc | ffff ff74 
  0x00007f8129cf63d0: 2af6 c102 | 7525 48f7 | 4208 feff | ffff 7417 | 498b ca48 | 334a 0848 | f7c1 fcff | ffff 740b 
  0x00007f8129cf63f0: 4883 4a08 | 02eb 0448 | 894a 0848 | 85db 750e | f642 1801 | 754e f048 | 834a 1801 | eb46 8b4b 
  0x00007f8129cf6410: 0841 ba00 | 0000 8849 | 03ca 4c8b | d148 334a | 1848 f7c1 | fcff ffff | 742a f6c1 | 0275 2548 
  0x00007f8129cf6430: f742 18fe | ffff ff74 | 1749 8bca | 4833 4a18 | 48f7 c1fc | ffff ff74 | 0b48 834a | 1802 eb04 
  0x00007f8129cf6450: 4889 4a18 

  0x00007f8129cf6454: ;   {metadata(method data for {method} {0x00007f80e99f3f60} 'invoke' '(Ljava/lang/Object;Ljava/lang/Object;Ljava/lang/Object;)Ljava/lang/Object;' in 'java/lang/invoke/LambdaForm$MH+0x00000000891b5800')}
  0x00007f8129cf6454: 488b d048 | b900 20ea | e980 7f00 | 008b 5208 | 41ba 0000 | 0088 4903 | d248 3b91 | 3002 0000 
  0x00007f8129cf6474: 750d 4883 | 8138 0200 | 0001 e960 | 0000 0048 | 3b91 4002 | 0000 750d | 4883 8148 | 0200 0001 
  0x00007f8129cf6494: e94a 0000 | 0048 83b9 | 3002 0000 | 0075 1748 | 8991 3002 | 0000 48c7 | 8138 0200 | 0001 0000 
  0x00007f8129cf64b4: 00e9 2900 | 0000 4883 | b940 0200 | 0000 7517 | 4889 9140 | 0200 0048 | c781 4802 | 0000 0100 
  0x00007f8129cf64d4: 0000 e908 | 0000 0048 | 8381 2802 | 0000 0148 | 8bd7 488b | cb48 8bf0 

  0x00007f8129cf64ec: ;   {optimized virtual_call}
  0x00007f8129cf64ec: 6666 90e8 

  0x00007f8129cf64f0: ; ImmutableOopMap {}
                      ;*invokevirtual invokeBasic {reexecute=0 rethrow=0 return_oop=0}
                      ; - java.lang.invoke.LambdaForm$MH/0x00000000891b5800::invoke@52
  0x00007f8129cf64f0: 8c43 2c06 

  0x00007f8129cf64f4: ;   {post_call_nop}
  0x00007f8129cf64f4: 0f1f 8400 | 6c0b 0004 

  0x00007f8129cf64fc: ;   {metadata(method data for {method} {0x00007f80e99f3f60} 'invoke' '(Ljava/lang/Object;Ljava/lang/Object;Ljava/lang/Object;)Ljava/lang/Object;' in 'java/lang/invoke/LambdaForm$MH+0x00000000891b5800')}
  0x00007f8129cf64fc: 48be 0020 | eae9 807f | 0000 488d | b678 0200 | 0048 85c0 | 750c f606 | 0175 49f0 | 4883 0e01 
  0x00007f8129cf651c: eb42 8b78 | 0841 ba00 | 0000 8849 | 03fa 4c8b | d748 333e | 48f7 c7fc | ffff ff74 | 2740 f6c7 
  0x00007f8129cf653c: 0275 2148 | f706 feff | ffff 7415 | 498b fa48 | 333e 48f7 | c7fc ffff | ff74 0948 | 830e 02eb 
  0x00007f8129cf655c: 0348 893e | 4881 c4a0 | 0000 005d 

  0x00007f8129cf6568: ;   {poll_return}
  0x00007f8129cf6568: 493b 6728 | 0f87 0c01 

  0x00007f8129cf6570: ;   {metadata({method} {0x00007f80e99f3f60} 'invoke' '(Ljava/lang/Object;Ljava/lang/Object;Ljava/lang/Object;)Ljava/lang/Object;' in 'java/lang/invoke/LambdaForm$MH+0x00000000891b5800')}
  0x00007f8129cf6570: 0000 c349 | ba60 3f9f | e980 7f00 | 004c 8954 | 2408 48c7 | 0424 ffff 

  0x00007f8129cf6588: ;   {runtime_call C1 Runtime counter_overflow_blob}
  0x00007f8129cf6588: ffff e851 

  0x00007f8129cf658c: ; ImmutableOopMap {rsi=Oop rdx=Oop rcx=Oop }
                      ;*synchronization entry
                      ; - java.lang.invoke.LambdaForm$MH/0x00000000891b5800::invoke@-1
  0x00007f8129cf658c: 77c9 05e9 | eef5 ffff | 4889 0c24 

  0x00007f8129cf6598: ;   {runtime_call C1 Runtime throw_class_cast_exception_blob}
  0x00007f8129cf6598: e8c3 34c9 

  0x00007f8129cf659c: ; ImmutableOopMap {[88]=Oop [96]=Oop }
                      ;*checkcast {reexecute=0 rethrow=0 return_oop=0}
                      ; - java.lang.invoke.LambdaForm$MH/0x00000000891b5800::invoke@6
                      ;   {runtime_call C1 Runtime throw_null_pointer_exception_blob}
  0x00007f8129cf659c: 05e8 3efc 

  0x00007f8129cf65a0: ; ImmutableOopMap {rdx=Oop [88]=Oop [96]=Oop }
                      ;*aaload {reexecute=0 rethrow=0 return_oop=0}
                      ; - java.lang.invoke.LambdaForm$MH/0x00000000891b5800::invoke@12
                      ;   {runtime_call C1 Runtime throw_null_pointer_exception_blob}
  0x00007f8129cf65a0: c805 e839 

  0x00007f8129cf65a4: ; ImmutableOopMap {rdx=Oop [88]=Oop [96]=Oop }
                      ;*aaload {reexecute=0 rethrow=0 return_oop=0}
                      ; - java.lang.invoke.LambdaForm$MH/0x00000000891b5800::invoke@12
  0x00007f8129cf65a4: fcc8 0548 | c704 2400 | 0000 0048 | 8954 2408 

  0x00007f8129cf65b4: ;   {runtime_call C1 Runtime throw_range_check_failed_blob}
  0x00007f8129cf65b4: e827 f3c8 

  0x00007f8129cf65b8: ; ImmutableOopMap {rdx=Oop [88]=Oop [96]=Oop }
                      ;*aaload {reexecute=0 rethrow=0 return_oop=0}
                      ; - java.lang.invoke.LambdaForm$MH/0x00000000891b5800::invoke@12
  0x00007f8129cf65b8: 0548 c704 | 2401 0000 | 0048 8954 

  0x00007f8129cf65c4: ;   {runtime_call C1 Runtime throw_range_check_failed_blob}
  0x00007f8129cf65c4: 2408 e815 

  0x00007f8129cf65c8: ; ImmutableOopMap {rdx=Oop rdi=Oop [88]=Oop [96]=Oop }
                      ;*aaload {reexecute=0 rethrow=0 return_oop=0}
                      ; - java.lang.invoke.LambdaForm$MH/0x00000000891b5800::invoke@16
  0x00007f8129cf65c8: f3c8 0548 

  0x00007f8129cf65cc: ;   {runtime_call C1 Runtime throw_class_cast_exception_blob}
  0x00007f8129cf65cc: 8934 24e8 

  0x00007f8129cf65d0: ; ImmutableOopMap {rdi=Oop rbx=Oop [96]=Oop }
                      ;*checkcast {reexecute=0 rethrow=0 return_oop=0}
                      ; - java.lang.invoke.LambdaForm$MH/0x00000000891b5800::invoke@20
  0x00007f8129cf65d0: 8c34 c905 

  0x00007f8129cf65d4: ;   {runtime_call C1 Runtime throw_null_pointer_exception_blob}
  0x00007f8129cf65d4: e807 fcc8 

  0x00007f8129cf65d8: ; ImmutableOopMap {rdi=Oop rbx=Oop [96]=Oop }
                      ;*getfield argL0 {reexecute=1 rethrow=0 return_oop=0}
                      ; - (reexecute) java.lang.invoke.LambdaForm$MH/0x00000000891b5800::invoke@23
  0x00007f8129cf65d8: 0548 8934 

  0x00007f8129cf65dc: ;   {runtime_call C1 Runtime throw_class_cast_exception_blob}
  0x00007f8129cf65dc: 24e8 7e34 

  0x00007f8129cf65e0: ; ImmutableOopMap {rdi=Oop rbx=Oop rdx=Oop }
                      ;*checkcast {reexecute=0 rethrow=0 return_oop=0}
                      ; - java.lang.invoke.LambdaForm$MH/0x00000000891b5800::invoke@29
  0x00007f8129cf65e0: c905 4889 

  0x00007f8129cf65e4: ;   {runtime_call C1 Runtime throw_class_cast_exception_blob}
  0x00007f8129cf65e4: 1424 e875 

  0x00007f8129cf65e8: ; ImmutableOopMap {rdi=Oop rbx=Oop rax=Oop }
                      ;*checkcast {reexecute=0 rethrow=0 return_oop=0}
                      ; - java.lang.invoke.LambdaForm$MH/0x00000000891b5800::invoke@34
                      ;   {metadata({method} {0x0000000088470010} 'checkGenericType' '(Ljava/lang/invoke/MethodHandle;Ljava/lang/invoke/MethodType;)Ljava/lang/invoke/MethodHandle;' in 'java/lang/invoke/Invokers')}
  0x00007f8129cf65e8: 34c9 0549 | ba10 0047 | 8800 0000 | 004c 8954 | 2408 48c7 | 0424 ffff 

  0x00007f8129cf6600: ;   {runtime_call C1 Runtime counter_overflow_blob}
  0x00007f8129cf6600: ffff e8d9 

  0x00007f8129cf6604: ; ImmutableOopMap {rdi=Oop rbx=Oop rax=Oop rcx=Oop }
                      ;*synchronization entry
                      ; - java.lang.invoke.Invokers::checkGenericType@-1 (line 541)
                      ; - java.lang.invoke.LambdaForm$MH/0x00000000891b5800::invoke@37
  0x00007f8129cf6604: 76c9 05e9 | 19fa ffff 

  0x00007f8129cf660c: ;   {runtime_call C1 Runtime throw_null_pointer_exception_blob}
  0x00007f8129cf660c: e8cf fbc8 

  0x00007f8129cf6610: ; ImmutableOopMap {rdi=Oop rbx=Oop rax=Oop rcx=Oop }
                      ;*invokevirtual asType {reexecute=0 rethrow=0 return_oop=0}
                      ; - java.lang.invoke.Invokers::checkGenericType@2 (line 541)
                      ; - java.lang.invoke.LambdaForm$MH/0x00000000891b5800::invoke@37
                      ;   {metadata({method} {0x00000000884783e0} 'asType' '(Ljava/lang/invoke/MethodType;)Ljava/lang/invoke/MethodHandle;' in 'java/lang/invoke/MethodHandle')}
  0x00007f8129cf6610: 0549 bae0 | 8347 8800 | 0000 004c | 8954 2408 | 48c7 0424 | ffff ffff 

  0x00007f8129cf6628: ;   {runtime_call C1 Runtime counter_overflow_blob}
  0x00007f8129cf6628: e8b3 76c9 

  0x00007f8129cf662c: ; ImmutableOopMap {rdi=Oop rbx=Oop rax=Oop rcx=Oop }
                      ;*synchronization entry
                      ; - java.lang.invoke.MethodHandle::asType@-1 (line 865)
                      ; - java.lang.invoke.Invokers::checkGenericType@2 (line 541)
                      ; - java.lang.invoke.LambdaForm$MH/0x00000000891b5800::invoke@37
  0x00007f8129cf662c: 05e9 acfa 

  0x00007f8129cf6630: ;   {metadata({method} {0x000000008846ff60} 'checkCustomized' '(Ljava/lang/invoke/MethodHandle;)V' in 'java/lang/invoke/Invokers')}
  0x00007f8129cf6630: ffff 49ba | 60ff 4688 | 0000 0000 | 4c89 5424 | 0848 c704 | 24ff ffff 

  0x00007f8129cf6648: ;   {runtime_call C1 Runtime counter_overflow_blob}
  0x00007f8129cf6648: ffe8 9276 

  0x00007f8129cf664c: ; ImmutableOopMap {rax=Oop [120]=Oop [128]=Oop }
                      ;*synchronization entry
                      ; - java.lang.invoke.Invokers::checkCustomized@-1 (line 622)
                      ; - java.lang.invoke.LambdaForm$MH/0x00000000891b5800::invoke@44
  0x00007f8129cf664c: c905 e969 

  0x00007f8129cf6650: ;   {metadata({method} {0x00000000881f59a8} 'isCompileConstant' '(Ljava/lang/Object;)Z' in 'java/lang/invoke/MethodHandleImpl')}
  0x00007f8129cf6650: fcff ff49 | baa8 591f | 8800 0000 | 004c 8954 | 2408 48c7 | 0424 ffff 

  0x00007f8129cf6668: ;   {runtime_call C1 Runtime counter_overflow_blob}
  0x00007f8129cf6668: ffff e871 

  0x00007f8129cf666c: ; ImmutableOopMap {rax=Oop [120]=Oop [128]=Oop }
                      ;*synchronization entry
                      ; - java.lang.invoke.MethodHandleImpl::isCompileConstant@-1 (line 625)
                      ; - java.lang.invoke.Invokers::checkCustomized@1 (line 622)
                      ; - java.lang.invoke.LambdaForm$MH/0x00000000891b5800::invoke@44
  0x00007f8129cf666c: 76c9 05e9 | 81fc ffff 

  0x00007f8129cf6674: ;   {runtime_call C1 Runtime throw_null_pointer_exception_blob}
  0x00007f8129cf6674: e867 fbc8 

  0x00007f8129cf6678: ; ImmutableOopMap {rax=Oop [120]=Oop [128]=Oop }
                      ;*getfield form {reexecute=1 rethrow=0 return_oop=0}
                      ; - (reexecute) java.lang.invoke.Invokers::checkCustomized@9 (line 625)
                      ; - java.lang.invoke.LambdaForm$MH/0x00000000891b5800::invoke@44
                      ;   {runtime_call C1 Runtime throw_null_pointer_exception_blob}
  0x00007f8129cf6678: 05e8 62fb 

  0x00007f8129cf667c: ; ImmutableOopMap {rax=Oop [120]=Oop [128]=Oop }
                      ;*getfield customized {reexecute=1 rethrow=0 return_oop=0}
                      ; - (reexecute) java.lang.invoke.Invokers::checkCustomized@12 (line 625)
                      ; - java.lang.invoke.LambdaForm$MH/0x00000000891b5800::invoke@44
                      ;   {internal_word}
  0x00007f8129cf667c: c805 49ba | 6865 cf29 | 817f 0000 | 4d89 9738 

  0x00007f8129cf668c: ;   {runtime_call SafepointBlob}
  0x00007f8129cf668c: 0500 00e9 | cca4 bb05 | 498b 87e0 | 0500 0049 | c787 e005 | 0000 0000 | 0000 49c7 | 87e8 0500 
  0x00007f8129cf66ac: 0000 0000 | 0048 81c4 | a000 0000 

  0x00007f8129cf66b8: ;   {runtime_call C1 Runtime unwind_exception_blob}
  0x00007f8129cf66b8: 5de9 a2e6 | c805 f4f4 
[Stub Code]
  0x00007f8129cf66c0: ;   {static_stub}
  0x00007f8129cf66c0: 48bb 0000 | 0000 0000 

  0x00007f8129cf66c8: ;   {runtime_call nmethod}
  0x00007f8129cf66c8: 0000 e9fb 

  0x00007f8129cf66cc: ;   {static_stub}
  0x00007f8129cf66cc: ffff ff48 | bb00 0000 | 0000 0000 

  0x00007f8129cf66d8: ;   {runtime_call nmethod}
  0x00007f8129cf66d8: 00e9 fbff 

  0x00007f8129cf66dc: ;   {static_stub}
  0x00007f8129cf66dc: ffff 48bb | 0000 0000 | 0000 0000 

  0x00007f8129cf66e8: ;   {runtime_call nmethod}
  0x00007f8129cf66e8: e9fb ffff 

  0x00007f8129cf66ec: ;   {static_stub}
  0x00007f8129cf66ec: ff48 bb00 | 0000 0000 

  0x00007f8129cf66f4: ;   {runtime_call nmethod}
  0x00007f8129cf66f4: 0000 00e9 | fbff ffff 

  0x00007f8129cf66fc: ;   {static_stub}
  0x00007f8129cf66fc: 48bb 0000 | 0000 0000 

  0x00007f8129cf6704: ;   {runtime_call nmethod}
  0x00007f8129cf6704: 0000 e9fb 

  0x00007f8129cf6708: ;   {runtime_call C1 Runtime handle_exception_from_callee_blob}
  0x00007f8129cf6708: ffff ffe8 | d027 c905 

  0x00007f8129cf6710: ;   {external_word}
  0x00007f8129cf6710: 48bf 28c7 | ee47 817f | 0000 4883 

  0x00007f8129cf671c: ;   {runtime_call MacroAssembler::debug64(char*, long, long*)}
  0x00007f8129cf671c: e4f0 e81d | 27c5 1df4 
[Deopt Handler Code]
  0x00007f8129cf6724: ;   {section_word}
  0x00007f8129cf6724: 49ba 2467 | cf29 817f | 0000 4152 

  0x00007f8129cf6730: ;   {runtime_call DeoptimizationBlob}
  0x00007f8129cf6730: e9ab 8bbb 

  0x00007f8129cf6734: ;   {section_word}
  0x00007f8129cf6734: 0549 ba35 | 67cf 2981 | 7f00 0041 

  0x00007f8129cf6740: ;   {runtime_call DeoptimizationBlob}
  0x00007f8129cf6740: 52e9 9a8b | bb05 f4f4 
[/MachCode]


Compiled method (c1) 21033 9121       3       java.lang.invoke.MethodHandle::invokeWithArguments (32 bytes)
 total in heap  [0x00007f81286a0888,0x00007f81286a12e8] = 2656
 main code      [0x00007f81286a0980,0x00007f81286a1228] = 2216
 stub code      [0x00007f81286a1228,0x00007f81286a12e0] = 184
 oops           [0x00007f81286a12e0,0x00007f81286a12e8] = 8
 mutable data [0x00007f80ace89e90,0x00007f80ace89ff0] = 352
 relocation     [0x00007f80ace89e90,0x00007f80ace89fa0] = 272
 metadata       [0x00007f80ace89fa0,0x00007f80ace89ff0] = 80
 immutable data [0x00007f80ac1c4f40,0x00007f80ac1c5238] = 760
 dependencies   [0x00007f80ac1c4f40,0x00007f80ac1c4f58] = 24
 nul chk table  [0x00007f80ac1c4f58,0x00007f80ac1c4f90] = 56
 scopes pcs     [0x00007f80ac1c4f90,0x00007f80ac1c5100] = 368
 scopes data    [0x00007f80ac1c5100,0x00007f80ac1c5238] = 312

[Constant Pool (empty)]

[MachCode]
[Instructions begin]
  0x00007f81286a0980: 6666 660f | 1f84 0000 | 0000 0066 | 6666 9066 | 6690 448b | 5608 443b 

  0x00007f81286a0998: ;   {runtime_call Shared Runtime ic_miss_blob}
  0x00007f81286a0998: 5008 0f85 | 40cc 2007 
[Verified Entry Point]
  0x00007f81286a09a0: 8984 2400 | c0fe ff55 | 4881 eca0 | 0000 0090 | 4181 7f20 | 0500 0000 

  0x00007f81286a09b8: ;   {runtime_call Stub::method_entry_barrier}
  0x00007f81286a09b8: 7405 e801 | 6c1f 0748 | 8974 2468 | 4889 5424 

  0x00007f81286a09c8: ;   {metadata(method data for {method} {0x00000000881eedc0} 'invokeWithArguments' '([Ljava/lang/Object;)Ljava/lang/Object;' in 'java/lang/invoke/MethodHandle')}
  0x00007f81286a09c8: 7048 bf90 | d6b4 e980 | 7f00 008b | 9f90 0000 | 0083 c302 | 899f 9000 | 0000 81e3 | fe07 0000 
  0x00007f81286a09e8: 85db 0f84 | ec06 0000 

  0x00007f81286a09f0: ;   {metadata(method data for {method} {0x00000000881eedc0} 'invokeWithArguments' '([Ljava/lang/Object;)Ljava/lang/Object;' in 'java/lang/invoke/MethodHandle')}
  0x00007f81286a09f0: 4885 d248 | bf90 d6b4 | e980 7f00 | 00bb d800 | 0000 7505 | bbe8 0000 | 0048 8b04 | 1f48 8d40 
  0x00007f81286a0a10: 0148 8904 | 1f0f 851a 

  0x00007f81286a0a18: ;   {metadata(method data for {method} {0x00000000881eedc0} 'invokeWithArguments' '([Ljava/lang/Object;)Ljava/lang/Object;' in 'java/lang/invoke/MethodHandle')}
  0x00007f81286a0a18: 0000 0048 | bf90 d6b4 | e980 7f00 | 00ff 87f8 | 0000 00bf | 0000 0000 | e903 0000 | 008b 7a0c 
  0x00007f81286a0a38: ;   {metadata(method data for {method} {0x00000000881eedc0} 'invokeWithArguments' '([Ljava/lang/Object;)Ljava/lang/Object;' in 'java/lang/invoke/MethodHandle')}
  0x00007f81286a0a38: 48bb 90d6 | b4e9 807f | 0000 4883 | 8310 0100 

  0x00007f81286a0a48: ;   {metadata(method data for {method} {0x00000000884775b8} 'genericMethodType' '(I)Ljava/lang/invoke/MethodType;' in 'java/lang/invoke/MethodType')}
  0x00007f81286a0a48: 0001 48bb | 2046 0fe9 | 807f 0000 | 8b83 9000 | 0000 83c0 | 0289 8390 | 0000 0025 | feff 1f00 
  0x00007f81286a0a68: 85c0 0f84 | 9206 0000 

  0x00007f81286a0a70: ;   {metadata(method data for {method} {0x00000000884775b8} 'genericMethodType' '(I)Ljava/lang/invoke/MethodType;' in 'java/lang/invoke/MethodType')}
  0x00007f81286a0a70: 48bb 2046 | 0fe9 807f | 0000 4883 | 83d8 0000 | 0001 488b | f7ba 0000 | 0000 0f1f 

  0x00007f81286a0a8c: ;   {static_call}
  0x00007f81286a0a8c: 4400 00e8 

  0x00007f81286a0a90: ; ImmutableOopMap {[104]=Oop [112]=Oop }
                      ;*invokestatic genericMethodType {reexecute=0 rethrow=0 return_oop=0}
                      ; - java.lang.invoke.MethodType::genericMethodType@2 (line 455)
                      ; - java.lang.invoke.MethodHandle::invokeWithArguments@10 (line 734)
  0x00007f81286a0a90: ecac e607 

  0x00007f81286a0a94: ;   {post_call_nop}
  0x00007f81286a0a94: 0f1f 8400 | 0c02 0000 | 4889 4424 | 7848 3b00 

  0x00007f81286a0aa4: ;   {metadata(method data for {method} {0x00000000881eedc0} 'invokeWithArguments' '([Ljava/lang/Object;)Ljava/lang/Object;' in 'java/lang/invoke/MethodHandle')}
  0x00007f81286a0aa4: 488b f048 | bf90 d6b4 | e980 7f00 | 008b 7608 | 41ba 0000 | 0088 4903 | f248 3bb7 | 2801 0000 
  0x00007f81286a0ac4: 750d 4883 | 8730 0100 | 0001 e960 | 0000 0048 | 3bb7 3801 | 0000 750d | 4883 8740 | 0100 0001 
  0x00007f81286a0ae4: e94a 0000 | 0048 83bf | 2801 0000 | 0075 1748 | 89b7 2801 | 0000 48c7 | 8730 0100 | 0001 0000 
  0x00007f81286a0b04: 00e9 2900 | 0000 4883 | bf38 0100 | 0000 7517 | 4889 b738 | 0100 0048 | c787 4001 | 0000 0100 
  0x00007f81286a0b24: 0000 e908 | 0000 0048 | 8387 2001 | 0000 0148 

  0x00007f81286a0b34: ;   {optimized virtual_call}
  0x00007f81286a0b34: 8bf0 90e8 

  0x00007f81286a0b38: ; ImmutableOopMap {[104]=Oop [112]=Oop [120]=Oop }
                      ;*invokevirtual invokers {reexecute=0 rethrow=0 return_oop=0}
                      ; - java.lang.invoke.MethodHandle::invokeWithArguments@15 (line 735)
  0x00007f81286a0b38: 541e ed07 

  0x00007f81286a0b3c: ;   {post_call_nop}
  0x00007f81286a0b3c: 0f1f 8400 | b402 0001 

  0x00007f81286a0b44: ; implicit exception: dispatches to 0x00007f81286a1128
  0x00007f81286a0b44: 483b 0048 

  0x00007f81286a0b48: ;   {metadata(method data for {method} {0x00000000881eedc0} 'invokeWithArguments' '([Ljava/lang/Object;)Ljava/lang/Object;' in 'java/lang/invoke/MethodHandle')}
  0x00007f81286a0b48: 8bd0 48be | 90d6 b4e9 | 807f 0000 | 4883 8660 | 0100 0001 | ba00 0000 | 0048 8bf0 

  0x00007f81286a0b64: ;   {optimized virtual_call}
  0x00007f81286a0b64: 6666 90e8 

  0x00007f81286a0b68: ; ImmutableOopMap {[104]=Oop [112]=Oop [120]=Oop }
                      ;*invokevirtual spreadInvoker {reexecute=0 rethrow=0 return_oop=0}
                      ; - java.lang.invoke.MethodHandle::invokeWithArguments@19 (line 735)
  0x00007f81286a0b68: 345c 6001 

  0x00007f81286a0b6c: ;   {post_call_nop}
  0x00007f81286a0b6c: 0f1f 8400 | e402 0002 | 4889 8424 | 8000 0000 | 488b 7424 

  0x00007f81286a0b80: ;   {metadata(method data for {method} {0x00000000881eedc0} 'invokeWithArguments' '([Ljava/lang/Object;)Ljava/lang/Object;' in 'java/lang/invoke/MethodHandle')}
  0x00007f81286a0b80: 6848 ba90 | d6b4 e980 | 7f00 008b | 7608 41ba | 0000 0088 | 4903 f248 | 3bb2 8801 | 0000 750d 
  0x00007f81286a0ba0: 4883 8290 | 0100 0001 | e960 0000 | 0048 3bb2 | 9801 0000 | 750d 4883 | 82a0 0100 | 0001 e94a 
  0x00007f81286a0bc0: 0000 0048 | 83ba 8801 | 0000 0075 | 1748 89b2 | 8801 0000 | 48c7 8290 | 0100 0001 | 0000 00e9 
  0x00007f81286a0be0: 2900 0000 | 4883 ba98 | 0100 0000 | 7517 4889 | b298 0100 | 0048 c782 | a001 0000 | 0100 0000 
  0x00007f81286a0c00: e908 0000 | 0048 8382 | 8001 0000 

  0x00007f81286a0c0c: ;   {metadata(method data for {method} {0x00000000884783e0} 'asType' '(Ljava/lang/invoke/MethodType;)Ljava/lang/invoke/MethodHandle;' in 'java/lang/invoke/MethodHandle')}
  0x00007f81286a0c0c: 0148 ba28 | fe24 e880 | 7f00 008b | b290 0000 | 0083 c602 | 89b2 9000 | 0000 81e6 | feff 1f00 
  0x00007f81286a0c2c: 85f6 0f84 | f904 0000 | 488b 7424 | 688b 5610 | 48c1 e203 | 488b 7c24 | 7848 3bfa 

  0x00007f81286a0c48: ;   {metadata(method data for {method} {0x00000000884783e0} 'asType' '(Ljava/lang/invoke/MethodType;)Ljava/lang/invoke/MethodHandle;' in 'java/lang/invoke/MethodHandle')}
  0x00007f81286a0c48: 48ba 28fe | 24e8 807f | 0000 bbe8 | 0000 0074 | 05bb d800 | 0000 488b | 0c1a 488d | 4901 4889 
  0x00007f81286a0c68: 0c1a 0f84 | a700 0000 

  0x00007f81286a0c70: ;   {metadata(method data for {method} {0x00000000884783e0} 'asType' '(Ljava/lang/invoke/MethodType;)Ljava/lang/invoke/MethodHandle;' in 'java/lang/invoke/MethodHandle')}
  0x00007f81286a0c70: 488b d648 | bb28 fe24 | e880 7f00 | 0048 8383 | f800 0000 | 0148 8bd7 | 488b de48 

  0x00007f81286a0c8c: ;   {optimized virtual_call}
  0x00007f81286a0c8c: 8bf3 90e8 

  0x00007f81286a0c90: ; ImmutableOopMap {[104]=Oop [112]=Oop [120]=Oop [128]=Oop }
                      ;*invokevirtual asTypeCached {reexecute=0 rethrow=0 return_oop=0}
                      ; - java.lang.invoke.MethodHandle::asType@12 (line 869)
                      ; - java.lang.invoke.MethodHandle::invokeWithArguments@24 (line 735)
  0x00007f81286a0c90: 7c01 ea07 

  0x00007f81286a0c94: ;   {post_call_nop}
  0x00007f81286a0c94: 0f1f 8400 | 0c04 0003 

  0x00007f81286a0c9c: ;   {metadata(method data for {method} {0x00000000884783e0} 'asType' '(Ljava/lang/invoke/MethodType;)Ljava/lang/invoke/MethodHandle;' in 'java/lang/invoke/MethodHandle')}
  0x00007f81286a0c9c: 4885 c048 | ba28 fe24 | e880 7f00 | 00be 2801 | 0000 7405 | be38 0100 | 0048 8b3c | 3248 8d7f 
  0x00007f81286a0cbc: 0148 893c | 320f 8410 | 0000 0048 | 8bf0 488b | 8424 8000 | 0000 e940 | 0000 0048 | 8b44 2478 
  0x00007f81286a0cdc: 488b 7424 | 6848 8bd6 

  0x00007f81286a0ce4: ;   {metadata(method data for {method} {0x00000000884783e0} 'asType' '(Ljava/lang/invoke/MethodType;)Ljava/lang/invoke/MethodHandle;' in 'java/lang/invoke/MethodHandle')}
  0x00007f81286a0ce4: 48bf 28fe | 24e8 807f | 0000 4883 | 8748 0100 | 0001 488b | d066 0f1f 

  0x00007f81286a0cfc: ;   {optimized virtual_call}
  0x00007f81286a0cfc: 4400 00e8 

  0x00007f81286a0d00: ; ImmutableOopMap {[112]=Oop [128]=Oop }
                      ;*invokevirtual setAsTypeCache {reexecute=0 rethrow=0 return_oop=0}
                      ; - java.lang.invoke.MethodHandle::asType@24 (line 873)
                      ; - java.lang.invoke.MethodHandle::invokeWithArguments@24 (line 735)
  0x00007f81286a0d00: 0c92 ed07 

  0x00007f81286a0d04: ;   {post_call_nop}
  0x00007f81286a0d04: 0f1f 8400 | 7c04 0004 | 488b f048 | 8b84 2480 

  0x00007f81286a0d14: ;   {metadata(method data for {method} {0x00000000881eedc0} 'invokeWithArguments' '([Ljava/lang/Object;)Ljava/lang/Object;' in 'java/lang/invoke/MethodHandle')}
  0x00007f81286a0d14: 0000 0048 | bf90 d6b4 | e980 7f00 | 0048 8dbf | e001 0000 | 4885 f675 | 0cf6 4708 | 0175 06f0 
  0x00007f81286a0d34: 4883 4f08 

  0x00007f81286a0d38: ;   {metadata(method data for {method} {0x0000000088209c78} 'invokeExact_MT' '(Ljava/lang/Object;Ljava/lang/Object;Ljava/lang/Object;Ljava/lang/Object;)Ljava/lang/Object;' in 'java/lang/invoke/Invokers$Holder')}
  0x00007f81286a0d38: 0148 bf08 | e10b e980 | 7f00 0048 | 8dbf 6802 | 0000 4885 | c075 0af6 | 0701 7505 | f048 830f 
  0x00007f81286a0d58: ;   {metadata(method data for {method} {0x00000000881eedc0} 'invokeWithArguments' '([Ljava/lang/Object;)Ljava/lang/Object;' in 'java/lang/invoke/MethodHandle')}
  0x00007f81286a0d58: 0148 bf90 | d6b4 e980 | 7f00 0048 | 8387 b001 

  0x00007f81286a0d68: ;   {metadata(method data for {method} {0x0000000088209c78} 'invokeExact_MT' '(Ljava/lang/Object;Ljava/lang/Object;Ljava/lang/Object;Ljava/lang/Object;)Ljava/lang/Object;' in 'java/lang/invoke/Invokers$Holder')}
  0x00007f81286a0d68: 0000 0148 | bf08 e10b | e980 7f00 | 008b 9f90 | 0000 0083 | c302 899f | 9000 0000 | 81e3 feff 
  0x00007f81286a0d88: 1f00 85db | 0f84 bc03 

  0x00007f81286a0d90: ;   {metadata(method data for {method} {0x0000000088209c78} 'invokeExact_MT' '(Ljava/lang/Object;Ljava/lang/Object;Ljava/lang/Object;Ljava/lang/Object;)Ljava/lang/Object;' in 'java/lang/invoke/Invokers$Holder')}
  0x00007f81286a0d90: 0000 48bf | 08e1 0be9 | 807f 0000 | 488d bf48 | 0100 0048 | 85c0 750c | f647 0801 | 7506 f048 
  0x00007f81286a0db0: 834f 0801 

  0x00007f81286a0db4: ;   {metadata(method data for {method} {0x0000000088209c78} 'invokeExact_MT' '(Ljava/lang/Object;Ljava/lang/Object;Ljava/lang/Object;Ljava/lang/Object;)Ljava/lang/Object;' in 'java/lang/invoke/Invokers$Holder')}
  0x00007f81286a0db4: 48bf 08e1 | 0be9 807f | 0000 4883 | 8738 0100 

  0x00007f81286a0dc4: ;   {metadata(method data for {method} {0x0000000088470068} 'checkExactType' '(Ljava/lang/invoke/MethodHandle;Ljava/lang/invoke/MethodType;)V' in 'java/lang/invoke/Invokers')}
  0x00007f81286a0dc4: 0001 48bf | 0872 2ae8 | 807f 0000 | 8b9f 9000 | 0000 83c3 | 0289 9f90 | 0000 0081 | e3fe ff1f 
  0x00007f81286a0de4: 0085 db0f | 8482 0300 | 0048 3b00 

  0x00007f81286a0df0: ;   {metadata(method data for {method} {0x0000000088470068} 'checkExactType' '(Ljava/lang/invoke/MethodHandle;Ljava/lang/invoke/MethodType;)V' in 'java/lang/invoke/Invokers')}
  0x00007f81286a0df0: 488b f848 | bb08 722a | e880 7f00 | 008b 7f08 | 41ba 0000 | 0088 4903 | fa48 3bbb | e000 0000 
  0x00007f81286a0e10: 750d 4883 | 83e8 0000 | 0001 e960 | 0000 0048 | 3bbb f000 | 0000 750d | 4883 83f8 | 0000 0001 
  0x00007f81286a0e30: e94a 0000 | 0048 83bb | e000 0000 | 0075 1748 | 89bb e000 | 0000 48c7 | 83e8 0000 | 0001 0000 
  0x00007f81286a0e50: 00e9 2900 | 0000 4883 | bbf0 0000 | 0000 7517 | 4889 bbf0 | 0000 0048 | c783 f800 | 0000 0100 
  0x00007f81286a0e70: 0000 e908 | 0000 0048 | 8383 d800 | 0000 018b | 7810 48c1 

  0x00007f81286a0e84: ;   {oop(a 'java/lang/invoke/MethodType'{0x00000004180fc1b8} = (Ljava/lang/invoke/MethodHandle;[Ljava/lang/Object;)Ljava/lang/Object;)}
  0x00007f81286a0e84: e703 48bb | b8c1 0f18 | 0400 0000 

  0x00007f81286a0e90: ;   {metadata(method data for {method} {0x0000000088470068} 'checkExactType' '(Ljava/lang/invoke/MethodHandle;Ljava/lang/invoke/MethodType;)V' in 'java/lang/invoke/Invokers')}
  0x00007f81286a0e90: 483b fb48 | bb08 722a | e880 7f00 | 00ba 1801 | 0000 7505 | ba08 0100 | 0048 8b0c | 1348 8d49 
  0x00007f81286a0eb0: 0148 890c | 130f 85dc 

  0x00007f81286a0eb8: ;   {metadata(method data for {method} {0x0000000088209c78} 'invokeExact_MT' '(Ljava/lang/Object;Ljava/lang/Object;Ljava/lang/Object;Ljava/lang/Object;)Ljava/lang/Object;' in 'java/lang/invoke/Invokers$Holder')}
  0x00007f81286a0eb8: 0100 0048 | bf08 e10b | e980 7f00 | 0048 8387 | 7001 0000 

  0x00007f81286a0ecc: ;   {metadata(method data for {method} {0x000000008846ff60} 'checkCustomized' '(Ljava/lang/invoke/MethodHandle;)V' in 'java/lang/invoke/Invokers')}
  0x00007f81286a0ecc: 0148 bf88 | 732a e880 | 7f00 008b | 9f90 0000 | 0083 c302 | 899f 9000 | 0000 81e3 | feff 1f00 
  0x00007f81286a0eec: 85db 0f84 | a102 0000 

  0x00007f81286a0ef4: ;   {metadata(method data for {method} {0x000000008846ff60} 'checkCustomized' '(Ljava/lang/invoke/MethodHandle;)V' in 'java/lang/invoke/Invokers')}
  0x00007f81286a0ef4: 48bf 8873 | 2ae8 807f | 0000 4883 | 87d8 0000 

  0x00007f81286a0f04: ;   {metadata(method data for {method} {0x00000000881f59a8} 'isCompileConstant' '(Ljava/lang/Object;)Z' in 'java/lang/invoke/MethodHandleImpl')}
  0x00007f81286a0f04: 0001 48bf | 0075 2ae8 | 807f 0000 | 8b9f 9000 | 0000 83c3 | 0289 9f90 | 0000 0081 | e3fe ff1f 
  0x00007f81286a0f24: 0085 db0f | 8489 0200 

  0x00007f81286a0f2c: ;   {metadata(method data for {method} {0x000000008846ff60} 'checkCustomized' '(Ljava/lang/invoke/MethodHandle;)V' in 'java/lang/invoke/Invokers')}
  0x00007f81286a0f2c: 0048 bf88 | 732a e880 | 7f00 00ff | 87e8 0000 | 008b 7814 | 48c1 e703 

  0x00007f81286a0f44: ; implicit exception: dispatches to 0x00007f81286a11d7
  0x00007f81286a0f44: 8b7f 1c48 | c1e7 0348 

  0x00007f81286a0f4c: ;   {metadata(method data for {method} {0x000000008846ff60} 'checkCustomized' '(Ljava/lang/invoke/MethodHandle;)V' in 'java/lang/invoke/Invokers')}
  0x00007f81286a0f4c: 85ff 48bf | 8873 2ae8 | 807f 0000 | bb08 0100 | 0075 05bb | 1801 0000 | 488b 141f | 488d 5201 
  0x00007f81286a0f6c: 4889 141f | 4889 b424 | 8800 0000 | 0f85 2600 

  0x00007f81286a0f7c: ;   {metadata(method data for {method} {0x000000008846ff60} 'checkCustomized' '(Ljava/lang/invoke/MethodHandle;)V' in 'java/lang/invoke/Invokers')}
  0x00007f81286a0f7c: 0000 48bf | 8873 2ae8 | 807f 0000 | 4883 8728 | 0100 0001 | 488b f00f 

  0x00007f81286a0f94: ;   {static_call}
  0x00007f81286a0f94: 1f40 00e8 

  0x00007f81286a0f98: ; ImmutableOopMap {[112]=Oop [128]=Oop [136]=Oop }
                      ;*invokestatic maybeCustomize {reexecute=0 rethrow=0 return_oop=0}
                      ; - java.lang.invoke.Invokers::checkCustomized@19 (line 626)
                      ; - java.lang.invoke.Invokers$Holder::invokeExact_MT@14
                      ; - java.lang.invoke.MethodHandle::invokeWithArguments@28 (line 735)
  0x00007f81286a0f98: e4b6 e807 

  0x00007f81286a0f9c: ;   {post_call_nop}
  0x00007f81286a0f9c: 0f1f 8400 | 1407 0005 | 488b 5424 

  0x00007f81286a0fa8: ;   {metadata(method data for {method} {0x0000000088209c78} 'invokeExact_MT' '(Ljava/lang/Object;Ljava/lang/Object;Ljava/lang/Object;Ljava/lang/Object;)Ljava/lang/Object;' in 'java/lang/invoke/Invokers$Holder')}
  0x00007f81286a0fa8: 7048 b908 | e10b e980 | 7f00 0048 | 8d89 c801 | 0000 4885 | d275 0cf6 | 4118 0175 | 06f0 4883 
  0x00007f81286a0fc8: 4918 0148 | 8b84 2480 

  0x00007f81286a0fd0: ;   {metadata(method data for {method} {0x0000000088209c78} 'invokeExact_MT' '(Ljava/lang/Object;Ljava/lang/Object;Ljava/lang/Object;Ljava/lang/Object;)Ljava/lang/Object;' in 'java/lang/invoke/Invokers$Holder')}
  0x00007f81286a0fd0: 0000 0048 | b908 e10b | e980 7f00 | 008b 4008 | 41ba 0000 | 0088 4903 | c248 3b81 | a001 0000 
  0x00007f81286a0ff0: 750d 4883 | 81a8 0100 | 0001 e960 | 0000 0048 | 3b81 b001 | 0000 750d | 4883 81b8 | 0100 0001 
  0x00007f81286a1010: e94a 0000 | 0048 83b9 | a001 0000 | 0075 1748 | 8981 a001 | 0000 48c7 | 81a8 0100 | 0001 0000 
  0x00007f81286a1030: 00e9 2900 | 0000 4883 | b9b0 0100 | 0000 7517 | 4889 81b0 | 0100 0048 | c781 b801 | 0000 0100 
  0x00007f81286a1050: 0000 e908 | 0000 0048 | 8381 9801 | 0000 0148 | 8bda 488b | 9424 8800 | 0000 488b | cb48 8bb4 
  0x00007f81286a1070: 2480 0000 

  0x00007f81286a1074: ;   {optimized virtual_call}
  0x00007f81286a1074: 0066 90e8 

  0x00007f81286a1078: ; ImmutableOopMap {}
                      ;*invokevirtual invokeBasic {reexecute=0 rethrow=0 return_oop=0}
                      ; - java.lang.invoke.Invokers$Holder::invokeExact_MT@20
                      ; - java.lang.invoke.MethodHandle::invokeWithArguments@28 (line 735)
  0x00007f81286a1078: 0498 9107 

  0x00007f81286a107c: ;   {post_call_nop}
  0x00007f81286a107c: 0f1f 8400 | f407 0006 | 4881 c4a0 | 0000 005d 

  0x00007f81286a108c: ;   {poll_return}
  0x00007f81286a108c: 493b 6728 | 0f87 4601 | 0000 c348 | 89b4 2488 

  0x00007f81286a109c: ;   {metadata(method data for {method} {0x0000000088470068} 'checkExactType' '(Ljava/lang/invoke/MethodHandle;Ljava/lang/invoke/MethodType;)V' in 'java/lang/invoke/Invokers')}
  0x00007f81286a109c: 0000 0048 | bb08 722a | e880 7f00 | 0048 8383 | 2801 0000 

  0x00007f81286a10b0: ;   {oop(a 'java/lang/invoke/MethodType'{0x00000004180fc1b8} = (Ljava/lang/invoke/MethodHandle;[Ljava/lang/Object;)Ljava/lang/Object;)}
  0x00007f81286a10b0: 0148 bbb8 | c10f 1804 | 0000 0048 | 8bf7 488b | d366 0f1f 

  0x00007f81286a10c4: ;   {static_call}
  0x00007f81286a10c4: 4400 00e8 

  0x00007f81286a10c8: ; ImmutableOopMap {[112]=Oop [128]=Oop [136]=Oop }
                      ;*invokestatic newWrongMethodTypeException {reexecute=0 rethrow=0 return_oop=0}
                      ; - java.lang.invoke.Invokers::checkExactType@12 (line 531)
                      ; - java.lang.invoke.Invokers$Holder::invokeExact_MT@10
                      ; - java.lang.invoke.MethodHandle::invokeWithArguments@28 (line 735)
  0x00007f81286a10c8: 14d4 2007 

  0x00007f81286a10cc: ;   {post_call_nop}
  0x00007f81286a10cc: 0f1f 8400 | 4408 0007 

  0x00007f81286a10d4: ; implicit exception: dispatches to 0x00007f81286a11f2
  0x00007f81286a10d4: 483b 00e9 | 3801 0000 

  0x00007f81286a10dc: ;   {metadata({method} {0x00000000881eedc0} 'invokeWithArguments' '([Ljava/lang/Object;)Ljava/lang/Object;' in 'java/lang/invoke/MethodHandle')}
  0x00007f81286a10dc: 49ba c0ed | 1e88 0000 | 0000 4c89 | 5424 0848 | c704 24ff 

  0x00007f81286a10f0: ;   {runtime_call C1 Runtime counter_overflow_blob}
  0x00007f81286a10f0: ffff ffe8 

  0x00007f81286a10f4: ; ImmutableOopMap {rsi=Oop rdx=Oop [104]=Oop [112]=Oop }
                      ;*synchronization entry
                      ; - java.lang.invoke.MethodHandle::invokeWithArguments@-1 (line 734)
  0x00007f81286a10f4: e8cb 2e07 | e9f3 f8ff 

  0x00007f81286a10fc: ;   {runtime_call C1 Runtime throw_null_pointer_exception_blob}
  0x00007f81286a10fc: ffe8 de50 

  0x00007f81286a1100: ; ImmutableOopMap {rsi=Oop rdx=Oop [104]=Oop [112]=Oop }
                      ;*arraylength {reexecute=0 rethrow=0 return_oop=0}
                      ; - java.lang.invoke.MethodHandle::invokeWithArguments@9 (line 734)
                      ;   {metadata({method} {0x00000000884775b8} 'genericMethodType' '(I)Ljava/lang/invoke/MethodType;' in 'java/lang/invoke/MethodType')}
  0x00007f81286a1100: 2e07 49ba | b875 4788 | 0000 0000 | 4c89 5424 | 0848 c704 | 24ff ffff 

  0x00007f81286a1118: ;   {runtime_call C1 Runtime counter_overflow_blob}
  0x00007f81286a1118: ffe8 c2cb 

  0x00007f81286a111c: ; ImmutableOopMap {[104]=Oop [112]=Oop }
                      ;*synchronization entry
                      ; - java.lang.invoke.MethodType::genericMethodType@-1 (line 455)
                      ; - java.lang.invoke.MethodHandle::invokeWithArguments@10 (line 734)
  0x00007f81286a111c: 2e07 e94d 

  0x00007f81286a1120: ;   {runtime_call C1 Runtime throw_null_pointer_exception_blob}
  0x00007f81286a1120: f9ff ffe8 

  0x00007f81286a1124: ; ImmutableOopMap {rax=Oop [104]=Oop [112]=Oop [120]=Oop }
                      ;*invokevirtual invokers {reexecute=0 rethrow=0 return_oop=0}
                      ; - java.lang.invoke.MethodHandle::invokeWithArguments@15 (line 735)
  0x00007f81286a1124: b850 2e07 

  0x00007f81286a1128: ;   {runtime_call C1 Runtime throw_null_pointer_exception_blob}
  0x00007f81286a1128: e8b3 502e 

  0x00007f81286a112c: ; ImmutableOopMap {rax=Oop [104]=Oop [112]=Oop [120]=Oop }
                      ;*invokevirtual spreadInvoker {reexecute=0 rethrow=0 return_oop=0}
                      ; - java.lang.invoke.MethodHandle::invokeWithArguments@19 (line 735)
                      ;   {metadata({method} {0x00000000884783e0} 'asType' '(Ljava/lang/invoke/MethodType;)Ljava/lang/invoke/MethodHandle;' in 'java/lang/invoke/MethodHandle')}
  0x00007f81286a112c: 0749 bae0 | 8347 8800 | 0000 004c | 8954 2408 | 48c7 0424 | ffff ffff 

  0x00007f81286a1144: ;   {runtime_call C1 Runtime counter_overflow_blob}
  0x00007f81286a1144: e897 cb2e 

  0x00007f81286a1148: ; ImmutableOopMap {rax=Oop [104]=Oop [112]=Oop [120]=Oop [128]=Oop }
                      ;*synchronization entry
                      ; - java.lang.invoke.MethodHandle::asType@-1 (line 865)
                      ; - java.lang.invoke.MethodHandle::invokeWithArguments@24 (line 735)
  0x00007f81286a1148: 07e9 e6fa 

  0x00007f81286a114c: ;   {metadata({method} {0x0000000088209c78} 'invokeExact_MT' '(Ljava/lang/Object;Ljava/lang/Object;Ljava/lang/Object;Ljava/lang/Object;)Ljava/lang/Object;' in 'java/lang/invoke/Invokers$Holder')}
  0x00007f81286a114c: ffff 49ba | 789c 2088 | 0000 0000 | 4c89 5424 | 0848 c704 | 24ff ffff 

  0x00007f81286a1164: ;   {runtime_call C1 Runtime counter_overflow_blob}
  0x00007f81286a1164: ffe8 76cb 

  0x00007f81286a1168: ; ImmutableOopMap {rsi=Oop rax=Oop [112]=Oop [128]=Oop }
                      ;*synchronization entry
                      ; - java.lang.invoke.Invokers$Holder::invokeExact_MT@-1
                      ; - java.lang.invoke.MethodHandle::invokeWithArguments@28 (line 735)
  0x00007f81286a1168: 2e07 e923 

  0x00007f81286a116c: ;   {metadata({method} {0x0000000088470068} 'checkExactType' '(Ljava/lang/invoke/MethodHandle;Ljava/lang/invoke/MethodType;)V' in 'java/lang/invoke/Invokers')}
  0x00007f81286a116c: fcff ff49 | ba68 0047 | 8800 0000 | 004c 8954 | 2408 48c7 | 0424 ffff 

  0x00007f81286a1184: ;   {runtime_call C1 Runtime counter_overflow_blob}
  0x00007f81286a1184: ffff e855 

  0x00007f81286a1188: ; ImmutableOopMap {rsi=Oop rax=Oop [112]=Oop [128]=Oop }
                      ;*synchronization entry
                      ; - java.lang.invoke.Invokers::checkExactType@-1 (line 529)
                      ; - java.lang.invoke.Invokers$Holder::invokeExact_MT@10
                      ; - java.lang.invoke.MethodHandle::invokeWithArguments@28 (line 735)
  0x00007f81286a1188: cb2e 07e9 | 5dfc ffff 

  0x00007f81286a1190: ;   {runtime_call C1 Runtime throw_null_pointer_exception_blob}
  0x00007f81286a1190: e84b 502e 

  0x00007f81286a1194: ; ImmutableOopMap {rsi=Oop rax=Oop [112]=Oop [128]=Oop }
                      ;*invokevirtual type {reexecute=0 rethrow=0 return_oop=0}
                      ; - java.lang.invoke.Invokers::checkExactType@1 (line 529)
                      ; - java.lang.invoke.Invokers$Holder::invokeExact_MT@10
                      ; - java.lang.invoke.MethodHandle::invokeWithArguments@28 (line 735)
                      ;   {metadata({method} {0x000000008846ff60} 'checkCustomized' '(Ljava/lang/invoke/MethodHandle;)V' in 'java/lang/invoke/Invokers')}
  0x00007f81286a1194: 0749 ba60 | ff46 8800 | 0000 004c | 8954 2408 | 48c7 0424 | ffff ffff 

  0x00007f81286a11ac: ;   {runtime_call C1 Runtime counter_overflow_blob}
  0x00007f81286a11ac: e82f cb2e 

  0x00007f81286a11b0: ; ImmutableOopMap {rsi=Oop rax=Oop [112]=Oop [128]=Oop }
                      ;*synchronization entry
                      ; - java.lang.invoke.Invokers::checkCustomized@-1 (line 622)
                      ; - java.lang.invoke.Invokers$Holder::invokeExact_MT@14
                      ; - java.lang.invoke.MethodHandle::invokeWithArguments@28 (line 735)
  0x00007f81286a11b0: 07e9 3efd 

  0x00007f81286a11b4: ;   {metadata({method} {0x00000000881f59a8} 'isCompileConstant' '(Ljava/lang/Object;)Z' in 'java/lang/invoke/MethodHandleImpl')}
  0x00007f81286a11b4: ffff 49ba | a859 1f88 | 0000 0000 | 4c89 5424 | 0848 c704 | 24ff ffff 

  0x00007f81286a11cc: ;   {runtime_call C1 Runtime counter_overflow_blob}
  0x00007f81286a11cc: ffe8 0ecb 

  0x00007f81286a11d0: ; ImmutableOopMap {rsi=Oop rax=Oop [112]=Oop [128]=Oop }
                      ;*synchronization entry
                      ; - java.lang.invoke.MethodHandleImpl::isCompileConstant@-1 (line 625)
                      ; - java.lang.invoke.Invokers::checkCustomized@1 (line 622)
                      ; - java.lang.invoke.Invokers$Holder::invokeExact_MT@14
                      ; - java.lang.invoke.MethodHandle::invokeWithArguments@28 (line 735)
  0x00007f81286a11d0: 2e07 e956 

  0x00007f81286a11d4: ;   {runtime_call C1 Runtime throw_null_pointer_exception_blob}
  0x00007f81286a11d4: fdff ffe8 

  0x00007f81286a11d8: ; ImmutableOopMap {rsi=Oop rax=Oop [112]=Oop [128]=Oop }
                      ;*getfield customized {reexecute=1 rethrow=0 return_oop=0}
                      ; - (reexecute) java.lang.invoke.Invokers::checkCustomized@12 (line 625)
                      ; - java.lang.invoke.Invokers$Holder::invokeExact_MT@14
                      ; - java.lang.invoke.MethodHandle::invokeWithArguments@28 (line 735)
  0x00007f81286a11d8: 0450 2e07 

  0x00007f81286a11dc: ;   {internal_word}
  0x00007f81286a11dc: 49ba 8c10 | 6a28 817f | 0000 4d89 | 9738 0500 

  0x00007f81286a11ec: ;   {runtime_call SafepointBlob}
  0x00007f81286a11ec: 00e9 6ef9 

  0x00007f81286a11f0: ;   {runtime_call C1 Runtime throw_null_pointer_exception_blob}
  0x00007f81286a11f0: 2007 e8e9 

  0x00007f81286a11f4: ; ImmutableOopMap {rax=Oop [112]=Oop [128]=Oop [136]=Oop }
                      ;*athrow {reexecute=1 rethrow=0 return_oop=0}
                      ; - (reexecute) java.lang.invoke.Invokers::checkExactType@15 (line 531)
                      ; - java.lang.invoke.Invokers$Holder::invokeExact_MT@10
                      ; - java.lang.invoke.MethodHandle::invokeWithArguments@28 (line 735)
  0x00007f81286a11f4: 4f2e 0749 | 8b87 e005 | 0000 49c7 | 87e0 0500 | 0000 0000 | 0049 c787 | e805 0000 | 0000 0000 
  0x00007f81286a1214: 4881 c4a0 | 0000 005d 

  0x00007f81286a121c: ;   {runtime_call C1 Runtime unwind_exception_blob}
  0x00007f81286a121c: e93f 3b2e | 07f4 f4f4 | f4f4 f4f4 
[Stub Code]
  0x00007f81286a1228: ;   {other}
  0x00007f81286a1228: 0f1f 4400 

  0x00007f81286a122c: ;   {static_stub}
  0x00007f81286a122c: 0048 bb00 | 0000 0000 

  0x00007f81286a1234: ;   {runtime_call nmethod}
  0x00007f81286a1234: 0000 00e9 | fbff ffff 

  0x00007f81286a123c: ;   {static_stub}
  0x00007f81286a123c: 48bb 0000 | 0000 0000 

  0x00007f81286a1244: ;   {runtime_call nmethod}
  0x00007f81286a1244: 0000 e9fb 

  0x00007f81286a1248: ;   {static_stub}
  0x00007f81286a1248: ffff ff48 | bb00 0000 | 0000 0000 

  0x00007f81286a1254: ;   {runtime_call nmethod}
  0x00007f81286a1254: 00e9 fbff 

  0x00007f81286a1258: ;   {static_stub}
  0x00007f81286a1258: ffff 48bb | 0000 0000 | 0000 0000 

  0x00007f81286a1264: ;   {runtime_call nmethod}
  0x00007f81286a1264: e9fb ffff 

  0x00007f81286a1268: ;   {static_stub}
  0x00007f81286a1268: ff48 bb00 | 0000 0000 

  0x00007f81286a1270: ;   {runtime_call nmethod}
  0x00007f81286a1270: 0000 00e9 | fbff ffff 

  0x00007f81286a1278: ;   {static_stub}
  0x00007f81286a1278: 48bb 0000 | 0000 0000 

  0x00007f81286a1280: ;   {runtime_call nmethod}
  0x00007f81286a1280: 0000 e9fb 

  0x00007f81286a1284: ;   {static_stub}
  0x00007f81286a1284: ffff ff48 | bb00 0000 | 0000 0000 

  0x00007f81286a1290: ;   {runtime_call nmethod}
  0x00007f81286a1290: 00e9 fbff 

  0x00007f81286a1294: ;   {static_stub}
  0x00007f81286a1294: ffff 48bb | 0000 0000 | 0000 0000 

  0x00007f81286a12a0: ;   {runtime_call nmethod}
  0x00007f81286a12a0: e9fb ffff 

  0x00007f81286a12a4: ;   {runtime_call C1 Runtime handle_exception_from_callee_blob}
  0x00007f81286a12a4: ffe8 367c 

  0x00007f81286a12a8: ;   {external_word}
  0x00007f81286a12a8: 2e07 48bf | 28c7 ee47 | 817f 0000 | 4883 e4f0 

  0x00007f81286a12b8: ;   {runtime_call MacroAssembler::debug64(char*, long, long*)}
  0x00007f81286a12b8: e883 7b2a 

  0x00007f81286a12bc: ;   {section_word}
  0x00007f81286a12bc: 1ff4 49ba | be12 6a28 | 817f 0000 

  0x00007f81286a12c8: ;   {runtime_call DeoptimizationBlob}
  0x00007f81286a12c8: 4152 e911 

  0x00007f81286a12cc: ;   {section_word}
  0x00007f81286a12cc: e020 0749 | bacf 126a | 2881 7f00 

  0x00007f81286a12d8: ;   {runtime_call DeoptimizationBlob}
  0x00007f81286a12d8: 0041 52e9 | 00e0 2007 
[/MachCode]


---------------  P R O C E S S  ---------------

Threads class SMR info:
_java_thread_list=0x00007f808c35e2c0, length=18, elements={
0x00007f814002b810, 0x00007f81401052c0, 0x00007f8140106300, 0x00007f8140107830,
0x00007f8140109150, 0x00007f814010a9d0, 0x00007f814010c850, 0x00007f814010e240,
0x00007f81401471b0, 0x00007f81401497b0, 0x00007f814027dde0, 0x00007f8140288ad0,
0x00007f80c83d84c0, 0x00007f80c82fe900, 0x00007f80c82ff980, 0x00007f80c83009c0,
0x00007f809ca0ae10, 0x00007f809c395440
}

Java Threads: ( => current thread )
=>0x00007f814002b810 JavaThread "main"                              [_thread_in_native, id=144881, stack(0x00007f8146a11000,0x00007f8146b11000) (1024K)]
  0x00007f81401052c0 JavaThread "Reference Handler"          daemon [_thread_blocked, id=144895, stack(0x00007f81445ae000,0x00007f81446ae000) (1024K)]
  0x00007f8140106300 JavaThread "Finalizer"                  daemon [_thread_blocked, id=144897, stack(0x00007f81446af000,0x00007f81447af000) (1024K)]
  0x00007f8140107830 JavaThread "Signal Dispatcher"          daemon [_thread_blocked, id=144898, stack(0x00007f814418e000,0x00007f814428e000) (1024K)]
  0x00007f8140109150 JavaThread "Service Thread"             daemon [_thread_blocked, id=144899, stack(0x00007f814408e000,0x00007f814418e000) (1024K)]
  0x00007f814010a9d0 JavaThread "Monitor Deflation Thread"   daemon [_thread_blocked, id=144900, stack(0x00007f8124480000,0x00007f8124580000) (1024K)]
  0x00007f814010c850 JavaThread "C2 CompilerThread0"         daemon [_thread_in_native, id=144901, stack(0x00007f8114900000,0x00007f8114a00000) (1024K)]
  0x00007f814010e240 JavaThread "C1 CompilerThread0"         daemon [_thread_blocked, id=144902, stack(0x00007f8114800000,0x00007f8114900000) (1024K)]
  0x00007f81401471b0 JavaThread "Notification Thread"        daemon [_thread_blocked, id=144905, stack(0x00007f8114500000,0x00007f8114600000) (1024K)]
  0x00007f81401497b0 JavaThread "Common-Cleaner"             daemon [_thread_blocked, id=144906, stack(0x00007f8114400000,0x00007f8114500000) (1024K)]
  0x00007f814027dde0 JavaThread "surefire-forkedjvm-stream-flusher" daemon [_thread_blocked, id=144908, stack(0x00007f8114200000,0x00007f8114300000) (1024K)]
  0x00007f8140288ad0 JavaThread "surefire-forkedjvm-command-thread" daemon [_thread_in_native, id=144909, stack(0x00007f8114100000,0x00007f8114200000) (1024K)]
  0x00007f80c83d84c0 JavaThread "C1 CompilerThread1"         daemon [_thread_blocked, id=144933, stack(0x00007f8114300000,0x00007f8114400000) (1024K)]
  0x00007f80c82fe900 JavaThread "C2 CompilerThread1"         daemon [_thread_blocked, id=144943, stack(0x00007f8105f00000,0x00007f8106000000) (1024K)]
  0x00007f80c82ff980 JavaThread "C1 CompilerThread2"         daemon [_thread_blocked, id=144944, stack(0x00007f8105d00000,0x00007f8105e00000) (1024K)]
  0x00007f80c83009c0 JavaThread "C1 CompilerThread3"         daemon [_thread_blocked, id=144945, stack(0x00007f8105e00000,0x00007f8105f00000) (1024K)]
  0x00007f809ca0ae10 JavaThread "C2 CompilerThread2"         daemon [_thread_blocked, id=144970, stack(0x00007f8105c00000,0x00007f8105d00000) (1024K)]
  0x00007f809c395440 JavaThread "C2 CompilerThread3"         daemon [_thread_blocked, id=144971, stack(0x00007f8104df4000,0x00007f8104ef4000) (1024K)]
Total: 18

Other Threads:
  0x00007f81400fb340 VMThread "VM Thread"                           [id=144894, stack(0x00007f81443ac000,0x00007f81444ac000) (1024K)]
  0x00007f81400ea9a0 WatcherThread "VM Periodic Task Thread"        [id=144891, stack(0x00007f81444ad000,0x00007f81445ad000) (1024K)]
  0x00007f8140059d30 WorkerThread "GC Thread#0"                     [id=144882, stack(0x00007f81458f4000,0x00007f81459f4000) (1024K)]
  0x00007f80ec008d50 WorkerThread "GC Thread#1"                     [id=144916, stack(0x00007f8105a00000,0x00007f8105b00000) (1024K)]
  0x00007f80ec009980 WorkerThread "GC Thread#2"                     [id=144917, stack(0x00007f81058ff000,0x00007f81059ff000) (1024K)]
  0x00007f80ec00a6c0 WorkerThread "GC Thread#3"                     [id=144918, stack(0x00007f81057fe000,0x00007f81058fe000) (1024K)]
  0x00007f80ec00b420 WorkerThread "GC Thread#4"                     [id=144919, stack(0x00007f81056fd000,0x00007f81057fd000) (1024K)]
  0x00007f80ec00c1a0 WorkerThread "GC Thread#5"                     [id=144920, stack(0x00007f81055fc000,0x00007f81056fc000) (1024K)]
  0x00007f80ec00cf20 WorkerThread "GC Thread#6"                     [id=144921, stack(0x00007f81054fb000,0x00007f81055fb000) (1024K)]
  0x00007f80ec00dca0 WorkerThread "GC Thread#7"                     [id=144922, stack(0x00007f81053fa000,0x00007f81054fa000) (1024K)]
  0x00007f80ec00ea20 WorkerThread "GC Thread#8"                     [id=144923, stack(0x00007f81052f9000,0x00007f81053f9000) (1024K)]
  0x00007f80ec00f7a0 WorkerThread "GC Thread#9"                     [id=144924, stack(0x00007f81051f8000,0x00007f81052f8000) (1024K)]
  0x00007f80ec010520 WorkerThread "GC Thread#10"                    [id=144925, stack(0x00007f81050f7000,0x00007f81051f7000) (1024K)]
  0x00007f80ec0112a0 WorkerThread "GC Thread#11"                    [id=144926, stack(0x00007f8104ff6000,0x00007f81050f6000) (1024K)]
  0x00007f80ec012020 WorkerThread "GC Thread#12"                    [id=144927, stack(0x00007f8104ef5000,0x00007f8104ff5000) (1024K)]
  0x00007f8140072cf0 ConcurrentGCThread "G1 Main Marker"            [id=144883, stack(0x00007f81457f3000,0x00007f81458f3000) (1024K)]
  0x00007f8140073ec0 WorkerThread "G1 Conc#0"                       [id=144884, stack(0x00007f81456f2000,0x00007f81457f2000) (1024K)]
  0x00007f8108000cd0 WorkerThread "G1 Conc#1"                       [id=144951, stack(0x00007f8104cf4000,0x00007f8104df4000) (1024K)]
  0x00007f8108001840 WorkerThread "G1 Conc#2"                       [id=144952, stack(0x00007f8104bf3000,0x00007f8104cf3000) (1024K)]
  0x00007f81400da530 ConcurrentGCThread "G1 Refine#0"               [id=144885, stack(0x00007f81448e4000,0x00007f81449e4000) (1024K)]
  0x00007f81400db720 ConcurrentGCThread "G1 Service"                [id=144886, stack(0x00007f81447e3000,0x00007f81448e3000) (1024K)]
Total: 21

Threads with active compile tasks:
C2 CompilerThread0  21053 9088       4       com.dylibso.chicory.cranelift.CraneliftMachineFuncGroup_0::func_4051 (6118 bytes)
Total: 1

VM state: not at safepoint (normal execution)

VM Mutex/Monitor currently owned by a thread: None

Heap address: 0x0000000418000000, size: 16000 MB, Compressed Oops mode: Zero based, Oop shift amount: 3

CDS archive(s) mapped at: [0x0000000088000000-0x0000000088d8c000-0x0000000088d8c000), size 14204928, SharedBaseAddress: 0x0000000088000000, ArchiveRelocationMode: 1.
Compressed class space mapped at: 0x0000000089000000-0x00000000c9000000, reserved size: 1073741824
UseCompressedClassPointers 1, UseCompactObjectHeaders 0
Narrow klass pointer bits 32, Max shift 3
Narrow klass base: 0x0000000088000000, Narrow klass shift: 0
Encoding Range: [0x0000000088000000 - 0x0000000188000000), (4294967296 bytes)
Klass Range:    [0x0000000088001000 - 0x00000000c9000000), (1090514944 bytes)
Klass ID Range:  [4096 - 1090519033) (1090514937)
Protection zone: [0x0000000088000000 - 0x0000000088001000), (4096 bytes)

GC Precious Log:
 CardTable entry size: 512
 Card Set container configuration: InlinePtr #cards 4 size 8 Array Of Cards #cards 64 size 144 Howl #buckets 8 coarsen threshold 14745 Howl Bitmap #cards 2048 size 272 coarsen threshold 1843 Card regions per heap region 1 cards per card region 16384
 CPUs: 16 total, 16 available
 Memory: 63992M
 Large Page Support: Disabled
 NUMA Support: Disabled
 Compressed Oops: Enabled (Zero based)
 Heap Region Size: 8M
 Heap Min Capacity: 8M
 Heap Initial Capacity: 1000M
 Heap Max Capacity: 16000M
 Pre-touch: Disabled
 Parallel Workers: 13
 Concurrent Workers: 3
 Concurrent Refinement Workers: 13
 Periodic GC: Disabled

Heap:
 garbage-first heap   total reserved 16384000K, committed 245760K, used 150859K [0x0000000418000000, 0x0000000800000000)
  region size 8192K, 13 young (106496K), 2 survivors (16384K)

Heap Regions: E=young(eden), S=young(survivor), O=old, HS=humongous(starts), HC=humongous(continues), CS=collection set, F=free, TAMS=top-at-mark-start, PB=parsable bottom
|   0|0x0000000418000000, 0x0000000418787210, 0x0000000418800000| 94%| O|  |TAMS 0x0000000418000000| PB 0x0000000418000000| Untracked |  0
|   1|0x0000000418800000, 0x0000000419000000, 0x0000000419000000|100%| O|  |TAMS 0x0000000418800000| PB 0x0000000418800000| Untracked |  0
|   2|0x0000000419000000, 0x0000000419800000, 0x0000000419800000|100%| O|  |TAMS 0x0000000419000000| PB 0x0000000419000000| Untracked |  0
|   3|0x0000000419800000, 0x000000041a000000, 0x000000041a000000|100%| O|  |TAMS 0x0000000419800000| PB 0x0000000419800000| Untracked |  0
|   4|0x000000041a000000, 0x000000041a800000, 0x000000041a800000|100%| O|  |TAMS 0x000000041a000000| PB 0x000000041a000000| Untracked |  0
|   5|0x000000041a800000, 0x000000041b000000, 0x000000041b000000|100%| O|  |TAMS 0x000000041a800000| PB 0x000000041a800000| Untracked |  0
|   6|0x000000041b000000, 0x000000041b57abc0, 0x000000041b800000| 68%| O|  |TAMS 0x000000041b000000| PB 0x000000041b000000| Untracked |  0
|   7|0x000000041b800000, 0x000000041b8c74f8, 0x000000041c000000|  9%| O|  |TAMS 0x000000041b800000| PB 0x000000041b800000| Untracked |  0
|   8|0x000000041c000000, 0x000000041c000000, 0x000000041c800000|  0%| F|  |TAMS 0x000000041c000000| PB 0x000000041c000000| Untracked |  0
|   9|0x000000041c800000, 0x000000041c800000, 0x000000041d000000|  0%| F|  |TAMS 0x000000041c800000| PB 0x000000041c800000| Untracked |  0
|  10|0x000000041d000000, 0x000000041d000000, 0x000000041d800000|  0%| F|  |TAMS 0x000000041d000000| PB 0x000000041d000000| Untracked |  0
|  11|0x000000041d800000, 0x000000041d800000, 0x000000041e000000|  0%| F|  |TAMS 0x000000041d800000| PB 0x000000041d800000| Untracked |  0
|  12|0x000000041e000000, 0x000000041e5899c0, 0x000000041e800000| 69%| S|CS|TAMS 0x000000041e000000| PB 0x000000041e000000| Complete |  0
|  13|0x000000041e800000, 0x000000041f000000, 0x000000041f000000|100%| S|CS|TAMS 0x000000041e800000| PB 0x000000041e800000| Complete |  0
|  14|0x000000041f000000, 0x000000041f000000, 0x000000041f800000|  0%| F|  |TAMS 0x000000041f000000| PB 0x000000041f000000| Untracked |  0
|  15|0x000000041f800000, 0x000000041f800000, 0x0000000420000000|  0%| F|  |TAMS 0x000000041f800000| PB 0x000000041f800000| Untracked |  0
|  16|0x0000000420000000, 0x0000000420000000, 0x0000000420800000|  0%| F|  |TAMS 0x0000000420000000| PB 0x0000000420000000| Untracked |  0
|  17|0x0000000420800000, 0x0000000420800000, 0x0000000421000000|  0%| F|  |TAMS 0x0000000420800000| PB 0x0000000420800000| Untracked |  0
|  18|0x0000000421000000, 0x0000000421000000, 0x0000000421800000|  0%| F|  |TAMS 0x0000000421000000| PB 0x0000000421000000| Untracked |  0
|  19|0x0000000421800000, 0x0000000421a85780, 0x0000000422000000| 31%| E|  |TAMS 0x0000000421800000| PB 0x0000000421800000| Complete |  0
|  20|0x0000000422000000, 0x0000000422800000, 0x0000000422800000|100%| E|CS|TAMS 0x0000000422000000| PB 0x0000000422000000| Complete |  0
|  21|0x0000000422800000, 0x0000000423000000, 0x0000000423000000|100%| E|CS|TAMS 0x0000000422800000| PB 0x0000000422800000| Complete |  0
|  22|0x0000000423000000, 0x0000000423800000, 0x0000000423800000|100%| E|CS|TAMS 0x0000000423000000| PB 0x0000000423000000| Complete |  0
|  23|0x0000000423800000, 0x0000000424000000, 0x0000000424000000|100%| E|CS|TAMS 0x0000000423800000| PB 0x0000000423800000| Complete |  0
|  24|0x0000000424000000, 0x0000000424800000, 0x0000000424800000|100%| E|CS|TAMS 0x0000000424000000| PB 0x0000000424000000| Complete |  0
|  27|0x0000000425800000, 0x0000000426000000, 0x0000000426000000|100%| E|CS|TAMS 0x0000000425800000| PB 0x0000000425800000| Complete |  0
|  28|0x0000000426000000, 0x0000000426800000, 0x0000000426800000|100%| E|CS|TAMS 0x0000000426000000| PB 0x0000000426000000| Complete |  0
| 211|0x0000000481800000, 0x0000000482000000, 0x0000000482000000|100%| E|CS|TAMS 0x0000000481800000| PB 0x0000000481800000| Complete |  0
| 218|0x0000000485000000, 0x0000000485800000, 0x0000000485800000|100%| E|CS|TAMS 0x0000000485000000| PB 0x0000000485000000| Complete |  0
|1999|0x00000007ff800000, 0x0000000800000000, 0x0000000800000000|100%| E|CS|TAMS 0x00000007ff800000| PB 0x00000007ff800000| Complete |  0

Card table byte_map: [0x00007f8124580000,0x00007f81264c0000] _byte_map_base: 0x00007f81224c0000

Marking Bits: (CMBitMap*) 0x00007f814005aa80
 Bits: [0x00007f8114a00000, 0x00007f8124400000)

Polling page: 0x00007f8148643000

Metaspace:
Metaspace        used 35847K, committed 36800K, reserved 1114112K
 class space     used 2275K, committed 2688K, reserved 1048576K

Usage:
  Non-class:     32.79 MB used.
      Class:      2.22 MB used.
       Both:     35.01 MB used.

Virtual space:
  Non-class space:       64.00 MB reserved,      33.31 MB ( 52%) committed,  1 nodes.
      Class space:        1.00 GB reserved,       2.62 MB ( <1%) committed,  1 nodes.
             Both:        1.06 GB reserved,      35.94 MB (  3%) committed. 

Chunk freelists:
   Non-Class:  14.23 MB
       Class:  13.39 MB
        Both:  27.62 MB

MaxMetaspaceSize: unlimited
CompressedClassSpaceSize: 1.00 GB
Initial GC threshold: 21.00 MB
Current GC threshold: 58.38 MB
CDS: on
 - commit_granule_bytes: 65536.
 - commit_granule_words: 8192.
 - virtual_space_node_default_size: 8388608.
 - enlarge_chunks_in_place: 1.
UseCompressedClassPointers 1, UseCompactObjectHeaders 0
Narrow klass pointer bits 32, Max shift 3
Narrow klass base: 0x0000000088000000, Narrow klass shift: 0
Encoding Range: [0x0000000088000000 - 0x0000000188000000), (4294967296 bytes)
Klass Range:    [0x0000000088001000 - 0x00000000c9000000), (1090514944 bytes)
Klass ID Range:  [4096 - 1090519033) (1090514937)
Protection zone: [0x0000000088000000 - 0x0000000088001000), (4096 bytes)


Internal statistics:

num_allocs_failed_limit: 26.
num_arena_births: 1358.
num_arena_deaths: 0.
num_vsnodes_births: 2.
num_vsnodes_deaths: 0.
num_space_committed: 558.
num_space_uncommitted: 0.
num_chunks_returned_to_freelist: 26.
num_chunks_taken_from_freelist: 2599.
num_chunk_merges: 26.
num_chunk_splits: 1786.
num_chunks_enlarged: 1170.
num_inconsistent_stats: 0.

CodeHeap 'non-profiled nmethods': size=119172Kb used=7737Kb max_used=7750Kb free=111434Kb
 bounds [0x00007f812ff9f000, 0x00007f813073f000, 0x00007f8137400000]
CodeHeap 'profiled nmethods': size=119164Kb used=30274Kb max_used=30274Kb free=88889Kb
 bounds [0x00007f8128400000, 0x00007f812a260000, 0x00007f812f85f000]
CodeHeap 'non-nmethods': size=7424Kb used=4262Kb max_used=4356Kb free=3161Kb
 bounds [0x00007f812f85f000, 0x00007f812fcaf000, 0x00007f812ff9f000]
CodeCache: size=245760Kb, used=42273Kb, max_used=42380Kb, free=203484Kb
 total_blobs=9851, nmethods=8206, adapters=630, full_count=0
Compilation: enabled, stopped_count=0, restarted_count=0

Compilation events (20 events):
Event: 20.934 Thread 0x00007f814010e240 nmethod 9137 0x00007f8128544388 code [0x00007f8128544480, 0x00007f8128546a80]
Event: 20.934 Thread 0x00007f809c395440 nmethod 9135 0x00007f8130026588 code [0x00007f8130026680, 0x00007f8130027610]
Event: 20.934 Thread 0x00007f809c395440 9136       4       java.lang.classfile.constantpool.ConstantPoolBuilder::nameAndTypeEntry (21 bytes)
Event: 20.936 Thread 0x00007f809c395440 nmethod 9136 0x00007f81301b3588 code [0x00007f81301b3680, 0x00007f81301b3938]
Event: 20.945 Thread 0x00007f809c395440 9139       4       jdk.internal.classfile.impl.SplitConstantPool::fieldRefEntry (72 bytes)
Event: 20.964 Thread 0x00007f80c83d84c0 9143       3       java.lang.Class::arrayContentsEq (70 bytes)
Event: 20.964 Thread 0x00007f80c83009c0 9142       3       java.lang.Class::getDeclaredMethod (42 bytes)
Event: 20.965 Thread 0x00007f80c83d84c0 nmethod 9143 0x00007f8128543e88 code [0x00007f8128543f80, 0x00007f8128544370]
Event: 20.965 Thread 0x00007f80c83009c0 nmethod 9142 0x00007f81284ea888 code [0x00007f81284ea980, 0x00007f81284eb0d0]
Event: 20.974 Thread 0x00007f809c395440 nmethod 9139 0x00007f81300ce888 code [0x00007f81300ce9a0, 0x00007f81300d14e0]
Event: 20.974 Thread 0x00007f809c395440 9140       4       java.nio.ByteBuffer::limit (8 bytes)
Event: 20.975 Thread 0x00007f809c395440 nmethod 9140 0x00007f8130029488 code [0x00007f8130029580, 0x00007f8130029678]
Event: 20.975 Thread 0x00007f809c395440 9144       4       java.util.ImmutableCollections$MapN::get (35 bytes)
Event: 20.989 Thread 0x00007f809c395440 nmethod 9144 0x00007f81300c1808 code [0x00007f81300c1900, 0x00007f81300c2318]
Event: 20.989 Thread 0x00007f809c395440 9141       4       java.lang.StringLatin1$CharsSpliterator::estimateSize (11 bytes)
Event: 20.990 Thread 0x00007f809c395440 nmethod 9141 0x00007f81300de788 code [0x00007f81300de880, 0x00007f81300de900]
Event: 20.993 Thread 0x00007f809ca0ae10 nmethod 9122 0x00007f8130730888 code [0x00007f8130730980, 0x00007f8130733ce8]
Event: 20.994 Thread 0x00007f80c82fe900 nmethod 9115 0x00007f8130733d88 code [0x00007f8130733e80, 0x00007f813073c3c8]
Event: 20.996 Thread 0x00007f809ca0ae10 9145       4       jdk.internal.classfile.impl.StackMapGenerator$Frame::<init> (75 bytes)
Event: 20.997 Thread 0x00007f809ca0ae10 nmethod 9145 0x00007f8130079808 code [0x00007f8130079900, 0x00007f8130079e40]

GC Heap Usage History (20 events):
Event: 14.331 {heap Before GC invocations=24 (full 0):
 garbage-first heap   total reserved 16384000K, committed 294912K, used 222405K [0x0000000418000000, 0x0000000800000000)
  region size 8192K, 21 young (172032K), 1 survivors (8192K)
}
Event: 14.333 {heap After GC invocations=25 (full 0):
 garbage-first heap   total reserved 16384000K, committed 294912K, used 58696K [0x0000000418000000, 0x0000000800000000)
  region size 8192K, 1 young (8192K), 1 survivors (8192K)
}
Event: 14.684 {heap Before GC invocations=25 (full 0):
 garbage-first heap   total reserved 16384000K, committed 294912K, used 222536K [0x0000000418000000, 0x0000000800000000)
  region size 8192K, 21 young (172032K), 1 survivors (8192K)
}
Event: 14.687 {heap After GC invocations=26 (full 0):
 garbage-first heap   total reserved 16384000K, committed 294912K, used 57583K [0x0000000418000000, 0x0000000800000000)
  region size 8192K, 1 young (8192K), 1 survivors (8192K)
}
Event: 15.276 {heap Before GC invocations=26 (full 0):
 garbage-first heap   total reserved 16384000K, committed 294912K, used 221423K [0x0000000418000000, 0x0000000800000000)
  region size 8192K, 21 young (172032K), 1 survivors (8192K)
}
Event: 15.281 {heap After GC invocations=27 (full 0):
 garbage-first heap   total reserved 16384000K, committed 294912K, used 59101K [0x0000000418000000, 0x0000000800000000)
  region size 8192K, 1 young (8192K), 1 survivors (8192K)
}
Event: 15.978 {heap Before GC invocations=27 (full 0):
 garbage-first heap   total reserved 16384000K, committed 294912K, used 222941K [0x0000000418000000, 0x0000000800000000)
  region size 8192K, 21 young (172032K), 1 survivors (8192K)
}
Event: 15.991 {heap After GC invocations=28 (full 0):
 garbage-first heap   total reserved 16384000K, committed 360448K, used 61232K [0x0000000418000000, 0x0000000800000000)
  region size 8192K, 1 young (8192K), 1 survivors (8192K)
}
Event: 16.910 {heap Before GC invocations=28 (full 0):
 garbage-first heap   total reserved 16384000K, committed 360448K, used 266032K [0x0000000418000000, 0x0000000800000000)
  region size 8192K, 26 young (212992K), 1 survivors (8192K)
}
Event: 16.921 {heap After GC invocations=29 (full 0):
 garbage-first heap   total reserved 16384000K, committed 360448K, used 64142K [0x0000000418000000, 0x0000000800000000)
  region size 8192K, 2 young (16384K), 2 survivors (16384K)
}
Event: 17.743 {heap Before GC invocations=29 (full 0):
 garbage-first heap   total reserved 16384000K, committed 360448K, used 260750K [0x0000000418000000, 0x0000000800000000)
  region size 8192K, 26 young (212992K), 2 survivors (16384K)
}
Event: 17.749 {heap After GC invocations=30 (full 0):
 garbage-first heap   total reserved 16384000K, committed 360448K, used 65045K [0x0000000418000000, 0x0000000800000000)
  region size 8192K, 2 young (16384K), 2 survivors (16384K)
}
Event: 18.576 {heap Before GC invocations=30 (full 0):
 garbage-first heap   total reserved 16384000K, committed 360448K, used 261653K [0x0000000418000000, 0x0000000800000000)
  region size 8192K, 26 young (212992K), 2 survivors (16384K)
}
Event: 18.582 {heap After GC invocations=31 (full 0):
 garbage-first heap   total reserved 16384000K, committed 360448K, used 65488K [0x0000000418000000, 0x0000000800000000)
  region size 8192K, 2 young (16384K), 2 survivors (16384K)
}
Event: 19.141 {heap Before GC invocations=31 (full 0):
 garbage-first heap   total reserved 16384000K, committed 360448K, used 180176K [0x0000000418000000, 0x0000000800000000)
  region size 8192K, 17 young (139264K), 2 survivors (16384K)
}
Event: 19.156 {heap After GC invocations=32 (full 0):
 garbage-first heap   total reserved 16384000K, committed 360448K, used 67840K [0x0000000418000000, 0x0000000800000000)
  region size 8192K, 2 young (16384K), 2 survivors (16384K)
}
Event: 19.805 {heap Before GC invocations=33 (full 0):
 garbage-first heap   total reserved 16384000K, committed 245760K, used 190720K [0x0000000418000000, 0x0000000800000000)
  region size 8192K, 18 young (147456K), 2 survivors (16384K)
}
Event: 19.826 {heap After GC invocations=34 (full 0):
 garbage-first heap   total reserved 16384000K, committed 245760K, used 67409K [0x0000000418000000, 0x0000000800000000)
  region size 8192K, 2 young (16384K), 2 survivors (16384K)
}
Event: 20.556 {heap Before GC invocations=34 (full 0):
 garbage-first heap   total reserved 16384000K, committed 245760K, used 198481K [0x0000000418000000, 0x0000000800000000)
  region size 8192K, 18 young (147456K), 2 survivors (16384K)
}
Event: 20.565 {heap After GC invocations=35 (full 0):
 garbage-first heap   total reserved 16384000K, committed 245760K, used 68939K [0x0000000418000000, 0x0000000800000000)
  region size 8192K, 2 young (16384K), 2 survivors (16384K)
}

Metaspace Usage History (20 events):
Event: 14.331 {metaspace Before GC invocations=24 (full 0):
 Metaspace       used 32901K, committed 33472K, reserved 1114112K
  class space    used 1774K, committed 2048K, reserved 1048576K
}
Event: 14.333 {metaspace After GC invocations=25 (full 0):
 Metaspace       used 32901K, committed 33472K, reserved 1114112K
  class space    used 1774K, committed 2048K, reserved 1048576K
}
Event: 14.684 {metaspace Before GC invocations=25 (full 0):
 Metaspace       used 32923K, committed 33472K, reserved 1114112K
  class space    used 1775K, committed 2048K, reserved 1048576K
}
Event: 14.687 {metaspace After GC invocations=26 (full 0):
 Metaspace       used 32923K, committed 33472K, reserved 1114112K
  class space    used 1775K, committed 2048K, reserved 1048576K
}
Event: 15.276 {metaspace Before GC invocations=26 (full 0):
 Metaspace       used 33203K, committed 33856K, reserved 1114112K
  class space    used 1806K, committed 2112K, reserved 1048576K
}
Event: 15.281 {metaspace After GC invocations=27 (full 0):
 Metaspace       used 33203K, committed 33856K, reserved 1114112K
  class space    used 1806K, committed 2112K, reserved 1048576K
}
Event: 15.978 {metaspace Before GC invocations=27 (full 0):
 Metaspace       used 33545K, committed 34176K, reserved 1114112K
  class space    used 1837K, committed 2112K, reserved 1048576K
}
Event: 15.991 {metaspace After GC invocations=28 (full 0):
 Metaspace       used 33545K, committed 34176K, reserved 1114112K
  class space    used 1837K, committed 2112K, reserved 1048576K
}
Event: 16.910 {metaspace Before GC invocations=28 (full 0):
 Metaspace       used 33930K, committed 34688K, reserved 1114112K
  class space    used 1860K, committed 2176K, reserved 1048576K
}
Event: 16.921 {metaspace After GC invocations=29 (full 0):
 Metaspace       used 33930K, committed 34688K, reserved 1114112K
  class space    used 1860K, committed 2176K, reserved 1048576K
}
Event: 17.743 {metaspace Before GC invocations=29 (full 0):
 Metaspace       used 34199K, committed 34944K, reserved 1114112K
  class space    used 1905K, committed 2240K, reserved 1048576K
}
Event: 17.749 {metaspace After GC invocations=30 (full 0):
 Metaspace       used 34199K, committed 34944K, reserved 1114112K
  class space    used 1905K, committed 2240K, reserved 1048576K
}
Event: 18.576 {metaspace Before GC invocations=30 (full 0):
 Metaspace       used 34931K, committed 35776K, reserved 1114112K
  class space    used 2052K, committed 2432K, reserved 1048576K
}
Event: 18.582 {metaspace After GC invocations=31 (full 0):
 Metaspace       used 34931K, committed 35776K, reserved 1114112K
  class space    used 2052K, committed 2432K, reserved 1048576K
}
Event: 19.142 {metaspace Before GC invocations=31 (full 0):
 Metaspace       used 35060K, committed 35840K, reserved 1114112K
  class space    used 2075K, committed 2432K, reserved 1048576K
}
Event: 19.156 {metaspace After GC invocations=32 (full 0):
 Metaspace       used 35060K, committed 35840K, reserved 1114112K
  class space    used 2075K, committed 2432K, reserved 1048576K
}
Event: 19.805 {metaspace Before GC invocations=33 (full 0):
 Metaspace       used 35365K, committed 36288K, reserved 1114112K
  class space    used 2159K, committed 2560K, reserved 1048576K
}
Event: 19.826 {metaspace After GC invocations=34 (full 0):
 Metaspace       used 35365K, committed 36288K, reserved 1114112K
  class space    used 2159K, committed 2560K, reserved 1048576K
}
Event: 20.556 {metaspace Before GC invocations=34 (full 0):
 Metaspace       used 35713K, committed 36672K, reserved 1114112K
  class space    used 2250K, committed 2688K, reserved 1048576K
}
Event: 20.565 {metaspace After GC invocations=35 (full 0):
 Metaspace       used 35713K, committed 36672K, reserved 1114112K
  class space    used 2250K, committed 2688K, reserved 1048576K
}

Dll operation events (9 events):
Event: 0.002 Loaded shared library /home/andreatp/.sdkman/candidates/java/25-tem/lib/libjava.so
Event: 0.020 Loaded shared library /home/andreatp/.sdkman/candidates/java/25-tem/lib/libsimdsort.so
Event: 0.029 Loaded shared library /home/andreatp/.sdkman/candidates/java/25-tem/lib/libnio.so
Event: 0.031 Loaded shared library /home/andreatp/.sdkman/candidates/java/25-tem/lib/libzip.so
Event: 0.064 Loaded shared library /home/andreatp/.sdkman/candidates/java/25-tem/lib/libmanagement.so
Event: 0.065 Loaded shared library /home/andreatp/.sdkman/candidates/java/25-tem/lib/libmanagement_ext.so
Event: 0.081 Loaded shared library /home/andreatp/.sdkman/candidates/java/25-tem/lib/libjimage.so
Event: 7.438 Loaded shared library /home/andreatp/.sdkman/candidates/java/25-tem/lib/libnet.so
Event: 8.423 Loaded shared library /home/andreatp/.sdkman/candidates/java/25-tem/lib/libsyslookup.so

Deoptimization events (20 events):
Event: 20.422 Thread 0x00007f814002b810 Uncommon trap: trap_request=0xffffffde fr.pc=0x00007f8130495e2c relative=0x000000000000162c
Event: 20.422 Thread 0x00007f814002b810 Uncommon trap: reason=class_check action=maybe_recompile pc=0x00007f8130495e2c method=com.dylibso.chicory.runtime.Instance.initialize(Z)Lcom/dylibso/chicory/runtime/Instance; @ 173 c2
Event: 20.422 Thread 0x00007f814002b810 DEOPT PACKING pc=0x00007f8130495e2c sp=0x00007f8146b0df60
Event: 20.422 Thread 0x00007f814002b810 DEOPT UNPACKING pc=0x00007f812f9910f9 sp=0x00007f8146b0df00 mode 2
Event: 20.447 Thread 0x00007f814002b810 Uncommon trap: trap_request=0xffffff45 fr.pc=0x00007f81301d9100 relative=0x0000000000000180
Event: 20.447 Thread 0x00007f814002b810 Uncommon trap: reason=unstable_if action=reinterpret pc=0x00007f81301d9100 method=com.dylibso.chicory.wasm.Validator.setLocal(I)V @ 10 c2
Event: 20.447 Thread 0x00007f814002b810 DEOPT PACKING pc=0x00007f81301d9100 sp=0x00007f8146b0d8c0
Event: 20.448 Thread 0x00007f814002b810 DEOPT UNPACKING pc=0x00007f812f9910f9 sp=0x00007f8146b0d888 mode 2
Event: 20.527 Thread 0x00007f814002b810 Uncommon trap: trap_request=0xffffff45 fr.pc=0x00007f81300f734c relative=0x00000000000071cc
Event: 20.527 Thread 0x00007f814002b810 Uncommon trap: reason=unstable_if action=reinterpret pc=0x00007f81300f734c method=com.dylibso.chicory.cranelift.CraneliftMachineFuncGroup_0.func_3963(IILcom/dylibso/chicory/runtime/Memory;Lcom/dylibso/chicory/runtime/Instance;)I @ 4488 c2
Event: 20.527 Thread 0x00007f814002b810 DEOPT PACKING pc=0x00007f81300f734c sp=0x00007f8146b0c9d0
Event: 20.527 Thread 0x00007f814002b810 DEOPT UNPACKING pc=0x00007f812f9910f9 sp=0x00007f8146b0c948 mode 2
Event: 20.815 Thread 0x00007f814002b810 Uncommon trap: trap_request=0xffffff45 fr.pc=0x00007f81306ed3bc relative=0x0000000000003f9c
Event: 20.815 Thread 0x00007f814002b810 Uncommon trap: reason=unstable_if action=reinterpret pc=0x00007f81306ed3bc method=com.dylibso.chicory.cranelift.CraneliftMachineFuncGroup_0.func_3874(IIILcom/dylibso/chicory/runtime/Memory;Lcom/dylibso/chicory/runtime/Instance;)V @ 248 c2
Event: 20.815 Thread 0x00007f814002b810 DEOPT PACKING pc=0x00007f81306ed3bc sp=0x00007f8146b0c280
Event: 20.815 Thread 0x00007f814002b810 DEOPT UNPACKING pc=0x00007f812f9910f9 sp=0x00007f8146b0c2a8 mode 2
Event: 20.874 Thread 0x00007f814002b810 Uncommon trap: trap_request=0xffffffde fr.pc=0x00007f8130495e2c relative=0x000000000000162c
Event: 20.874 Thread 0x00007f814002b810 Uncommon trap: reason=class_check action=maybe_recompile pc=0x00007f8130495e2c method=com.dylibso.chicory.runtime.Instance.initialize(Z)Lcom/dylibso/chicory/runtime/Instance; @ 173 c2
Event: 20.874 Thread 0x00007f814002b810 DEOPT PACKING pc=0x00007f8130495e2c sp=0x00007f8146b0df60
Event: 20.874 Thread 0x00007f814002b810 DEOPT UNPACKING pc=0x00007f812f9910f9 sp=0x00007f8146b0df00 mode 2

Classes loaded (20 events):
Event: 9.901 Loading class java/lang/StackTraceElement$HashedModules
Event: 9.901 Loading class java/lang/StackTraceElement$HashedModules done
Event: 9.903 Loading class java/util/AbstractList$RandomAccessSubList
Event: 9.903 Loading class java/util/AbstractList$SubList
Event: 9.903 Loading class java/util/AbstractList$SubList done
Event: 9.903 Loading class java/util/AbstractList$RandomAccessSubList done
Event: 9.903 Loading class java/util/AbstractList$SubList$1
Event: 9.903 Loading class java/util/AbstractList$SubList$1 done
Event: 9.905 Loading class java/io/PrintWriter
Event: 9.906 Loading class java/io/PrintWriter done
Event: 9.906 Loading class java/lang/Throwable$WrappedPrintWriter
Event: 9.906 Loading class java/lang/Throwable$PrintStreamOrWriter
Event: 9.906 Loading class java/lang/Throwable$PrintStreamOrWriter done
Event: 9.906 Loading class java/lang/Throwable$WrappedPrintWriter done
Event: 20.029 Loading class java/lang/invoke/BoundMethodHandle$Species_LLLLLLLL
Event: 20.029 Loading class java/lang/invoke/BoundMethodHandle$Species_LLLLLLLL done
Event: 20.032 Loading class java/lang/invoke/BoundMethodHandle$Species_LLLLLLLLL
Event: 20.032 Loading class java/lang/invoke/BoundMethodHandle$Species_LLLLLLLLL done
Event: 20.037 Loading class java/lang/invoke/BoundMethodHandle$Species_LLLLLLLLLL
Event: 20.037 Loading class java/lang/invoke/BoundMethodHandle$Species_LLLLLLLLLL done

Classes unloaded (0 events):
No events

Classes redefined (0 events):
No events

Internal exceptions (20 events):
Event: 19.406 Thread 0x00007f814002b810 Exception <a 'java/lang/NoSuchMethodError'{0x000000042344bfa0}: 'void java.lang.invoke.DirectMethodHandle$Holder.invokeSpecial(java.lang.Object, java.lang.Object, long, long)'> (0x000000042344bfa0) 
thrown [src/hotspot/share/interpreter/linkResolver.cpp, line 803]
Event: 19.406 Thread 0x00007f814002b810 Exception <a 'java/lang/NoSuchMethodError'{0x0000000423454500}: 'void java.lang.invoke.Invokers$Holder.exactInvoker(java.lang.Object, java.lang.Object, long, long)'> (0x0000000423454500) 
thrown [src/hotspot/share/interpreter/linkResolver.cpp, line 803]
Event: 19.406 Thread 0x00007f814002b810 Exception <a 'java/lang/NoSuchMethodError'{0x000000042345d138}: 'void java.lang.invoke.DelegatingMethodHandle$Holder.delegate(java.lang.Object, java.lang.Object, long, long)'> (0x000000042345d138) 
thrown [src/hotspot/share/interpreter/linkResolver.cpp, line 803]
Event: 19.409 Thread 0x00007f814002b810 Exception <a 'java/lang/ArrayIndexOutOfBoundsException'{0x00000004234cf778}: Index 1 out of bounds for length 1> (0x00000004234cf778) 
thrown [src/hotspot/share/interpreter/interpreterRuntime.cpp, line 420]
Event: 19.410 Thread 0x00007f814002b810 Exception <a 'java/lang/ArrayIndexOutOfBoundsException'{0x00000004234e4618}: Index 1 out of bounds for length 1> (0x00000004234e4618) 
thrown [src/hotspot/share/interpreter/interpreterRuntime.cpp, line 420]
Event: 19.411 Thread 0x00007f814002b810 Exception <a 'java/lang/ArrayIndexOutOfBoundsException'{0x00000004234f8e18}: Index 1 out of bounds for length 1> (0x00000004234f8e18) 
thrown [src/hotspot/share/interpreter/interpreterRuntime.cpp, line 420]
Event: 19.411 Thread 0x00007f814002b810 Exception <a 'java/lang/ArrayIndexOutOfBoundsException'{0x000000042350d618}: Index 1 out of bounds for length 1> (0x000000042350d618) 
thrown [src/hotspot/share/interpreter/interpreterRuntime.cpp, line 420]
Event: 19.423 Thread 0x00007f814002b810 Implicit null exception at 0x00007f81306cfbe1 to 0x00007f81306d3b78
Event: 20.020 Thread 0x00007f814002b810 Exception <a 'java/lang/NoSuchMethodError'{0x00000004259f78e8}: 'void java.lang.invoke.DirectMethodHandle$Holder.invokeStaticInit(java.lang.Object, java.lang.Object, java.lang.Object, java.lang.Object, java.lang.Object, long, float, double, int, int)'> (0x00000004259f78e8) 
thrown [src/hotspot/share/interpreter/linkResolver.cpp, line 803]
Event: 20.020 Thread 0x00007f814002b810 Exception <a 'java/lang/NoSuchMethodError'{0x0000000425a08818}: 'void java.lang.invoke.DelegatingMethodHandle$Holder.reinvoke_L(java.lang.Object, java.lang.Object, java.lang.Object, java.lang.Object, java.lang.Object, long, float, double, int, int)'> (0x0000000425a08818) 
thrown [src/hotspot/share/interpreter/linkResolver.cpp, line 803]
Event: 20.023 Thread 0x00007f814002b810 Exception <a 'java/lang/NoSuchMethodError'{0x0000000425a54540}: 'double java.lang.invoke.DirectMethodHandle$Holder.invokeStaticInit(java.lang.Object, java.lang.Object, java.lang.Object, java.lang.Object, java.lang.Object, long, float, double, int, int)'> (0x0000000425a54540) 
thrown [src/hotspot/share/interpreter/linkResolver.cpp, line 803]
Event: 20.023 Thread 0x00007f814002b810 Exception <a 'java/lang/NoSuchMethodError'{0x0000000425a65470}: 'double java.lang.invoke.DelegatingMethodHandle$Holder.reinvoke_L(java.lang.Object, java.lang.Object, java.lang.Object, java.lang.Object, java.lang.Object, long, float, double, int, int)'> (0x0000000425a65470) 
thrown [src/hotspot/share/interpreter/linkResolver.cpp, line 803]
Event: 20.026 Thread 0x00007f814002b810 Implicit null exception at 0x00007f813059b869 to 0x00007f813059d3a0
Event: 20.027 Thread 0x00007f814002b810 Exception <a 'java/lang/NoSuchMethodError'{0x0000000425b5f5a8}: 'java.lang.Object java.lang.invoke.Invokers$Holder.invoker(java.lang.Object, java.lang.Object, java.lang.Object, java.lang.Object, java.lang.Object, java.lang.Object, java.lang.Object, java.lang.Object, java.lang.Object)'> (0x0000000425b5f5a8) 
thrown [src/hotspot/share/interpreter/linkResolver.cpp, line 803]
Event: 20.027 Thread 0x00007f814002b810 Implicit null exception at 0x00007f8130593efe to 0x00007f81305942b8
Event: 20.031 Thread 0x00007f814002b810 Exception <a 'java/lang/NoSuchMethodError'{0x0000000425ba29e8}: 'java.lang.Object java.lang.invoke.DirectMethodHandle$Holder.invokeStatic(java.lang.Object, java.lang.Object, java.lang.Object, java.lang.Object, java.lang.Object, java.lang.Object, java.lang.Object, java.lang.Object, java.lang.Object, java.lang.Object, java.lang.Object)'> (0x0000000425ba29e8) 
thrown [src/hotspot/share/interpreter/linkResolver.cpp, line 803]
Event: 20.033 Thread 0x00007f814002b810 Exception <a 'java/lang/NoSuchMethodError'{0x0000000425bc9ff8}: 'java.lang.Object java.lang.invoke.DirectMethodHandle$Holder.invokeStatic(java.lang.Object, java.lang.Object, java.lang.Object, java.lang.Object, java.lang.Object, java.lang.Object, java.lang.Object, java.lang.Object, java.lang.Object, java.lang.Object, java.lang.Object, java.lang.Object)'> (0x0000000425bc9ff8) 
thrown [src/hotspot/share/interpreter/linkResolver.cpp, line 803]
Event: 20.039 Thread 0x00007f814002b810 Exception <a 'java/lang/NoSuchMethodError'{0x0000000425c4b880}: 'java.lang.Object java.lang.invoke.DirectMethodHandle$Holder.invokeStatic(java.lang.Object, java.lang.Object, java.lang.Object, java.lang.Object, java.lang.Object, java.lang.Object, java.lang.Object, java.lang.Object, java.lang.Object, java.lang.Object, java.lang.Object, java.lang.Object, java.lang.Object)'> (0x0000000425c4b880) 
thrown [src/hotspot/share/interpreter/linkResolver.cpp, line 803]
Event: 20.118 Thread 0x00007f814002b810 Exception <a 'java/lang/NoSuchMethodError'{0x00000004246372b0}: 'long java.lang.invoke.DirectMethodHandle$Holder.invokeStaticInit(java.lang.Object, java.lang.Object, java.lang.Object, java.lang.Object, java.lang.Object, long, float, double, int, int)'> (0x00000004246372b0) 
thrown [src/hotspot/share/interpreter/linkResolver.cpp, line 803]
Event: 20.119 Thread 0x00007f814002b810 Exception <a 'java/lang/NoSuchMethodError'{0x00000004246481b0}: 'long java.lang.invoke.DelegatingMethodHandle$Holder.reinvoke_L(java.lang.Object, java.lang.Object, java.lang.Object, java.lang.Object, java.lang.Object, long, float, double, int, int)'> (0x00000004246481b0) 
thrown [src/hotspot/share/interpreter/linkResolver.cpp, line 803]

VM Operations (20 events):
Event: 15.978 Executing safepoint VM operation: G1CollectForAllocation (G1 Evacuation Pause)
Event: 15.991 Executing safepoint VM operation: G1CollectForAllocation (G1 Evacuation Pause) done
Event: 16.909 Executing safepoint VM operation: G1CollectForAllocation (G1 Evacuation Pause)
Event: 16.921 Executing safepoint VM operation: G1CollectForAllocation (G1 Evacuation Pause) done
Event: 17.743 Executing safepoint VM operation: G1CollectForAllocation (G1 Evacuation Pause)
Event: 17.749 Executing safepoint VM operation: G1CollectForAllocation (G1 Evacuation Pause) done
Event: 18.185 Executing non-safepoint VM operation: HandshakeAllThreads (Deoptimize)
Event: 18.185 Executing non-safepoint VM operation: HandshakeAllThreads (Deoptimize) done
Event: 18.576 Executing safepoint VM operation: G1CollectForAllocation (G1 Evacuation Pause)
Event: 18.582 Executing safepoint VM operation: G1CollectForAllocation (G1 Evacuation Pause) done
Event: 19.141 Executing safepoint VM operation: G1TryInitiateConcMark (CodeCache GC Threshold)
Event: 19.156 Executing safepoint VM operation: G1TryInitiateConcMark (CodeCache GC Threshold) done
Event: 19.254 Executing safepoint VM operation: G1PauseRemark
Event: 19.263 Executing safepoint VM operation: G1PauseRemark done
Event: 19.283 Executing safepoint VM operation: G1PauseCleanup
Event: 19.283 Executing safepoint VM operation: G1PauseCleanup done
Event: 19.805 Executing safepoint VM operation: G1CollectForAllocation (G1 Evacuation Pause)
Event: 19.826 Executing safepoint VM operation: G1CollectForAllocation (G1 Evacuation Pause) done
Event: 20.556 Executing safepoint VM operation: G1CollectForAllocation (G1 Evacuation Pause)
Event: 20.565 Executing safepoint VM operation: G1CollectForAllocation (G1 Evacuation Pause) done

Memory protections (20 events):
Event: 7.261 Protecting memory [0x00007f8105f00000,0x00007f8105f04000] with protection modes 0
Event: 7.261 Protecting memory [0x00007f8105d00000,0x00007f8105d04000] with protection modes 0
Event: 7.261 Protecting memory [0x00007f8105e00000,0x00007f8105e04000] with protection modes 0
Event: 7.280 Protecting memory [0x00007f8105c00000,0x00007f8105c04000] with protection modes 0
Event: 7.329 Protecting memory [0x00007f8105b00000,0x00007f8105b04000] with protection modes 0
Event: 7.329 Protecting memory [0x00007f8104df4000,0x00007f8104df8000] with protection modes 0
Event: 9.441 Protecting memory [0x00007f8105b00000,0x00007f8105b04000] with protection modes 0
Event: 10.444 Protecting memory [0x00007f8104df4000,0x00007f8104df8000] with protection modes 0
Event: 10.465 Protecting memory [0x00007f8114700000,0x00007f8114704000] with protection modes 0
Event: 11.796 Protecting memory [0x00007f8105b00000,0x00007f8105b04000] with protection modes 0
Event: 12.575 Protecting memory [0x00007f8104df4000,0x00007f8104df8000] with protection modes 0
Event: 12.643 Protecting memory [0x00007f8114700000,0x00007f8114704000] with protection modes 0
Event: 12.643 Protecting memory [0x00007f8114000000,0x00007f8114004000] with protection modes 0
Event: 12.643 Protecting memory [0x00007f8114600000,0x00007f8114604000] with protection modes 0
Event: 14.941 Protecting memory [0x00007f8105c00000,0x00007f8105c04000] with protection modes 0
Event: 15.055 Protecting memory [0x00007f8104df4000,0x00007f8104df8000] with protection modes 0
Event: 15.425 Protecting memory [0x00007f8105b00000,0x00007f8105b04000] with protection modes 0
Event: 15.425 Protecting memory [0x00007f8114700000,0x00007f8114704000] with protection modes 0
Event: 15.518 Protecting memory [0x00007f8114000000,0x00007f8114004000] with protection modes 0
Event: 16.382 Protecting memory [0x00007f8114600000,0x00007f8114604000] with protection modes 0

Nmethod flushes (20 events):
Event: 19.262 Thread 0x00007f81400fb340 flushing  nmethod 0x00007f81287f8688
Event: 19.262 Thread 0x00007f81400fb340 flushing  nmethod 0x00007f81287f8988
Event: 19.262 Thread 0x00007f81400fb340 flushing  nmethod 0x00007f81287f8c88
Event: 19.262 Thread 0x00007f81400fb340 flushing  nmethod 0x00007f81287f9608
Event: 19.262 Thread 0x00007f81400fb340 flushing  nmethod 0x00007f81287f9a08
Event: 19.262 Thread 0x00007f81400fb340 flushing  nmethod 0x00007f81287f9d08
Event: 19.262 Thread 0x00007f81400fb340 flushing  nmethod 0x00007f81287fa108
Event: 19.262 Thread 0x00007f81400fb340 flushing  nmethod 0x00007f81287fa408
Event: 19.262 Thread 0x00007f81400fb340 flushing  nmethod 0x00007f812881b488
Event: 19.262 Thread 0x00007f81400fb340 flushing  nmethod 0x00007f812881b788
Event: 19.262 Thread 0x00007f81400fb340 flushing  nmethod 0x00007f812881c208
Event: 19.262 Thread 0x00007f81400fb340 flushing  nmethod 0x00007f812881d508
Event: 19.262 Thread 0x00007f81400fb340 flushing  nmethod 0x00007f812881e788
Event: 19.262 Thread 0x00007f81400fb340 flushing  nmethod 0x00007f812881ed88
Event: 19.262 Thread 0x00007f81400fb340 flushing  nmethod 0x00007f8128853f08
Event: 19.262 Thread 0x00007f81400fb340 flushing  nmethod 0x00007f8128854408
Event: 19.262 Thread 0x00007f81400fb340 flushing  nmethod 0x00007f8128855788
Event: 19.262 Thread 0x00007f81400fb340 flushing  nmethod 0x00007f8128855d88
Event: 19.262 Thread 0x00007f81400fb340 flushing  nmethod 0x00007f8128857788
Event: 19.262 Thread 0x00007f81400fb340 flushing  nmethod 0x00007f8128859a88

Events (20 events):
Event: 12.575 Thread 0x00007f80c83d84c0 Thread added: 0x00007f80acb8ef20
Event: 12.643 Thread 0x00007f80c83009c0 Thread added: 0x00007f8094ac1d00
Event: 12.643 Thread 0x00007f80c83009c0 Thread added: 0x00007f8094ac2cc0
Event: 12.643 Thread 0x00007f80c83009c0 Thread added: 0x00007f8094ac8c60
Event: 13.479 Thread 0x00007f8094ac8c60 Thread exited: 0x00007f8094ac8c60
Event: 13.480 Thread 0x00007f8094ac2cc0 Thread exited: 0x00007f8094ac2cc0
Event: 13.493 Thread 0x00007f8094ac1d00 Thread exited: 0x00007f8094ac1d00
Event: 13.499 Thread 0x00007f80acb8ef20 Thread exited: 0x00007f80acb8ef20
Event: 13.499 Thread 0x00007f80acd355f0 Thread exited: 0x00007f80acd355f0
Event: 13.919 Thread 0x00007f809c3e72f0 Thread exited: 0x00007f809c3e72f0
Event: 14.941 Thread 0x00007f80c82fe900 Thread added: 0x00007f809ca0ae10
Event: 15.055 Thread 0x00007f80c82fe900 Thread added: 0x00007f809c395440
Event: 15.425 Thread 0x00007f80c83009c0 Thread added: 0x00007f809461f7d0
Event: 15.425 Thread 0x00007f80c83009c0 Thread added: 0x00007f8094620740
Event: 15.518 Thread 0x00007f809ca0ae10 Thread added: 0x00007f8098836be0
Event: 16.382 Thread 0x00007f80c83d84c0 Thread added: 0x00007f80ac6a7cd0
Event: 17.403 Thread 0x00007f80ac6a7cd0 Thread exited: 0x00007f80ac6a7cd0
Event: 17.488 Thread 0x00007f8098836be0 Thread exited: 0x00007f8098836be0
Event: 18.353 Thread 0x00007f8094620740 Thread exited: 0x00007f8094620740
Event: 19.235 Thread 0x00007f809461f7d0 Thread exited: 0x00007f809461f7d0


Dynamic libraries:
88000000-88001000 ---p 00000000 00:00 0 
88001000-88d8c000 rw-p 00001000 00:24 62088005                           /home/andreatp/.sdkman/candidates/java/25-tem/lib/server/classes.jsa
88d8c000-89000000 ---p 00000000 00:00 0 
89000000-89040000 rw-p 00000000 00:00 0 
89040000-89140000 rw-p 00000000 00:00 0 
89140000-89180000 rw-p 00000000 00:00 0 
89180000-892a0000 rw-p 00000000 00:00 0 
892a0000-c9000000 ---p 00000000 00:00 0 
418000000-424800000 rw-p 00000000 00:00 0 
424800000-425800000 ---p 00000000 00:00 0 
425800000-426800000 rw-p 00000000 00:00 0 
426800000-481800000 ---p 00000000 00:00 0 
481800000-482000000 rw-p 00000000 00:00 0 
482000000-485000000 ---p 00000000 00:00 0 
485000000-485800000 rw-p 00000000 00:00 0 
485800000-7ff800000 ---p 00000000 00:00 0 
7ff800000-7ff921000 rw-p 00dbf000 00:24 62088005                         /home/andreatp/.sdkman/candidates/java/25-tem/lib/server/classes.jsa
7ff921000-800000000 rw-p 00000000 00:00 0 
56274084e000-56274084f000 r--p 00000000 00:24 62087964                   /home/andreatp/.sdkman/candidates/java/25-tem/bin/java
56274084f000-562740850000 r-xp 00001000 00:24 62087964                   /home/andreatp/.sdkman/candidates/java/25-tem/bin/java
562740850000-562740851000 r--p 00002000 00:24 62087964                   /home/andreatp/.sdkman/candidates/java/25-tem/bin/java
562740851000-562740852000 r--p 00002000 00:24 62087964                   /home/andreatp/.sdkman/candidates/java/25-tem/bin/java
562740852000-562740853000 rw-p 00003000 00:24 62087964                   /home/andreatp/.sdkman/candidates/java/25-tem/bin/java
56276bdd9000-56276be22000 rw-p 00000000 00:00 0                          [heap]
7f8054000000-7f80553b0000 rw-p 00000000 00:00 0 
7f80553b0000-7f8058000000 ---p 00000000 00:00 0 
7f8058000000-7f8058fa8000 rw-p 00000000 00:00 0 
7f8058fa8000-7f805c000000 ---p 00000000 00:00 0 
7f805c000000-7f805c021000 rw-p 00000000 00:00 0 
7f805c021000-7f8060000000 ---p 00000000 00:00 0 
7f8060000000-7f8062031000 rw-p 00000000 00:00 0 
7f8062031000-7f8064000000 ---p 00000000 00:00 0 
7f8064000000-7f8064021000 rw-p 00000000 00:00 0 
7f8064021000-7f8068000000 ---p 00000000 00:00 0 
7f8068000000-7f8068021000 rw-p 00000000 00:00 0 
7f8068021000-7f806c000000 ---p 00000000 00:00 0 
7f806c000000-7f806c021000 rw-p 00000000 00:00 0 
7f806c021000-7f8070000000 ---p 00000000 00:00 0 
7f8070000000-7f8070021000 rw-p 00000000 00:00 0 
7f8070021000-7f8074000000 ---p 00000000 00:00 0 
7f8074000000-7f8074021000 rw-p 00000000 00:00 0 
7f8074021000-7f8078000000 ---p 00000000 00:00 0 
7f8078000000-7f8078021000 rw-p 00000000 00:00 0 
7f8078021000-7f807c000000 ---p 00000000 00:00 0 
7f807c000000-7f807c077000 rw-p 00000000 00:00 0 
7f807c077000-7f8080000000 ---p 00000000 00:00 0 
7f8080000000-7f8080021000 rw-p 00000000 00:00 0 
7f8080021000-7f8084000000 ---p 00000000 00:00 0 
7f8084000000-7f808405a000 rw-p 00000000 00:00 0 
7f808405a000-7f8088000000 ---p 00000000 00:00 0 
7f8088000000-7f8088021000 rw-p 00000000 00:00 0 
7f8088021000-7f808c000000 ---p 00000000 00:00 0 
7f808c000000-7f808dd73000 rw-p 00000000 00:00 0 
7f808dd73000-7f8090000000 ---p 00000000 00:00 0 
7f8090000000-7f8090076000 rw-p 00000000 00:00 0 
7f8090076000-7f8094000000 ---p 00000000 00:00 0 
7f8094000000-7f8095901000 rw-p 00000000 00:00 0 
7f8095901000-7f8098000000 ---p 00000000 00:00 0 
7f8098000000-7f809a33e000 rw-p 00000000 00:00 0 
7f809a33e000-7f809c000000 ---p 00000000 00:00 0 
7f809c000000-7f809eb27000 rw-p 00000000 00:00 0 
7f809eb27000-7f80a0000000 ---p 00000000 00:00 0 
7f80a0000000-7f80a105d000 rw-p 00000000 00:00 0 
7f80a105d000-7f80a4000000 ---p 00000000 00:00 0 
7f80a4000000-7f80a4021000 rw-p 00000000 00:00 0 
7f80a4021000-7f80a8000000 ---p 00000000 00:00 0 
7f80a8000000-7f80a94b5000 rw-p 00000000 00:00 0 
7f80a94b5000-7f80ac000000 ---p 00000000 00:00 0 
7f80ac000000-7f80ada34000 rw-p 00000000 00:00 0 
7f80ada34000-7f80b0000000 ---p 00000000 00:00 0 
7f80b0000000-7f80b0021000 rw-p 00000000 00:00 0 
7f80b0021000-7f80b4000000 ---p 00000000 00:00 0 
7f80b4000000-7f80b4021000 rw-p 00000000 00:00 0 
7f80b4021000-7f80b8000000 ---p 00000000 00:00 0 
7f80b8000000-7f80b8021000 rw-p 00000000 00:00 0 
7f80b8021000-7f80bc000000 ---p 00000000 00:00 0 
7f80bc000000-7f80bc4e8000 rw-p 00000000 00:00 0 
7f80bc4e8000-7f80c0000000 ---p 00000000 00:00 0 
7f80c0000000-7f80c02fb000 rw-p 00000000 00:00 0 
7f80c02fb000-7f80c4000000 ---p 00000000 00:00 0 
7f80c4000000-7f80c60fd000 rw-p 00000000 00:00 0 
7f80c60fd000-7f80c8000000 ---p 00000000 00:00 0 
7f80c8000000-7f80c8caa000 rw-p 00000000 00:00 0 
7f80c8caa000-7f80cc000000 ---p 00000000 00:00 0 
7f80cc000000-7f80cc03d000 rw-p 00000000 00:00 0 
7f80cc03d000-7f80d0000000 ---p 00000000 00:00 0 
7f80d0000000-7f80d0021000 rw-p 00000000 00:00 0 
7f80d0021000-7f80d4000000 ---p 00000000 00:00 0 
7f80d4000000-7f80d4021000 rw-p 00000000 00:00 0 
7f80d4021000-7f80d8000000 ---p 00000000 00:00 0 
7f80da000000-7f80e7e70000 r--p 00000000 00:24 16857077                   /usr/lib/locale/locale-archive
7f80e8000000-7f80e8400000 rw-p 00000000 00:00 0 
7f80e8400000-7f80e8fc0000 rw-p 00000000 00:00 0 
7f80e8fc0000-7f80e9100000 rw-p 00000000 00:00 0 
7f80e9100000-7f80e91c0000 rw-p 00000000 00:00 0 
7f80e91c0000-7f80e9720000 rw-p 00000000 00:00 0 
7f80e9720000-7f80e9840000 rw-p 00000000 00:00 0 
7f80e9840000-7f80e9940000 rw-p 00000000 00:00 0 
7f80e9940000-7f80e9a60000 rw-p 00000000 00:00 0 
7f80e9a60000-7f80e9ae0000 rw-p 00000000 00:00 0 
7f80e9ae0000-7f80e9b80000 rw-p 00000000 00:00 0 
7f80e9b80000-7f80e9c00000 ---p 00000000 00:00 0 
7f80e9c00000-7f80e9f20000 rw-p 00000000 00:00 0 
7f80e9f20000-7f80ea1d0000 rw-p 00000000 00:00 0 
7f80ea1d0000-7f80ec000000 ---p 00000000 00:00 0 
7f80ec000000-7f80ec036000 rw-p 00000000 00:00 0 
7f80ec036000-7f80f0000000 ---p 00000000 00:00 0 
7f80f0000000-7f80f0021000 rw-p 00000000 00:00 0 
7f80f0021000-7f80f4000000 ---p 00000000 00:00 0 
7f80f4000000-7f80f4021000 rw-p 00000000 00:00 0 
7f80f4021000-7f80f8000000 ---p 00000000 00:00 0 
7f80f8000000-7f80f8021000 rw-p 00000000 00:00 0 
7f80f8021000-7f80fc000000 ---p 00000000 00:00 0 
7f80fc000000-7f80fc021000 rw-p 00000000 00:00 0 
7f80fc021000-7f8100000000 ---p 00000000 00:00 0 
7f8100000000-7f8100021000 rw-p 00000000 00:00 0 
7f8100021000-7f8104000000 ---p 00000000 00:00 0 
7f8104be9000-7f8104bf0000 r--s 00000000 00:24 17059797                   /usr/lib64/gconv/gconv-modules.cache
7f8104bf0000-7f8104bf2000 r-xp 00000000 00:00 0 
7f8104bf2000-7f8104bf3000 ---p 00000000 00:00 0 
7f8104bf3000-7f8104cf3000 rw-p 00000000 00:00 0 
7f8104cf3000-7f8104cf4000 ---p 00000000 00:00 0 
7f8104cf4000-7f8104df4000 rw-p 00000000 00:00 0 
7f8104df4000-7f8104df8000 ---p 00000000 00:00 0 
7f8104df8000-7f8104ef4000 rw-p 00000000 00:00 0 
7f8104ef4000-7f8104ef5000 ---p 00000000 00:00 0 
7f8104ef5000-7f8104ff5000 rw-p 00000000 00:00 0 
7f8104ff5000-7f8104ff6000 ---p 00000000 00:00 0 
7f8104ff6000-7f81050f6000 rw-p 00000000 00:00 0 
7f81050f6000-7f81050f7000 ---p 00000000 00:00 0 
7f81050f7000-7f81051f7000 rw-p 00000000 00:00 0 
7f81051f7000-7f81051f8000 ---p 00000000 00:00 0 
7f81051f8000-7f81052f8000 rw-p 00000000 00:00 0 
7f81052f8000-7f81052f9000 ---p 00000000 00:00 0 
7f81052f9000-7f81053f9000 rw-p 00000000 00:00 0 
7f81053f9000-7f81053fa000 ---p 00000000 00:00 0 
7f81053fa000-7f81054fa000 rw-p 00000000 00:00 0 
7f81054fa000-7f81054fb000 ---p 00000000 00:00 0 
7f81054fb000-7f81055fb000 rw-p 00000000 00:00 0 
7f81055fb000-7f81055fc000 ---p 00000000 00:00 0 
7f81055fc000-7f81056fc000 rw-p 00000000 00:00 0 
7f81056fc000-7f81056fd000 ---p 00000000 00:00 0 
7f81056fd000-7f81057fd000 rw-p 00000000 00:00 0 
7f81057fd000-7f81057fe000 ---p 00000000 00:00 0 
7f81057fe000-7f81058fe000 rw-p 00000000 00:00 0 
7f81058fe000-7f81058ff000 ---p 00000000 00:00 0 
7f81058ff000-7f81059ff000 rw-p 00000000 00:00 0 
7f81059ff000-7f8105a00000 ---p 00000000 00:00 0 
7f8105a00000-7f8105b00000 rw-p 00000000 00:00 0 
7f8105b00000-7f8105b04000 ---p 00000000 00:00 0 
7f8105b04000-7f8105c00000 rw-p 00000000 00:00 0 
7f8105c00000-7f8105c04000 ---p 00000000 00:00 0 
7f8105c04000-7f8105d00000 rw-p 00000000 00:00 0 
7f8105d00000-7f8105d04000 ---p 00000000 00:00 0 
7f8105d04000-7f8105e00000 rw-p 00000000 00:00 0 
7f8105e00000-7f8105e04000 ---p 00000000 00:00 0 
7f8105e04000-7f8105f00000 rw-p 00000000 00:00 0 
7f8105f00000-7f8105f04000 ---p 00000000 00:00 0 
7f8105f04000-7f8106000000 rw-p 00000000 00:00 0 
7f8106000000-7f8108021000 rw-p 00000000 00:00 0 
7f8108021000-7f810c000000 ---p 00000000 00:00 0 
7f810c000000-7f810c021000 rw-p 00000000 00:00 0 
7f810c021000-7f8110000000 ---p 00000000 00:00 0 
7f8110000000-7f8110021000 rw-p 00000000 00:00 0 
7f8110021000-7f8114000000 ---p 00000000 00:00 0 
7f8114000000-7f8114004000 ---p 00000000 00:00 0 
7f8114004000-7f8114100000 rw-p 00000000 00:00 0 
7f8114100000-7f8114104000 ---p 00000000 00:00 0 
7f8114104000-7f8114200000 rw-p 00000000 00:00 0 
7f8114200000-7f8114204000 ---p 00000000 00:00 0 
7f8114204000-7f8114300000 rw-p 00000000 00:00 0 
7f8114300000-7f8114304000 ---p 00000000 00:00 0 
7f8114304000-7f8114400000 rw-p 00000000 00:00 0 
7f8114400000-7f8114404000 ---p 00000000 00:00 0 
7f8114404000-7f8114500000 rw-p 00000000 00:00 0 
7f8114500000-7f8114504000 ---p 00000000 00:00 0 
7f8114504000-7f8114600000 rw-p 00000000 00:00 0 
7f8114600000-7f8114604000 ---p 00000000 00:00 0 
7f8114604000-7f8114700000 rw-p 00000000 00:00 0 
7f8114700000-7f8114704000 ---p 00000000 00:00 0 
7f8114704000-7f8114800000 rw-p 00000000 00:00 0 
7f8114800000-7f8114804000 ---p 00000000 00:00 0 
7f8114804000-7f8114900000 rw-p 00000000 00:00 0 
7f8114900000-7f8114904000 ---p 00000000 00:00 0 
7f8114904000-7f8114a00000 rw-p 00000000 00:00 0 
7f8114a00000-7f8114d20000 rw-p 00000000 00:00 0 
7f8114d20000-7f8114d60000 ---p 00000000 00:00 0 
7f8114d60000-7f8114da0000 rw-p 00000000 00:00 0 
7f8114da0000-7f8116460000 ---p 00000000 00:00 0 
7f8116460000-7f8116480000 rw-p 00000000 00:00 0 
7f8116480000-7f8116540000 ---p 00000000 00:00 0 
7f8116540000-7f8116560000 rw-p 00000000 00:00 0 
7f8116560000-7f81243e0000 ---p 00000000 00:00 0 
7f81243e0000-7f8124400000 rw-p 00000000 00:00 0 
7f8124400000-7f8124401000 r-xp 00000000 00:00 0 
7f8124401000-7f8124408000 r-xp 00000000 00:00 0 
7f8124408000-7f812440e000 r-xp 00000000 00:00 0 
7f812440e000-7f8124480000 r-xp 00000000 00:00 0 
7f8124480000-7f8124484000 ---p 00000000 00:00 0 
7f8124484000-7f8124580000 rw-p 00000000 00:00 0 
7f8124580000-7f81245e4000 rw-p 00000000 00:00 0 
7f81245e4000-7f81245ec000 ---p 00000000 00:00 0 
7f81245ec000-7f81245f4000 rw-p 00000000 00:00 0 
7f81245f4000-7f81248cc000 ---p 00000000 00:00 0 
7f81248cc000-7f81248d0000 rw-p 00000000 00:00 0 
7f81248d0000-7f81248e8000 ---p 00000000 00:00 0 
7f81248e8000-7f81248ec000 rw-p 00000000 00:00 0 
7f81248ec000-7f81264bc000 ---p 00000000 00:00 0 
7f81264bc000-7f8126524000 rw-p 00000000 00:00 0 
7f8126524000-7f812652c000 ---p 00000000 00:00 0 
7f812652c000-7f8126534000 rw-p 00000000 00:00 0 
7f8126534000-7f812680c000 ---p 00000000 00:00 0 
7f812680c000-7f8126810000 rw-p 00000000 00:00 0 
7f8126810000-7f8126828000 ---p 00000000 00:00 0 
7f8126828000-7f812682c000 rw-p 00000000 00:00 0 
7f812682c000-7f81283fc000 ---p 00000000 00:00 0 
7f81283fc000-7f8128400000 rw-p 00000000 00:00 0 
7f8128400000-7f812a260000 rwxp 00000000 00:00 0 
7f812a260000-7f812f85f000 ---p 00000000 00:00 0 
7f812f85f000-7f812fcaf000 rwxp 00000000 00:00 0 
7f812fcaf000-7f812ff9f000 ---p 00000000 00:00 0 
7f812ff9f000-7f813073f000 rwxp 00000000 00:00 0 
7f813073f000-7f8137400000 ---p 00000000 00:00 0 
7f8137400000-7f813ff14000 r--s 00000000 00:24 62088042                   /home/andreatp/.sdkman/candidates/java/25-tem/lib/modules
7f813ff14000-7f8140000000 r-xp 00000000 00:00 0 
7f8140000000-7f8141489000 rw-p 00000000 00:00 0 
7f8141489000-7f8144000000 ---p 00000000 00:00 0 
7f8144000000-7f814402e000 r-xp 00000000 00:00 0 
7f814402e000-7f8144030000 r--p 00000000 00:24 62087985                   /home/andreatp/.sdkman/candidates/java/25-tem/lib/libzip.so
7f8144030000-7f8144042000 r-xp 00002000 00:24 62087985                   /home/andreatp/.sdkman/candidates/java/25-tem/lib/libzip.so
7f8144042000-7f814404a000 r--p 00014000 00:24 62087985                   /home/andreatp/.sdkman/candidates/java/25-tem/lib/libzip.so
7f814404a000-7f814404b000 r--p 0001b000 00:24 62087985                   /home/andreatp/.sdkman/candidates/java/25-tem/lib/libzip.so
7f814404b000-7f814404c000 rw-p 0001c000 00:24 62087985                   /home/andreatp/.sdkman/candidates/java/25-tem/lib/libzip.so
7f814404c000-7f814404d000 r--p 00000000 00:24 62088018                   /home/andreatp/.sdkman/candidates/java/25-tem/lib/libsimdsort.so
7f814404d000-7f8144086000 r-xp 00001000 00:24 62088018                   /home/andreatp/.sdkman/candidates/java/25-tem/lib/libsimdsort.so
7f8144086000-7f814408c000 r--p 0003a000 00:24 62088018                   /home/andreatp/.sdkman/candidates/java/25-tem/lib/libsimdsort.so
7f814408c000-7f814408d000 r--p 0003f000 00:24 62088018                   /home/andreatp/.sdkman/candidates/java/25-tem/lib/libsimdsort.so
7f814408d000-7f814408e000 rw-p 00040000 00:24 62088018                   /home/andreatp/.sdkman/candidates/java/25-tem/lib/libsimdsort.so
7f814408e000-7f8144092000 ---p 00000000 00:00 0 
7f8144092000-7f814418e000 rw-p 00000000 00:00 0 
7f814418e000-7f8144192000 ---p 00000000 00:00 0 
7f8144192000-7f814428e000 rw-p 00000000 00:00 0 
7f814428e000-7f81443ab000 rw-p 00000000 00:00 0 
7f81443ab000-7f81443ac000 ---p 00000000 00:00 0 
7f81443ac000-7f81444ac000 rw-p 00000000 00:00 0 
7f81444ac000-7f81444ad000 ---p 00000000 00:00 0 
7f81444ad000-7f81445ad000 rw-p 00000000 00:00 0 
7f81445ad000-7f81445ae000 ---p 00000000 00:00 0 
7f81445ae000-7f81445b2000 ---p 00000000 00:00 0 
7f81445b2000-7f81446ae000 rw-p 00000000 00:00 0 
7f81446ae000-7f81446af000 ---p 00000000 00:00 0 
7f81446af000-7f81446b3000 ---p 00000000 00:00 0 
7f81446b3000-7f81447af000 rw-p 00000000 00:00 0 
7f81447af000-7f81447c3000 r-xp 00000000 00:00 0 
7f81447c3000-7f81447c5000 r--p 00000000 00:24 62088016                   /home/andreatp/.sdkman/candidates/java/25-tem/lib/libmanagement_ext.so
7f81447c5000-7f81447c8000 r-xp 00002000 00:24 62088016                   /home/andreatp/.sdkman/candidates/java/25-tem/lib/libmanagement_ext.so
7f81447c8000-7f81447c9000 r--p 00005000 00:24 62088016                   /home/andreatp/.sdkman/candidates/java/25-tem/lib/libmanagement_ext.so
7f81447c9000-7f81447ca000 r--p 00006000 00:24 62088016                   /home/andreatp/.sdkman/candidates/java/25-tem/lib/libmanagement_ext.so
7f81447ca000-7f81447cb000 rw-p 00007000 00:24 62088016                   /home/andreatp/.sdkman/candidates/java/25-tem/lib/libmanagement_ext.so
7f81447cb000-7f81447d3000 r--p 00000000 00:24 62088041                   /home/andreatp/.sdkman/candidates/java/25-tem/lib/libnio.so
7f81447d3000-7f81447dc000 r-xp 00008000 00:24 62088041                   /home/andreatp/.sdkman/candidates/java/25-tem/lib/libnio.so
7f81447dc000-7f81447e0000 r--p 00011000 00:24 62088041                   /home/andreatp/.sdkman/candidates/java/25-tem/lib/libnio.so
7f81447e0000-7f81447e1000 r--p 00015000 00:24 62088041                   /home/andreatp/.sdkman/candidates/java/25-tem/lib/libnio.so
7f81447e1000-7f81447e2000 rw-p 00016000 00:24 62088041                   /home/andreatp/.sdkman/candidates/java/25-tem/lib/libnio.so
7f81447e2000-7f81447e3000 ---p 00000000 00:00 0 
7f81447e3000-7f81448e3000 rw-p 00000000 00:00 0 
7f81448e3000-7f81448e4000 ---p 00000000 00:00 0 
7f81448e4000-7f81449e4000 rw-p 00000000 00:00 0 
7f81449e4000-7f81456f1000 rw-p 00000000 00:00 0 
7f81456f1000-7f81456f2000 ---p 00000000 00:00 0 
7f81456f2000-7f81457f2000 rw-p 00000000 00:00 0 
7f81457f2000-7f81457f3000 ---p 00000000 00:00 0 
7f81457f3000-7f81458f3000 rw-p 00000000 00:00 0 
7f81458f3000-7f81458f4000 ---p 00000000 00:00 0 
7f81458f4000-7f81459f4000 rw-p 00000000 00:00 0 
7f81459f4000-7f814684f000 rw-p 00000000 00:00 0 
7f814684f000-7f8146928000 ---p 00000000 00:00 0 
7f8146928000-7f8146965000 rw-p 00000000 00:00 0 
7f8146965000-7f8146a11000 ---p 00000000 00:00 0 
7f8146a11000-7f8146a15000 ---p 00000000 00:00 0 
7f8146a15000-7f8146b11000 rw-p 00000000 00:00 0 
7f8146b11000-7f8146b8e000 r-xp 00000000 00:24 16857124                   /usr/lib64/libm.so.6
7f8146b8e000-7f8146bfe000 r--p 0007d000 00:24 16857124                   /usr/lib64/libm.so.6
7f8146bfe000-7f8146bff000 r--p 000ec000 00:24 16857124                   /usr/lib64/libm.so.6
7f8146bff000-7f8146c00000 rw-p 000ed000 00:24 16857124                   /usr/lib64/libm.so.6
7f8146c00000-7f8146ee2000 r--p 00000000 00:24 62088004                   /home/andreatp/.sdkman/candidates/java/25-tem/lib/server/libjvm.so
7f8146ee2000-7f8147ee2000 r-xp 002e2000 00:24 62088004                   /home/andreatp/.sdkman/candidates/java/25-tem/lib/server/libjvm.so
7f8147ee2000-7f81481f2000 r--p 012e2000 00:24 62088004                   /home/andreatp/.sdkman/candidates/java/25-tem/lib/server/libjvm.so
7f81481f2000-7f81482dd000 r--p 015f2000 00:24 62088004                   /home/andreatp/.sdkman/candidates/java/25-tem/lib/server/libjvm.so
7f81482dd000-7f8148308000 rw-p 016dd000 00:24 62088004                   /home/andreatp/.sdkman/candidates/java/25-tem/lib/server/libjvm.so
7f8148308000-7f8148384000 rw-p 00000000 00:00 0 
7f8148384000-7f8148385000 r-xp 00000000 00:00 0 
7f8148385000-7f8148389000 r-xp 00000000 00:00 0 
7f8148389000-7f814838c000 r--p 00000000 00:24 62088001                   /home/andreatp/.sdkman/candidates/java/25-tem/lib/libnet.so
7f814838c000-7f8148394000 r-xp 00003000 00:24 62088001                   /home/andreatp/.sdkman/candidates/java/25-tem/lib/libnet.so
7f8148394000-7f8148396000 r--p 0000b000 00:24 62088001                   /home/andreatp/.sdkman/candidates/java/25-tem/lib/libnet.so
7f8148396000-7f8148397000 r--p 0000c000 00:24 62088001                   /home/andreatp/.sdkman/candidates/java/25-tem/lib/libnet.so
7f8148397000-7f8148398000 rw-p 0000d000 00:24 62088001                   /home/andreatp/.sdkman/candidates/java/25-tem/lib/libnet.so
7f8148398000-7f81483e0000 rw-p 00000000 00:00 0 
7f81483e0000-7f81483e6000 ---p 00000000 00:00 0 
7f81483e6000-7f81483f4000 r--p 00000000 00:24 62087993                   /home/andreatp/.sdkman/candidates/java/25-tem/lib/libjava.so
7f81483f4000-7f8148402000 r-xp 0000e000 00:24 62087993                   /home/andreatp/.sdkman/candidates/java/25-tem/lib/libjava.so
7f8148402000-7f8148407000 r--p 0001c000 00:24 62087993                   /home/andreatp/.sdkman/candidates/java/25-tem/lib/libjava.so
7f8148407000-7f8148408000 r--p 00021000 00:24 62087993                   /home/andreatp/.sdkman/candidates/java/25-tem/lib/libjava.so
7f8148408000-7f8148409000 rw-p 00022000 00:24 62087993                   /home/andreatp/.sdkman/candidates/java/25-tem/lib/libjava.so
7f8148409000-7f814840a000 rw-p 00000000 00:00 0 
7f814840a000-7f814840e000 r--p 00000000 00:24 62087996                   /home/andreatp/.sdkman/candidates/java/25-tem/lib/libjimage.so
7f814840e000-7f8148426000 r-xp 00004000 00:24 62087996                   /home/andreatp/.sdkman/candidates/java/25-tem/lib/libjimage.so
7f8148426000-7f814842c000 r--p 0001c000 00:24 62087996                   /home/andreatp/.sdkman/candidates/java/25-tem/lib/libjimage.so
7f814842c000-7f814842e000 r--p 00021000 00:24 62087996                   /home/andreatp/.sdkman/candidates/java/25-tem/lib/libjimage.so
7f814842e000-7f814842f000 rw-p 00023000 00:24 62087996                   /home/andreatp/.sdkman/candidates/java/25-tem/lib/libjimage.so
7f814842f000-7f8148430000 r-xp 00000000 00:24 16857132                   /usr/lib64/librt.so.1
7f8148430000-7f8148431000 r--p 00001000 00:24 16857132                   /usr/lib64/librt.so.1
7f8148431000-7f8148432000 r--p 00001000 00:24 16857132                   /usr/lib64/librt.so.1
7f8148432000-7f8148435000 rw-p 00000000 00:00 0 
7f8148435000-7f8148436000 r-xp 00000000 00:24 16857130                   /usr/lib64/libpthread.so.0
7f8148436000-7f8148437000 r--p 00001000 00:24 16857130                   /usr/lib64/libpthread.so.0
7f8148437000-7f8148438000 r--p 00001000 00:24 16857130                   /usr/lib64/libpthread.so.0
7f8148438000-7f8148439000 rw-p 00000000 00:00 0 
7f8148439000-7f814843a000 r-xp 00000000 00:24 16857123                   /usr/lib64/libdl.so.2
7f814843a000-7f814843b000 r--p 00001000 00:24 16857123                   /usr/lib64/libdl.so.2
7f814843b000-7f814843c000 r--p 00001000 00:24 16857123                   /usr/lib64/libdl.so.2
7f814843c000-7f814843d000 rw-p 00000000 00:00 0 
7f814843d000-7f81485ab000 r-xp 00000000 00:24 16857122                   /usr/lib64/libc.so.6
7f81485ab000-7f8148620000 r--p 0016e000 00:24 16857122                   /usr/lib64/libc.so.6
7f8148620000-7f8148624000 r--p 001e2000 00:24 16857122                   /usr/lib64/libc.so.6
7f8148624000-7f8148626000 rw-p 001e6000 00:24 16857122                   /usr/lib64/libc.so.6
7f8148626000-7f814862e000 rw-p 00000000 00:00 0 
7f814862e000-7f814862f000 r-xp 00000000 00:00 0 
7f814862f000-7f8148630000 r--p 00000000 00:24 62087997                   /home/andreatp/.sdkman/candidates/java/25-tem/lib/libsyslookup.so
7f8148630000-7f8148631000 r-xp 00001000 00:24 62087997                   /home/andreatp/.sdkman/candidates/java/25-tem/lib/libsyslookup.so
7f8148631000-7f8148632000 r--p 00002000 00:24 62087997                   /home/andreatp/.sdkman/candidates/java/25-tem/lib/libsyslookup.so
7f8148632000-7f8148633000 r--p 00002000 00:24 62087997                   /home/andreatp/.sdkman/candidates/java/25-tem/lib/libsyslookup.so
7f8148633000-7f8148634000 rw-p 00003000 00:24 62087997                   /home/andreatp/.sdkman/candidates/java/25-tem/lib/libsyslookup.so
7f8148634000-7f8148637000 r--p 00000000 00:24 62088022                   /home/andreatp/.sdkman/candidates/java/25-tem/lib/libmanagement.so
7f8148637000-7f8148638000 r-xp 00003000 00:24 62088022                   /home/andreatp/.sdkman/candidates/java/25-tem/lib/libmanagement.so
7f8148638000-7f8148639000 r--p 00004000 00:24 62088022                   /home/andreatp/.sdkman/candidates/java/25-tem/lib/libmanagement.so
7f8148639000-7f814863a000 r--p 00004000 00:24 62088022                   /home/andreatp/.sdkman/candidates/java/25-tem/lib/libmanagement.so
7f814863a000-7f814863b000 rw-p 00005000 00:24 62088022                   /home/andreatp/.sdkman/candidates/java/25-tem/lib/libmanagement.so
7f814863b000-7f8148643000 rw-s 00000000 00:2b 7214                       /tmp/hsperfdata_andreatp/144878
7f8148643000-7f8148644000 ---p 00000000 00:00 0 
7f8148644000-7f8148645000 r--p 00000000 00:00 0 
7f8148645000-7f8148646000 ---p 00000000 00:00 0 
7f8148646000-7f8148649000 r--p 00000000 00:24 62088010                   /home/andreatp/.sdkman/candidates/java/25-tem/lib/libjli.so
7f8148649000-7f814865a000 r-xp 00003000 00:24 62088010                   /home/andreatp/.sdkman/candidates/java/25-tem/lib/libjli.so
7f814865a000-7f8148661000 r--p 00014000 00:24 62088010                   /home/andreatp/.sdkman/candidates/java/25-tem/lib/libjli.so
7f8148661000-7f8148662000 r--p 0001a000 00:24 62088010                   /home/andreatp/.sdkman/candidates/java/25-tem/lib/libjli.so
7f8148662000-7f8148663000 rw-p 0001b000 00:24 62088010                   /home/andreatp/.sdkman/candidates/java/25-tem/lib/libjli.so
7f8148663000-7f8148665000 rw-p 00000000 00:00 0 
7f8148665000-7f8148669000 r--p 00000000 00:00 0                          [vvar]
7f8148669000-7f814866b000 r--p 00000000 00:00 0                          [vvar_vclock]
7f814866b000-7f814866d000 r-xp 00000000 00:00 0                          [vdso]
7f814866d000-7f8148697000 r-xp 00000000 00:24 16857119                   /usr/lib64/ld-linux-x86-64.so.2
7f8148697000-7f81486a2000 r--p 0002a000 00:24 16857119                   /usr/lib64/ld-linux-x86-64.so.2
7f81486a2000-7f81486a4000 r--p 00035000 00:24 16857119                   /usr/lib64/ld-linux-x86-64.so.2
7f81486a4000-7f81486a5000 rw-p 00037000 00:24 16857119                   /usr/lib64/ld-linux-x86-64.so.2
7f81486a5000-7f81486a6000 rw-p 00000000 00:00 0 
7fffdcb09000-7fffdcb2b000 rw-p 00000000 00:00 0                          [stack]
ffffffffff600000-ffffffffff601000 --xp 00000000 00:00 0                  [vsyscall]
Total number of mappings: 359

JVMTI agents: none


VM Arguments:
jvm_args: --enable-preview --enable-native-access=ALL-UNNAMED 
java_command: /home/andreatp/workspace/chicory2/cranelift-compiler/target/surefire/surefirebooter-20260311190336157_3.jar /home/andreatp/workspace/chicory2/cranelift-compiler/target/surefire 2026-03-11T19-03-36_092-jvmRun1 surefire-20260311190336157_1tmp surefire_0-20260311190336157_2tmp
java_class_path (initial): /home/andreatp/workspace/chicory2/cranelift-compiler/target/surefire/surefirebooter-20260311190336157_3.jar
Launcher Type: SUN_STANDARD

[Global flags]
     intx CICompilerCount                          = 12                                        {product} {ergonomic}
     uint ConcGCThreads                            = 3                                         {product} {ergonomic}
     uint G1ConcRefinementThreads                  = 13                                        {product} {ergonomic}
   size_t G1HeapRegionSize                         = 8388608                                   {product} {ergonomic}
   size_t InitialHeapSize                          = 1048576000                                {product} {ergonomic}
   size_t MarkStackSize                            = 4194304                                   {product} {ergonomic}
   size_t MarkStackSizeMax                         = 536870912                                 {product} {ergonomic}
   size_t MaxHeapSize                              = 16777216000                               {product} {ergonomic}
   size_t MaxNewSize                               = 10066329600                               {product} {ergonomic}
   size_t MinHeapDeltaBytes                        = 8388608                                   {product} {ergonomic}
   size_t MinHeapSize                              = 8388608                                   {product} {ergonomic}
    uintx NonNMethodCodeHeapSize                   = 7602176                                {pd product} {ergonomic}
    uintx NonProfiledCodeHeapSize                  = 122032128                              {pd product} {ergonomic}
    uintx ProfiledCodeHeapSize                     = 122023936                              {pd product} {ergonomic}
    uintx ReservedCodeCacheSize                    = 251658240                              {pd product} {ergonomic}
     bool SegmentedCodeCache                       = true                                      {product} {ergonomic}
   size_t SoftMaxHeapSize                          = 16777216000                            {manageable} {ergonomic}
     bool UseCompressedOops                        = true                           {product lp64_product} {ergonomic}
     bool UseG1GC                                  = true                                      {product} {ergonomic}

Logging:
Log output configuration:
 #0: stdout all=warning uptime,level,tags foldmultilines=false
 #1: stderr all=off uptime,level,tags foldmultilines=false

Release file:
IMPLEMENTOR="Eclipse Adoptium"
IMPLEMENTOR_VERSION="Temurin-25+36"
JAVA_RUNTIME_VERSION="25+36-LTS"
JAVA_VERSION="25"
JAVA_VERSION_DATE="2025-09-16"
LIBC="gnu"
MODULES="java.base java.compiler java.datatransfer java.xml java.prefs java.desktop java.instrument java.logging java.management java.security.sasl java.naming java.rmi java.management.rmi java.net.http java.scripting java.security.jgss java.transaction.xa java.sql java.sql.rowset java.xml.crypto java.se java.smartcardio jdk.accessibility jdk.internal.jvmstat jdk.attach jdk.charsets jdk.internal.opt jdk.zipfs jdk.compiler jdk.crypto.cryptoki jdk.crypto.ec jdk.dynalink jdk.internal.ed jdk.editpad jdk.internal.vm.ci jdk.graal.compiler jdk.graal.compiler.management jdk.hotspot.agent jdk.httpserver jdk.incubator.vector jdk.internal.le jdk.internal.md jdk.jartool jdk.javadoc jdk.jcmd jdk.management jdk.management.agent jdk.jconsole jdk.jdeps jdk.jdwp.agent jdk.jdi jdk.jfr jdk.jlink jdk.jpackage jdk.jshell jdk.jsobject jdk.jstatd jdk.localedata jdk.management.jfr jdk.naming.dns jdk.naming.rmi jdk.net jdk.nio.mapmode jdk.sctp jdk.security.auth jdk.security.jgss jdk.unsupported jdk.unsupported.desktop jdk.xml.dom"
OS_ARCH="x86_64"
OS_NAME="Linux"
SOURCE=".:git:ef82ae723551"
BUILD_SOURCE="git:b7337f50fb2a765519e79674ae790c2a7450149e"
BUILD_SOURCE_REPO="https://github.com/adoptium/temurin-build.git"
SOURCE_REPO="https://github.com/adoptium/jdk.git"
FULL_VERSION="25+36-LTS"
SEMANTIC_VERSION="25+36"
BUILD_INFO="OS: Linux Version: 6.8.0-1031-azure"
JVM_VARIANT="Hotspot"
JVM_VERSION="25+36-LTS"
IMAGE_TYPE="JDK"

Environment Variables:
JAVA_HOME=/home/andreatp/.sdkman/candidates/java/current
PATH=/home/andreatp/.jbang/bin:/home/andreatp/Downloads/google-cloud-sdk/bin:/home/andreatp/.pyenv/shims:/home/andreatp/.pyenv/bin:/home/andreatp/.nvm/versions/node/v24.2.0/bin:/home/andreatp/.sdkman/candidates/visualvm/current/bin:/home/andreatp/.sdkman/candidates/sbt/current/bin:/home/andreatp/.sdkman/candidates/maven/current/bin:/home/andreatp/.sdkman/candidates/jbang/current/bin:/home/andreatp/.sdkman/candidates/java/current/bin:/home/andreatp/.sdkman/candidates/gradle/current/bin:/home/andreatp/.local/share/swiftly/bin:/home/andreatp/.local/bin:/home/andreatp/.cargo/bin:/usr/local/bin:/usr/bin:/var/lib/snapd/snap/bin:/home/andreatp/.rvm/bin:/usr/local/go/bin:/home/andreatp/.wasmtime/bin:/home/andreatp/.cargo/bin:/home/andreatp/.rvm/bin
USERNAME=andreatp
SHELL=/usr/bin/zsh
DISPLAY=:0
LANG=en_US.UTF-8
TERM=dumb

Active Locale:
LC_ALL=en_US.UTF-8
LC_COLLATE=en_US.UTF-8
LC_CTYPE=en_US.UTF-8
LC_MESSAGES=en_US.UTF-8
LC_MONETARY=en_US.UTF-8
LC_NUMERIC=en_US.UTF-8
LC_TIME=en_US.UTF-8

Signal Handlers:
   SIGSEGV: crash_handler in libjvm.so, mask=11100100010111111101111111111110, flags=SA_RESTART|SA_SIGINFO, unblocked
    SIGBUS: crash_handler in libjvm.so, mask=11100100010111111101111111111110, flags=SA_RESTART|SA_SIGINFO, unblocked
    SIGFPE: crash_handler in libjvm.so, mask=11100100010111111101111111111110, flags=SA_RESTART|SA_SIGINFO, unblocked
   SIGPIPE: javaSignalHandler in libjvm.so, mask=11100100010111111101111111111110, flags=SA_RESTART|SA_SIGINFO, blocked
   SIGXFSZ: javaSignalHandler in libjvm.so, mask=11100100010111111101111111111110, flags=SA_RESTART|SA_SIGINFO, blocked
    SIGILL: crash_handler in libjvm.so, mask=11100100010111111101111111111110, flags=SA_RESTART|SA_SIGINFO, unblocked
   SIGUSR2: SR_handler in libjvm.so, mask=00000000000000000000000000000000, flags=SA_RESTART|SA_SIGINFO, blocked
    SIGHUP: UserHandler in libjvm.so, mask=11100100010111111101111111111110, flags=SA_RESTART|SA_SIGINFO, blocked
    SIGINT: UserHandler in libjvm.so, mask=11100100010111111101111111111110, flags=SA_RESTART|SA_SIGINFO, blocked
   SIGTERM: UserHandler in libjvm.so, mask=11100100010111111101111111111110, flags=SA_RESTART|SA_SIGINFO, blocked
   SIGQUIT: UserHandler in libjvm.so, mask=11100100010111111101111111111110, flags=SA_RESTART|SA_SIGINFO, blocked
   SIGTRAP: crash_handler in libjvm.so, mask=11100100010111111101111111111110, flags=SA_RESTART|SA_SIGINFO, unblocked


Compilation memory statistics disabled.

Periodic native trim disabled

---------------  S Y S T E M  ---------------

OS:
Fedora release 42 (Adams)
uname: Linux 6.18.8-100.fc42.x86_64 #1 SMP PREEMPT_DYNAMIC Fri Jan 30 19:22:23 UTC 2026 x86_64
OS uptime: 0 days 9:05 hours
libc: glibc 2.41 NPTL 2.41 
rlimit (soft/hard): STACK 12500k/infinity , CORE infinity/infinity , NPROC 255769/255769 , NOFILE 524288/524288 , AS infinity/infinity , CPU infinity/infinity , DATA infinity/infinity , FSIZE infinity/infinity , MEMLOCK 8192k/8192k
load average: 8.30 4.30 1.94

/proc/meminfo:
MemTotal:       65528664 kB
MemFree:        13500496 kB
MemAvailable:   39272780 kB
Buffers:           15960 kB
Cached:         30498672 kB
SwapCached:            0 kB
Active:         26999868 kB
Inactive:       17943092 kB
Active(anon):   19869312 kB
Inactive(anon):        0 kB
Active(file):    7130556 kB
Inactive(file): 17943092 kB
Unevictable:     4154632 kB
Mlocked:            5816 kB
SwapTotal:       8388604 kB
SwapFree:        8388604 kB
Zswap:                 0 kB
Zswapped:              0 kB
Dirty:             38272 kB
Writeback:             0 kB
AnonPages:      18583320 kB
Mapped:          2342004 kB
Shmem:           5436180 kB
KReclaimable:    1425964 kB
Slab:            2229124 kB
SReclaimable:    1425964 kB
SUnreclaim:       803160 kB
KernelStack:       59552 kB
PageTables:       222832 kB
SecPageTables:      4188 kB
NFS_Unstable:          0 kB
Bounce:                0 kB
WritebackTmp:          0 kB
CommitLimit:    41152936 kB
Committed_AS:   110072372 kB
VmallocTotal:   34359738367 kB
VmallocUsed:      190644 kB
VmallocChunk:          0 kB
Percpu:            15360 kB
HardwareCorrupted:     0 kB
AnonHugePages:         0 kB
ShmemHugePages:  4073472 kB
ShmemPmdMapped:        0 kB
FileHugePages:         0 kB
FilePmdMapped:         0 kB
CmaTotal:              0 kB
CmaFree:               0 kB
Unaccepted:            0 kB
Balloon:               0 kB
HugePages_Total:       0
HugePages_Free:        0
HugePages_Rsvd:        0
HugePages_Surp:        0
Hugepagesize:       2048 kB
Hugetlb:               0 kB
DirectMap4k:      452032 kB
DirectMap2M:    16021504 kB
DirectMap1G:    51380224 kB

/sys/kernel/mm/transparent_hugepage/enabled: always [madvise] never
/sys/kernel/mm/transparent_hugepage/hpage_pmd_size: 2097152
/sys/kernel/mm/transparent_hugepage/shmem_enabled: always within_size advise [never] deny force
/sys/kernel/mm/transparent_hugepage/defrag (defrag/compaction efforts parameter): always defer defer+madvise [madvise] never

Process Memory:
Virtual Size: 21407348K (peak: 21407444K)
Resident Set Size: 626708K (peak: 1438032K) (anon: 599932K, file: 26744K, shmem: 32K)
Swapped out: 0K
C-Heap outstanding allocations: 148208K, retained: 231347K
glibc malloc tunables: (default)

/proc/sys/kernel/threads-max (system-wide limit on the number of threads): 511538
/proc/sys/vm/max_map_count (maximum number of memory map areas a process may have): 1048576
/proc/sys/vm/swappiness (control to define how aggressively the kernel swaps out anonymous memory): 60
/proc/sys/kernel/pid_max (system-wide limit on number of process identifiers): 4194304

container information not found.
Steal ticks since vm start: 0
Steal ticks percentage since vm start:  0.000

CPU: total 16 (initial active 16) (8 cores per cpu, 2 threads per core) family 6 model 141 stepping 1 microcode 0x58, cx8, cmov, fxsr, ht, mmx, 3dnowpref, sse, sse2, sse3, ssse3, sse4.1, sse4.2, popcnt, lzcnt, tsc, tscinvbit, avx, avx2, aes, erms, clmul, bmi1, bmi2, adx, avx512f, avx512dq, avx512cd, avx512bw, avx512vl, sha, fma, vzeroupper, avx512_vpopcntdq, avx512_vpclmulqdq, avx512_vaes, avx512_vnni, clflush, clflushopt, clwb, avx512_vbmi2, avx512_vbmi, rdtscp, rdpid, fsrm, gfni, avx512_bitalg, f16c, pku, ospke, cet_ibt, cet_ss, avx512_ifma
CPU Model and flags from /proc/cpuinfo:
model name	: 11th Gen Intel(R) Core(TM) i7-11850H @ 2.50GHz
flags		: fpu vme de pse tsc msr pae mce cx8 apic sep mtrr pge mca cmov pat pse36 clflush dts acpi mmx fxsr sse sse2 ss ht tm pbe syscall nx pdpe1gb rdtscp lm constant_tsc art arch_perfmon pebs bts rep_good nopl xtopology nonstop_tsc cpuid aperfmperf tsc_known_freq pni pclmulqdq dtes64 monitor ds_cpl vmx smx est tm2 ssse3 sdbg fma cx16 xtpr pdcm pcid sse4_1 sse4_2 x2apic movbe popcnt tsc_deadline_timer aes xsave avx f16c rdrand lahf_lm abm 3dnowprefetch cpuid_fault epb cat_l2 cdp_l2 ssbd ibrs ibpb stibp ibrs_enhanced tpr_shadow flexpriority ept vpid ept_ad fsgsbase tsc_adjust bmi1 avx2 smep bmi2 erms invpcid rdt_a avx512f avx512dq rdseed adx smap avx512ifma clflushopt clwb intel_pt avx512cd sha_ni avx512bw avx512vl xsaveopt xsavec xgetbv1 xsaves split_lock_detect user_shstk dtherm ida arat pln pts hwp hwp_notify hwp_act_window hwp_epp hwp_pkg_req vnmi avx512vbmi umip pku ospke avx512_vbmi2 gfni vaes vpclmulqdq avx512_vnni avx512_bitalg avx512_vpopcntdq rdpid movdiri movdir64b fsrm avx512_vp2intersect md_clear ibt flush_l1d arch_capabilities

Online cpus: 0-15
Offline cpus: 
BIOS frequency limitation: <Not Available>
Frequency switch latency (ns): 0
Available cpu frequencies: <Not Available>
Current governor: powersave
Core performance/turbo boost: <Not Available>

Memory: 4k page, physical 65528664k(39272780k free), swap 8388604k(8388604k free)
Page Sizes: 4k

vm_info: OpenJDK 64-Bit Server VM (25+36-LTS) for linux-amd64 JRE (25+36-LTS), built on 2025-09-16T00:00:00Z with gcc 14.2.0

END.
