#
# A fatal error has been detected by the Java Runtime Environment:
#
#  SIGSEGV (0xb) at pc=0x00007f2347e7d034, pid=147674, tid=147676
#
# JRE version: OpenJDK Runtime Environment Temurin-25+36 (25.0+36) (build 25+36-LTS)
# Java VM: OpenJDK 64-Bit Server VM Temurin-25+36 (25+36-LTS, mixed mode, sharing, tiered, compressed oops, compressed class ptrs, g1 gc, linux-amd64)
# Problematic frame:
# C  0x00007f2347e7d034
#
# Core dump will be written. Default location: Core dumps may be processed with "/usr/lib/systemd/systemd-coredump %P %u %g %s %t %c %h %d %F" (or dumping to /home/andreatp/workspace/chicory2/cranelift-compiler/core.147674)
#
# If you would like to submit a bug report, please visit:
#   https://github.com/adoptium/adoptium-support/issues
# The crash happened outside the Java Virtual Machine in native code.
# See problematic frame for where to report the bug.
#

---------------  S U M M A R Y ------------

Command Line: --enable-preview --enable-native-access=ALL-UNNAMED /home/andreatp/workspace/chicory2/cranelift-compiler/target/surefire/surefirebooter-20260311191113413_3.jar /home/andreatp/workspace/chicory2/cranelift-compiler/target/surefire 2026-03-11T19-11-13_338-jvmRun1 surefire-20260311191113413_1tmp surefire_0-20260311191113413_2tmp

Host: 11th Gen Intel(R) Core(TM) i7-11850H @ 2.50GHz, 16 cores, 62G, Fedora release 42 (Adams)
Time: Wed Mar 11 19:11:30 2026 WET elapsed time: 17.292297 seconds (0d 0h 0m 17s)

---------------  T H R E A D  ---------------

Current thread (0x00007f23a002b840):  JavaThread "main"             [_thread_in_native, id=147676, stack(0x00007f23a4500000,0x00007f23a4600000) (1024K)]

Stack: [0x00007f23a4500000,0x00007f23a4600000],  sp=0x00007f23a45fc570,  free space=1009k
Native frames: (J=compiled Java code, j=interpreted, Vv=VM code, C=native code)
C  0x00007f2347e7d034
v  ~RuntimeStub::nep_invoker_blob 0x00007f238fbc681d
j  java.lang.invoke.LambdaForm$MH+0x000000000c1ae400.invoke(Ljava/lang/Object;JJJ)V+12 java.base@25
j  java.lang.invoke.LambdaForm$MH+0x000000000c1b8800.invokeExact_MT(Ljava/lang/Object;JJJLjava/lang/Object;)V+23 java.base@25
j  jdk.internal.foreign.abi.DowncallStub+0x000000000c1ae800.invoke(Ljava/lang/foreign/SegmentAllocator;Ljava/lang/foreign/MemorySegment;Ljava/lang/foreign/MemorySegment;Ljava/lang/foreign/MemorySegment;)V+113 java.base@25
j  java.lang.invoke.DirectMethodHandle$Holder.invokeStatic(Ljava/lang/Object;Ljava/lang/Object;Ljava/lang/Object;Ljava/lang/Object;Ljava/lang/Object;)V+16 java.base@25
j  java.lang.invoke.LambdaForm$MH+0x000000000c1b8000.invoke(Ljava/lang/Object;Ljava/lang/Object;Ljava/lang/Object;)Ljava/lang/Object;+76 java.base@25
J 7652 c1 java.lang.invoke.LambdaForm$MH+0x000000000c1b5800.invoke(Ljava/lang/Object;Ljava/lang/Object;Ljava/lang/Object;)Ljava/lang/Object; java.base@25 (56 bytes) @ 0x00007f2389cbb2f4 [0x00007f2389cba880+0x0000000000000a74]
J 9099 c1 java.lang.invoke.MethodHandle.invokeWithArguments([Ljava/lang/Object;)Ljava/lang/Object; java.base@25 (32 bytes) @ 0x00007f238860947c [0x00007f2388608d80+0x00000000000006fc]
J 9022 c1 com.dylibso.chicory.cranelift.compiler.NativeMachine.call(I[J)[J (669 bytes) @ 0x00007f238a18b304 [0x00007f238a185d00+0x0000000000005604]
J 5968 c2 com.dylibso.chicory.runtime.Instance$Exports$$Lambda+0x000000000c12a940.apply([J)[J (13 bytes) @ 0x00007f239038d47c [0x00007f239038d200+0x000000000000027c]
j  com.dylibso.chicory.test.gen.SpecV1MemoryGrowTest.lambda$test4$0(Lcom/dylibso/chicory/runtime/ExportFunction;)V+7
j  com.dylibso.chicory.test.gen.SpecV1MemoryGrowTest$$Lambda+0x000000000c2988c0.execute()V+4
J 7212 c1 org.junit.jupiter.api.AssertThrows.assertThrows(Ljava/lang/Class;Lorg/junit/jupiter/api/function/Executable;Ljava/lang/Object;)Ljava/lang/Throwable; (85 bytes) @ 0x00007f2389b738fc [0x00007f2389b73800+0x00000000000000fc]
J 7210 c1 org.junit.jupiter.api.Assertions.assertThrows(Ljava/lang/Class;Lorg/junit/jupiter/api/function/Executable;)Ljava/lang/Throwable; (6 bytes) @ 0x00007f2389b7359c [0x00007f2389b73500+0x000000000000009c]
j  com.dylibso.chicory.test.gen.SpecV1MemoryGrowTest.test4()V+20
J 8340 c2 java.lang.invoke.LambdaForm$DMH+0x000000000c0fc000.invokeVirtual(Ljava/lang/Object;Ljava/lang/Object;)V java.base@25 (14 bytes) @ 0x00007f2390622840 [0x00007f2390622800+0x0000000000000040]
J 8339 c2 java.lang.invoke.LambdaForm$MH+0x000000000c0fc800.invoke(Ljava/lang/Object;Ljava/lang/Object;)Ljava/lang/Object; java.base@25 (36 bytes) @ 0x00007f2390622574 [0x00007f2390622500+0x0000000000000074]
J 8090 c2 org.junit.platform.commons.util.ReflectionUtils.invokeMethod(Ljava/lang/reflect/Method;Ljava/lang/Object;[Ljava/lang/Object;)Ljava/lang/Object; (55 bytes) @ 0x00007f2390585e64 [0x00007f2390585600+0x0000000000000864]
J 8111 c2 org.junit.jupiter.engine.execution.InvocationInterceptorChain$InterceptedInvocation.proceed()Ljava/lang/Object; (18 bytes) @ 0x00007f239058f04c [0x00007f239058e880+0x00000000000007cc]
J 8330 c2 org.junit.jupiter.engine.descriptor.TestMethodTestDescriptor$$Lambda+0x000000000c0f8458.execute()V (16 bytes) @ 0x00007f239064c3f0 [0x00007f239064b300+0x00000000000010f0]
J 8312 c2 org.junit.platform.engine.support.hierarchical.ThrowableCollector.execute(Lorg/junit/platform/engine/support/hierarchical/ThrowableCollector$Executable;)V (20 bytes) @ 0x00007f23905fafc0 [0x00007f23905faf80+0x0000000000000040]
J 8257 c2 org.junit.platform.engine.support.hierarchical.SameThreadHierarchicalTestExecutorService$$Lambda+0x000000000c0e3100.accept(Ljava/lang/Object;)V (10 bytes) @ 0x00007f2390624668 [0x00007f2390623700+0x0000000000000f68]
J 2407 c2 java.util.ArrayList.forEach(Ljava/util/function/Consumer;)V java.base@25 (74 bytes) @ 0x00007f23900abb64 [0x00007f23900aba80+0x00000000000000e4]
j  org.junit.platform.engine.support.hierarchical.SameThreadHierarchicalTestExecutorService.invokeAll(Ljava/util/List;)V+6
J 8257 c2 org.junit.platform.engine.support.hierarchical.SameThreadHierarchicalTestExecutorService$$Lambda+0x000000000c0e3100.accept(Ljava/lang/Object;)V (10 bytes) @ 0x00007f2390626784 [0x00007f2390623700+0x0000000000003084]
J 2407 c2 java.util.ArrayList.forEach(Ljava/util/function/Consumer;)V java.base@25 (74 bytes) @ 0x00007f23900abb64 [0x00007f23900aba80+0x00000000000000e4]
j  org.junit.platform.engine.support.hierarchical.SameThreadHierarchicalTestExecutorService.invokeAll(Ljava/util/List;)V+6
j  org.junit.platform.engine.support.hierarchical.NodeTestTask.lambda$executeRecursively$6()V+116
j  org.junit.platform.engine.support.hierarchical.NodeTestTask$$Lambda+0x000000000c0e25c0.execute()V+4
j  org.junit.platform.engine.support.hierarchical.ThrowableCollector.execute(Lorg/junit/platform/engine/support/hierarchical/ThrowableCollector$Executable;)V+1
j  org.junit.platform.engine.support.hierarchical.NodeTestTask.lambda$executeRecursively$8(Lorg/junit/platform/engine/support/hierarchical/EngineExecutionContext;)V+15
j  org.junit.platform.engine.support.hierarchical.NodeTestTask$$Lambda+0x000000000c0e2390.invoke(Lorg/junit/platform/engine/support/hierarchical/EngineExecutionContext;)V+5
j  org.junit.platform.engine.support.hierarchical.Node.around(Lorg/junit/platform/engine/support/hierarchical/EngineExecutionContext;Lorg/junit/platform/engine/support/hierarchical/Node$Invocation;)V+2
j  org.junit.platform.engine.support.hierarchical.NodeTestTask.lambda$executeRecursively$9()V+14
j  org.junit.platform.engine.support.hierarchical.NodeTestTask$$Lambda+0x000000000c0e2160.execute()V+4
j  org.junit.platform.engine.support.hierarchical.ThrowableCollector.execute(Lorg/junit/platform/engine/support/hierarchical/ThrowableCollector$Executable;)V+1
j  org.junit.platform.engine.support.hierarchical.NodeTestTask.executeRecursively()V+31
j  org.junit.platform.engine.support.hierarchical.NodeTestTask.execute()V+55
j  org.junit.platform.engine.support.hierarchical.SameThreadHierarchicalTestExecutorService.submit(Lorg/junit/platform/engine/support/hierarchical/HierarchicalTestExecutorService$TestTask;)Ljava/util/concurrent/Future;+1
j  org.junit.platform.engine.support.hierarchical.HierarchicalTestExecutor.execute()Ljava/util/concurrent/Future;+74
j  org.junit.platform.engine.support.hierarchical.HierarchicalTestEngine.execute(Lorg/junit/platform/engine/ExecutionRequest;)V+31
j  org.junit.platform.launcher.core.EngineExecutionOrchestrator.executeEngine(Lorg/junit/platform/engine/TestDescriptor;Lorg/junit/platform/engine/EngineExecutionListener;Lorg/junit/platform/engine/ConfigurationParameters;Lorg/junit/platform/engine/TestEngine;Lorg/junit/platform/engine/OutputDirectoryCreator;Lorg/junit/platform/launcher/core/DiscoveryIssueNotifier;Lorg/junit/platform/engine/support/store/NamespacedHierarchicalStore;)V+24
j  org.junit.platform.launcher.core.EngineExecutionOrchestrator.failOrExecuteEngine(Lorg/junit/platform/launcher/core/LauncherDiscoveryResult;Lorg/junit/platform/engine/EngineExecutionListener;Lorg/junit/platform/engine/TestEngine;Lorg/junit/platform/engine/support/store/NamespacedHierarchicalStore;)V+124
j  org.junit.platform.launcher.core.EngineExecutionOrchestrator.execute(Lorg/junit/platform/launcher/core/LauncherDiscoveryResult;Lorg/junit/platform/engine/EngineExecutionListener;Lorg/junit/platform/engine/support/store/NamespacedHierarchicalStore;)V+68
j  org.junit.platform.launcher.core.EngineExecutionOrchestrator.execute(Lorg/junit/platform/launcher/core/InternalTestPlan;Lorg/junit/platform/engine/EngineExecutionListener;Lorg/junit/platform/launcher/TestExecutionListener;Lorg/junit/platform/engine/support/store/NamespacedHierarchicalStore;)V+57
j  org.junit.platform.launcher.core.EngineExecutionOrchestrator.lambda$execute$0(Lorg/junit/platform/launcher/core/InternalTestPlan;Lorg/junit/platform/engine/support/store/NamespacedHierarchicalStore;Lorg/junit/platform/launcher/TestExecutionListener;)V+7
j  org.junit.platform.launcher.core.EngineExecutionOrchestrator$$Lambda+0x000000000c0d16e0.accept(Ljava/lang/Object;)V+16
j  org.junit.platform.launcher.core.EngineExecutionOrchestrator.withInterceptedStreams(Lorg/junit/platform/engine/ConfigurationParameters;Lorg/junit/platform/launcher/core/ListenerRegistry;Ljava/util/function/Consumer;)V+51
j  org.junit.platform.launcher.core.EngineExecutionOrchestrator.execute(Lorg/junit/platform/launcher/core/InternalTestPlan;Lorg/junit/platform/engine/support/store/NamespacedHierarchicalStore;[Lorg/junit/platform/launcher/TestExecutionListener;)V+26
j  org.junit.platform.launcher.core.DefaultLauncher.execute(Lorg/junit/platform/launcher/core/InternalTestPlan;[Lorg/junit/platform/launcher/TestExecutionListener;)V+12
j  org.junit.platform.launcher.core.DefaultLauncher.execute(Lorg/junit/platform/launcher/LauncherDiscoveryRequest;[Lorg/junit/platform/launcher/TestExecutionListener;)V+34
j  org.junit.platform.launcher.core.DelegatingLauncher.execute(Lorg/junit/platform/launcher/LauncherDiscoveryRequest;[Lorg/junit/platform/launcher/TestExecutionListener;)V+6
j  org.junit.platform.launcher.core.InterceptingLauncher.lambda$execute$1(Lorg/junit/platform/launcher/LauncherDiscoveryRequest;[Lorg/junit/platform/launcher/TestExecutionListener;)Ljava/lang/Object;+3
j  org.junit.platform.launcher.core.InterceptingLauncher$$Lambda+0x000000000c0d14b0.proceed()Ljava/lang/Object;+12
j  org.junit.platform.launcher.core.ClasspathAlignmentCheckingLauncherInterceptor.intercept(Lorg/junit/platform/launcher/LauncherInterceptor$Invocation;)Ljava/lang/Object;+1
j  org.junit.platform.launcher.core.InterceptingLauncher.execute(Lorg/junit/platform/launcher/LauncherDiscoveryRequest;[Lorg/junit/platform/launcher/TestExecutionListener;)V+12
j  org.junit.platform.launcher.core.DelegatingLauncher.execute(Lorg/junit/platform/launcher/LauncherDiscoveryRequest;[Lorg/junit/platform/launcher/TestExecutionListener;)V+6
j  org.apache.maven.surefire.junitplatform.LauncherAdapter.executeWithoutCancellationToken(Lorg/junit/platform/launcher/LauncherDiscoveryRequest;[Lorg/junit/platform/launcher/TestExecutionListener;)V+6
j  org.apache.maven.surefire.junitplatform.LauncherAdapter.execute(Lorg/junit/platform/launcher/LauncherDiscoveryRequest;[Lorg/junit/platform/launcher/TestExecutionListener;)V+10
j  org.apache.maven.surefire.junitplatform.JUnitPlatformProvider.execute(Lorg/apache/maven/surefire/junitplatform/LauncherAdapter;Lorg/apache/maven/surefire/api/util/TestsToRun;Lorg/apache/maven/surefire/junitplatform/RunListenerAdapter;)V+61
j  org.apache.maven.surefire.junitplatform.JUnitPlatformProvider.invokeAllTests(Lorg/apache/maven/surefire/junitplatform/LauncherAdapter;Lorg/apache/maven/surefire/api/util/TestsToRun;Lorg/apache/maven/surefire/junitplatform/RunListenerAdapter;)V+36
j  org.apache.maven.surefire.junitplatform.JUnitPlatformProvider.invoke(Ljava/lang/Object;)Lorg/apache/maven/surefire/api/suite/RunResult;+144
j  org.apache.maven.surefire.booter.ForkedBooter.runSuitesInProcess()V+8
j  org.apache.maven.surefire.booter.ForkedBooter.execute()V+1
j  org.apache.maven.surefire.booter.ForkedBooter.run(Lorg/apache/maven/surefire/booter/ForkedBooter;[Ljava/lang/String;)V+27
j  org.apache.maven.surefire.booter.ForkedBooter.main([Ljava/lang/String;)V+10
v  ~StubRoutines::call_stub 0x00007f238f85ffa6
V  [libjvm.so+0xa21400]  JavaCalls::call_helper(JavaValue*, methodHandle const&, JavaCallArguments*, JavaThread*)+0x2b0
V  [libjvm.so+0xaeae76]  jni_invoke_static(JNIEnv_*, JavaValue*, _jobject*, JNICallType, _jmethodID*, JNI_ArgumentPusher*, JavaThread*) [clone .constprop.1]+0x396
V  [libjvm.so+0xaedd31]  jni_CallStaticVoidMethod+0x161
C  [libjli.so+0xa73a]  invokeStaticMainWithArgs+0x4a
C  [libjli.so+0xb7c0]  JavaMain+0xeb0
C  [libjli.so+0xed49]  ThreadJavaMain+0x9
C  [libc.so.6+0x71f14]  start_thread+0x2e4
Java frames: (J=compiled Java code, j=interpreted, Vv=VM code)
v  ~RuntimeStub::nep_invoker_blob 0x00007f238fbc67e4
j  java.lang.invoke.LambdaForm$MH+0x000000000c1ae400.invoke(Ljava/lang/Object;JJJ)V+12 java.base@25
j  java.lang.invoke.LambdaForm$MH+0x000000000c1b8800.invokeExact_MT(Ljava/lang/Object;JJJLjava/lang/Object;)V+23 java.base@25
j  jdk.internal.foreign.abi.DowncallStub+0x000000000c1ae800.invoke(Ljava/lang/foreign/SegmentAllocator;Ljava/lang/foreign/MemorySegment;Ljava/lang/foreign/MemorySegment;Ljava/lang/foreign/MemorySegment;)V+113 java.base@25
j  java.lang.invoke.DirectMethodHandle$Holder.invokeStatic(Ljava/lang/Object;Ljava/lang/Object;Ljava/lang/Object;Ljava/lang/Object;Ljava/lang/Object;)V+16 java.base@25
j  java.lang.invoke.LambdaForm$MH+0x000000000c1b8000.invoke(Ljava/lang/Object;Ljava/lang/Object;Ljava/lang/Object;)Ljava/lang/Object;+76 java.base@25
J 7652 c1 java.lang.invoke.LambdaForm$MH+0x000000000c1b5800.invoke(Ljava/lang/Object;Ljava/lang/Object;Ljava/lang/Object;)Ljava/lang/Object; java.base@25 (56 bytes) @ 0x00007f2389cbb2f4 [0x00007f2389cba880+0x0000000000000a74]
J 9099 c1 java.lang.invoke.MethodHandle.invokeWithArguments([Ljava/lang/Object;)Ljava/lang/Object; java.base@25 (32 bytes) @ 0x00007f238860947c [0x00007f2388608d80+0x00000000000006fc]
J 9022 c1 com.dylibso.chicory.cranelift.compiler.NativeMachine.call(I[J)[J (669 bytes) @ 0x00007f238a18b304 [0x00007f238a185d00+0x0000000000005604]
J 5968 c2 com.dylibso.chicory.runtime.Instance$Exports$$Lambda+0x000000000c12a940.apply([J)[J (13 bytes) @ 0x00007f239038d47c [0x00007f239038d200+0x000000000000027c]
j  com.dylibso.chicory.test.gen.SpecV1MemoryGrowTest.lambda$test4$0(Lcom/dylibso/chicory/runtime/ExportFunction;)V+7
j  com.dylibso.chicory.test.gen.SpecV1MemoryGrowTest$$Lambda+0x000000000c2988c0.execute()V+4
J 7212 c1 org.junit.jupiter.api.AssertThrows.assertThrows(Ljava/lang/Class;Lorg/junit/jupiter/api/function/Executable;Ljava/lang/Object;)Ljava/lang/Throwable; (85 bytes) @ 0x00007f2389b738fc [0x00007f2389b73800+0x00000000000000fc]
J 7210 c1 org.junit.jupiter.api.Assertions.assertThrows(Ljava/lang/Class;Lorg/junit/jupiter/api/function/Executable;)Ljava/lang/Throwable; (6 bytes) @ 0x00007f2389b7359c [0x00007f2389b73500+0x000000000000009c]
j  com.dylibso.chicory.test.gen.SpecV1MemoryGrowTest.test4()V+20
J 8340 c2 java.lang.invoke.LambdaForm$DMH+0x000000000c0fc000.invokeVirtual(Ljava/lang/Object;Ljava/lang/Object;)V java.base@25 (14 bytes) @ 0x00007f2390622840 [0x00007f2390622800+0x0000000000000040]
J 8339 c2 java.lang.invoke.LambdaForm$MH+0x000000000c0fc800.invoke(Ljava/lang/Object;Ljava/lang/Object;)Ljava/lang/Object; java.base@25 (36 bytes) @ 0x00007f2390622574 [0x00007f2390622500+0x0000000000000074]
J 8090 c2 org.junit.platform.commons.util.ReflectionUtils.invokeMethod(Ljava/lang/reflect/Method;Ljava/lang/Object;[Ljava/lang/Object;)Ljava/lang/Object; (55 bytes) @ 0x00007f2390585e64 [0x00007f2390585600+0x0000000000000864]
J 8111 c2 org.junit.jupiter.engine.execution.InvocationInterceptorChain$InterceptedInvocation.proceed()Ljava/lang/Object; (18 bytes) @ 0x00007f239058f04c [0x00007f239058e880+0x00000000000007cc]
J 8330 c2 org.junit.jupiter.engine.descriptor.TestMethodTestDescriptor$$Lambda+0x000000000c0f8458.execute()V (16 bytes) @ 0x00007f239064c3f0 [0x00007f239064b300+0x00000000000010f0]
J 8312 c2 org.junit.platform.engine.support.hierarchical.ThrowableCollector.execute(Lorg/junit/platform/engine/support/hierarchical/ThrowableCollector$Executable;)V (20 bytes) @ 0x00007f23905fafc0 [0x00007f23905faf80+0x0000000000000040]
J 8257 c2 org.junit.platform.engine.support.hierarchical.SameThreadHierarchicalTestExecutorService$$Lambda+0x000000000c0e3100.accept(Ljava/lang/Object;)V (10 bytes) @ 0x00007f2390624668 [0x00007f2390623700+0x0000000000000f68]
J 2407 c2 java.util.ArrayList.forEach(Ljava/util/function/Consumer;)V java.base@25 (74 bytes) @ 0x00007f23900abb64 [0x00007f23900aba80+0x00000000000000e4]
j  org.junit.platform.engine.support.hierarchical.SameThreadHierarchicalTestExecutorService.invokeAll(Ljava/util/List;)V+6
J 8257 c2 org.junit.platform.engine.support.hierarchical.SameThreadHierarchicalTestExecutorService$$Lambda+0x000000000c0e3100.accept(Ljava/lang/Object;)V (10 bytes) @ 0x00007f2390626784 [0x00007f2390623700+0x0000000000003084]
J 2407 c2 java.util.ArrayList.forEach(Ljava/util/function/Consumer;)V java.base@25 (74 bytes) @ 0x00007f23900abb64 [0x00007f23900aba80+0x00000000000000e4]
j  org.junit.platform.engine.support.hierarchical.SameThreadHierarchicalTestExecutorService.invokeAll(Ljava/util/List;)V+6
j  org.junit.platform.engine.support.hierarchical.NodeTestTask.lambda$executeRecursively$6()V+116
j  org.junit.platform.engine.support.hierarchical.NodeTestTask$$Lambda+0x000000000c0e25c0.execute()V+4
j  org.junit.platform.engine.support.hierarchical.ThrowableCollector.execute(Lorg/junit/platform/engine/support/hierarchical/ThrowableCollector$Executable;)V+1
j  org.junit.platform.engine.support.hierarchical.NodeTestTask.lambda$executeRecursively$8(Lorg/junit/platform/engine/support/hierarchical/EngineExecutionContext;)V+15
j  org.junit.platform.engine.support.hierarchical.NodeTestTask$$Lambda+0x000000000c0e2390.invoke(Lorg/junit/platform/engine/support/hierarchical/EngineExecutionContext;)V+5
j  org.junit.platform.engine.support.hierarchical.Node.around(Lorg/junit/platform/engine/support/hierarchical/EngineExecutionContext;Lorg/junit/platform/engine/support/hierarchical/Node$Invocation;)V+2
j  org.junit.platform.engine.support.hierarchical.NodeTestTask.lambda$executeRecursively$9()V+14
j  org.junit.platform.engine.support.hierarchical.NodeTestTask$$Lambda+0x000000000c0e2160.execute()V+4
j  org.junit.platform.engine.support.hierarchical.ThrowableCollector.execute(Lorg/junit/platform/engine/support/hierarchical/ThrowableCollector$Executable;)V+1
j  org.junit.platform.engine.support.hierarchical.NodeTestTask.executeRecursively()V+31
j  org.junit.platform.engine.support.hierarchical.NodeTestTask.execute()V+55
j  org.junit.platform.engine.support.hierarchical.SameThreadHierarchicalTestExecutorService.submit(Lorg/junit/platform/engine/support/hierarchical/HierarchicalTestExecutorService$TestTask;)Ljava/util/concurrent/Future;+1
j  org.junit.platform.engine.support.hierarchical.HierarchicalTestExecutor.execute()Ljava/util/concurrent/Future;+74
j  org.junit.platform.engine.support.hierarchical.HierarchicalTestEngine.execute(Lorg/junit/platform/engine/ExecutionRequest;)V+31
j  org.junit.platform.launcher.core.EngineExecutionOrchestrator.executeEngine(Lorg/junit/platform/engine/TestDescriptor;Lorg/junit/platform/engine/EngineExecutionListener;Lorg/junit/platform/engine/ConfigurationParameters;Lorg/junit/platform/engine/TestEngine;Lorg/junit/platform/engine/OutputDirectoryCreator;Lorg/junit/platform/launcher/core/DiscoveryIssueNotifier;Lorg/junit/platform/engine/support/store/NamespacedHierarchicalStore;)V+24
j  org.junit.platform.launcher.core.EngineExecutionOrchestrator.failOrExecuteEngine(Lorg/junit/platform/launcher/core/LauncherDiscoveryResult;Lorg/junit/platform/engine/EngineExecutionListener;Lorg/junit/platform/engine/TestEngine;Lorg/junit/platform/engine/support/store/NamespacedHierarchicalStore;)V+124
j  org.junit.platform.launcher.core.EngineExecutionOrchestrator.execute(Lorg/junit/platform/launcher/core/LauncherDiscoveryResult;Lorg/junit/platform/engine/EngineExecutionListener;Lorg/junit/platform/engine/support/store/NamespacedHierarchicalStore;)V+68
j  org.junit.platform.launcher.core.EngineExecutionOrchestrator.execute(Lorg/junit/platform/launcher/core/InternalTestPlan;Lorg/junit/platform/engine/EngineExecutionListener;Lorg/junit/platform/launcher/TestExecutionListener;Lorg/junit/platform/engine/support/store/NamespacedHierarchicalStore;)V+57
j  org.junit.platform.launcher.core.EngineExecutionOrchestrator.lambda$execute$0(Lorg/junit/platform/launcher/core/InternalTestPlan;Lorg/junit/platform/engine/support/store/NamespacedHierarchicalStore;Lorg/junit/platform/launcher/TestExecutionListener;)V+7
j  org.junit.platform.launcher.core.EngineExecutionOrchestrator$$Lambda+0x000000000c0d16e0.accept(Ljava/lang/Object;)V+16
j  org.junit.platform.launcher.core.EngineExecutionOrchestrator.withInterceptedStreams(Lorg/junit/platform/engine/ConfigurationParameters;Lorg/junit/platform/launcher/core/ListenerRegistry;Ljava/util/function/Consumer;)V+51
j  org.junit.platform.launcher.core.EngineExecutionOrchestrator.execute(Lorg/junit/platform/launcher/core/InternalTestPlan;Lorg/junit/platform/engine/support/store/NamespacedHierarchicalStore;[Lorg/junit/platform/launcher/TestExecutionListener;)V+26
j  org.junit.platform.launcher.core.DefaultLauncher.execute(Lorg/junit/platform/launcher/core/InternalTestPlan;[Lorg/junit/platform/launcher/TestExecutionListener;)V+12
j  org.junit.platform.launcher.core.DefaultLauncher.execute(Lorg/junit/platform/launcher/LauncherDiscoveryRequest;[Lorg/junit/platform/launcher/TestExecutionListener;)V+34
j  org.junit.platform.launcher.core.DelegatingLauncher.execute(Lorg/junit/platform/launcher/LauncherDiscoveryRequest;[Lorg/junit/platform/launcher/TestExecutionListener;)V+6
j  org.junit.platform.launcher.core.InterceptingLauncher.lambda$execute$1(Lorg/junit/platform/launcher/LauncherDiscoveryRequest;[Lorg/junit/platform/launcher/TestExecutionListener;)Ljava/lang/Object;+3
j  org.junit.platform.launcher.core.InterceptingLauncher$$Lambda+0x000000000c0d14b0.proceed()Ljava/lang/Object;+12
j  org.junit.platform.launcher.core.ClasspathAlignmentCheckingLauncherInterceptor.intercept(Lorg/junit/platform/launcher/LauncherInterceptor$Invocation;)Ljava/lang/Object;+1
j  org.junit.platform.launcher.core.InterceptingLauncher.execute(Lorg/junit/platform/launcher/LauncherDiscoveryRequest;[Lorg/junit/platform/launcher/TestExecutionListener;)V+12
j  org.junit.platform.launcher.core.DelegatingLauncher.execute(Lorg/junit/platform/launcher/LauncherDiscoveryRequest;[Lorg/junit/platform/launcher/TestExecutionListener;)V+6
j  org.apache.maven.surefire.junitplatform.LauncherAdapter.executeWithoutCancellationToken(Lorg/junit/platform/launcher/LauncherDiscoveryRequest;[Lorg/junit/platform/launcher/TestExecutionListener;)V+6
j  org.apache.maven.surefire.junitplatform.LauncherAdapter.execute(Lorg/junit/platform/launcher/LauncherDiscoveryRequest;[Lorg/junit/platform/launcher/TestExecutionListener;)V+10
j  org.apache.maven.surefire.junitplatform.JUnitPlatformProvider.execute(Lorg/apache/maven/surefire/junitplatform/LauncherAdapter;Lorg/apache/maven/surefire/api/util/TestsToRun;Lorg/apache/maven/surefire/junitplatform/RunListenerAdapter;)V+61
j  org.apache.maven.surefire.junitplatform.JUnitPlatformProvider.invokeAllTests(Lorg/apache/maven/surefire/junitplatform/LauncherAdapter;Lorg/apache/maven/surefire/api/util/TestsToRun;Lorg/apache/maven/surefire/junitplatform/RunListenerAdapter;)V+36
j  org.apache.maven.surefire.junitplatform.JUnitPlatformProvider.invoke(Ljava/lang/Object;)Lorg/apache/maven/surefire/api/suite/RunResult;+144
j  org.apache.maven.surefire.booter.ForkedBooter.runSuitesInProcess()V+8
j  org.apache.maven.surefire.booter.ForkedBooter.execute()V+1
j  org.apache.maven.surefire.booter.ForkedBooter.run(Lorg/apache/maven/surefire/booter/ForkedBooter;[Ljava/lang/String;)V+27
j  org.apache.maven.surefire.booter.ForkedBooter.main([Ljava/lang/String;)V+10
v  ~StubRoutines::call_stub 0x00007f238f85ffa6

siginfo: si_signo: 11 (SIGSEGV), si_code: 2 (SEGV_ACCERR), si_addr: 0x00007f23a1090da0

Registers:
RAX=0x00007f23490a1420, RBX=0x00007f23490a1420, RCX=0x00007f23a0db9f30, RDX=0x00007f23a1080da0
RSP=0x00007f23a45fc570, RBP=0x00007f23a45fc570, RSI=0x00007f23a0db9f30, RDI=0x00007f23a1080da0
R8 =0x000000041b82a710, R9 =0x00000007ffd98ac8, R10=0x00007f2347e7d030, R11=0x00007f23902ba300
R12=0x0000000000000000, R13=0x00007f23a45fc598, R14=0x00007f23a45fc660, R15=0x00007f23a002b840
RIP=0x00007f2347e7d034, EFLAGS=0x0000000000010283, CSGSFS=0x002b000000000033, ERR=0x0000000000000006
  TRAPNO=0x000000000000000e

XMM[0]=0x0000000000000000 0x0000000000000000
XMM[1]=0x0000000000000000 0xffeab2a3ffeab2a3
XMM[2]=0x0000000000000000 0x0000000000000001
XMM[3]=0x0000000000000000 0x0000000000000000
XMM[4]=0x0000000000000000 0x00000004851c0438
XMM[5]=0x0000000000000000 0x00000000ffea8251
XMM[6]=0x0000000000000000 0x00000000ffeab2a3
XMM[7]=0x0000000000000000 0x0000000485165bd0
XMM[8]=0x060001edb32cd937 0xf852d974a2c147d2
XMM[9]=0xef207f96ef207f96 0xef207f96bc93d830
XMM[10]=0x0000000000000000 0x00000000cd73589a
XMM[11]=0x546f9f27546f9f27 0x546f9f2711037757
XMM[12]=0x0000000000000000 0x00000000bc93d830
XMM[13]=0x0000000000000000 0x0000000000000000
XMM[14]=0x0000000000000000 0x000000000000fff9
XMM[15]=0x0000000000000000 0x00000000fffde93a
  MXCSR=0x00001fbf


Register to memory mapping:

RAX={method} {0x00007f23490a1420} 'linkToNative' '(JJJLjava/lang/Object;)V' in 'java/lang/invoke/MethodHandle'
RBX={method} {0x00007f23490a1420} 'linkToNative' '(JJJLjava/lang/Object;)V' in 'java/lang/invoke/MethodHandle'
RCX=0x00007f23a0db9f30 points into unknown readable memory: 0x00007f23a1080dc0 | c0 0d 08 a1 23 7f 00 00
RDX=0x00007f23a1080da0 points into unknown readable memory: 0x0000000000000002 | 02 00 00 00 00 00 00 00
RSP=0x00007f23a45fc570 is pointing into the stack for thread: 0x00007f23a002b840
RBP=0x00007f23a45fc570 is pointing into the stack for thread: 0x00007f23a002b840
RSI=0x00007f23a0db9f30 points into unknown readable memory: 0x00007f23a1080dc0 | c0 0d 08 a1 23 7f 00 00
RDI=0x00007f23a1080da0 points into unknown readable memory: 0x0000000000000002 | 02 00 00 00 00 00 00 00
R8 =0x000000041b82a710 is an oop: jdk.internal.foreign.abi.NativeEntryPoint 
{0x000000041b82a710} - klass: 'jdk/internal/foreign/abi/NativeEntryPoint' - flags: 

 - ---- fields (total size 3 words):
 - private final 'methodType' 'Ljava/lang/invoke/MethodType;' @12  a 'java/lang/invoke/MethodType'{0x000000041b812d88} = (JJJ)V (0x837025b1)
 - private final 'downcallStubAddress' 'J' @16  139790712072160 (0x00007f238fbc67e0)
R9 =0x00000007ffd98ac8 is an oop: jdk.internal.foreign.NativeMemorySegmentImpl 
{0x00000007ffd98ac8} - klass: 'jdk/internal/foreign/NativeMemorySegmentImpl' - flags: 

 - ---- fields (total size 5 words):
 - final 'readOnly' 'Z' @12  false (0x00)
 - final 'length' 'J' @16  0 (0x0000000000000000)
 - final 'scope' 'Ljdk/internal/foreign/MemorySessionImpl;' @24  a 'jdk/internal/foreign/SharedSession'{0x00000007ffd98a50} (0xfffb314a)
 - final 'min' 'J' @32  139791002242464 (0x00007f23a1080da0)
R10=0x00007f2347e7d030 points into unknown readable memory: 0x000087c7e5894855 | 55 48 89 e5 c7 87 00 00
R11=0x00007f23902ba300 is at entry_point+0 in (nmethod*)0x00007f23902ba208
Compiled method (n/a) 17300 4647     n 0       java.lang.invoke.MethodHandle::linkToNative(JJJL)V (native)
 total in heap  [0x00007f23902ba208,0x00007f23902ba308] = 256
 main code      [0x00007f23902ba300,0x00007f23902ba307] = 7
 stub code      [0x00007f23902ba307,0x00007f23902ba308] = 1
R12=0x0 is null
R13=0x00007f23a45fc598 is pointing into the stack for thread: 0x00007f23a002b840
R14=0x00007f23a45fc660 is pointing into the stack for thread: 0x00007f23a002b840
R15=0x00007f23a002b840 is a thread

Top of Stack: (sp=0x00007f23a45fc570)
0x00007f23a45fc570:   00007f23a45fc580 00007f238fbc681d   .._.#....h..#...
0x00007f23a45fc580:   00007f23a45fc618 00007f238f867438   .._.#...8t..#...
0x00007f23a45fc590:   00007f238f867438 000000041b82a710   8t..#...........
0x00007f23a45fc5a0:   00007f23a0db9f30 0000000000000000   0...#...........
0x00007f23a45fc5b0:   00007f23a1080da0 0000000000000000   ....#...........
0x00007f23a45fc5c0:   00007f2347e7d030 0000000000000000   0..G#...........
0x00007f23a45fc5d0:   fffffffffffffff7 00007f23499e5654   ........TV.I#...
0x00007f23a45fc5e0:   0000000000000009 00007f23499e5800   .........X.I#...
0x00007f23a45fc5f0:   0000000000000000 000000041b82a678   ........x.......
0x00007f23a45fc600:   00007f23499e5660 fffffffffffffff0   `V.I#...........
0x00007f23a45fc610:   00007f23a45fc630 00007f23a45fc6b0   0._.#....._.#...
0x00007f23a45fc620:   00007f238f867438 000000041b82a710   8t..#...........
0x00007f23a45fc630:   00007f23a0db9f30 0000000000000000   0...#...........
0x00007f23a45fc640:   00007f23a1080da0 0000000000000000   ....#...........
0x00007f23a45fc650:   00007f2347e7d030 0000000000000000   0..G#...........
0x00007f23a45fc660:   000000041b8270f0 fffffffffffffff7   .p..............
0x00007f23a45fc670:   00007f23499f5e9f 0000000000000009   .^.I#...........
0x00007f23a45fc680:   00007f23499f6068 0000000000000000   h`.I#...........
0x00007f23a45fc690:   000000041b84fd80 00007f23499f5eb0   .........^.I#...
0x00007f23a45fc6a0:   fffffffffffffff0 00007f23a45fc6c0   .........._.#...
0x00007f23a45fc6b0:   00007f23a45fc748 00007f238f867438   H._.#...8t..#...
0x00007f23a45fc6c0:   000000041b812d88 00007f23a0db9f30   .-......0...#...
0x00007f23a45fc6d0:   0000000000000000 00007f23a1080da0   ............#...
0x00007f23a45fc6e0:   0000000000000000 00007f2347e7d030   ........0..G#...
0x00007f23a45fc6f0:   0000000000000000 000000041b8270f0   .........p......
0x00007f23a45fc700:   fffffffffffffff7 00007f23499e60a9   .........`.I#...
0x00007f23a45fc710:   000000000000000f 00007f23499e6288   .........b.I#...
0x00007f23a45fc720:   0000000000000000 000000041b827018   .........p......
0x00007f23a45fc730:   00007f23499e5f38 ffffffffffffffef   8_.I#...........
0x00007f23a45fc740:   00007f23a45fc7a0 00007f23a45fc810   .._.#....._.#...
0x00007f23a45fc750:   00007f238f867438 00000007ff5737f0   8t..#....7W.....
0x00007f23a45fc760:   00000007ff573d98 00000007ffd98a50   .=W.....P.......

Instructions: (pc=0x00007f2347e7d034)
  0x00007f2347e7cf34:   00 00 00 00 00 00 00 00 00 00 00 00 00 00 00 00
  0x00007f2347e7cf44:   00 00 00 00 00 00 00 00 00 00 00 00 00 00 00 00
  0x00007f2347e7cf54:   00 00 00 00 00 00 00 00 00 00 00 00 00 00 00 00
  0x00007f2347e7cf64:   00 00 00 00 00 00 00 00 00 00 00 00 00 00 00 00
  0x00007f2347e7cf74:   00 00 00 00 00 00 00 00 00 00 00 00 00 00 00 00
  0x00007f2347e7cf84:   00 00 00 00 00 00 00 00 00 00 00 00 00 00 00 00
  0x00007f2347e7cf94:   00 00 00 00 00 00 00 00 00 00 00 00 00 00 00 00
  0x00007f2347e7cfa4:   00 00 00 00 00 00 00 00 00 00 00 00 00 00 00 00
  0x00007f2347e7cfb4:   00 00 00 00 00 00 00 00 00 00 00 00 00 00 00 00
  0x00007f2347e7cfc4:   00 00 00 00 00 00 00 00 00 00 00 00 00 00 00 00
  0x00007f2347e7cfd4:   00 00 00 00 00 00 00 00 00 00 00 00 00 00 00 00
  0x00007f2347e7cfe4:   00 00 00 00 00 00 00 00 00 00 00 00 00 00 00 00
  0x00007f2347e7cff4:   00 00 00 00 00 00 00 00 00 00 00 00 55 48 89 e5
  0x00007f2347e7d004:   8b 07 48 89 ec 5d c3 00 00 00 00 00 55 48 89 e5
  0x00007f2347e7d014:   c7 07 02 00 00 00 48 89 ec 5d c3 00 55 48 89 e5
  0x00007f2347e7d024:   8b 87 00 00 01 00 48 89 ec 5d c3 00 55 48 89 e5
=>0x00007f2347e7d034:   c7 87 00 00 01 00 03 00 00 00 48 89 ec 5d c3 00
  0x00007f2347e7d044:   00 00 00 00 00 00 00 00 00 00 00 00 55 48 89 e5
  0x00007f2347e7d054:   48 83 ec 10 4c 89 24 24 89 56 24 4c 8b 8e d0 00
  0x00007f2347e7d064:   00 00 49 89 f4 4c 89 e7 41 ff d1 4c 89 e6 4c 8b
  0x00007f2347e7d074:   8e e0 00 00 00 4c 8b 24 24 48 83 c4 10 48 89 ec
  0x00007f2347e7d084:   5d c3 00 00 00 00 00 00 00 00 00 00 55 48 89 e5
  0x00007f2347e7d094:   8b 86 d8 00 00 00 48 89 ec 5d c3 00 00 00 00 00
  0x00007f2347e7d0a4:   00 00 00 00 00 00 00 00 00 00 00 00 00 00 00 00
  0x00007f2347e7d0b4:   00 00 00 00 00 00 00 00 00 00 00 00 00 00 00 00
  0x00007f2347e7d0c4:   00 00 00 00 00 00 00 00 00 00 00 00 00 00 00 00
  0x00007f2347e7d0d4:   00 00 00 00 00 00 00 00 00 00 00 00 00 00 00 00
  0x00007f2347e7d0e4:   00 00 00 00 00 00 00 00 00 00 00 00 00 00 00 00
  0x00007f2347e7d0f4:   00 00 00 00 00 00 00 00 00 00 00 00 00 00 00 00
  0x00007f2347e7d104:   00 00 00 00 00 00 00 00 00 00 00 00 00 00 00 00
  0x00007f2347e7d114:   00 00 00 00 00 00 00 00 00 00 00 00 00 00 00 00
  0x00007f2347e7d124:   00 00 00 00 00 00 00 00 00 00 00 00 00 00 00 00


Stack slot to memory mapping:

stack at sp + 0 slots: 0x00007f23a45fc580 is pointing into the stack for thread: 0x00007f23a002b840
stack at sp + 1 slots: 0x00007f238fbc681d is at code_begin+61 in 
[CodeBlob kind:6 (0x00007f238fbc6788)]
Framesize: 2
Runtime Stub (0x00007f238fbc6788): nep_invoker_blob
--------------------------------------------------------------------------------
Decoding CodeBlob, name: nep_invoker_blob, at  [0x00007f238fbc67e0, 0x00007f238fbc68c8]  232 bytes
[MachCode]
  0x00007f238fbc67e0: 5548 8bec | c5f8 7749 | 89af 9004 | 0000 49ba | e467 bc8f | 237f 0000 | 4d89 9788 | 0400 0049 
  0x00007f238fbc6800: 89a7 8004 | 0000 41c7 | 872c 0500 | 0004 0000 | 004c 8bd6 | 488b f148 | 8bfa 41ff | d2c5 f877 
  0x00007f238fbc6820: 41c7 872c | 0500 0005 | 0000 00f0 | 8344 24c0 | 0049 3b6f | 280f 874d | 0000 0041 | 83bf 2805 
  0x00007f238fbc6840: 0000 000f | 853f 0000 | 0041 c787 | 2c05 0000 | 0800 0000 | 4183 bfa8 | 0500 0002 | 0f84 4400 
  0x00007f238fbc6860: 0000 49c7 | 8780 0400 | 0000 0000 | 0049 c787 | 9004 0000 | 0000 0000 | 49c7 8788 | 0400 0000 
  0x00007f238fbc6880: 0000 00c5 | f877 c9c3 | 498b ffc5 | f877 4c8b | e448 83ec | 0048 83e4 | f0e8 d260 | 4715 498b 
  0x00007f238fbc68a0: e44d 33e4 | eba3 c5f8 | 774c 8be4 | 4883 ec00 | 4883 e4f0 | e857 7298 | 1549 8be4 | 4d33 e4eb 
  0x00007f238fbc68c0: a1f4 f4f4 | f4f4 f4f4 
[/MachCode]
--------------------------------------------------------------------------------
stack at sp + 2 slots: 0x00007f23a45fc618 is pointing into the stack for thread: 0x00007f23a002b840
stack at sp + 3 slots: 0x00007f238f867438 is at code_begin+1272 in an Interpreter codelet
return entry points  [0x00007f238f866f40, 0x00007f238f867bb8]  3192 bytes
stack at sp + 4 slots: 0x00007f238f867438 is at code_begin+1272 in an Interpreter codelet
return entry points  [0x00007f238f866f40, 0x00007f238f867bb8]  3192 bytes
stack at sp + 5 slots: 0x000000041b82a710 is an oop: jdk.internal.foreign.abi.NativeEntryPoint 
{0x000000041b82a710} - klass: 'jdk/internal/foreign/abi/NativeEntryPoint' - flags: 

 - ---- fields (total size 3 words):
 - private final 'methodType' 'Ljava/lang/invoke/MethodType;' @12  a 'java/lang/invoke/MethodType'{0x000000041b812d88} = (JJJ)V (0x837025b1)
 - private final 'downcallStubAddress' 'J' @16  139790712072160 (0x00007f238fbc67e0)
stack at sp + 6 slots: 0x00007f23a0db9f30 points into unknown readable memory: 0x00007f23a1080dc0 | c0 0d 08 a1 23 7f 00 00
stack at sp + 7 slots: 0x0 is null

Lock stack of current Java thread (top to bottom):

--------------------------------------------------------------------------------
Decoding CodeBlob, name: nep_invoker_blob, at  [0x00007f238fbc67e0, 0x00007f238fbc68c8]  232 bytes
[MachCode]
  0x00007f238fbc67e0: 5548 8bec | c5f8 7749 | 89af 9004 | 0000 49ba | e467 bc8f | 237f 0000 | 4d89 9788 | 0400 0049 
  0x00007f238fbc6800: 89a7 8004 | 0000 41c7 | 872c 0500 | 0004 0000 | 004c 8bd6 | 488b f148 | 8bfa 41ff | d2c5 f877 
  0x00007f238fbc6820: 41c7 872c | 0500 0005 | 0000 00f0 | 8344 24c0 | 0049 3b6f | 280f 874d | 0000 0041 | 83bf 2805 
  0x00007f238fbc6840: 0000 000f | 853f 0000 | 0041 c787 | 2c05 0000 | 0800 0000 | 4183 bfa8 | 0500 0002 | 0f84 4400 
  0x00007f238fbc6860: 0000 49c7 | 8780 0400 | 0000 0000 | 0049 c787 | 9004 0000 | 0000 0000 | 49c7 8788 | 0400 0000 
  0x00007f238fbc6880: 0000 00c5 | f877 c9c3 | 498b ffc5 | f877 4c8b | e448 83ec | 0048 83e4 | f0e8 d260 | 4715 498b 
  0x00007f238fbc68a0: e44d 33e4 | eba3 c5f8 | 774c 8be4 | 4883 ec00 | 4883 e4f0 | e857 7298 | 1549 8be4 | 4d33 e4eb 
  0x00007f238fbc68c0: a1f4 f4f4 | f4f4 f4f4 
[/MachCode]
--------------------------------------------------------------------------------


Compiled method (c1) 17306 7652       3       java.lang.invoke.LambdaForm$MH/0x000000000c1b5800::invoke (56 bytes)
 total in heap  [0x00007f2389cba788,0x00007f2389cbb550] = 3528
 main code      [0x00007f2389cba880,0x00007f2389cbb4c0] = 3136
 stub code      [0x00007f2389cbb4c0,0x00007f2389cbb548] = 136
 oops           [0x00007f2389cbb548,0x00007f2389cbb550] = 8
 mutable data [0x00007f231002b1d0,0x00007f231002b2d8] = 264
 relocation     [0x00007f231002b1d0,0x00007f231002b2b0] = 224
 metadata       [0x00007f231002b2b0,0x00007f231002b2d8] = 40
 immutable data [0x00007f231002aeb0,0x00007f231002b1c0] = 784
 dependencies   [0x00007f231002aeb0,0x00007f231002aec0] = 16
 nul chk table  [0x00007f231002aec0,0x00007f231002aef8] = 56
 scopes pcs     [0x00007f231002aef8,0x00007f231002b078] = 384
 scopes data    [0x00007f231002b078,0x00007f231002b1c0] = 328

[Constant Pool (empty)]

[MachCode]
[Verified Entry Point]
  # {method} {0x00007f23499f3f60} 'invoke' '(Ljava/lang/Object;Ljava/lang/Object;Ljava/lang/Object;)Ljava/lang/Object;' in 'java/lang/invoke/LambdaForm$MH+0x000000000c1b5800'
  # parm0:    rsi:rsi   = 'java/lang/Object'
  # parm1:    rdx:rdx   = 'java/lang/Object'
  # parm2:    rcx:rcx   = 'java/lang/Object'
  #           [sp+0xb0]  (sp of caller)
  0x00007f2389cba880: 8984 2400 | c0fe ff55 | 4881 eca0 | 0000 0090 | 4181 7f20 | 0500 0000 

  0x00007f2389cba898: ;   {runtime_call Stub::method_entry_barrier}
  0x00007f2389cba898: 7405 e821 

  0x00007f2389cba89c: ;   {metadata(method data for {method} {0x00007f23499f3f60} 'invoke' '(Ljava/lang/Object;Ljava/lang/Object;Ljava/lang/Object;)Ljava/lang/Object;' in 'java/lang/invoke/LambdaForm$MH+0x000000000c1b5800')}
  0x00007f2389cba89c: cdbd 0548 | bf00 20ea | 4923 7f00 | 0048 8dbf | f002 0000 | 4885 f675 | 0cf6 0701 | 7548 f048 
  0x00007f2389cba8bc: 830f 01eb | 418b 5e08 | 41ba 0000 | 000b 4903 | da4c 8bd3 | 4833 1f48 | f7c3 fcff | ffff 7426 
  0x00007f2389cba8dc: f6c3 0275 | 2148 f707 | feff ffff | 7415 498b | da48 331f | 48f7 c3fc | ffff ff74 | 0948 830f 
  0x00007f2389cba8fc: 02eb 0348 | 891f 4885 | d275 0ef6 | 4710 0175 | 4ef0 4883 | 4f10 01eb | 468b 5a08 | 41ba 0000 
  0x00007f2389cba91c: 000b 4903 | da4c 8bd3 | 4833 5f10 | 48f7 c3fc | ffff ff74 | 2af6 c302 | 7525 48f7 | 4710 feff 
  0x00007f2389cba93c: ffff 7417 | 498b da48 | 335f 1048 | f7c3 fcff | ffff 740b | 4883 4f10 | 02eb 0448 

  0x00007f2389cba958: ;   {metadata(method data for {method} {0x00007f23499f3f60} 'invoke' '(Ljava/lang/Object;Ljava/lang/Object;Ljava/lang/Object;)Ljava/lang/Object;' in 'java/lang/invoke/LambdaForm$MH+0x000000000c1b5800')}
  0x00007f2389cba958: 895f 1048 | bf00 20ea | 4923 7f00 | 008b 9f90 | 0000 0083 | c302 899f | 9000 0000 | 81e3 fe07 
  0x00007f2389cba978: 0000 85db | 0f84 f109 | 0000 4889 | 5424 6048 | 8974 2458 

  0x00007f2389cba98c: ;   {metadata(method data for {method} {0x00007f23499f3f60} 'invoke' '(Ljava/lang/Object;Ljava/lang/Object;Ljava/lang/Object;)Ljava/lang/Object;' in 'java/lang/invoke/LambdaForm$MH+0x000000000c1b5800')}
  0x00007f2389cba98c: 48bf 0020 | ea49 237f | 0000 488d | bfe8 0000 | 0048 85c9 | 750e f647 | 0801 754e | f048 834f 
  0x00007f2389cba9ac: 0801 eb46 | 8b59 0841 | ba00 0000 | 0b49 03da | 4c8b d348 | 335f 0848 | f7c3 fcff | ffff 742a 
  0x00007f2389cba9cc: f6c3 0275 | 2548 f747 | 08fe ffff | ff74 1749 | 8bda 4833 | 5f08 48f7 | c3fc ffff | ff74 0b48 
  0x00007f2389cba9ec: 834f 0802 | eb04 4889 

  0x00007f2389cba9f4: ;   {metadata(method data for {method} {0x00007f23499f3f60} 'invoke' '(Ljava/lang/Object;Ljava/lang/Object;Ljava/lang/Object;)Ljava/lang/Object;' in 'java/lang/invoke/LambdaForm$MH+0x000000000c1b5800')}
  0x00007f2389cba9f4: 5f08 48bf | 0020 ea49 | 237f 0000 | 4883 87d8 | 0000 0001 | 488b f1ba | 0200 0000 | 4889 4c24 
  0x00007f2389cbaa14: ;   {static_call}
  0x00007f2389cbaa14: 5066 90e8 

  0x00007f2389cbaa18: ; ImmutableOopMap {[80]=Oop [88]=Oop [96]=Oop }
                      ;*invokestatic checkSpreadArgument {reexecute=0 rethrow=0 return_oop=0}
                      ; - java.lang.invoke.LambdaForm$MH/0x000000000c1b5800::invoke@2
  0x00007f2389cbaa18: e4f2 a006 

  0x00007f2389cbaa1c: ;   {post_call_nop}
  0x00007f2389cbaa1c: 0f1f 8400 | 9402 0000 | 488b 4c24 | 5048 85c9 

  0x00007f2389cbaa2c: ;   {metadata(method data for {method} {0x00007f23499f3f60} 'invoke' '(Ljava/lang/Object;Ljava/lang/Object;Ljava/lang/Object;)Ljava/lang/Object;' in 'java/lang/invoke/LambdaForm$MH+0x000000000c1b5800')}
  0x00007f2389cbaa2c: 48bf 0020 | ea49 237f | 0000 750c | 808f f900 | 0000 01e9 | a700 0000 | 8b59 0841 | ba00 0000 
  0x00007f2389cbaa4c: 0b49 03da | 483b 9f08 | 0100 0075 | 0d48 8387 | 1001 0000 | 01e9 6000 | 0000 483b | 9f18 0100 
  0x00007f2389cbaa6c: 0075 0d48 | 8387 2001 | 0000 01e9 | 4a00 0000 | 4883 bf08 | 0100 0000 | 7517 4889 | 9f08 0100 
  0x00007f2389cbaa8c: 0048 c787 | 1001 0000 | 0100 0000 | e929 0000 | 0048 83bf | 1801 0000 | 0075 1748 | 899f 1801 
  0x00007f2389cbaaac: 0000 48c7 | 8720 0100 | 0001 0000 | 00e9 0800 | 0000 4883 | 8700 0100 

  0x00007f2389cbaac4: ;   {metadata('java/lang/Object'[])}
  0x00007f2389cbaac4: 0001 48bb | e01f 170b | 0000 0000 | 8b79 0841 | ba00 0000 | 0b49 03fa | 483b 5f38 | 0f85 ae08 
  0x00007f2389cbaae4: 0000 e900 | 0000 0048 | 8bd1 837a | 0c00 0f86 | af08 0000 | 8b7a 1048 | c1e7 0383 | 7a0c 010f 
  0x00007f2389cbab04: 86b0 0800 | 008b 5a14 | 48c1 e303 | 488b 7424 | 5848 85f6 

  0x00007f2389cbab18: ;   {metadata(method data for {method} {0x00007f23499f3f60} 'invoke' '(Ljava/lang/Object;Ljava/lang/Object;Ljava/lang/Object;)Ljava/lang/Object;' in 'java/lang/invoke/LambdaForm$MH+0x000000000c1b5800')}
  0x00007f2389cbab18: 48b8 0020 | ea49 237f | 0000 750c | 8088 2901 | 0000 01e9 | a600 0000 | 8b4e 0841 | ba00 0000 
  0x00007f2389cbab38: 0b49 03ca | 483b 8838 | 0100 0075 | 0d48 8380 | 4001 0000 | 01e9 6000 | 0000 483b | 8848 0100 
  0x00007f2389cbab58: 0075 0d48 | 8380 5001 | 0000 01e9 | 4a00 0000 | 4883 b838 | 0100 0000 | 7517 4889 | 8838 0100 
  0x00007f2389cbab78: 0048 c780 | 4001 0000 | 0100 0000 | e929 0000 | 0048 83b8 | 4801 0000 | 0075 1748 | 8988 4801 
  0x00007f2389cbab98: 0000 48c7 | 8050 0100 | 0001 0000 | 00e9 0800 | 0000 4883 | 8030 0100 

  0x00007f2389cbabb0: ;   {metadata('java/lang/invoke/BoundMethodHandle$Species_L')}
  0x00007f2389cbabb0: 0001 48b9 | c0ac 320b | 0000 0000 | 8b56 0841 | ba00 0000 | 0b49 03d2 | 483b ca0f | 85fa 0700 
  0x00007f2389cbabd0: 00e9 0000 | 0000 488b | d68b 5220 | 48c1 e203 | 488b 7424 | 6048 85f6 

  0x00007f2389cbabe8: ;   {metadata(method data for {method} {0x00007f23499f3f60} 'invoke' '(Ljava/lang/Object;Ljava/lang/Object;Ljava/lang/Object;)Ljava/lang/Object;' in 'java/lang/invoke/LambdaForm$MH+0x000000000c1b5800')}
  0x00007f2389cbabe8: 48b9 0020 | ea49 237f | 0000 750c | 8089 5901 | 0000 01e9 | a800 0000 | 448b 4608 | 41ba 0000 
  0x00007f2389cbac08: 000b 4d03 | c24c 3b81 | 6801 0000 | 750d 4883 | 8170 0100 | 0001 e960 | 0000 004c | 3b81 7801 
  0x00007f2389cbac28: 0000 750d | 4883 8180 | 0100 0001 | e94a 0000 | 0048 83b9 | 6801 0000 | 0075 174c | 8981 6801 
  0x00007f2389cbac48: 0000 48c7 | 8170 0100 | 0001 0000 | 00e9 2900 | 0000 4883 | b978 0100 | 0000 7517 | 4c89 8178 
  0x00007f2389cbac68: 0100 0048 | c781 8001 | 0000 0100 | 0000 e908 | 0000 0048 | 8381 6001 

  0x00007f2389cbac80: ;   {metadata('java/lang/invoke/MethodHandle')}
  0x00007f2389cbac80: 0000 0149 | b890 e51e | 0b00 0000 | 008b 4e08 | 41ba 0000 | 000b 4903 | ca4c 3b41 | 380f 8536 
  0x00007f2389cbaca0: 0700 00e9 | 0000 0000 | 488b c648 

  0x00007f2389cbacac: ;   {metadata(method data for {method} {0x00007f23499f3f60} 'invoke' '(Ljava/lang/Object;Ljava/lang/Object;Ljava/lang/Object;)Ljava/lang/Object;' in 'java/lang/invoke/LambdaForm$MH+0x000000000c1b5800')}
  0x00007f2389cbacac: 85d2 48be | 0020 ea49 | 237f 0000 | 750c 808e | 8901 0000 | 01e9 a700 | 0000 448b | 4208 41ba 
  0x00007f2389cbaccc: 0000 000b | 4d03 c24c | 3b86 9801 | 0000 750d | 4883 86a0 | 0100 0001 | e960 0000 | 004c 3b86 
  0x00007f2389cbacec: a801 0000 | 750d 4883 | 86b0 0100 | 0001 e94a | 0000 0048 | 83be 9801 | 0000 0075 | 174c 8986 
  0x00007f2389cbad0c: 9801 0000 | 48c7 86a0 | 0100 0001 | 0000 00e9 | 2900 0000 | 4883 bea8 | 0100 0000 | 7517 4c89 
  0x00007f2389cbad2c: 86a8 0100 | 0048 c786 | b001 0000 | 0100 0000 | e908 0000 | 0048 8386 | 9001 0000 

  0x00007f2389cbad48: ;   {metadata('java/lang/invoke/MethodType')}
  0x00007f2389cbad48: 0149 b860 | f81e 0b00 | 0000 008b | 4a08 41ba | 0000 000b | 4903 ca4c | 3bc1 0f85 | 7a06 0000 
  0x00007f2389cbad68: e900 0000 | 0048 8bca 

  0x00007f2389cbad70: ;   {metadata(method data for {method} {0x00007f23499f3f60} 'invoke' '(Ljava/lang/Object;Ljava/lang/Object;Ljava/lang/Object;)Ljava/lang/Object;' in 'java/lang/invoke/LambdaForm$MH+0x000000000c1b5800')}
  0x00007f2389cbad70: 48ba 0020 | ea49 237f | 0000 488d | 92d0 0100 | 0048 85c0 | 750e f642 | 0801 754f | f048 834a 
  0x00007f2389cbad90: 0801 eb47 | 8b70 0841 | ba00 0000 | 0b49 03f2 | 4c8b d648 | 3372 0848 | f7c6 fcff | ffff 742b 
  0x00007f2389cbadb0: 40f6 c602 | 7525 48f7 | 4208 feff | ffff 7417 | 498b f248 | 3372 0848 | f7c6 fcff | ffff 740b 
  0x00007f2389cbadd0: 4883 4a08 | 02eb 0448 | 8972 0848 | 85c9 750c | f642 1801 | 7506 f048 | 834a 1801 

  0x00007f2389cbadec: ;   {metadata(method data for {method} {0x00007f23499f3f60} 'invoke' '(Ljava/lang/Object;Ljava/lang/Object;Ljava/lang/Object;)Ljava/lang/Object;' in 'java/lang/invoke/LambdaForm$MH+0x000000000c1b5800')}
  0x00007f2389cbadec: 48ba 0020 | ea49 237f | 0000 4883 | 82c0 0100 

  0x00007f2389cbadfc: ;   {metadata(method data for {method} {0x000000000b470010} 'checkGenericType' '(Ljava/lang/invoke/MethodHandle;Ljava/lang/invoke/MethodType;)Ljava/lang/invoke/MethodHandle;' in 'java/lang/invoke/Invokers')}
  0x00007f2389cbadfc: 0001 48ba | 2864 b149 | 237f 0000 | 8bb2 9000 | 0000 83c6 | 0289 b290 | 0000 0081 | e6fe ff1f 
  0x00007f2389cbae1c: 0085 f60f | 84c6 0500 | 0048 3b00 

  0x00007f2389cbae28: ;   {metadata(method data for {method} {0x000000000b470010} 'checkGenericType' '(Ljava/lang/invoke/MethodHandle;Ljava/lang/invoke/MethodType;)Ljava/lang/invoke/MethodHandle;' in 'java/lang/invoke/Invokers')}
  0x00007f2389cbae28: 488b d048 | be28 64b1 | 4923 7f00 | 008b 5208 | 41ba 0000 | 000b 4903 | d248 3b96 | e000 0000 
  0x00007f2389cbae48: 750d 4883 | 86e8 0000 | 0001 e960 | 0000 0048 | 3b96 f000 | 0000 750d | 4883 86f8 | 0000 0001 
  0x00007f2389cbae68: e94a 0000 | 0048 83be | e000 0000 | 0075 1748 | 8996 e000 | 0000 48c7 | 86e8 0000 | 0001 0000 
  0x00007f2389cbae88: 00e9 2900 | 0000 4883 | bef0 0000 | 0000 7517 | 4889 96f0 | 0000 0048 | c786 f800 | 0000 0100 
  0x00007f2389cbaea8: 0000 e908 | 0000 0048 | 8386 d800 

  0x00007f2389cbaeb4: ;   {metadata(method data for {method} {0x000000000b4783e0} 'asType' '(Ljava/lang/invoke/MethodType;)Ljava/lang/invoke/MethodHandle;' in 'java/lang/invoke/MethodHandle')}
  0x00007f2389cbaeb4: 0000 0148 | ba50 f824 | 4823 7f00 | 008b b290 | 0000 0083 | c602 89b2 | 9000 0000 | 81e6 feff 
  0x00007f2389cbaed4: 1f00 85f6 | 0f84 3305 | 0000 8b50 | 1048 c1e2 | 0348 3bca 

  0x00007f2389cbaee8: ;   {metadata(method data for {method} {0x000000000b4783e0} 'asType' '(Ljava/lang/invoke/MethodType;)Ljava/lang/invoke/MethodHandle;' in 'java/lang/invoke/MethodHandle')}
  0x00007f2389cbaee8: 48ba 50f8 | 2448 237f | 0000 bee8 | 0000 0074 | 05be d800 | 0000 4c8b | 0432 4d8d | 4001 4c89 
  0x00007f2389cbaf08: 0432 4889 | 9c24 8000 | 0000 4889 | 7c24 780f | 8497 0000 | 0048 8bd0 

  0x00007f2389cbaf20: ;   {metadata(method data for {method} {0x000000000b4783e0} 'asType' '(Ljava/lang/invoke/MethodType;)Ljava/lang/invoke/MethodHandle;' in 'java/lang/invoke/MethodHandle')}
  0x00007f2389cbaf20: 48be 50f8 | 2448 237f | 0000 4883 | 86f8 0000 | 0001 488b | d148 8bf0 | 4889 4c24 | 7048 8944 
  0x00007f2389cbaf40: 2468 0f1f 

  0x00007f2389cbaf44: ;   {optimized virtual_call}
  0x00007f2389cbaf44: 4400 00e8 

  0x00007f2389cbaf48: ; ImmutableOopMap {[104]=Oop [112]=Oop [120]=Oop [128]=Oop }
                      ;*invokevirtual asTypeCached {reexecute=0 rethrow=0 return_oop=0}
                      ; - java.lang.invoke.MethodHandle::asType@12 (line 869)
                      ; - java.lang.invoke.Invokers::checkGenericType@2 (line 541)
                      ; - java.lang.invoke.LambdaForm$MH/0x000000000c1b5800::invoke@37
  0x00007f2389cbaf48: 942b bf05 

  0x00007f2389cbaf4c: ;   {post_call_nop}
  0x00007f2389cbaf4c: 0f1f 8400 | c407 0001 

  0x00007f2389cbaf54: ;   {metadata(method data for {method} {0x000000000b4783e0} 'asType' '(Ljava/lang/invoke/MethodType;)Ljava/lang/invoke/MethodHandle;' in 'java/lang/invoke/MethodHandle')}
  0x00007f2389cbaf54: 4885 c048 | ba50 f824 | 4823 7f00 | 00be 3801 | 0000 7505 | be28 0100 | 0048 8b3c | 3248 8d7f 
  0x00007f2389cbaf74: 0148 893c | 320f 8535 | 0000 0048 | 8b4c 2470 | 488b 4424 | 6848 8bd0 

  0x00007f2389cbaf8c: ;   {metadata(method data for {method} {0x000000000b4783e0} 'asType' '(Ljava/lang/invoke/MethodType;)Ljava/lang/invoke/MethodHandle;' in 'java/lang/invoke/MethodHandle')}
  0x00007f2389cbaf8c: 48be 50f8 | 2448 237f | 0000 4883 | 8648 0100 | 0001 488b | d148 8bf0 

  0x00007f2389cbafa4: ;   {optimized virtual_call}
  0x00007f2389cbafa4: 6666 90e8 

  0x00007f2389cbafa8: ; ImmutableOopMap {[120]=Oop [128]=Oop }
                      ;*invokevirtual setAsTypeCache {reexecute=0 rethrow=0 return_oop=0}
                      ; - java.lang.invoke.MethodHandle::asType@24 (line 873)
                      ; - java.lang.invoke.Invokers::checkGenericType@2 (line 541)
                      ; - java.lang.invoke.LambdaForm$MH/0x000000000c1b5800::invoke@37
  0x00007f2389cbafa8: 342b bf05 

  0x00007f2389cbafac: ;   {post_call_nop}
  0x00007f2389cbafac: 0f1f 8400 | 2408 0002 

  0x00007f2389cbafb4: ;   {metadata(method data for {method} {0x00007f23499f3f60} 'invoke' '(Ljava/lang/Object;Ljava/lang/Object;Ljava/lang/Object;)Ljava/lang/Object;' in 'java/lang/invoke/LambdaForm$MH+0x000000000c1b5800')}
  0x00007f2389cbafb4: 48be 0020 | ea49 237f | 0000 488d | b6f0 0100 | 0048 85c0 | 750c f606 | 0175 49f0 | 4883 0e01 
  0x00007f2389cbafd4: eb42 8b78 | 0841 ba00 | 0000 0b49 | 03fa 4c8b | d748 333e | 48f7 c7fc | ffff ff74 | 2740 f6c7 
  0x00007f2389cbaff4: 0275 2148 | f706 feff | ffff 7415 | 498b fa48 | 333e 48f7 | c7fc ffff | ff74 0948 | 830e 02eb 
  0x00007f2389cbb014: 0348 893e 

  0x00007f2389cbb018: ;   {metadata(method data for {method} {0x00007f23499f3f60} 'invoke' '(Ljava/lang/Object;Ljava/lang/Object;Ljava/lang/Object;)Ljava/lang/Object;' in 'java/lang/invoke/LambdaForm$MH+0x000000000c1b5800')}
  0x00007f2389cbb018: 48be 0020 | ea49 237f | 0000 488d | b610 0200 | 0048 85c0 | 750e f646 | 0801 754f | f048 834e 
  0x00007f2389cbb038: 0801 eb47 | 8b78 0841 | ba00 0000 | 0b49 03fa | 4c8b d748 | 337e 0848 | f7c7 fcff | ffff 742b 
  0x00007f2389cbb058: 40f6 c702 | 7525 48f7 | 4608 feff | ffff 7417 | 498b fa48 | 337e 0848 | f7c7 fcff | ffff 740b 
  0x00007f2389cbb078: 4883 4e08 | 02eb 0448 

  0x00007f2389cbb080: ;   {metadata(method data for {method} {0x00007f23499f3f60} 'invoke' '(Ljava/lang/Object;Ljava/lang/Object;Ljava/lang/Object;)Ljava/lang/Object;' in 'java/lang/invoke/LambdaForm$MH+0x000000000c1b5800')}
  0x00007f2389cbb080: 897e 0848 | be00 20ea | 4923 7f00 | 0048 8386 | 0002 0000 

  0x00007f2389cbb094: ;   {metadata(method data for {method} {0x000000000b46ff60} 'checkCustomized' '(Ljava/lang/invoke/MethodHandle;)V' in 'java/lang/invoke/Invokers')}
  0x00007f2389cbb094: 0148 beb8 | 752a 4823 | 7f00 008b | be90 0000 | 0083 c702 | 89be 9000 | 0000 81e7 | feff 1f00 
  0x00007f2389cbb0b4: 85ff 0f84 | 7603 0000 

  0x00007f2389cbb0bc: ;   {metadata(method data for {method} {0x000000000b46ff60} 'checkCustomized' '(Ljava/lang/invoke/MethodHandle;)V' in 'java/lang/invoke/Invokers')}
  0x00007f2389cbb0bc: 48be b875 | 2a48 237f | 0000 4883 | 86d8 0000 

  0x00007f2389cbb0cc: ;   {metadata(method data for {method} {0x000000000b1f59a8} 'isCompileConstant' '(Ljava/lang/Object;)Z' in 'java/lang/invoke/MethodHandleImpl')}
  0x00007f2389cbb0cc: 0001 48be | 3077 2a48 | 237f 0000 | 8bbe 9000 | 0000 83c7 | 0289 be90 | 0000 0081 | e7fe ff1f 
  0x00007f2389cbb0ec: 0085 ff0f | 845e 0300 

  0x00007f2389cbb0f4: ;   {metadata(method data for {method} {0x000000000b46ff60} 'checkCustomized' '(Ljava/lang/invoke/MethodHandle;)V' in 'java/lang/invoke/Invokers')}
  0x00007f2389cbb0f4: 0048 beb8 | 752a 4823 | 7f00 00ff | 86e8 0000 | 008b 7014 | 48c1 e603 

  0x00007f2389cbb10c: ; implicit exception: dispatches to 0x00007f2389cbb479
  0x00007f2389cbb10c: 8b76 1c48 | c1e6 0348 

  0x00007f2389cbb114: ;   {metadata(method data for {method} {0x000000000b46ff60} 'checkCustomized' '(Ljava/lang/invoke/MethodHandle;)V' in 'java/lang/invoke/Invokers')}
  0x00007f2389cbb114: 85f6 48be | b875 2a48 | 237f 0000 | bf18 0100 | 0074 05bf | 0801 0000 | 488b 1c3e | 488d 5b01 
  0x00007f2389cbb134: 4889 1c3e | 0f84 0d00 | 0000 4889 | 8424 8800 | 0000 e931 

  0x00007f2389cbb148: ;   {metadata(method data for {method} {0x000000000b46ff60} 'checkCustomized' '(Ljava/lang/invoke/MethodHandle;)V' in 'java/lang/invoke/Invokers')}
  0x00007f2389cbb148: 0000 0048 | beb8 752a | 4823 7f00 | 0048 8386 | 2801 0000 | 0148 8bf0 | 4889 8424 | 8800 0000 
  0x00007f2389cbb168: 0f1f 8000 

  0x00007f2389cbb16c: ;   {static_call}
  0x00007f2389cbb16c: 0000 00e8 

  0x00007f2389cbb170: ; ImmutableOopMap {[120]=Oop [128]=Oop [136]=Oop }
                      ;*invokestatic maybeCustomize {reexecute=0 rethrow=0 return_oop=0}
                      ; - java.lang.invoke.Invokers::checkCustomized@19 (line 626)
                      ; - java.lang.invoke.LambdaForm$MH/0x000000000c1b5800::invoke@44
  0x00007f2389cbb170: 0cc6 8606 

  0x00007f2389cbb174: ;   {post_call_nop}
  0x00007f2389cbb174: 0f1f 8400 | ec09 0003 | 488b 8424 | 8800 0000 | 488b 9c24 | 8000 0000 | 488b 7c24 

  0x00007f2389cbb190: ;   {metadata(method data for {method} {0x00007f23499f3f60} 'invoke' '(Ljava/lang/Object;Ljava/lang/Object;Ljava/lang/Object;)Ljava/lang/Object;' in 'java/lang/invoke/LambdaForm$MH+0x000000000c1b5800')}
  0x00007f2389cbb190: 7848 ba00 | 20ea 4923 | 7f00 0048 | 8d92 5802 | 0000 4885 | ff75 0ef6 | 4208 0175 | 4ef0 4883 
  0x00007f2389cbb1b0: 4a08 01eb | 468b 4f08 | 41ba 0000 | 000b 4903 | ca4c 8bd1 | 4833 4a08 | 48f7 c1fc | ffff ff74 
  0x00007f2389cbb1d0: 2af6 c102 | 7525 48f7 | 4208 feff | ffff 7417 | 498b ca48 | 334a 0848 | f7c1 fcff | ffff 740b 
  0x00007f2389cbb1f0: 4883 4a08 | 02eb 0448 | 894a 0848 | 85db 750e | f642 1801 | 754e f048 | 834a 1801 | eb46 8b4b 
  0x00007f2389cbb210: 0841 ba00 | 0000 0b49 | 03ca 4c8b | d148 334a | 1848 f7c1 | fcff ffff | 742a f6c1 | 0275 2548 
  0x00007f2389cbb230: f742 18fe | ffff ff74 | 1749 8bca | 4833 4a18 | 48f7 c1fc | ffff ff74 | 0b48 834a | 1802 eb04 
  0x00007f2389cbb250: 4889 4a18 

  0x00007f2389cbb254: ;   {metadata(method data for {method} {0x00007f23499f3f60} 'invoke' '(Ljava/lang/Object;Ljava/lang/Object;Ljava/lang/Object;)Ljava/lang/Object;' in 'java/lang/invoke/LambdaForm$MH+0x000000000c1b5800')}
  0x00007f2389cbb254: 488b d048 | b900 20ea | 4923 7f00 | 008b 5208 | 41ba 0000 | 000b 4903 | d248 3b91 | 3002 0000 
  0x00007f2389cbb274: 750d 4883 | 8138 0200 | 0001 e960 | 0000 0048 | 3b91 4002 | 0000 750d | 4883 8148 | 0200 0001 
  0x00007f2389cbb294: e94a 0000 | 0048 83b9 | 3002 0000 | 0075 1748 | 8991 3002 | 0000 48c7 | 8138 0200 | 0001 0000 
  0x00007f2389cbb2b4: 00e9 2900 | 0000 4883 | b940 0200 | 0000 7517 | 4889 9140 | 0200 0048 | c781 4802 | 0000 0100 
  0x00007f2389cbb2d4: 0000 e908 | 0000 0048 | 8381 2802 | 0000 0148 | 8bd7 488b | cb48 8bf0 

  0x00007f2389cbb2ec: ;   {optimized virtual_call}
  0x00007f2389cbb2ec: 6666 90e8 

  0x00007f2389cbb2f0: ; ImmutableOopMap {}
                      ;*invokevirtual invokeBasic {reexecute=0 rethrow=0 return_oop=0}
                      ; - java.lang.invoke.LambdaForm$MH/0x000000000c1b5800::invoke@52
  0x00007f2389cbb2f0: 8cf8 2f06 

  0x00007f2389cbb2f4: ;   {post_call_nop}
  0x00007f2389cbb2f4: 0f1f 8400 | 6c0b 0004 

  0x00007f2389cbb2fc: ;   {metadata(method data for {method} {0x00007f23499f3f60} 'invoke' '(Ljava/lang/Object;Ljava/lang/Object;Ljava/lang/Object;)Ljava/lang/Object;' in 'java/lang/invoke/LambdaForm$MH+0x000000000c1b5800')}
  0x00007f2389cbb2fc: 48be 0020 | ea49 237f | 0000 488d | b678 0200 | 0048 85c0 | 750c f606 | 0175 49f0 | 4883 0e01 
  0x00007f2389cbb31c: eb42 8b78 | 0841 ba00 | 0000 0b49 | 03fa 4c8b | d748 333e | 48f7 c7fc | ffff ff74 | 2740 f6c7 
  0x00007f2389cbb33c: 0275 2148 | f706 feff | ffff 7415 | 498b fa48 | 333e 48f7 | c7fc ffff | ff74 0948 | 830e 02eb 
  0x00007f2389cbb35c: 0348 893e | 4881 c4a0 | 0000 005d 

  0x00007f2389cbb368: ;   {poll_return}
  0x00007f2389cbb368: 493b 6728 | 0f87 0c01 

  0x00007f2389cbb370: ;   {metadata({method} {0x00007f23499f3f60} 'invoke' '(Ljava/lang/Object;Ljava/lang/Object;Ljava/lang/Object;)Ljava/lang/Object;' in 'java/lang/invoke/LambdaForm$MH+0x000000000c1b5800')}
  0x00007f2389cbb370: 0000 c349 | ba60 3f9f | 4923 7f00 | 004c 8954 | 2408 48c7 | 0424 ffff 

  0x00007f2389cbb388: ;   {runtime_call C1 Runtime counter_overflow_blob}
  0x00007f2389cbb388: ffff e851 

  0x00007f2389cbb38c: ; ImmutableOopMap {rsi=Oop rdx=Oop rcx=Oop }
                      ;*synchronization entry
                      ; - java.lang.invoke.LambdaForm$MH/0x000000000c1b5800::invoke@-1
  0x00007f2389cbb38c: 29cd 05e9 | eef5 ffff | 4889 0c24 

  0x00007f2389cbb398: ;   {runtime_call C1 Runtime throw_class_cast_exception_blob}
  0x00007f2389cbb398: e843 d6cc 

  0x00007f2389cbb39c: ; ImmutableOopMap {[88]=Oop [96]=Oop }
                      ;*checkcast {reexecute=0 rethrow=0 return_oop=0}
                      ; - java.lang.invoke.LambdaForm$MH/0x000000000c1b5800::invoke@6
                      ;   {runtime_call C1 Runtime throw_null_pointer_exception_blob}
  0x00007f2389cbb39c: 05e8 3ea3 

  0x00007f2389cbb3a0: ; ImmutableOopMap {rdx=Oop [88]=Oop [96]=Oop }
                      ;*aaload {reexecute=0 rethrow=0 return_oop=0}
                      ; - java.lang.invoke.LambdaForm$MH/0x000000000c1b5800::invoke@12
                      ;   {runtime_call C1 Runtime throw_null_pointer_exception_blob}
  0x00007f2389cbb3a0: cc05 e839 

  0x00007f2389cbb3a4: ; ImmutableOopMap {rdx=Oop [88]=Oop [96]=Oop }
                      ;*aaload {reexecute=0 rethrow=0 return_oop=0}
                      ; - java.lang.invoke.LambdaForm$MH/0x000000000c1b5800::invoke@12
  0x00007f2389cbb3a4: a3cc 0548 | c704 2400 | 0000 0048 | 8954 2408 

  0x00007f2389cbb3b4: ;   {runtime_call C1 Runtime throw_range_check_failed_blob}
  0x00007f2389cbb3b4: e827 9acc 

  0x00007f2389cbb3b8: ; ImmutableOopMap {rdx=Oop [88]=Oop [96]=Oop }
                      ;*aaload {reexecute=0 rethrow=0 return_oop=0}
                      ; - java.lang.invoke.LambdaForm$MH/0x000000000c1b5800::invoke@12
  0x00007f2389cbb3b8: 0548 c704 | 2401 0000 | 0048 8954 

  0x00007f2389cbb3c4: ;   {runtime_call C1 Runtime throw_range_check_failed_blob}
  0x00007f2389cbb3c4: 2408 e815 

  0x00007f2389cbb3c8: ; ImmutableOopMap {rdx=Oop rdi=Oop [88]=Oop [96]=Oop }
                      ;*aaload {reexecute=0 rethrow=0 return_oop=0}
                      ; - java.lang.invoke.LambdaForm$MH/0x000000000c1b5800::invoke@16
  0x00007f2389cbb3c8: 9acc 0548 

  0x00007f2389cbb3cc: ;   {runtime_call C1 Runtime throw_class_cast_exception_blob}
  0x00007f2389cbb3cc: 8934 24e8 

  0x00007f2389cbb3d0: ; ImmutableOopMap {rdi=Oop rbx=Oop [96]=Oop }
                      ;*checkcast {reexecute=0 rethrow=0 return_oop=0}
                      ; - java.lang.invoke.LambdaForm$MH/0x000000000c1b5800::invoke@20
  0x00007f2389cbb3d0: 0cd6 cc05 

  0x00007f2389cbb3d4: ;   {runtime_call C1 Runtime throw_null_pointer_exception_blob}
  0x00007f2389cbb3d4: e807 a3cc 

  0x00007f2389cbb3d8: ; ImmutableOopMap {rdi=Oop rbx=Oop [96]=Oop }
                      ;*getfield argL0 {reexecute=1 rethrow=0 return_oop=0}
                      ; - (reexecute) java.lang.invoke.LambdaForm$MH/0x000000000c1b5800::invoke@23
  0x00007f2389cbb3d8: 0548 8934 

  0x00007f2389cbb3dc: ;   {runtime_call C1 Runtime throw_class_cast_exception_blob}
  0x00007f2389cbb3dc: 24e8 fed5 

  0x00007f2389cbb3e0: ; ImmutableOopMap {rdi=Oop rbx=Oop rdx=Oop }
                      ;*checkcast {reexecute=0 rethrow=0 return_oop=0}
                      ; - java.lang.invoke.LambdaForm$MH/0x000000000c1b5800::invoke@29
  0x00007f2389cbb3e0: cc05 4889 

  0x00007f2389cbb3e4: ;   {runtime_call C1 Runtime throw_class_cast_exception_blob}
  0x00007f2389cbb3e4: 1424 e8f5 

  0x00007f2389cbb3e8: ; ImmutableOopMap {rdi=Oop rbx=Oop rax=Oop }
                      ;*checkcast {reexecute=0 rethrow=0 return_oop=0}
                      ; - java.lang.invoke.LambdaForm$MH/0x000000000c1b5800::invoke@34
                      ;   {metadata({method} {0x000000000b470010} 'checkGenericType' '(Ljava/lang/invoke/MethodHandle;Ljava/lang/invoke/MethodType;)Ljava/lang/invoke/MethodHandle;' in 'java/lang/invoke/Invokers')}
  0x00007f2389cbb3e8: d5cc 0549 | ba10 0047 | 0b00 0000 | 004c 8954 | 2408 48c7 | 0424 ffff 

  0x00007f2389cbb400: ;   {runtime_call C1 Runtime counter_overflow_blob}
  0x00007f2389cbb400: ffff e8d9 

  0x00007f2389cbb404: ; ImmutableOopMap {rdi=Oop rbx=Oop rax=Oop rcx=Oop }
                      ;*synchronization entry
                      ; - java.lang.invoke.Invokers::checkGenericType@-1 (line 541)
                      ; - java.lang.invoke.LambdaForm$MH/0x000000000c1b5800::invoke@37
  0x00007f2389cbb404: 28cd 05e9 | 19fa ffff 

  0x00007f2389cbb40c: ;   {runtime_call C1 Runtime throw_null_pointer_exception_blob}
  0x00007f2389cbb40c: e8cf a2cc 

  0x00007f2389cbb410: ; ImmutableOopMap {rdi=Oop rbx=Oop rax=Oop rcx=Oop }
                      ;*invokevirtual asType {reexecute=0 rethrow=0 return_oop=0}
                      ; - java.lang.invoke.Invokers::checkGenericType@2 (line 541)
                      ; - java.lang.invoke.LambdaForm$MH/0x000000000c1b5800::invoke@37
                      ;   {metadata({method} {0x000000000b4783e0} 'asType' '(Ljava/lang/invoke/MethodType;)Ljava/lang/invoke/MethodHandle;' in 'java/lang/invoke/MethodHandle')}
  0x00007f2389cbb410: 0549 bae0 | 8347 0b00 | 0000 004c | 8954 2408 | 48c7 0424 | ffff ffff 

  0x00007f2389cbb428: ;   {runtime_call C1 Runtime counter_overflow_blob}
  0x00007f2389cbb428: e8b3 28cd 

  0x00007f2389cbb42c: ; ImmutableOopMap {rdi=Oop rbx=Oop rax=Oop rcx=Oop }
                      ;*synchronization entry
                      ; - java.lang.invoke.MethodHandle::asType@-1 (line 865)
                      ; - java.lang.invoke.Invokers::checkGenericType@2 (line 541)
                      ; - java.lang.invoke.LambdaForm$MH/0x000000000c1b5800::invoke@37
  0x00007f2389cbb42c: 05e9 acfa 

  0x00007f2389cbb430: ;   {metadata({method} {0x000000000b46ff60} 'checkCustomized' '(Ljava/lang/invoke/MethodHandle;)V' in 'java/lang/invoke/Invokers')}
  0x00007f2389cbb430: ffff 49ba | 60ff 460b | 0000 0000 | 4c89 5424 | 0848 c704 | 24ff ffff 

  0x00007f2389cbb448: ;   {runtime_call C1 Runtime counter_overflow_blob}
  0x00007f2389cbb448: ffe8 9228 

  0x00007f2389cbb44c: ; ImmutableOopMap {rax=Oop [120]=Oop [128]=Oop }
                      ;*synchronization entry
                      ; - java.lang.invoke.Invokers::checkCustomized@-1 (line 622)
                      ; - java.lang.invoke.LambdaForm$MH/0x000000000c1b5800::invoke@44
  0x00007f2389cbb44c: cd05 e969 

  0x00007f2389cbb450: ;   {metadata({method} {0x000000000b1f59a8} 'isCompileConstant' '(Ljava/lang/Object;)Z' in 'java/lang/invoke/MethodHandleImpl')}
  0x00007f2389cbb450: fcff ff49 | baa8 591f | 0b00 0000 | 004c 8954 | 2408 48c7 | 0424 ffff 

  0x00007f2389cbb468: ;   {runtime_call C1 Runtime counter_overflow_blob}
  0x00007f2389cbb468: ffff e871 

  0x00007f2389cbb46c: ; ImmutableOopMap {rax=Oop [120]=Oop [128]=Oop }
                      ;*synchronization entry
                      ; - java.lang.invoke.MethodHandleImpl::isCompileConstant@-1 (line 625)
                      ; - java.lang.invoke.Invokers::checkCustomized@1 (line 622)
                      ; - java.lang.invoke.LambdaForm$MH/0x000000000c1b5800::invoke@44
  0x00007f2389cbb46c: 28cd 05e9 | 81fc ffff 

  0x00007f2389cbb474: ;   {runtime_call C1 Runtime throw_null_pointer_exception_blob}
  0x00007f2389cbb474: e867 a2cc 

  0x00007f2389cbb478: ; ImmutableOopMap {rax=Oop [120]=Oop [128]=Oop }
                      ;*getfield form {reexecute=1 rethrow=0 return_oop=0}
                      ; - (reexecute) java.lang.invoke.Invokers::checkCustomized@9 (line 625)
                      ; - java.lang.invoke.LambdaForm$MH/0x000000000c1b5800::invoke@44
                      ;   {runtime_call C1 Runtime throw_null_pointer_exception_blob}
  0x00007f2389cbb478: 05e8 62a2 

  0x00007f2389cbb47c: ; ImmutableOopMap {rax=Oop [120]=Oop [128]=Oop }
                      ;*getfield customized {reexecute=1 rethrow=0 return_oop=0}
                      ; - (reexecute) java.lang.invoke.Invokers::checkCustomized@12 (line 625)
                      ; - java.lang.invoke.LambdaForm$MH/0x000000000c1b5800::invoke@44
                      ;   {internal_word}
  0x00007f2389cbb47c: cc05 49ba | 68b3 cb89 | 237f 0000 | 4d89 9738 

  0x00007f2389cbb48c: ;   {runtime_call SafepointBlob}
  0x00007f2389cbb48c: 0500 00e9 | cc56 bf05 | 498b 87e0 | 0500 0049 | c787 e005 | 0000 0000 | 0000 49c7 | 87e8 0500 
  0x00007f2389cbb4ac: 0000 0000 | 0048 81c4 | a000 0000 

  0x00007f2389cbb4b8: ;   {runtime_call C1 Runtime unwind_exception_blob}
  0x00007f2389cbb4b8: 5de9 2293 | cc05 f4f4 
[Stub Code]
  0x00007f2389cbb4c0: ;   {static_stub}
  0x00007f2389cbb4c0: 48bb 0000 | 0000 0000 

  0x00007f2389cbb4c8: ;   {runtime_call nmethod}
  0x00007f2389cbb4c8: 0000 e9fb 

  0x00007f2389cbb4cc: ;   {static_stub}
  0x00007f2389cbb4cc: ffff ff48 | bb00 0000 | 0000 0000 

  0x00007f2389cbb4d8: ;   {runtime_call nmethod}
  0x00007f2389cbb4d8: 00e9 fbff 

  0x00007f2389cbb4dc: ;   {static_stub}
  0x00007f2389cbb4dc: ffff 48bb | 0000 0000 | 0000 0000 

  0x00007f2389cbb4e8: ;   {runtime_call nmethod}
  0x00007f2389cbb4e8: e9fb ffff 

  0x00007f2389cbb4ec: ;   {static_stub}
  0x00007f2389cbb4ec: ff48 bb00 | 0000 0000 

  0x00007f2389cbb4f4: ;   {runtime_call nmethod}
  0x00007f2389cbb4f4: 0000 00e9 | fbff ffff 

  0x00007f2389cbb4fc: ;   {static_stub}
  0x00007f2389cbb4fc: 48bb 0000 | 0000 0000 

  0x00007f2389cbb504: ;   {runtime_call nmethod}
  0x00007f2389cbb504: 0000 e9fb 

  0x00007f2389cbb508: ;   {runtime_call C1 Runtime handle_exception_from_callee_blob}
  0x00007f2389cbb508: ffff ffe8 | d0ce cc05 

  0x00007f2389cbb510: ;   {external_word}
  0x00007f2389cbb510: 48bf 28c7 | 8ea5 237f | 0000 4883 

  0x00007f2389cbb51c: ;   {runtime_call MacroAssembler::debug64(char*, long, long*)}
  0x00007f2389cbb51c: e4f0 e81d | d968 1bf4 
[Deopt Handler Code]
  0x00007f2389cbb524: ;   {section_word}
  0x00007f2389cbb524: 49ba 24b5 | cb89 237f | 0000 4152 

  0x00007f2389cbb530: ;   {runtime_call DeoptimizationBlob}
  0x00007f2389cbb530: e9ab 3dbf 

  0x00007f2389cbb534: ;   {section_word}
  0x00007f2389cbb534: 0549 ba35 | b5cb 8923 | 7f00 0041 

  0x00007f2389cbb540: ;   {runtime_call DeoptimizationBlob}
  0x00007f2389cbb540: 52e9 9a3d | bf05 f4f4 
[/MachCode]


Compiled method (c1) 17325 9099       3       java.lang.invoke.MethodHandle::invokeWithArguments (32 bytes)
 total in heap  [0x00007f2388608c88,0x00007f23886096e8] = 2656
 main code      [0x00007f2388608d80,0x00007f2388609628] = 2216
 stub code      [0x00007f2388609628,0x00007f23886096e0] = 184
 oops           [0x00007f23886096e0,0x00007f23886096e8] = 8
 mutable data [0x00007f230020cdb0,0x00007f230020cf10] = 352
 relocation     [0x00007f230020cdb0,0x00007f230020cec0] = 272
 metadata       [0x00007f230020cec0,0x00007f230020cf10] = 80
 immutable data [0x00007f2301000450,0x00007f2301000748] = 760
 dependencies   [0x00007f2301000450,0x00007f2301000468] = 24
 nul chk table  [0x00007f2301000468,0x00007f23010004a0] = 56
 scopes pcs     [0x00007f23010004a0,0x00007f2301000610] = 368
 scopes data    [0x00007f2301000610,0x00007f2301000748] = 312

[Constant Pool (empty)]

[MachCode]
[Instructions begin]
  0x00007f2388608d80: 6666 660f | 1f84 0000 | 0000 0066 | 6666 9066 | 6690 448b | 5608 443b 

  0x00007f2388608d98: ;   {runtime_call Shared Runtime ic_miss_blob}
  0x00007f2388608d98: 5008 0f85 | 4048 2a07 
[Verified Entry Point]
  0x00007f2388608da0: 8984 2400 | c0fe ff55 | 4881 eca0 | 0000 0090 | 4181 7f20 | 0500 0000 

  0x00007f2388608db8: ;   {runtime_call Stub::method_entry_barrier}
  0x00007f2388608db8: 7405 e801 | e828 0748 | 8974 2468 | 4889 5424 

  0x00007f2388608dc8: ;   {metadata(method data for {method} {0x000000000b1eedc0} 'invokeWithArguments' '([Ljava/lang/Object;)Ljava/lang/Object;' in 'java/lang/invoke/MethodHandle')}
  0x00007f2388608dc8: 7048 bfc0 | bdb4 4923 | 7f00 008b | 9f90 0000 | 0083 c302 | 899f 9000 | 0000 81e3 | fe07 0000 
  0x00007f2388608de8: 85db 0f84 | ec06 0000 

  0x00007f2388608df0: ;   {metadata(method data for {method} {0x000000000b1eedc0} 'invokeWithArguments' '([Ljava/lang/Object;)Ljava/lang/Object;' in 'java/lang/invoke/MethodHandle')}
  0x00007f2388608df0: 4885 d248 | bfc0 bdb4 | 4923 7f00 | 00bb d800 | 0000 7505 | bbe8 0000 | 0048 8b04 | 1f48 8d40 
  0x00007f2388608e10: 0148 8904 | 1f0f 851a 

  0x00007f2388608e18: ;   {metadata(method data for {method} {0x000000000b1eedc0} 'invokeWithArguments' '([Ljava/lang/Object;)Ljava/lang/Object;' in 'java/lang/invoke/MethodHandle')}
  0x00007f2388608e18: 0000 0048 | bfc0 bdb4 | 4923 7f00 | 00ff 87f8 | 0000 00bf | 0000 0000 | e903 0000 | 008b 7a0c 
  0x00007f2388608e38: ;   {metadata(method data for {method} {0x000000000b1eedc0} 'invokeWithArguments' '([Ljava/lang/Object;)Ljava/lang/Object;' in 'java/lang/invoke/MethodHandle')}
  0x00007f2388608e38: 48bb c0bd | b449 237f | 0000 4883 | 8310 0100 

  0x00007f2388608e48: ;   {metadata(method data for {method} {0x000000000b4775b8} 'genericMethodType' '(I)Ljava/lang/invoke/MethodType;' in 'java/lang/invoke/MethodType')}
  0x00007f2388608e48: 0001 48bb | 7858 0f49 | 237f 0000 | 8b83 9000 | 0000 83c0 | 0289 8390 | 0000 0025 | feff 1f00 
  0x00007f2388608e68: 85c0 0f84 | 9206 0000 

  0x00007f2388608e70: ;   {metadata(method data for {method} {0x000000000b4775b8} 'genericMethodType' '(I)Ljava/lang/invoke/MethodType;' in 'java/lang/invoke/MethodType')}
  0x00007f2388608e70: 48bb 7858 | 0f49 237f | 0000 4883 | 83d8 0000 | 0001 488b | f7ba 0000 | 0000 0f1f 

  0x00007f2388608e8c: ;   {static_call}
  0x00007f2388608e8c: 4400 00e8 

  0x00007f2388608e90: ; ImmutableOopMap {[104]=Oop [112]=Oop }
                      ;*invokestatic genericMethodType {reexecute=0 rethrow=0 return_oop=0}
                      ; - java.lang.invoke.MethodType::genericMethodType@2 (line 455)
                      ; - java.lang.invoke.MethodHandle::invokeWithArguments@10 (line 734)
  0x00007f2388608e90: ec71 ee07 

  0x00007f2388608e94: ;   {post_call_nop}
  0x00007f2388608e94: 0f1f 8400 | 0c02 0000 | 4889 4424 | 7848 3b00 

  0x00007f2388608ea4: ;   {metadata(method data for {method} {0x000000000b1eedc0} 'invokeWithArguments' '([Ljava/lang/Object;)Ljava/lang/Object;' in 'java/lang/invoke/MethodHandle')}
  0x00007f2388608ea4: 488b f048 | bfc0 bdb4 | 4923 7f00 | 008b 7608 | 41ba 0000 | 000b 4903 | f248 3bb7 | 2801 0000 
  0x00007f2388608ec4: 750d 4883 | 8730 0100 | 0001 e960 | 0000 0048 | 3bb7 3801 | 0000 750d | 4883 8740 | 0100 0001 
  0x00007f2388608ee4: e94a 0000 | 0048 83bf | 2801 0000 | 0075 1748 | 89b7 2801 | 0000 48c7 | 8730 0100 | 0001 0000 
  0x00007f2388608f04: 00e9 2900 | 0000 4883 | bf38 0100 | 0000 7517 | 4889 b738 | 0100 0048 | c787 4001 | 0000 0100 
  0x00007f2388608f24: 0000 e908 | 0000 0048 | 8387 2001 | 0000 0148 

  0x00007f2388608f34: ;   {optimized virtual_call}
  0x00007f2388608f34: 8bf0 90e8 

  0x00007f2388608f38: ; ImmutableOopMap {[104]=Oop [112]=Oop [120]=Oop }
                      ;*invokevirtual invokers {reexecute=0 rethrow=0 return_oop=0}
                      ; - java.lang.invoke.MethodHandle::invokeWithArguments@15 (line 735)
  0x00007f2388608f38: 5444 f707 

  0x00007f2388608f3c: ;   {post_call_nop}
  0x00007f2388608f3c: 0f1f 8400 | b402 0001 

  0x00007f2388608f44: ; implicit exception: dispatches to 0x00007f2388609528
  0x00007f2388608f44: 483b 0048 

  0x00007f2388608f48: ;   {metadata(method data for {method} {0x000000000b1eedc0} 'invokeWithArguments' '([Ljava/lang/Object;)Ljava/lang/Object;' in 'java/lang/invoke/MethodHandle')}
  0x00007f2388608f48: 8bd0 48be | c0bd b449 | 237f 0000 | 4883 8660 | 0100 0001 | ba00 0000 | 0048 8bf0 

  0x00007f2388608f64: ;   {optimized virtual_call}
  0x00007f2388608f64: 6666 90e8 

  0x00007f2388608f68: ; ImmutableOopMap {[104]=Oop [112]=Oop [120]=Oop }
                      ;*invokevirtual spreadInvoker {reexecute=0 rethrow=0 return_oop=0}
                      ; - java.lang.invoke.MethodHandle::invokeWithArguments@19 (line 735)
  0x00007f2388608f68: b4f6 6501 

  0x00007f2388608f6c: ;   {post_call_nop}
  0x00007f2388608f6c: 0f1f 8400 | e402 0002 | 4889 8424 | 8000 0000 | 488b 7424 

  0x00007f2388608f80: ;   {metadata(method data for {method} {0x000000000b1eedc0} 'invokeWithArguments' '([Ljava/lang/Object;)Ljava/lang/Object;' in 'java/lang/invoke/MethodHandle')}
  0x00007f2388608f80: 6848 bac0 | bdb4 4923 | 7f00 008b | 7608 41ba | 0000 000b | 4903 f248 | 3bb2 8801 | 0000 750d 
  0x00007f2388608fa0: 4883 8290 | 0100 0001 | e960 0000 | 0048 3bb2 | 9801 0000 | 750d 4883 | 82a0 0100 | 0001 e94a 
  0x00007f2388608fc0: 0000 0048 | 83ba 8801 | 0000 0075 | 1748 89b2 | 8801 0000 | 48c7 8290 | 0100 0001 | 0000 00e9 
  0x00007f2388608fe0: 2900 0000 | 4883 ba98 | 0100 0000 | 7517 4889 | b298 0100 | 0048 c782 | a001 0000 | 0100 0000 
  0x00007f2388609000: e908 0000 | 0048 8382 | 8001 0000 

  0x00007f238860900c: ;   {metadata(method data for {method} {0x000000000b4783e0} 'asType' '(Ljava/lang/invoke/MethodType;)Ljava/lang/invoke/MethodHandle;' in 'java/lang/invoke/MethodHandle')}
  0x00007f238860900c: 0148 ba50 | f824 4823 | 7f00 008b | b290 0000 | 0083 c602 | 89b2 9000 | 0000 81e6 | feff 1f00 
  0x00007f238860902c: 85f6 0f84 | f904 0000 | 488b 7424 | 688b 5610 | 48c1 e203 | 488b 7c24 | 7848 3bfa 

  0x00007f2388609048: ;   {metadata(method data for {method} {0x000000000b4783e0} 'asType' '(Ljava/lang/invoke/MethodType;)Ljava/lang/invoke/MethodHandle;' in 'java/lang/invoke/MethodHandle')}
  0x00007f2388609048: 48ba 50f8 | 2448 237f | 0000 bbe8 | 0000 0074 | 05bb d800 | 0000 488b | 0c1a 488d | 4901 4889 
  0x00007f2388609068: 0c1a 0f84 | a700 0000 

  0x00007f2388609070: ;   {metadata(method data for {method} {0x000000000b4783e0} 'asType' '(Ljava/lang/invoke/MethodType;)Ljava/lang/invoke/MethodHandle;' in 'java/lang/invoke/MethodHandle')}
  0x00007f2388609070: 488b d648 | bb50 f824 | 4823 7f00 | 0048 8383 | f800 0000 | 0148 8bd7 | 488b de48 

  0x00007f238860908c: ;   {optimized virtual_call}
  0x00007f238860908c: 8bf3 90e8 

  0x00007f2388609090: ; ImmutableOopMap {[104]=Oop [112]=Oop [120]=Oop [128]=Oop }
                      ;*invokevirtual asTypeCached {reexecute=0 rethrow=0 return_oop=0}
                      ; - java.lang.invoke.MethodHandle::asType@12 (line 869)
                      ; - java.lang.invoke.MethodHandle::invokeWithArguments@24 (line 735)
  0x00007f2388609090: 7c35 f407 

  0x00007f2388609094: ;   {post_call_nop}
  0x00007f2388609094: 0f1f 8400 | 0c04 0003 

  0x00007f238860909c: ;   {metadata(method data for {method} {0x000000000b4783e0} 'asType' '(Ljava/lang/invoke/MethodType;)Ljava/lang/invoke/MethodHandle;' in 'java/lang/invoke/MethodHandle')}
  0x00007f238860909c: 4885 c048 | ba50 f824 | 4823 7f00 | 00be 2801 | 0000 7405 | be38 0100 | 0048 8b3c | 3248 8d7f 
  0x00007f23886090bc: 0148 893c | 320f 8410 | 0000 0048 | 8bf0 488b | 8424 8000 | 0000 e940 | 0000 0048 | 8b44 2478 
  0x00007f23886090dc: 488b 7424 | 6848 8bd6 

  0x00007f23886090e4: ;   {metadata(method data for {method} {0x000000000b4783e0} 'asType' '(Ljava/lang/invoke/MethodType;)Ljava/lang/invoke/MethodHandle;' in 'java/lang/invoke/MethodHandle')}
  0x00007f23886090e4: 48bf 50f8 | 2448 237f | 0000 4883 | 8748 0100 | 0001 488b | d066 0f1f 

  0x00007f23886090fc: ;   {optimized virtual_call}
  0x00007f23886090fc: 4400 00e8 

  0x00007f2388609100: ; ImmutableOopMap {[112]=Oop [128]=Oop }
                      ;*invokevirtual setAsTypeCache {reexecute=0 rethrow=0 return_oop=0}
                      ; - java.lang.invoke.MethodHandle::asType@24 (line 873)
                      ; - java.lang.invoke.MethodHandle::invokeWithArguments@24 (line 735)
  0x00007f2388609100: 8c47 f607 

  0x00007f2388609104: ;   {post_call_nop}
  0x00007f2388609104: 0f1f 8400 | 7c04 0004 | 488b f048 | 8b84 2480 

  0x00007f2388609114: ;   {metadata(method data for {method} {0x000000000b1eedc0} 'invokeWithArguments' '([Ljava/lang/Object;)Ljava/lang/Object;' in 'java/lang/invoke/MethodHandle')}
  0x00007f2388609114: 0000 0048 | bfc0 bdb4 | 4923 7f00 | 0048 8dbf | e001 0000 | 4885 f675 | 0cf6 4708 | 0175 06f0 
  0x00007f2388609134: 4883 4f08 

  0x00007f2388609138: ;   {metadata(method data for {method} {0x000000000b209c78} 'invokeExact_MT' '(Ljava/lang/Object;Ljava/lang/Object;Ljava/lang/Object;Ljava/lang/Object;)Ljava/lang/Object;' in 'java/lang/invoke/Invokers$Holder')}
  0x00007f2388609138: 0148 bfa0 | d30b 4923 | 7f00 0048 | 8dbf 6802 | 0000 4885 | c075 0af6 | 0701 7505 | f048 830f 
  0x00007f2388609158: ;   {metadata(method data for {method} {0x000000000b1eedc0} 'invokeWithArguments' '([Ljava/lang/Object;)Ljava/lang/Object;' in 'java/lang/invoke/MethodHandle')}
  0x00007f2388609158: 0148 bfc0 | bdb4 4923 | 7f00 0048 | 8387 b001 

  0x00007f2388609168: ;   {metadata(method data for {method} {0x000000000b209c78} 'invokeExact_MT' '(Ljava/lang/Object;Ljava/lang/Object;Ljava/lang/Object;Ljava/lang/Object;)Ljava/lang/Object;' in 'java/lang/invoke/Invokers$Holder')}
  0x00007f2388609168: 0000 0148 | bfa0 d30b | 4923 7f00 | 008b 9f90 | 0000 0083 | c302 899f | 9000 0000 | 81e3 feff 
  0x00007f2388609188: 1f00 85db | 0f84 bc03 

  0x00007f2388609190: ;   {metadata(method data for {method} {0x000000000b209c78} 'invokeExact_MT' '(Ljava/lang/Object;Ljava/lang/Object;Ljava/lang/Object;Ljava/lang/Object;)Ljava/lang/Object;' in 'java/lang/invoke/Invokers$Holder')}
  0x00007f2388609190: 0000 48bf | a0d3 0b49 | 237f 0000 | 488d bf48 | 0100 0048 | 85c0 750c | f647 0801 | 7506 f048 
  0x00007f23886091b0: 834f 0801 

  0x00007f23886091b4: ;   {metadata(method data for {method} {0x000000000b209c78} 'invokeExact_MT' '(Ljava/lang/Object;Ljava/lang/Object;Ljava/lang/Object;Ljava/lang/Object;)Ljava/lang/Object;' in 'java/lang/invoke/Invokers$Holder')}
  0x00007f23886091b4: 48bf a0d3 | 0b49 237f | 0000 4883 | 8738 0100 

  0x00007f23886091c4: ;   {metadata(method data for {method} {0x000000000b470068} 'checkExactType' '(Ljava/lang/invoke/MethodHandle;Ljava/lang/invoke/MethodType;)V' in 'java/lang/invoke/Invokers')}
  0x00007f23886091c4: 0001 48bf | 0872 2a48 | 237f 0000 | 8b9f 9000 | 0000 83c3 | 0289 9f90 | 0000 0081 | e3fe ff1f 
  0x00007f23886091e4: 0085 db0f | 8482 0300 | 0048 3b00 

  0x00007f23886091f0: ;   {metadata(method data for {method} {0x000000000b470068} 'checkExactType' '(Ljava/lang/invoke/MethodHandle;Ljava/lang/invoke/MethodType;)V' in 'java/lang/invoke/Invokers')}
  0x00007f23886091f0: 488b f848 | bb08 722a | 4823 7f00 | 008b 7f08 | 41ba 0000 | 000b 4903 | fa48 3bbb | e000 0000 
  0x00007f2388609210: 750d 4883 | 83e8 0000 | 0001 e960 | 0000 0048 | 3bbb f000 | 0000 750d | 4883 83f8 | 0000 0001 
  0x00007f2388609230: e94a 0000 | 0048 83bb | e000 0000 | 0075 1748 | 89bb e000 | 0000 48c7 | 83e8 0000 | 0001 0000 
  0x00007f2388609250: 00e9 2900 | 0000 4883 | bbf0 0000 | 0000 7517 | 4889 bbf0 | 0000 0048 | c783 f800 | 0000 0100 
  0x00007f2388609270: 0000 e908 | 0000 0048 | 8383 d800 | 0000 018b | 7810 48c1 

  0x00007f2388609284: ;   {oop(a 'java/lang/invoke/MethodType'{0x000000041b812cc0} = (Ljava/lang/invoke/MethodHandle;[Ljava/lang/Object;)Ljava/lang/Object;)}
  0x00007f2388609284: e703 48bb | c02c 811b | 0400 0000 

  0x00007f2388609290: ;   {metadata(method data for {method} {0x000000000b470068} 'checkExactType' '(Ljava/lang/invoke/MethodHandle;Ljava/lang/invoke/MethodType;)V' in 'java/lang/invoke/Invokers')}
  0x00007f2388609290: 483b fb48 | bb08 722a | 4823 7f00 | 00ba 1801 | 0000 7505 | ba08 0100 | 0048 8b0c | 1348 8d49 
  0x00007f23886092b0: 0148 890c | 130f 85dc 

  0x00007f23886092b8: ;   {metadata(method data for {method} {0x000000000b209c78} 'invokeExact_MT' '(Ljava/lang/Object;Ljava/lang/Object;Ljava/lang/Object;Ljava/lang/Object;)Ljava/lang/Object;' in 'java/lang/invoke/Invokers$Holder')}
  0x00007f23886092b8: 0100 0048 | bfa0 d30b | 4923 7f00 | 0048 8387 | 7001 0000 

  0x00007f23886092cc: ;   {metadata(method data for {method} {0x000000000b46ff60} 'checkCustomized' '(Ljava/lang/invoke/MethodHandle;)V' in 'java/lang/invoke/Invokers')}
  0x00007f23886092cc: 0148 bfb8 | 752a 4823 | 7f00 008b | 9f90 0000 | 0083 c302 | 899f 9000 | 0000 81e3 | feff 1f00 
  0x00007f23886092ec: 85db 0f84 | a102 0000 

  0x00007f23886092f4: ;   {metadata(method data for {method} {0x000000000b46ff60} 'checkCustomized' '(Ljava/lang/invoke/MethodHandle;)V' in 'java/lang/invoke/Invokers')}
  0x00007f23886092f4: 48bf b875 | 2a48 237f | 0000 4883 | 87d8 0000 

  0x00007f2388609304: ;   {metadata(method data for {method} {0x000000000b1f59a8} 'isCompileConstant' '(Ljava/lang/Object;)Z' in 'java/lang/invoke/MethodHandleImpl')}
  0x00007f2388609304: 0001 48bf | 3077 2a48 | 237f 0000 | 8b9f 9000 | 0000 83c3 | 0289 9f90 | 0000 0081 | e3fe ff1f 
  0x00007f2388609324: 0085 db0f | 8489 0200 

  0x00007f238860932c: ;   {metadata(method data for {method} {0x000000000b46ff60} 'checkCustomized' '(Ljava/lang/invoke/MethodHandle;)V' in 'java/lang/invoke/Invokers')}
  0x00007f238860932c: 0048 bfb8 | 752a 4823 | 7f00 00ff | 87e8 0000 | 008b 7814 | 48c1 e703 

  0x00007f2388609344: ; implicit exception: dispatches to 0x00007f23886095d7
  0x00007f2388609344: 8b7f 1c48 | c1e7 0348 

  0x00007f238860934c: ;   {metadata(method data for {method} {0x000000000b46ff60} 'checkCustomized' '(Ljava/lang/invoke/MethodHandle;)V' in 'java/lang/invoke/Invokers')}
  0x00007f238860934c: 85ff 48bf | b875 2a48 | 237f 0000 | bb08 0100 | 0075 05bb | 1801 0000 | 488b 141f | 488d 5201 
  0x00007f238860936c: 4889 141f | 4889 b424 | 8800 0000 | 0f85 2600 

  0x00007f238860937c: ;   {metadata(method data for {method} {0x000000000b46ff60} 'checkCustomized' '(Ljava/lang/invoke/MethodHandle;)V' in 'java/lang/invoke/Invokers')}
  0x00007f238860937c: 0000 48bf | b875 2a48 | 237f 0000 | 4883 8728 | 0100 0001 | 488b f00f 

  0x00007f2388609394: ;   {static_call}
  0x00007f2388609394: 1f40 00e8 

  0x00007f2388609398: ; ImmutableOopMap {[112]=Oop [128]=Oop [136]=Oop }
                      ;*invokestatic maybeCustomize {reexecute=0 rethrow=0 return_oop=0}
                      ; - java.lang.invoke.Invokers::checkCustomized@19 (line 626)
                      ; - java.lang.invoke.Invokers$Holder::invokeExact_MT@14
                      ; - java.lang.invoke.MethodHandle::invokeWithArguments@28 (line 735)
  0x00007f2388609398: e4e3 f107 

  0x00007f238860939c: ;   {post_call_nop}
  0x00007f238860939c: 0f1f 8400 | 1407 0005 | 488b 5424 

  0x00007f23886093a8: ;   {metadata(method data for {method} {0x000000000b209c78} 'invokeExact_MT' '(Ljava/lang/Object;Ljava/lang/Object;Ljava/lang/Object;Ljava/lang/Object;)Ljava/lang/Object;' in 'java/lang/invoke/Invokers$Holder')}
  0x00007f23886093a8: 7048 b9a0 | d30b 4923 | 7f00 0048 | 8d89 c801 | 0000 4885 | d275 0cf6 | 4118 0175 | 06f0 4883 
  0x00007f23886093c8: 4918 0148 | 8b84 2480 

  0x00007f23886093d0: ;   {metadata(method data for {method} {0x000000000b209c78} 'invokeExact_MT' '(Ljava/lang/Object;Ljava/lang/Object;Ljava/lang/Object;Ljava/lang/Object;)Ljava/lang/Object;' in 'java/lang/invoke/Invokers$Holder')}
  0x00007f23886093d0: 0000 0048 | b9a0 d30b | 4923 7f00 | 008b 4008 | 41ba 0000 | 000b 4903 | c248 3b81 | a001 0000 
  0x00007f23886093f0: 750d 4883 | 81a8 0100 | 0001 e960 | 0000 0048 | 3b81 b001 | 0000 750d | 4883 81b8 | 0100 0001 
  0x00007f2388609410: e94a 0000 | 0048 83b9 | a001 0000 | 0075 1748 | 8981 a001 | 0000 48c7 | 81a8 0100 | 0001 0000 
  0x00007f2388609430: 00e9 2900 | 0000 4883 | b9b0 0100 | 0000 7517 | 4889 81b0 | 0100 0048 | c781 b801 | 0000 0100 
  0x00007f2388609450: 0000 e908 | 0000 0048 | 8381 9801 | 0000 0148 | 8bda 488b | 9424 8800 | 0000 488b | cb48 8bb4 
  0x00007f2388609470: 2480 0000 

  0x00007f2388609474: ;   {optimized virtual_call}
  0x00007f2388609474: 0066 90e8 

  0x00007f2388609478: ; ImmutableOopMap {}
                      ;*invokevirtual invokeBasic {reexecute=0 rethrow=0 return_oop=0}
                      ; - java.lang.invoke.Invokers$Holder::invokeExact_MT@20
                      ; - java.lang.invoke.MethodHandle::invokeWithArguments@28 (line 735)
  0x00007f2388609478: 0417 9b07 

  0x00007f238860947c: ;   {post_call_nop}
  0x00007f238860947c: 0f1f 8400 | f407 0006 | 4881 c4a0 | 0000 005d 

  0x00007f238860948c: ;   {poll_return}
  0x00007f238860948c: 493b 6728 | 0f87 4601 | 0000 c348 | 89b4 2488 

  0x00007f238860949c: ;   {metadata(method data for {method} {0x000000000b470068} 'checkExactType' '(Ljava/lang/invoke/MethodHandle;Ljava/lang/invoke/MethodType;)V' in 'java/lang/invoke/Invokers')}
  0x00007f238860949c: 0000 0048 | bb08 722a | 4823 7f00 | 0048 8383 | 2801 0000 

  0x00007f23886094b0: ;   {oop(a 'java/lang/invoke/MethodType'{0x000000041b812cc0} = (Ljava/lang/invoke/MethodHandle;[Ljava/lang/Object;)Ljava/lang/Object;)}
  0x00007f23886094b0: 0148 bbc0 | 2c81 1b04 | 0000 0048 | 8bf7 488b | d366 0f1f 

  0x00007f23886094c4: ;   {static_call}
  0x00007f23886094c4: 4400 00e8 

  0x00007f23886094c8: ; ImmutableOopMap {[112]=Oop [128]=Oop [136]=Oop }
                      ;*invokestatic newWrongMethodTypeException {reexecute=0 rethrow=0 return_oop=0}
                      ; - java.lang.invoke.Invokers::checkExactType@12 (line 531)
                      ; - java.lang.invoke.Invokers$Holder::invokeExact_MT@10
                      ; - java.lang.invoke.MethodHandle::invokeWithArguments@28 (line 735)
  0x00007f23886094c8: 1450 2a07 

  0x00007f23886094cc: ;   {post_call_nop}
  0x00007f23886094cc: 0f1f 8400 | 4408 0007 

  0x00007f23886094d4: ; implicit exception: dispatches to 0x00007f23886095f2
  0x00007f23886094d4: 483b 00e9 | 3801 0000 

  0x00007f23886094dc: ;   {metadata({method} {0x000000000b1eedc0} 'invokeWithArguments' '([Ljava/lang/Object;)Ljava/lang/Object;' in 'java/lang/invoke/MethodHandle')}
  0x00007f23886094dc: 49ba c0ed | 1e0b 0000 | 0000 4c89 | 5424 0848 | c704 24ff 

  0x00007f23886094f0: ;   {runtime_call C1 Runtime counter_overflow_blob}
  0x00007f23886094f0: ffff ffe8 

  0x00007f23886094f4: ; ImmutableOopMap {rsi=Oop rdx=Oop [104]=Oop [112]=Oop }
                      ;*synchronization entry
                      ; - java.lang.invoke.MethodHandle::invokeWithArguments@-1 (line 734)
  0x00007f23886094f4: e847 3807 | e9f3 f8ff 

  0x00007f23886094fc: ;   {runtime_call C1 Runtime throw_null_pointer_exception_blob}
  0x00007f23886094fc: ffe8 dec1 

  0x00007f2388609500: ; ImmutableOopMap {rsi=Oop rdx=Oop [104]=Oop [112]=Oop }
                      ;*arraylength {reexecute=0 rethrow=0 return_oop=0}
                      ; - java.lang.invoke.MethodHandle::invokeWithArguments@9 (line 734)
                      ;   {metadata({method} {0x000000000b4775b8} 'genericMethodType' '(I)Ljava/lang/invoke/MethodType;' in 'java/lang/invoke/MethodType')}
  0x00007f2388609500: 3707 49ba | b875 470b | 0000 0000 | 4c89 5424 | 0848 c704 | 24ff ffff 

  0x00007f2388609518: ;   {runtime_call C1 Runtime counter_overflow_blob}
  0x00007f2388609518: ffe8 c247 

  0x00007f238860951c: ; ImmutableOopMap {[104]=Oop [112]=Oop }
                      ;*synchronization entry
                      ; - java.lang.invoke.MethodType::genericMethodType@-1 (line 455)
                      ; - java.lang.invoke.MethodHandle::invokeWithArguments@10 (line 734)
  0x00007f238860951c: 3807 e94d 

  0x00007f2388609520: ;   {runtime_call C1 Runtime throw_null_pointer_exception_blob}
  0x00007f2388609520: f9ff ffe8 

  0x00007f2388609524: ; ImmutableOopMap {rax=Oop [104]=Oop [112]=Oop [120]=Oop }
                      ;*invokevirtual invokers {reexecute=0 rethrow=0 return_oop=0}
                      ; - java.lang.invoke.MethodHandle::invokeWithArguments@15 (line 735)
  0x00007f2388609524: b8c1 3707 

  0x00007f2388609528: ;   {runtime_call C1 Runtime throw_null_pointer_exception_blob}
  0x00007f2388609528: e8b3 c137 

  0x00007f238860952c: ; ImmutableOopMap {rax=Oop [104]=Oop [112]=Oop [120]=Oop }
                      ;*invokevirtual spreadInvoker {reexecute=0 rethrow=0 return_oop=0}
                      ; - java.lang.invoke.MethodHandle::invokeWithArguments@19 (line 735)
                      ;   {metadata({method} {0x000000000b4783e0} 'asType' '(Ljava/lang/invoke/MethodType;)Ljava/lang/invoke/MethodHandle;' in 'java/lang/invoke/MethodHandle')}
  0x00007f238860952c: 0749 bae0 | 8347 0b00 | 0000 004c | 8954 2408 | 48c7 0424 | ffff ffff 

  0x00007f2388609544: ;   {runtime_call C1 Runtime counter_overflow_blob}
  0x00007f2388609544: e897 4738 

  0x00007f2388609548: ; ImmutableOopMap {rax=Oop [104]=Oop [112]=Oop [120]=Oop [128]=Oop }
                      ;*synchronization entry
                      ; - java.lang.invoke.MethodHandle::asType@-1 (line 865)
                      ; - java.lang.invoke.MethodHandle::invokeWithArguments@24 (line 735)
  0x00007f2388609548: 07e9 e6fa 

  0x00007f238860954c: ;   {metadata({method} {0x000000000b209c78} 'invokeExact_MT' '(Ljava/lang/Object;Ljava/lang/Object;Ljava/lang/Object;Ljava/lang/Object;)Ljava/lang/Object;' in 'java/lang/invoke/Invokers$Holder')}
  0x00007f238860954c: ffff 49ba | 789c 200b | 0000 0000 | 4c89 5424 | 0848 c704 | 24ff ffff 

  0x00007f2388609564: ;   {runtime_call C1 Runtime counter_overflow_blob}
  0x00007f2388609564: ffe8 7647 

  0x00007f2388609568: ; ImmutableOopMap {rsi=Oop rax=Oop [112]=Oop [128]=Oop }
                      ;*synchronization entry
                      ; - java.lang.invoke.Invokers$Holder::invokeExact_MT@-1
                      ; - java.lang.invoke.MethodHandle::invokeWithArguments@28 (line 735)
  0x00007f2388609568: 3807 e923 

  0x00007f238860956c: ;   {metadata({method} {0x000000000b470068} 'checkExactType' '(Ljava/lang/invoke/MethodHandle;Ljava/lang/invoke/MethodType;)V' in 'java/lang/invoke/Invokers')}
  0x00007f238860956c: fcff ff49 | ba68 0047 | 0b00 0000 | 004c 8954 | 2408 48c7 | 0424 ffff 

  0x00007f2388609584: ;   {runtime_call C1 Runtime counter_overflow_blob}
  0x00007f2388609584: ffff e855 

  0x00007f2388609588: ; ImmutableOopMap {rsi=Oop rax=Oop [112]=Oop [128]=Oop }
                      ;*synchronization entry
                      ; - java.lang.invoke.Invokers::checkExactType@-1 (line 529)
                      ; - java.lang.invoke.Invokers$Holder::invokeExact_MT@10
                      ; - java.lang.invoke.MethodHandle::invokeWithArguments@28 (line 735)
  0x00007f2388609588: 4738 07e9 | 5dfc ffff 

  0x00007f2388609590: ;   {runtime_call C1 Runtime throw_null_pointer_exception_blob}
  0x00007f2388609590: e84b c137 

  0x00007f2388609594: ; ImmutableOopMap {rsi=Oop rax=Oop [112]=Oop [128]=Oop }
                      ;*invokevirtual type {reexecute=0 rethrow=0 return_oop=0}
                      ; - java.lang.invoke.Invokers::checkExactType@1 (line 529)
                      ; - java.lang.invoke.Invokers$Holder::invokeExact_MT@10
                      ; - java.lang.invoke.MethodHandle::invokeWithArguments@28 (line 735)
                      ;   {metadata({method} {0x000000000b46ff60} 'checkCustomized' '(Ljava/lang/invoke/MethodHandle;)V' in 'java/lang/invoke/Invokers')}
  0x00007f2388609594: 0749 ba60 | ff46 0b00 | 0000 004c | 8954 2408 | 48c7 0424 | ffff ffff 

  0x00007f23886095ac: ;   {runtime_call C1 Runtime counter_overflow_blob}
  0x00007f23886095ac: e82f 4738 

  0x00007f23886095b0: ; ImmutableOopMap {rsi=Oop rax=Oop [112]=Oop [128]=Oop }
                      ;*synchronization entry
                      ; - java.lang.invoke.Invokers::checkCustomized@-1 (line 622)
                      ; - java.lang.invoke.Invokers$Holder::invokeExact_MT@14
                      ; - java.lang.invoke.MethodHandle::invokeWithArguments@28 (line 735)
  0x00007f23886095b0: 07e9 3efd 

  0x00007f23886095b4: ;   {metadata({method} {0x000000000b1f59a8} 'isCompileConstant' '(Ljava/lang/Object;)Z' in 'java/lang/invoke/MethodHandleImpl')}
  0x00007f23886095b4: ffff 49ba | a859 1f0b | 0000 0000 | 4c89 5424 | 0848 c704 | 24ff ffff 

  0x00007f23886095cc: ;   {runtime_call C1 Runtime counter_overflow_blob}
  0x00007f23886095cc: ffe8 0e47 

  0x00007f23886095d0: ; ImmutableOopMap {rsi=Oop rax=Oop [112]=Oop [128]=Oop }
                      ;*synchronization entry
                      ; - java.lang.invoke.MethodHandleImpl::isCompileConstant@-1 (line 625)
                      ; - java.lang.invoke.Invokers::checkCustomized@1 (line 622)
                      ; - java.lang.invoke.Invokers$Holder::invokeExact_MT@14
                      ; - java.lang.invoke.MethodHandle::invokeWithArguments@28 (line 735)
  0x00007f23886095d0: 3807 e956 

  0x00007f23886095d4: ;   {runtime_call C1 Runtime throw_null_pointer_exception_blob}
  0x00007f23886095d4: fdff ffe8 

  0x00007f23886095d8: ; ImmutableOopMap {rsi=Oop rax=Oop [112]=Oop [128]=Oop }
                      ;*getfield customized {reexecute=1 rethrow=0 return_oop=0}
                      ; - (reexecute) java.lang.invoke.Invokers::checkCustomized@12 (line 625)
                      ; - java.lang.invoke.Invokers$Holder::invokeExact_MT@14
                      ; - java.lang.invoke.MethodHandle::invokeWithArguments@28 (line 735)
  0x00007f23886095d8: 04c1 3707 

  0x00007f23886095dc: ;   {internal_word}
  0x00007f23886095dc: 49ba 8c94 | 6088 237f | 0000 4d89 | 9738 0500 

  0x00007f23886095ec: ;   {runtime_call SafepointBlob}
  0x00007f23886095ec: 00e9 6e75 

  0x00007f23886095f0: ;   {runtime_call C1 Runtime throw_null_pointer_exception_blob}
  0x00007f23886095f0: 2a07 e8e9 

  0x00007f23886095f4: ; ImmutableOopMap {rax=Oop [112]=Oop [128]=Oop [136]=Oop }
                      ;*athrow {reexecute=1 rethrow=0 return_oop=0}
                      ; - (reexecute) java.lang.invoke.Invokers::checkExactType@15 (line 531)
                      ; - java.lang.invoke.Invokers$Holder::invokeExact_MT@10
                      ; - java.lang.invoke.MethodHandle::invokeWithArguments@28 (line 735)
  0x00007f23886095f4: c037 0749 | 8b87 e005 | 0000 49c7 | 87e0 0500 | 0000 0000 | 0049 c787 | e805 0000 | 0000 0000 
  0x00007f2388609614: 4881 c4a0 | 0000 005d 

  0x00007f238860961c: ;   {runtime_call C1 Runtime unwind_exception_blob}
  0x00007f238860961c: e9bf b137 | 07f4 f4f4 | f4f4 f4f4 
[Stub Code]
  0x00007f2388609628: ;   {other}
  0x00007f2388609628: 0f1f 4400 

  0x00007f238860962c: ;   {static_stub}
  0x00007f238860962c: 0048 bb00 | 0000 0000 

  0x00007f2388609634: ;   {runtime_call nmethod}
  0x00007f2388609634: 0000 00e9 | fbff ffff 

  0x00007f238860963c: ;   {static_stub}
  0x00007f238860963c: 48bb 0000 | 0000 0000 

  0x00007f2388609644: ;   {runtime_call nmethod}
  0x00007f2388609644: 0000 e9fb 

  0x00007f2388609648: ;   {static_stub}
  0x00007f2388609648: ffff ff48 | bb00 0000 | 0000 0000 

  0x00007f2388609654: ;   {runtime_call nmethod}
  0x00007f2388609654: 00e9 fbff 

  0x00007f2388609658: ;   {static_stub}
  0x00007f2388609658: ffff 48bb | 0000 0000 | 0000 0000 

  0x00007f2388609664: ;   {runtime_call nmethod}
  0x00007f2388609664: e9fb ffff 

  0x00007f2388609668: ;   {static_stub}
  0x00007f2388609668: ff48 bb00 | 0000 0000 

  0x00007f2388609670: ;   {runtime_call nmethod}
  0x00007f2388609670: 0000 00e9 | fbff ffff 

  0x00007f2388609678: ;   {static_stub}
  0x00007f2388609678: 48bb 0000 | 0000 0000 

  0x00007f2388609680: ;   {runtime_call nmethod}
  0x00007f2388609680: 0000 e9fb 

  0x00007f2388609684: ;   {static_stub}
  0x00007f2388609684: ffff ff48 | bb00 0000 | 0000 0000 

  0x00007f2388609690: ;   {runtime_call nmethod}
  0x00007f2388609690: 00e9 fbff 

  0x00007f2388609694: ;   {static_stub}
  0x00007f2388609694: ffff 48bb | 0000 0000 | 0000 0000 

  0x00007f23886096a0: ;   {runtime_call nmethod}
  0x00007f23886096a0: e9fb ffff 

  0x00007f23886096a4: ;   {runtime_call C1 Runtime handle_exception_from_callee_blob}
  0x00007f23886096a4: ffe8 36ed 

  0x00007f23886096a8: ;   {external_word}
  0x00007f23886096a8: 3707 48bf | 28c7 8ea5 | 237f 0000 | 4883 e4f0 

  0x00007f23886096b8: ;   {runtime_call MacroAssembler::debug64(char*, long, long*)}
  0x00007f23886096b8: e883 f7d3 

  0x00007f23886096bc: ;   {section_word}
  0x00007f23886096bc: 1cf4 49ba | be96 6088 | 237f 0000 

  0x00007f23886096c8: ;   {runtime_call DeoptimizationBlob}
  0x00007f23886096c8: 4152 e911 

  0x00007f23886096cc: ;   {section_word}
  0x00007f23886096cc: 5c2a 0749 | bacf 9660 | 8823 7f00 

  0x00007f23886096d8: ;   {runtime_call DeoptimizationBlob}
  0x00007f23886096d8: 0041 52e9 | 005c 2a07 
[/MachCode]


---------------  P R O C E S S  ---------------

Threads class SMR info:
_java_thread_list=0x00007f22c06d0910, length=19, elements={
0x00007f23a002b840, 0x00007f23a0105290, 0x00007f23a01062d0, 0x00007f23a0107800,
0x00007f23a0109120, 0x00007f23a010a9a0, 0x00007f23a010c820, 0x00007f23a010e210,
0x00007f23a0146ec0, 0x00007f23a01494b0, 0x00007f23a0285c80, 0x00007f23a0290980,
0x00007f232822a320, 0x00007f231c001600, 0x00007f23104f3090, 0x00007f231c003820,
0x00007f231c007260, 0x00007f2324237b60, 0x00007f22f4e55d00
}

Java Threads: ( => current thread )
=>0x00007f23a002b840 JavaThread "main"                              [_thread_in_native, id=147676, stack(0x00007f23a4500000,0x00007f23a4600000) (1024K)]
  0x00007f23a0105290 JavaThread "Reference Handler"          daemon [_thread_blocked, id=147691, stack(0x00007f23709ef000,0x00007f2370aef000) (1024K)]
  0x00007f23a01062d0 JavaThread "Finalizer"                  daemon [_thread_blocked, id=147692, stack(0x00007f2370af0000,0x00007f2370bf0000) (1024K)]
  0x00007f23a0107800 JavaThread "Signal Dispatcher"          daemon [_thread_blocked, id=147693, stack(0x00007f23707ed000,0x00007f23708ed000) (1024K)]
  0x00007f23a0109120 JavaThread "Service Thread"             daemon [_thread_blocked, id=147694, stack(0x00007f23706ed000,0x00007f23707ed000) (1024K)]
  0x00007f23a010a9a0 JavaThread "Monitor Deflation Thread"   daemon [_thread_blocked, id=147695, stack(0x00007f23705ed000,0x00007f23706ed000) (1024K)]
  0x00007f23a010c820 JavaThread "C2 CompilerThread0"         daemon [_thread_blocked, id=147696, stack(0x00007f23704ed000,0x00007f23705ed000) (1024K)]
  0x00007f23a010e210 JavaThread "C1 CompilerThread0"         daemon [_thread_blocked, id=147697, stack(0x00007f23703ed000,0x00007f23704ed000) (1024K)]
  0x00007f23a0146ec0 JavaThread "Notification Thread"        daemon [_thread_blocked, id=147699, stack(0x00007f23701ed000,0x00007f23702ed000) (1024K)]
  0x00007f23a01494b0 JavaThread "Common-Cleaner"             daemon [_thread_blocked, id=147700, stack(0x00007f23700ed000,0x00007f23701ed000) (1024K)]
  0x00007f23a0285c80 JavaThread "surefire-forkedjvm-stream-flusher" daemon [_thread_blocked, id=147704, stack(0x00007f2339d00000,0x00007f2339e00000) (1024K)]
  0x00007f23a0290980 JavaThread "surefire-forkedjvm-command-thread" daemon [_thread_in_native, id=147705, stack(0x00007f2339c00000,0x00007f2339d00000) (1024K)]
  0x00007f232822a320 JavaThread "C1 CompilerThread1"         daemon [_thread_blocked, id=147730, stack(0x00007f23702ed000,0x00007f23703ed000) (1024K)]
  0x00007f231c001600 JavaThread "C1 CompilerThread2"         daemon [_thread_blocked, id=147731, stack(0x00007f2339e00000,0x00007f2339f00000) (1024K)]
  0x00007f23104f3090 JavaThread "C2 CompilerThread1"         daemon [_thread_blocked, id=147732, stack(0x00007f2339f00000,0x00007f233a000000) (1024K)]
  0x00007f231c003820 JavaThread "C1 CompilerThread3"         daemon [_thread_blocked, id=147733, stack(0x00007f2339a00000,0x00007f2339b00000) (1024K)]
  0x00007f231c007260 JavaThread "C2 CompilerThread2"         daemon [_thread_in_native, id=147734, stack(0x00007f2339900000,0x00007f2339a00000) (1024K)]
  0x00007f2324237b60 JavaThread "C2 CompilerThread3"         daemon [_thread_blocked, id=147760, stack(0x00007f2339800000,0x00007f2339900000) (1024K)]
  0x00007f22f4e55d00 JavaThread "C2 CompilerThread4"         daemon [_thread_blocked, id=147761, stack(0x00007f2347f00000,0x00007f2348000000) (1024K)]
Total: 19

Other Threads:
  0x00007f23a00fb310 VMThread "VM Thread"                           [id=147689, stack(0x00007f2370bf1000,0x00007f2370cf1000) (1024K)]
  0x00007f23a00ea9d0 WatcherThread "VM Periodic Task Thread"        [id=147686, stack(0x00007f23708ee000,0x00007f23709ee000) (1024K)]
  0x00007f23a0059d60 WorkerThread "GC Thread#0"                     [id=147677, stack(0x00007f2373f00000,0x00007f2374000000) (1024K)]
  0x00007f235400a060 WorkerThread "GC Thread#1"                     [id=147710, stack(0x00007f2339700000,0x00007f2339800000) (1024K)]
  0x00007f235400ab20 WorkerThread "GC Thread#2"                     [id=147711, stack(0x00007f23395ff000,0x00007f23396ff000) (1024K)]
  0x00007f235400b6f0 WorkerThread "GC Thread#3"                     [id=147712, stack(0x00007f23394fe000,0x00007f23395fe000) (1024K)]
  0x00007f235400c400 WorkerThread "GC Thread#4"                     [id=147713, stack(0x00007f23393fd000,0x00007f23394fd000) (1024K)]
  0x00007f235400d180 WorkerThread "GC Thread#5"                     [id=147714, stack(0x00007f23392fc000,0x00007f23393fc000) (1024K)]
  0x00007f235400df00 WorkerThread "GC Thread#6"                     [id=147715, stack(0x00007f23391fb000,0x00007f23392fb000) (1024K)]
  0x00007f235400ec80 WorkerThread "GC Thread#7"                     [id=147716, stack(0x00007f23390fa000,0x00007f23391fa000) (1024K)]
  0x00007f235400fa00 WorkerThread "GC Thread#8"                     [id=147717, stack(0x00007f2338ff9000,0x00007f23390f9000) (1024K)]
  0x00007f2354010780 WorkerThread "GC Thread#9"                     [id=147718, stack(0x00007f2338ef8000,0x00007f2338ff8000) (1024K)]
  0x00007f2354011500 WorkerThread "GC Thread#10"                    [id=147719, stack(0x00007f2338df7000,0x00007f2338ef7000) (1024K)]
  0x00007f2354012280 WorkerThread "GC Thread#11"                    [id=147720, stack(0x00007f2338cf6000,0x00007f2338df6000) (1024K)]
  0x00007f2354013000 WorkerThread "GC Thread#12"                    [id=147721, stack(0x00007f2338bf5000,0x00007f2338cf5000) (1024K)]
  0x00007f23a0072d20 ConcurrentGCThread "G1 Main Marker"            [id=147678, stack(0x00007f2373dff000,0x00007f2373eff000) (1024K)]
  0x00007f23a0073ef0 WorkerThread "G1 Conc#0"                       [id=147679, stack(0x00007f2373cfe000,0x00007f2373dfe000) (1024K)]
  0x00007f2364000cd0 WorkerThread "G1 Conc#1"                       [id=147737, stack(0x00007f2338af4000,0x00007f2338bf4000) (1024K)]
  0x00007f2364001840 WorkerThread "G1 Conc#2"                       [id=147738, stack(0x00007f23389f3000,0x00007f2338af3000) (1024K)]
  0x00007f23a00da560 ConcurrentGCThread "G1 Refine#0"               [id=147680, stack(0x00007f2370df3000,0x00007f2370ef3000) (1024K)]
  0x00007f23a00db750 ConcurrentGCThread "G1 Service"                [id=147681, stack(0x00007f2370cf2000,0x00007f2370df2000) (1024K)]
Total: 21

Threads with active compile tasks:
C2 CompilerThread2  17342 9062       4       com.dylibso.chicory.cranelift.CraneliftMachineFuncGroup_0::func_4051 (6118 bytes)
Total: 1

VM state: not at safepoint (normal execution)

VM Mutex/Monitor currently owned by a thread: None

Heap address: 0x0000000418000000, size: 16000 MB, Compressed Oops mode: Zero based, Oop shift amount: 3

CDS archive(s) mapped at: [0x000000000b000000-0x000000000bd8c000-0x000000000bd8c000), size 14204928, SharedBaseAddress: 0x000000000b000000, ArchiveRelocationMode: 1.
Compressed class space mapped at: 0x000000000c000000-0x000000004c000000, reserved size: 1073741824
UseCompressedClassPointers 1, UseCompactObjectHeaders 0
Narrow klass pointer bits 32, Max shift 3
Narrow klass base: 0x000000000b000000, Narrow klass shift: 0
Encoding Range: [0x000000000b000000 - 0x000000010b000000), (4294967296 bytes)
Klass Range:    [0x000000000b001000 - 0x000000004c000000), (1090514944 bytes)
Klass ID Range:  [4096 - 1090519033) (1090514937)
Protection zone: [0x000000000b000000 - 0x000000000b001000), (4096 bytes)

GC Precious Log:
 CardTable entry size: 512
 Card Set container configuration: InlinePtr #cards 4 size 8 Array Of Cards #cards 64 size 144 Howl #buckets 8 coarsen threshold 14745 Howl Bitmap #cards 2048 size 272 coarsen threshold 1843 Card regions per heap region 1 cards per card region 16384
 CPUs: 16 total, 16 available
 Memory: 63992M
 Large Page Support: Disabled
 NUMA Support: Disabled
 Compressed Oops: Enabled (Zero based)
 Heap Region Size: 8M
 Heap Min Capacity: 8M
 Heap Initial Capacity: 1000M
 Heap Max Capacity: 16000M
 Pre-touch: Disabled
 Parallel Workers: 13
 Concurrent Workers: 3
 Concurrent Refinement Workers: 13
 Periodic GC: Disabled

Heap:
 garbage-first heap   total reserved 16384000K, committed 278528K, used 75468K [0x0000000418000000, 0x0000000800000000)
  region size 8192K, 4 young (32768K), 2 survivors (16384K)

Heap Regions: E=young(eden), S=young(survivor), O=old, HS=humongous(starts), HC=humongous(continues), CS=collection set, F=free, TAMS=top-at-mark-start, PB=parsable bottom
|   0|0x0000000418000000, 0x0000000418000000, 0x0000000418800000|  0%| F|  |TAMS 0x0000000418000000| PB 0x0000000418000000| Untracked |  0
|   1|0x0000000418800000, 0x0000000419000000, 0x0000000419000000|100%| O|  |TAMS 0x0000000418800000| PB 0x0000000418800000| Untracked |  0
|   2|0x0000000419000000, 0x0000000419800000, 0x0000000419800000|100%| O|  |TAMS 0x0000000419000000| PB 0x0000000419000000| Untracked |  0
|   3|0x0000000419800000, 0x000000041a000000, 0x000000041a000000|100%| O|  |TAMS 0x0000000419800000| PB 0x0000000419800000| Untracked |  0
|   4|0x000000041a000000, 0x000000041a800000, 0x000000041a800000|100%| O|  |TAMS 0x000000041a000000| PB 0x000000041a000000| Untracked |  0
|   5|0x000000041a800000, 0x000000041b000000, 0x000000041b000000|100%| O|  |TAMS 0x000000041a800000| PB 0x000000041a800000| Untracked |  0
|   6|0x000000041b000000, 0x000000041b2c2740, 0x000000041b800000| 34%| O|  |TAMS 0x000000041b000000| PB 0x000000041b000000| Untracked |  0
|   7|0x000000041b800000, 0x000000041bb71600, 0x000000041c000000| 43%| O|  |TAMS 0x000000041b800000| PB 0x000000041b800000| Untracked |  0
|   8|0x000000041c000000, 0x000000041c000000, 0x000000041c800000|  0%| F|  |TAMS 0x000000041c000000| PB 0x000000041c000000| Untracked |  0
|   9|0x000000041c800000, 0x000000041c800000, 0x000000041d000000|  0%| F|  |TAMS 0x000000041c800000| PB 0x000000041c800000| Untracked |  0
|  10|0x000000041d000000, 0x000000041d000000, 0x000000041d800000|  0%| F|  |TAMS 0x000000041d000000| PB 0x000000041d000000| Untracked |  0
|  11|0x000000041d800000, 0x000000041d800000, 0x000000041e000000|  0%| F|  |TAMS 0x000000041d800000| PB 0x000000041d800000| Untracked |  0
|  12|0x000000041e000000, 0x000000041e000000, 0x000000041e800000|  0%| F|  |TAMS 0x000000041e000000| PB 0x000000041e000000| Untracked |  0
|  13|0x000000041e800000, 0x000000041eb7f608, 0x000000041f000000| 43%| S|CS|TAMS 0x000000041e800000| PB 0x000000041e800000| Complete |  0
|  14|0x000000041f000000, 0x000000041f800000, 0x000000041f800000|100%| S|CS|TAMS 0x000000041f000000| PB 0x000000041f000000| Complete |  0
|  15|0x000000041f800000, 0x000000041f800000, 0x0000000420000000|  0%| F|  |TAMS 0x000000041f800000| PB 0x000000041f800000| Untracked |  0
|  16|0x0000000420000000, 0x0000000420000000, 0x0000000420800000|  0%| F|  |TAMS 0x0000000420000000| PB 0x0000000420000000| Untracked |  0
|  17|0x0000000420800000, 0x0000000420800000, 0x0000000421000000|  0%| F|  |TAMS 0x0000000420800000| PB 0x0000000420800000| Untracked |  0
|  18|0x0000000421000000, 0x0000000421000000, 0x0000000421800000|  0%| F|  |TAMS 0x0000000421000000| PB 0x0000000421000000| Untracked |  0
|  19|0x0000000421800000, 0x0000000421800000, 0x0000000422000000|  0%| F|  |TAMS 0x0000000421800000| PB 0x0000000421800000| Untracked |  0
|  20|0x0000000422000000, 0x0000000422000000, 0x0000000422800000|  0%| F|  |TAMS 0x0000000422000000| PB 0x0000000422000000| Untracked |  0
|  21|0x0000000422800000, 0x0000000422800000, 0x0000000423000000|  0%| F|  |TAMS 0x0000000422800000| PB 0x0000000422800000| Untracked |  0
|  22|0x0000000423000000, 0x0000000423000000, 0x0000000423800000|  0%| F|  |TAMS 0x0000000423000000| PB 0x0000000423000000| Untracked |  0
|  23|0x0000000423800000, 0x0000000423800000, 0x0000000424000000|  0%| F|  |TAMS 0x0000000423800000| PB 0x0000000423800000| Untracked |  0
|  24|0x0000000424000000, 0x0000000424000000, 0x0000000424800000|  0%| F|  |TAMS 0x0000000424000000| PB 0x0000000424000000| Untracked |  0
|  25|0x0000000424800000, 0x0000000424800000, 0x0000000425000000|  0%| F|  |TAMS 0x0000000424800000| PB 0x0000000424800000| Untracked |  0
|  26|0x0000000425000000, 0x0000000425000000, 0x0000000425800000|  0%| F|  |TAMS 0x0000000425000000| PB 0x0000000425000000| Untracked |  0
|  27|0x0000000425800000, 0x0000000425800000, 0x0000000426000000|  0%| F|  |TAMS 0x0000000425800000| PB 0x0000000425800000| Untracked |  0
|  28|0x0000000426000000, 0x0000000426000000, 0x0000000426800000|  0%| F|  |TAMS 0x0000000426000000| PB 0x0000000426000000| Untracked |  0
|  29|0x0000000426800000, 0x0000000426800000, 0x0000000427000000|  0%| F|  |TAMS 0x0000000426800000| PB 0x0000000426800000| Untracked |  0
|  30|0x0000000427000000, 0x0000000427000000, 0x0000000427800000|  0%| F|  |TAMS 0x0000000427000000| PB 0x0000000427000000| Untracked |  0
| 218|0x0000000485000000, 0x00000004852de848, 0x0000000485800000| 35%| E|  |TAMS 0x0000000485000000| PB 0x0000000485000000| Complete |  0
|1998|0x00000007ff000000, 0x00000007ff800000, 0x00000007ff800000|100%| O|  |TAMS 0x00000007ff000000| PB 0x00000007ff000000| Untracked |  0
|1999|0x00000007ff800000, 0x0000000800000000, 0x0000000800000000|100%| E|CS|TAMS 0x00000007ff800000| PB 0x00000007ff800000| Complete |  0

Card table byte_map: [0x00007f2383b76000,0x00007f2385ab6000] _byte_map_base: 0x00007f2381ab6000

Marking Bits: (CMBitMap*) 0x00007f23a005aab0
 Bits: [0x00007f2374000000, 0x00007f2383a00000)

Polling page: 0x00007f23a60c2000

Metaspace:
Metaspace        used 35857K, committed 36800K, reserved 1114112K
 class space     used 2275K, committed 2688K, reserved 1048576K

Usage:
  Non-class:     32.80 MB used.
      Class:      2.22 MB used.
       Both:     35.02 MB used.

Virtual space:
  Non-class space:       64.00 MB reserved,      33.31 MB ( 52%) committed,  1 nodes.
      Class space:        1.00 GB reserved,       2.62 MB ( <1%) committed,  1 nodes.
             Both:        1.06 GB reserved,      35.94 MB (  3%) committed. 

Chunk freelists:
   Non-Class:  14.22 MB
       Class:  13.39 MB
        Both:  27.61 MB

MaxMetaspaceSize: unlimited
CompressedClassSpaceSize: 1.00 GB
Initial GC threshold: 21.00 MB
Current GC threshold: 58.69 MB
CDS: on
 - commit_granule_bytes: 65536.
 - commit_granule_words: 8192.
 - virtual_space_node_default_size: 8388608.
 - enlarge_chunks_in_place: 1.
UseCompressedClassPointers 1, UseCompactObjectHeaders 0
Narrow klass pointer bits 32, Max shift 3
Narrow klass base: 0x000000000b000000, Narrow klass shift: 0
Encoding Range: [0x000000000b000000 - 0x000000010b000000), (4294967296 bytes)
Klass Range:    [0x000000000b001000 - 0x000000004c000000), (1090514944 bytes)
Klass ID Range:  [4096 - 1090519033) (1090514937)
Protection zone: [0x000000000b000000 - 0x000000000b001000), (4096 bytes)


Internal statistics:

num_allocs_failed_limit: 26.
num_arena_births: 1358.
num_arena_deaths: 0.
num_vsnodes_births: 2.
num_vsnodes_deaths: 0.
num_space_committed: 558.
num_space_uncommitted: 0.
num_chunks_returned_to_freelist: 26.
num_chunks_taken_from_freelist: 2600.
num_chunk_merges: 26.
num_chunk_splits: 1784.
num_chunks_enlarged: 1171.
num_inconsistent_stats: 0.

CodeHeap 'non-profiled nmethods': size=119172Kb used=7710Kb max_used=7820Kb free=111462Kb
 bounds [0x00007f238ff9f000, 0x00007f239074f000, 0x00007f2397400000]
CodeHeap 'profiled nmethods': size=119164Kb used=29955Kb max_used=29955Kb free=89208Kb
 bounds [0x00007f2388400000, 0x00007f238a230000, 0x00007f238f85f000]
CodeHeap 'non-nmethods': size=7424Kb used=4260Kb max_used=4353Kb free=3163Kb
 bounds [0x00007f238f85f000, 0x00007f238fcaf000, 0x00007f238ff9f000]
CodeCache: size=245760Kb, used=41925Kb, max_used=42128Kb, free=203833Kb
 total_blobs=9833, nmethods=8190, adapters=630, full_count=0
Compilation: enabled, stopped_count=0, restarted_count=0

Compilation events (20 events):
Event: 17.202 Thread 0x00007f231c003820 nmethod 9111 0x00007f238846d108 code [0x00007f238846d200, 0x00007f238846f768]
Event: 17.212 Thread 0x00007f2324237b60 9112       4       java.lang.classfile.constantpool.ConstantPoolBuilder::nameAndTypeEntry (21 bytes)
Event: 17.214 Thread 0x00007f2324237b60 nmethod 9112 0x00007f23900f9308 code [0x00007f23900f9400, 0x00007f23900f96b8]
Event: 17.214 Thread 0x00007f231c001600 9113       3       com.dylibso.chicory.wabt.Wat2WasmModuleMachineFuncGroup_0::func_1238 (250 bytes)
Event: 17.214 Thread 0x00007f23a010e210 9114       3       com.dylibso.chicory.wabt.Wat2WasmModuleMachineFuncGroup_0::func_39 (280 bytes)
Event: 17.216 Thread 0x00007f231c001600 nmethod 9113 0x00007f2388659288 code [0x00007f2388659380, 0x00007f238865b980]
Event: 17.216 Thread 0x00007f23a010e210 nmethod 9114 0x00007f2388801d08 code [0x00007f2388801e00, 0x00007f2388804e48]
Event: 17.226 Thread 0x00007f2324237b60 9115       4       jdk.internal.classfile.impl.SplitConstantPool::fieldRefEntry (72 bytes)
Event: 17.232 Thread 0x00007f23104f3090 9116       4       java.lang.StringLatin1$CharsSpliterator::estimateSize (11 bytes)
Event: 17.232 Thread 0x00007f23104f3090 nmethod 9116 0x00007f2390100308 code [0x00007f2390100400, 0x00007f2390100480]
Event: 17.256 Thread 0x00007f23a010c820 nmethod 9108 0x00007f2390039b08 code [0x00007f2390039c00, 0x00007f239003bd78]
Event: 17.262 Thread 0x00007f231c001600 9118       3       java.lang.Class::arrayContentsEq (70 bytes)
Event: 17.262 Thread 0x00007f232822a320 9117       3       java.lang.Class::getDeclaredMethod (42 bytes)
Event: 17.262 Thread 0x00007f231c001600 nmethod 9118 0x00007f238887d588 code [0x00007f238887d680, 0x00007f238887da70]
Event: 17.263 Thread 0x00007f232822a320 nmethod 9117 0x00007f23884ea488 code [0x00007f23884ea580, 0x00007f23884eacd0]
Event: 17.264 Thread 0x00007f23a010c820 9119       4       java.util.ImmutableCollections$MapN::get (35 bytes)
Event: 17.265 Thread 0x00007f23104f3090 9120       4       com.dylibso.chicory.wabt.Wat2WasmModuleMachineFuncGroup_0::func_1604 (146 bytes)
Event: 17.279 Thread 0x00007f23a010c820 nmethod 9119 0x00007f23900bc888 code [0x00007f23900bc980, 0x00007f23900bd398]
Event: 17.281 Thread 0x00007f2324237b60 nmethod 9115 0x00007f2390036e88 code [0x00007f2390036fa0, 0x00007f2390039ae0]
Event: 17.288 Thread 0x00007f23104f3090 nmethod 9120 0x00007f238fff7708 code [0x00007f238fff7800, 0x00007f238fff8f40]

GC Heap Usage History (20 events):
Event: 11.077 {heap Before GC invocations=21 (full 0):
 garbage-first heap   total reserved 16384000K, committed 344064K, used 253746K [0x0000000418000000, 0x0000000800000000)
  region size 8192K, 25 young (204800K), 1 survivors (8192K)
}
Event: 11.079 {heap After GC invocations=22 (full 0):
 garbage-first heap   total reserved 16384000K, committed 344064K, used 57559K [0x0000000418000000, 0x0000000800000000)
  region size 8192K, 1 young (8192K), 1 survivors (8192K)
}
Event: 11.501 {heap Before GC invocations=22 (full 0):
 garbage-first heap   total reserved 16384000K, committed 344064K, used 245975K [0x0000000418000000, 0x0000000800000000)
  region size 8192K, 25 young (204800K), 1 survivors (8192K)
}
Event: 11.503 {heap After GC invocations=23 (full 0):
 garbage-first heap   total reserved 16384000K, committed 344064K, used 57628K [0x0000000418000000, 0x0000000800000000)
  region size 8192K, 1 young (8192K), 1 survivors (8192K)
}
Event: 11.909 {heap Before GC invocations=23 (full 0):
 garbage-first heap   total reserved 16384000K, committed 344064K, used 254236K [0x0000000418000000, 0x0000000800000000)
  region size 8192K, 25 young (204800K), 1 survivors (8192K)
}
Event: 11.911 {heap After GC invocations=24 (full 0):
 garbage-first heap   total reserved 16384000K, committed 344064K, used 58187K [0x0000000418000000, 0x0000000800000000)
  region size 8192K, 1 young (8192K), 1 survivors (8192K)
}
Event: 12.662 {heap Before GC invocations=24 (full 0):
 garbage-first heap   total reserved 16384000K, committed 344064K, used 254795K [0x0000000418000000, 0x0000000800000000)
  region size 8192K, 25 young (204800K), 1 survivors (8192K)
}
Event: 12.668 {heap After GC invocations=25 (full 0):
 garbage-first heap   total reserved 16384000K, committed 344064K, used 60849K [0x0000000418000000, 0x0000000800000000)
  region size 8192K, 1 young (8192K), 1 survivors (8192K)
}
Event: 13.451 {heap Before GC invocations=25 (full 0):
 garbage-first heap   total reserved 16384000K, committed 344064K, used 257457K [0x0000000418000000, 0x0000000800000000)
  region size 8192K, 25 young (204800K), 1 survivors (8192K)
}
Event: 13.458 {heap After GC invocations=26 (full 0):
 garbage-first heap   total reserved 16384000K, committed 344064K, used 63339K [0x0000000418000000, 0x0000000800000000)
  region size 8192K, 2 young (16384K), 2 survivors (16384K)
}
Event: 14.216 {heap Before GC invocations=26 (full 0):
 garbage-first heap   total reserved 16384000K, committed 344064K, used 251755K [0x0000000418000000, 0x0000000800000000)
  region size 8192K, 25 young (204800K), 2 survivors (16384K)
}
Event: 14.223 {heap After GC invocations=27 (full 0):
 garbage-first heap   total reserved 16384000K, committed 417792K, used 65505K [0x0000000418000000, 0x0000000800000000)
  region size 8192K, 2 young (16384K), 2 survivors (16384K)
}
Event: 15.103 {heap Before GC invocations=27 (full 0):
 garbage-first heap   total reserved 16384000K, committed 417792K, used 286689K [0x0000000418000000, 0x0000000800000000)
  region size 8192K, 30 young (245760K), 2 survivors (16384K)
}
Event: 15.110 {heap After GC invocations=28 (full 0):
 garbage-first heap   total reserved 16384000K, committed 417792K, used 66465K [0x0000000418000000, 0x0000000800000000)
  region size 8192K, 2 young (16384K), 2 survivors (16384K)
}
Event: 15.954 {heap Before GC invocations=28 (full 0):
 garbage-first heap   total reserved 16384000K, committed 417792K, used 254881K [0x0000000418000000, 0x0000000800000000)
  region size 8192K, 26 young (212992K), 2 survivors (16384K)
}
Event: 15.961 {heap After GC invocations=29 (full 0):
 garbage-first heap   total reserved 16384000K, committed 417792K, used 67681K [0x0000000418000000, 0x0000000800000000)
  region size 8192K, 2 young (16384K), 2 survivors (16384K)
}
Event: 16.583 {heap Before GC invocations=30 (full 0):
 garbage-first heap   total reserved 16384000K, committed 278528K, used 215137K [0x0000000418000000, 0x0000000800000000)
  region size 8192K, 20 young (163840K), 2 survivors (16384K)
}
Event: 16.593 {heap After GC invocations=31 (full 0):
 garbage-first heap   total reserved 16384000K, committed 278528K, used 68213K [0x0000000418000000, 0x0000000800000000)
  region size 8192K, 2 young (16384K), 2 survivors (16384K)
}
Event: 17.238 {heap Before GC invocations=31 (full 0):
 garbage-first heap   total reserved 16384000K, committed 278528K, used 207477K [0x0000000418000000, 0x0000000800000000)
  region size 8192K, 20 young (163840K), 2 survivors (16384K)
}
Event: 17.256 {heap After GC invocations=32 (full 0):
 garbage-first heap   total reserved 16384000K, committed 278528K, used 67276K [0x0000000418000000, 0x0000000800000000)
  region size 8192K, 2 young (16384K), 2 survivors (16384K)
}

Metaspace Usage History (20 events):
Event: 11.077 {metaspace Before GC invocations=21 (full 0):
 Metaspace       used 32249K, committed 32832K, reserved 1114112K
  class space    used 1774K, committed 2048K, reserved 1048576K
}
Event: 11.079 {metaspace After GC invocations=22 (full 0):
 Metaspace       used 32249K, committed 32832K, reserved 1114112K
  class space    used 1774K, committed 2048K, reserved 1048576K
}
Event: 11.501 {metaspace Before GC invocations=22 (full 0):
 Metaspace       used 32899K, committed 33472K, reserved 1114112K
  class space    used 1774K, committed 2048K, reserved 1048576K
}
Event: 11.503 {metaspace After GC invocations=23 (full 0):
 Metaspace       used 32899K, committed 33472K, reserved 1114112K
  class space    used 1774K, committed 2048K, reserved 1048576K
}
Event: 11.909 {metaspace Before GC invocations=23 (full 0):
 Metaspace       used 33021K, committed 33600K, reserved 1114112K
  class space    used 1791K, committed 2048K, reserved 1048576K
}
Event: 11.911 {metaspace After GC invocations=24 (full 0):
 Metaspace       used 33021K, committed 33600K, reserved 1114112K
  class space    used 1791K, committed 2048K, reserved 1048576K
}
Event: 12.662 {metaspace Before GC invocations=24 (full 0):
 Metaspace       used 33387K, committed 33984K, reserved 1114112K
  class space    used 1813K, committed 2112K, reserved 1048576K
}
Event: 12.668 {metaspace After GC invocations=25 (full 0):
 Metaspace       used 33387K, committed 33984K, reserved 1114112K
  class space    used 1813K, committed 2112K, reserved 1048576K
}
Event: 13.451 {metaspace Before GC invocations=25 (full 0):
 Metaspace       used 33827K, committed 34560K, reserved 1114112K
  class space    used 1858K, committed 2176K, reserved 1048576K
}
Event: 13.458 {metaspace After GC invocations=26 (full 0):
 Metaspace       used 33827K, committed 34560K, reserved 1114112K
  class space    used 1858K, committed 2176K, reserved 1048576K
}
Event: 14.216 {metaspace Before GC invocations=26 (full 0):
 Metaspace       used 34106K, committed 34816K, reserved 1114112K
  class space    used 1884K, committed 2176K, reserved 1048576K
}
Event: 14.223 {metaspace After GC invocations=27 (full 0):
 Metaspace       used 34106K, committed 34816K, reserved 1114112K
  class space    used 1884K, committed 2176K, reserved 1048576K
}
Event: 15.103 {metaspace Before GC invocations=27 (full 0):
 Metaspace       used 34774K, committed 35520K, reserved 1114112K
  class space    used 2020K, committed 2368K, reserved 1048576K
}
Event: 15.110 {metaspace After GC invocations=28 (full 0):
 Metaspace       used 34774K, committed 35520K, reserved 1114112K
  class space    used 2020K, committed 2368K, reserved 1048576K
}
Event: 15.954 {metaspace Before GC invocations=28 (full 0):
 Metaspace       used 35061K, committed 35840K, reserved 1114112K
  class space    used 2075K, committed 2432K, reserved 1048576K
}
Event: 15.961 {metaspace After GC invocations=29 (full 0):
 Metaspace       used 35061K, committed 35840K, reserved 1114112K
  class space    used 2075K, committed 2432K, reserved 1048576K
}
Event: 16.583 {metaspace Before GC invocations=30 (full 0):
 Metaspace       used 35630K, committed 36544K, reserved 1114112K
  class space    used 2227K, committed 2624K, reserved 1048576K
}
Event: 16.593 {metaspace After GC invocations=31 (full 0):
 Metaspace       used 35630K, committed 36544K, reserved 1114112K
  class space    used 2227K, committed 2624K, reserved 1048576K
}
Event: 17.238 {metaspace Before GC invocations=31 (full 0):
 Metaspace       used 35848K, committed 36800K, reserved 1114112K
  class space    used 2272K, committed 2688K, reserved 1048576K
}
Event: 17.256 {metaspace After GC invocations=32 (full 0):
 Metaspace       used 35848K, committed 36800K, reserved 1114112K
  class space    used 2272K, committed 2688K, reserved 1048576K
}

Dll operation events (9 events):
Event: 0.002 Loaded shared library /home/andreatp/.sdkman/candidates/java/25-tem/lib/libjava.so
Event: 0.017 Loaded shared library /home/andreatp/.sdkman/candidates/java/25-tem/lib/libsimdsort.so
Event: 0.024 Loaded shared library /home/andreatp/.sdkman/candidates/java/25-tem/lib/libnio.so
Event: 0.026 Loaded shared library /home/andreatp/.sdkman/candidates/java/25-tem/lib/libzip.so
Event: 0.059 Loaded shared library /home/andreatp/.sdkman/candidates/java/25-tem/lib/libmanagement.so
Event: 0.060 Loaded shared library /home/andreatp/.sdkman/candidates/java/25-tem/lib/libmanagement_ext.so
Event: 0.075 Loaded shared library /home/andreatp/.sdkman/candidates/java/25-tem/lib/libjimage.so
Event: 5.204 Loaded shared library /home/andreatp/.sdkman/candidates/java/25-tem/lib/libnet.so
Event: 6.001 Loaded shared library /home/andreatp/.sdkman/candidates/java/25-tem/lib/libsyslookup.so

Deoptimization events (20 events):
Event: 16.549 Thread 0x00007f23a002b840 Uncommon trap: trap_request=0xffffff45 fr.pc=0x00007f23901cbb18 relative=0x0000000000000118
Event: 16.549 Thread 0x00007f23a002b840 Uncommon trap: reason=unstable_if action=reinterpret pc=0x00007f23901cbb18 method=com.dylibso.chicory.wasm.Validator.getLocalType(I)Lcom/dylibso/chicory/wasm/types/ValType; @ 10 c2
Event: 16.549 Thread 0x00007f23a002b840 DEOPT PACKING pc=0x00007f23901cbb18 sp=0x00007f23a45fc8b0
Event: 16.549 Thread 0x00007f23a002b840 DEOPT UNPACKING pc=0x00007f238f9910f9 sp=0x00007f23a45fc868 mode 2
Event: 16.808 Thread 0x00007f23a002b840 Uncommon trap: trap_request=0xffffffde fr.pc=0x00007f23904b5fac relative=0x000000000000162c
Event: 16.808 Thread 0x00007f23a002b840 Uncommon trap: reason=class_check action=maybe_recompile pc=0x00007f23904b5fac method=com.dylibso.chicory.runtime.Instance.initialize(Z)Lcom/dylibso/chicory/runtime/Instance; @ 173 c2
Event: 16.808 Thread 0x00007f23a002b840 DEOPT PACKING pc=0x00007f23904b5fac sp=0x00007f23a45fcf60
Event: 16.808 Thread 0x00007f23a002b840 DEOPT UNPACKING pc=0x00007f238f9910f9 sp=0x00007f23a45fcf00 mode 2
Event: 16.832 Thread 0x00007f23a002b840 Uncommon trap: trap_request=0xffffff45 fr.pc=0x00007f23901d1f80 relative=0x0000000000000180
Event: 16.832 Thread 0x00007f23a002b840 Uncommon trap: reason=unstable_if action=reinterpret pc=0x00007f23901d1f80 method=com.dylibso.chicory.wasm.Validator.setLocal(I)V @ 10 c2
Event: 16.832 Thread 0x00007f23a002b840 DEOPT PACKING pc=0x00007f23901d1f80 sp=0x00007f23a45fc8b0
Event: 16.832 Thread 0x00007f23a002b840 DEOPT UNPACKING pc=0x00007f238f9910f9 sp=0x00007f23a45fc878 mode 2
Event: 17.116 Thread 0x00007f23a002b840 Uncommon trap: trap_request=0xffffff45 fr.pc=0x00007f23906febbc relative=0x0000000000003f9c
Event: 17.116 Thread 0x00007f23a002b840 Uncommon trap: reason=unstable_if action=reinterpret pc=0x00007f23906febbc method=com.dylibso.chicory.cranelift.CraneliftMachineFuncGroup_0.func_3874(IIILcom/dylibso/chicory/runtime/Memory;Lcom/dylibso/chicory/runtime/Instance;)V @ 248 c2
Event: 17.116 Thread 0x00007f23a002b840 DEOPT PACKING pc=0x00007f23906febbc sp=0x00007f23a45fb280
Event: 17.116 Thread 0x00007f23a002b840 DEOPT UNPACKING pc=0x00007f238f9910f9 sp=0x00007f23a45fb2a8 mode 2
Event: 17.166 Thread 0x00007f23a002b840 Uncommon trap: trap_request=0xffffffde fr.pc=0x00007f23904b5fac relative=0x000000000000162c
Event: 17.166 Thread 0x00007f23a002b840 Uncommon trap: reason=class_check action=maybe_recompile pc=0x00007f23904b5fac method=com.dylibso.chicory.runtime.Instance.initialize(Z)Lcom/dylibso/chicory/runtime/Instance; @ 173 c2
Event: 17.166 Thread 0x00007f23a002b840 DEOPT PACKING pc=0x00007f23904b5fac sp=0x00007f23a45fcf60
Event: 17.166 Thread 0x00007f23a002b840 DEOPT UNPACKING pc=0x00007f238f9910f9 sp=0x00007f23a45fcf00 mode 2

Classes loaded (20 events):
Event: 7.378 Loading class java/lang/StackTraceElement$HashedModules
Event: 7.378 Loading class java/lang/StackTraceElement$HashedModules done
Event: 7.379 Loading class java/util/AbstractList$RandomAccessSubList
Event: 7.379 Loading class java/util/AbstractList$SubList
Event: 7.379 Loading class java/util/AbstractList$SubList done
Event: 7.379 Loading class java/util/AbstractList$RandomAccessSubList done
Event: 7.380 Loading class java/util/AbstractList$SubList$1
Event: 7.380 Loading class java/util/AbstractList$SubList$1 done
Event: 7.383 Loading class java/io/PrintWriter
Event: 7.383 Loading class java/io/PrintWriter done
Event: 7.383 Loading class java/lang/Throwable$WrappedPrintWriter
Event: 7.383 Loading class java/lang/Throwable$PrintStreamOrWriter
Event: 7.383 Loading class java/lang/Throwable$PrintStreamOrWriter done
Event: 7.383 Loading class java/lang/Throwable$WrappedPrintWriter done
Event: 16.449 Loading class java/lang/invoke/BoundMethodHandle$Species_LLLLLLLL
Event: 16.449 Loading class java/lang/invoke/BoundMethodHandle$Species_LLLLLLLL done
Event: 16.451 Loading class java/lang/invoke/BoundMethodHandle$Species_LLLLLLLLL
Event: 16.451 Loading class java/lang/invoke/BoundMethodHandle$Species_LLLLLLLLL done
Event: 16.455 Loading class java/lang/invoke/BoundMethodHandle$Species_LLLLLLLLLL
Event: 16.455 Loading class java/lang/invoke/BoundMethodHandle$Species_LLLLLLLLLL done

Classes unloaded (0 events):
No events

Classes redefined (0 events):
No events

Internal exceptions (20 events):
Event: 16.000 Thread 0x00007f23a002b840 Exception <a 'java/lang/NoSuchMethodError'{0x00000007ffe351b8}: 'void java.lang.invoke.DirectMethodHandle$Holder.invokeSpecial(java.lang.Object, java.lang.Object, long, long)'> (0x00000007ffe351b8) 
thrown [src/hotspot/share/interpreter/linkResolver.cpp, line 803]
Event: 16.000 Thread 0x00007f23a002b840 Exception <a 'java/lang/NoSuchMethodError'{0x00000007ffe3d700}: 'void java.lang.invoke.Invokers$Holder.exactInvoker(java.lang.Object, java.lang.Object, long, long)'> (0x00000007ffe3d700) 
thrown [src/hotspot/share/interpreter/linkResolver.cpp, line 803]
Event: 16.000 Thread 0x00007f23a002b840 Exception <a 'java/lang/NoSuchMethodError'{0x00000007ffe46320}: 'void java.lang.invoke.DelegatingMethodHandle$Holder.delegate(java.lang.Object, java.lang.Object, long, long)'> (0x00000007ffe46320) 
thrown [src/hotspot/share/interpreter/linkResolver.cpp, line 803]
Event: 16.002 Thread 0x00007f23a002b840 Exception <a 'java/lang/ArrayIndexOutOfBoundsException'{0x00000007ffeb89c0}: Index 1 out of bounds for length 1> (0x00000007ffeb89c0) 
thrown [src/hotspot/share/interpreter/interpreterRuntime.cpp, line 420]
Event: 16.003 Thread 0x00007f23a002b840 Exception <a 'java/lang/ArrayIndexOutOfBoundsException'{0x00000007ffecd870}: Index 1 out of bounds for length 1> (0x00000007ffecd870) 
thrown [src/hotspot/share/interpreter/interpreterRuntime.cpp, line 420]
Event: 16.003 Thread 0x00007f23a002b840 Exception <a 'java/lang/ArrayIndexOutOfBoundsException'{0x00000007ffee2080}: Index 1 out of bounds for length 1> (0x00000007ffee2080) 
thrown [src/hotspot/share/interpreter/interpreterRuntime.cpp, line 420]
Event: 16.004 Thread 0x00007f23a002b840 Exception <a 'java/lang/ArrayIndexOutOfBoundsException'{0x00000007ffef6890}: Index 1 out of bounds for length 1> (0x00000007ffef6890) 
thrown [src/hotspot/share/interpreter/interpreterRuntime.cpp, line 420]
Event: 16.021 Thread 0x00007f23a002b840 Implicit null exception at 0x00007f23906d2b61 to 0x00007f23906d6af4
Event: 16.440 Thread 0x00007f23a002b840 Exception <a 'java/lang/NoSuchMethodError'{0x000000041fa85430}: 'void java.lang.invoke.DirectMethodHandle$Holder.invokeStaticInit(java.lang.Object, java.lang.Object, java.lang.Object, java.lang.Object, java.lang.Object, long, float, double, int, int)'> (0x000000041fa85430) 
thrown [src/hotspot/share/interpreter/linkResolver.cpp, line 803]
Event: 16.440 Thread 0x00007f23a002b840 Exception <a 'java/lang/NoSuchMethodError'{0x000000041fa96330}: 'void java.lang.invoke.DelegatingMethodHandle$Holder.reinvoke_L(java.lang.Object, java.lang.Object, java.lang.Object, java.lang.Object, java.lang.Object, long, float, double, int, int)'> (0x000000041fa96330) 
thrown [src/hotspot/share/interpreter/linkResolver.cpp, line 803]
Event: 16.442 Thread 0x00007f23a002b840 Exception <a 'java/lang/NoSuchMethodError'{0x000000041fae1fb8}: 'double java.lang.invoke.DirectMethodHandle$Holder.invokeStaticInit(java.lang.Object, java.lang.Object, java.lang.Object, java.lang.Object, java.lang.Object, long, float, double, int, int)'> (0x000000041fae1fb8) 
thrown [src/hotspot/share/interpreter/linkResolver.cpp, line 803]
Event: 16.443 Thread 0x00007f23a002b840 Exception <a 'java/lang/NoSuchMethodError'{0x000000041faf2eb8}: 'double java.lang.invoke.DelegatingMethodHandle$Holder.reinvoke_L(java.lang.Object, java.lang.Object, java.lang.Object, java.lang.Object, java.lang.Object, long, float, double, int, int)'> (0x000000041faf2eb8) 
thrown [src/hotspot/share/interpreter/linkResolver.cpp, line 803]
Event: 16.447 Thread 0x00007f23a002b840 Implicit null exception at 0x00007f23905a6ce9 to 0x00007f23905a8820
Event: 16.447 Thread 0x00007f23a002b840 Exception <a 'java/lang/NoSuchMethodError'{0x000000041fbe9940}: 'java.lang.Object java.lang.invoke.Invokers$Holder.invoker(java.lang.Object, java.lang.Object, java.lang.Object, java.lang.Object, java.lang.Object, java.lang.Object, java.lang.Object, java.lang.Object, java.lang.Object)'> (0x000000041fbe9940) 
thrown [src/hotspot/share/interpreter/linkResolver.cpp, line 803]
Event: 16.447 Thread 0x00007f23a002b840 Implicit null exception at 0x00007f23905c947e to 0x00007f23905c9838
Event: 16.450 Thread 0x00007f23a002b840 Exception <a 'java/lang/NoSuchMethodError'{0x000000041fc2d508}: 'java.lang.Object java.lang.invoke.DirectMethodHandle$Holder.invokeStatic(java.lang.Object, java.lang.Object, java.lang.Object, java.lang.Object, java.lang.Object, java.lang.Object, java.lang.Object, java.lang.Object, java.lang.Object, java.lang.Object, java.lang.Object)'> (0x000000041fc2d508) 
thrown [src/hotspot/share/interpreter/linkResolver.cpp, line 803]
Event: 16.452 Thread 0x00007f23a002b840 Exception <a 'java/lang/NoSuchMethodError'{0x000000041fc54a28}: 'java.lang.Object java.lang.invoke.DirectMethodHandle$Holder.invokeStatic(java.lang.Object, java.lang.Object, java.lang.Object, java.lang.Object, java.lang.Object, java.lang.Object, java.lang.Object, java.lang.Object, java.lang.Object, java.lang.Object, java.lang.Object, java.lang.Object)'> (0x000000041fc54a28) 
thrown [src/hotspot/share/interpreter/linkResolver.cpp, line 803]
Event: 16.456 Thread 0x00007f23a002b840 Exception <a 'java/lang/NoSuchMethodError'{0x000000041fcd61c8}: 'java.lang.Object java.lang.invoke.DirectMethodHandle$Holder.invokeStatic(java.lang.Object, java.lang.Object, java.lang.Object, java.lang.Object, java.lang.Object, java.lang.Object, java.lang.Object, java.lang.Object, java.lang.Object, java.lang.Object, java.lang.Object, java.lang.Object, java.lang.Object)'> (0x000000041fcd61c8) 
thrown [src/hotspot/share/interpreter/linkResolver.cpp, line 803]
Event: 16.526 Thread 0x00007f23a002b840 Exception <a 'java/lang/NoSuchMethodError'{0x000000041f6c58c8}: 'long java.lang.invoke.DirectMethodHandle$Holder.invokeStaticInit(java.lang.Object, java.lang.Object, java.lang.Object, java.lang.Object, java.lang.Object, long, float, double, int, int)'> (0x000000041f6c58c8) 
thrown [src/hotspot/share/interpreter/linkResolver.cpp, line 803]
Event: 16.527 Thread 0x00007f23a002b840 Exception <a 'java/lang/NoSuchMethodError'{0x000000041f6d67c8}: 'long java.lang.invoke.DelegatingMethodHandle$Holder.reinvoke_L(java.lang.Object, java.lang.Object, java.lang.Object, java.lang.Object, java.lang.Object, long, float, double, int, int)'> (0x000000041f6d67c8) 
thrown [src/hotspot/share/interpreter/linkResolver.cpp, line 803]

VM Operations (20 events):
Event: 12.662 Executing safepoint VM operation: G1CollectForAllocation (G1 Evacuation Pause)
Event: 12.668 Executing safepoint VM operation: G1CollectForAllocation (G1 Evacuation Pause) done
Event: 13.450 Executing safepoint VM operation: G1CollectForAllocation (G1 Evacuation Pause)
Event: 13.458 Executing safepoint VM operation: G1CollectForAllocation (G1 Evacuation Pause) done
Event: 14.216 Executing safepoint VM operation: G1CollectForAllocation (G1 Evacuation Pause)
Event: 14.223 Executing safepoint VM operation: G1CollectForAllocation (G1 Evacuation Pause) done
Event: 14.792 Executing non-safepoint VM operation: HandshakeAllThreads (Deoptimize)
Event: 14.792 Executing non-safepoint VM operation: HandshakeAllThreads (Deoptimize) done
Event: 15.103 Executing safepoint VM operation: G1CollectForAllocation (G1 Evacuation Pause)
Event: 15.110 Executing safepoint VM operation: G1CollectForAllocation (G1 Evacuation Pause) done
Event: 15.954 Executing safepoint VM operation: G1TryInitiateConcMark (CodeCache GC Threshold)
Event: 15.961 Executing safepoint VM operation: G1TryInitiateConcMark (CodeCache GC Threshold) done
Event: 16.010 Executing safepoint VM operation: G1PauseRemark
Event: 16.016 Executing safepoint VM operation: G1PauseRemark done
Event: 16.041 Executing safepoint VM operation: G1PauseCleanup
Event: 16.041 Executing safepoint VM operation: G1PauseCleanup done
Event: 16.583 Executing safepoint VM operation: G1CollectForAllocation (G1 Evacuation Pause)
Event: 16.593 Executing safepoint VM operation: G1CollectForAllocation (G1 Evacuation Pause) done
Event: 17.238 Executing safepoint VM operation: G1CollectForAllocation (G1 Evacuation Pause)
Event: 17.256 Executing safepoint VM operation: G1CollectForAllocation (G1 Evacuation Pause) done

Memory protections (20 events):
Event: 0.400 Protecting memory [0x00007f2339900000,0x00007f2339904000] with protection modes 0
Event: 0.403 Protecting memory [0x00007f2339800000,0x00007f2339804000] with protection modes 0
Event: 2.073 Protecting memory [0x00007f2339e00000,0x00007f2339e04000] with protection modes 0
Event: 3.211 Protecting memory [0x00007f2339e00000,0x00007f2339e04000] with protection modes 0
Event: 5.071 Protecting memory [0x00007f23702ed000,0x00007f23702f1000] with protection modes 0
Event: 5.072 Protecting memory [0x00007f2339e00000,0x00007f2339e04000] with protection modes 0
Event: 5.072 Protecting memory [0x00007f2339f00000,0x00007f2339f04000] with protection modes 0
Event: 5.073 Protecting memory [0x00007f2339a00000,0x00007f2339a04000] with protection modes 0
Event: 5.107 Protecting memory [0x00007f2339900000,0x00007f2339904000] with protection modes 0
Event: 5.110 Protecting memory [0x00007f2339800000,0x00007f2339804000] with protection modes 0
Event: 5.110 Protecting memory [0x00007f2347f00000,0x00007f2347f04000] with protection modes 0
Event: 7.946 Protecting memory [0x00007f2347f00000,0x00007f2347f04000] with protection modes 0
Event: 7.959 Protecting memory [0x00007f2339b00000,0x00007f2339b04000] with protection modes 0
Event: 9.983 Protecting memory [0x00007f23388f2000,0x00007f23388f6000] with protection modes 0
Event: 9.983 Protecting memory [0x00007f23387f2000,0x00007f23387f6000] with protection modes 0
Event: 12.040 Protecting memory [0x00007f2339800000,0x00007f2339804000] with protection modes 0
Event: 12.299 Protecting memory [0x00007f2347f00000,0x00007f2347f04000] with protection modes 0
Event: 12.425 Protecting memory [0x00007f2339b00000,0x00007f2339b04000] with protection modes 0
Event: 12.425 Protecting memory [0x00007f23388f2000,0x00007f23388f6000] with protection modes 0
Event: 12.426 Protecting memory [0x00007f23387f2000,0x00007f23387f6000] with protection modes 0

Nmethod flushes (20 events):
Event: 16.015 Thread 0x00007f23a00fb310 flushing  nmethod 0x00007f23887e3b08
Event: 16.015 Thread 0x00007f23a00fb310 flushing  nmethod 0x00007f23887e3e08
Event: 16.015 Thread 0x00007f23a00fb310 flushing  nmethod 0x00007f23887e4308
Event: 16.015 Thread 0x00007f23a00fb310 flushing  nmethod 0x00007f23887e4608
Event: 16.015 Thread 0x00007f23a00fb310 flushing  nmethod 0x00007f23887e4908
Event: 16.015 Thread 0x00007f23a00fb310 flushing  nmethod 0x00007f23887e4c08
Event: 16.015 Thread 0x00007f23a00fb310 flushing  nmethod 0x00007f23887e4f08
Event: 16.015 Thread 0x00007f23a00fb310 flushing  nmethod 0x00007f23887e5888
Event: 16.015 Thread 0x00007f23a00fb310 flushing  nmethod 0x00007f23887e5c88
Event: 16.015 Thread 0x00007f23a00fb310 flushing  nmethod 0x00007f23887e5f88
Event: 16.015 Thread 0x00007f23a00fb310 flushing  nmethod 0x00007f23887e6388
Event: 16.015 Thread 0x00007f23a00fb310 flushing  nmethod 0x00007f23887e6688
Event: 16.015 Thread 0x00007f23a00fb310 flushing  nmethod 0x00007f2388805208
Event: 16.015 Thread 0x00007f23a00fb310 flushing  nmethod 0x00007f2388805888
Event: 16.015 Thread 0x00007f23a00fb310 flushing  nmethod 0x00007f2388806488
Event: 16.015 Thread 0x00007f23a00fb310 flushing  nmethod 0x00007f2388806f08
Event: 16.015 Thread 0x00007f23a00fb310 flushing  nmethod 0x00007f238881f388
Event: 16.015 Thread 0x00007f23a00fb310 flushing  nmethod 0x00007f238881fe08
Event: 16.015 Thread 0x00007f23a00fb310 flushing  nmethod 0x00007f2388820108
Event: 16.015 Thread 0x00007f23a00fb310 flushing  nmethod 0x00007f2388822008

Events (20 events):
Event: 5.110 Thread 0x00007f23a010c820 Thread added: 0x00007f23242da0b0
Event: 5.110 Thread 0x00007f23a010c820 Thread added: 0x00007f2324044580
Event: 5.952 Thread 0x00007f2324044580 Thread exited: 0x00007f2324044580
Event: 7.946 Thread 0x00007f23a010c820 Thread added: 0x00007f2324959920
Event: 7.959 Thread 0x00007f23a010e210 Thread added: 0x00007f2328edae70
Event: 9.983 Thread 0x00007f2328edae70 Thread added: 0x00007f22c003eb30
Event: 9.983 Thread 0x00007f2328edae70 Thread added: 0x00007f22c003f9f0
Event: 10.251 Thread 0x00007f22c003f9f0 Thread exited: 0x00007f22c003f9f0
Event: 10.432 Thread 0x00007f22c003eb30 Thread exited: 0x00007f22c003eb30
Event: 10.432 Thread 0x00007f2328edae70 Thread exited: 0x00007f2328edae70
Event: 10.702 Thread 0x00007f2324959920 Thread exited: 0x00007f2324959920
Event: 11.311 Thread 0x00007f23242da0b0 Thread exited: 0x00007f23242da0b0
Event: 12.040 Thread 0x00007f23a010c820 Thread added: 0x00007f2324237b60
Event: 12.299 Thread 0x00007f231c007260 Thread added: 0x00007f22f4e55d00
Event: 12.425 Thread 0x00007f22f4e55d00 Thread added: 0x00007f23183e9490
Event: 12.425 Thread 0x00007f22f4e55d00 Thread added: 0x00007f23181cb160
Event: 12.426 Thread 0x00007f22f4e55d00 Thread added: 0x00007f23181cbb40
Event: 14.224 Thread 0x00007f23181cbb40 Thread exited: 0x00007f23181cbb40
Event: 14.249 Thread 0x00007f23181cb160 Thread exited: 0x00007f23181cb160
Event: 14.379 Thread 0x00007f23183e9490 Thread exited: 0x00007f23183e9490


Dynamic libraries:
0b000000-0b001000 ---p 00000000 00:00 0 
0b001000-0bd8c000 rw-p 00001000 00:24 62088005                           /home/andreatp/.sdkman/candidates/java/25-tem/lib/server/classes.jsa
0bd8c000-0c000000 ---p 00000000 00:00 0 
0c000000-0c040000 rw-p 00000000 00:00 0 
0c040000-0c140000 rw-p 00000000 00:00 0 
0c140000-0c180000 rw-p 00000000 00:00 0 
0c180000-0c2a0000 rw-p 00000000 00:00 0 
0c2a0000-4c000000 ---p 00000000 00:00 0 
418000000-427800000 rw-p 00000000 00:00 0 
427800000-485000000 ---p 00000000 00:00 0 
485000000-485800000 rw-p 00000000 00:00 0 
485800000-7ff000000 ---p 00000000 00:00 0 
7ff000000-7ff800000 rw-p 00000000 00:00 0 
7ff800000-7ff921000 rw-p 00dbf000 00:24 62088005                         /home/andreatp/.sdkman/candidates/java/25-tem/lib/server/classes.jsa
7ff921000-800000000 rw-p 00000000 00:00 0 
55ec2d7d0000-55ec2d7d1000 r--p 00000000 00:24 62087964                   /home/andreatp/.sdkman/candidates/java/25-tem/bin/java
55ec2d7d1000-55ec2d7d2000 r-xp 00001000 00:24 62087964                   /home/andreatp/.sdkman/candidates/java/25-tem/bin/java
55ec2d7d2000-55ec2d7d3000 r--p 00002000 00:24 62087964                   /home/andreatp/.sdkman/candidates/java/25-tem/bin/java
55ec2d7d3000-55ec2d7d4000 r--p 00002000 00:24 62087964                   /home/andreatp/.sdkman/candidates/java/25-tem/bin/java
55ec2d7d4000-55ec2d7d5000 rw-p 00003000 00:24 62087964                   /home/andreatp/.sdkman/candidates/java/25-tem/bin/java
55ec390ea000-55ec39133000 rw-p 00000000 00:00 0                          [heap]
7f22b4000000-7f22b5423000 rw-p 00000000 00:00 0 
7f22b5423000-7f22b8000000 ---p 00000000 00:00 0 
7f22b8000000-7f22b9566000 rw-p 00000000 00:00 0 
7f22b9566000-7f22bc000000 ---p 00000000 00:00 0 
7f22bc000000-7f22bc021000 rw-p 00000000 00:00 0 
7f22bc021000-7f22c0000000 ---p 00000000 00:00 0 
7f22c0000000-7f22c18ab000 rw-p 00000000 00:00 0 
7f22c18ab000-7f22c4000000 ---p 00000000 00:00 0 
7f22c4000000-7f22c4021000 rw-p 00000000 00:00 0 
7f22c4021000-7f22c8000000 ---p 00000000 00:00 0 
7f22c8000000-7f22c8021000 rw-p 00000000 00:00 0 
7f22c8021000-7f22cc000000 ---p 00000000 00:00 0 
7f22cc000000-7f22cc07b000 rw-p 00000000 00:00 0 
7f22cc07b000-7f22d0000000 ---p 00000000 00:00 0 
7f22d0000000-7f22d0078000 rw-p 00000000 00:00 0 
7f22d0078000-7f22d4000000 ---p 00000000 00:00 0 
7f22d4000000-7f22d4021000 rw-p 00000000 00:00 0 
7f22d4021000-7f22d8000000 ---p 00000000 00:00 0 
7f22d8000000-7f22d8021000 rw-p 00000000 00:00 0 
7f22d8021000-7f22dc000000 ---p 00000000 00:00 0 
7f22dc000000-7f22dc037000 rw-p 00000000 00:00 0 
7f22dc037000-7f22e0000000 ---p 00000000 00:00 0 
7f22e0000000-7f22e0021000 rw-p 00000000 00:00 0 
7f22e0021000-7f22e4000000 ---p 00000000 00:00 0 
7f22e4000000-7f22e4021000 rw-p 00000000 00:00 0 
7f22e4021000-7f22e8000000 ---p 00000000 00:00 0 
7f22e8000000-7f22e8021000 rw-p 00000000 00:00 0 
7f22e8021000-7f22ec000000 ---p 00000000 00:00 0 
7f22ec000000-7f22ec021000 rw-p 00000000 00:00 0 
7f22ec021000-7f22f0000000 ---p 00000000 00:00 0 
7f22f0000000-7f22f0021000 rw-p 00000000 00:00 0 
7f22f0021000-7f22f4000000 ---p 00000000 00:00 0 
7f22f4000000-7f22f63f8000 rw-p 00000000 00:00 0 
7f22f63f8000-7f22f8000000 ---p 00000000 00:00 0 
7f22f8000000-7f22fab24000 rw-p 00000000 00:00 0 
7f22fab24000-7f22fc000000 ---p 00000000 00:00 0 
7f22fc000000-7f22fc271000 rw-p 00000000 00:00 0 
7f22fc271000-7f2300000000 ---p 00000000 00:00 0 
7f2300000000-7f2301b1d000 rw-p 00000000 00:00 0 
7f2301b1d000-7f2304000000 ---p 00000000 00:00 0 
7f2304000000-7f2304021000 rw-p 00000000 00:00 0 
7f2304021000-7f2308000000 ---p 00000000 00:00 0 
7f2308000000-7f2308021000 rw-p 00000000 00:00 0 
7f2308021000-7f230c000000 ---p 00000000 00:00 0 
7f230c000000-7f230e2ec000 rw-p 00000000 00:00 0 
7f230e2ec000-7f2310000000 ---p 00000000 00:00 0 
7f2310000000-7f2310e1f000 rw-p 00000000 00:00 0 
7f2310e1f000-7f2314000000 ---p 00000000 00:00 0 
7f2314000000-7f2314021000 rw-p 00000000 00:00 0 
7f2314021000-7f2318000000 ---p 00000000 00:00 0 
7f2318000000-7f2319f71000 rw-p 00000000 00:00 0 
7f2319f71000-7f231c000000 ---p 00000000 00:00 0 
7f231c000000-7f231c8b2000 rw-p 00000000 00:00 0 
7f231c8b2000-7f2320000000 ---p 00000000 00:00 0 
7f2320000000-7f2320021000 rw-p 00000000 00:00 0 
7f2320021000-7f2324000000 ---p 00000000 00:00 0 
7f2324000000-7f2326467000 rw-p 00000000 00:00 0 
7f2326467000-7f2328000000 ---p 00000000 00:00 0 
7f2328000000-7f2329171000 rw-p 00000000 00:00 0 
7f2329171000-7f232c000000 ---p 00000000 00:00 0 
7f232c000000-7f232c03d000 rw-p 00000000 00:00 0 
7f232c03d000-7f2330000000 ---p 00000000 00:00 0 
7f2330000000-7f2330021000 rw-p 00000000 00:00 0 
7f2330021000-7f2334000000 ---p 00000000 00:00 0 
7f2334000000-7f2334021000 rw-p 00000000 00:00 0 
7f2334021000-7f2338000000 ---p 00000000 00:00 0 
7f23387f2000-7f23387f6000 ---p 00000000 00:00 0 
7f23387f6000-7f23388f2000 rw-p 00000000 00:00 0 
7f23388f2000-7f23388f6000 ---p 00000000 00:00 0 
7f23388f6000-7f23389f2000 rw-p 00000000 00:00 0 
7f23389f2000-7f23389f3000 ---p 00000000 00:00 0 
7f23389f3000-7f2338af3000 rw-p 00000000 00:00 0 
7f2338af3000-7f2338af4000 ---p 00000000 00:00 0 
7f2338af4000-7f2338bf4000 rw-p 00000000 00:00 0 
7f2338bf4000-7f2338bf5000 ---p 00000000 00:00 0 
7f2338bf5000-7f2338cf5000 rw-p 00000000 00:00 0 
7f2338cf5000-7f2338cf6000 ---p 00000000 00:00 0 
7f2338cf6000-7f2338df6000 rw-p 00000000 00:00 0 
7f2338df6000-7f2338df7000 ---p 00000000 00:00 0 
7f2338df7000-7f2338ef7000 rw-p 00000000 00:00 0 
7f2338ef7000-7f2338ef8000 ---p 00000000 00:00 0 
7f2338ef8000-7f2338ff8000 rw-p 00000000 00:00 0 
7f2338ff8000-7f2338ff9000 ---p 00000000 00:00 0 
7f2338ff9000-7f23390f9000 rw-p 00000000 00:00 0 
7f23390f9000-7f23390fa000 ---p 00000000 00:00 0 
7f23390fa000-7f23391fa000 rw-p 00000000 00:00 0 
7f23391fa000-7f23391fb000 ---p 00000000 00:00 0 
7f23391fb000-7f23392fb000 rw-p 00000000 00:00 0 
7f23392fb000-7f23392fc000 ---p 00000000 00:00 0 
7f23392fc000-7f23393fc000 rw-p 00000000 00:00 0 
7f23393fc000-7f23393fd000 ---p 00000000 00:00 0 
7f23393fd000-7f23394fd000 rw-p 00000000 00:00 0 
7f23394fd000-7f23394fe000 ---p 00000000 00:00 0 
7f23394fe000-7f23395fe000 rw-p 00000000 00:00 0 
7f23395fe000-7f23395ff000 ---p 00000000 00:00 0 
7f23395ff000-7f23396ff000 rw-p 00000000 00:00 0 
7f23396ff000-7f2339700000 ---p 00000000 00:00 0 
7f2339700000-7f2339800000 rw-p 00000000 00:00 0 
7f2339800000-7f2339804000 ---p 00000000 00:00 0 
7f2339804000-7f2339900000 rw-p 00000000 00:00 0 
7f2339900000-7f2339904000 ---p 00000000 00:00 0 
7f2339904000-7f2339a00000 rw-p 00000000 00:00 0 
7f2339a00000-7f2339a04000 ---p 00000000 00:00 0 
7f2339a04000-7f2339b00000 rw-p 00000000 00:00 0 
7f2339b00000-7f2339b04000 ---p 00000000 00:00 0 
7f2339b04000-7f2339c00000 rw-p 00000000 00:00 0 
7f2339c00000-7f2339c04000 ---p 00000000 00:00 0 
7f2339c04000-7f2339d00000 rw-p 00000000 00:00 0 
7f2339d00000-7f2339d04000 ---p 00000000 00:00 0 
7f2339d04000-7f2339e00000 rw-p 00000000 00:00 0 
7f2339e00000-7f2339e04000 ---p 00000000 00:00 0 
7f2339e04000-7f2339f00000 rw-p 00000000 00:00 0 
7f2339f00000-7f2339f04000 ---p 00000000 00:00 0 
7f2339f04000-7f233a000000 rw-p 00000000 00:00 0 
7f233a000000-7f2347e70000 r--p 00000000 00:24 16857077                   /usr/lib/locale/locale-archive
7f2347e76000-7f2347e7d000 r--s 00000000 00:24 17059797                   /usr/lib64/gconv/gconv-modules.cache
7f2347e7d000-7f2347e87000 r-xp 00000000 00:00 0 
7f2347e87000-7f2347e8d000 r-xp 00000000 00:00 0 
7f2347e8d000-7f2347f00000 r-xp 00000000 00:00 0 
7f2347f00000-7f2347f04000 ---p 00000000 00:00 0 
7f2347f04000-7f2348000000 rw-p 00000000 00:00 0 
7f2348000000-7f2348400000 rw-p 00000000 00:00 0 
7f2348400000-7f2348fc0000 rw-p 00000000 00:00 0 
7f2348fc0000-7f2349100000 rw-p 00000000 00:00 0 
7f2349100000-7f23491c0000 rw-p 00000000 00:00 0 
7f23491c0000-7f2349720000 rw-p 00000000 00:00 0 
7f2349720000-7f2349840000 rw-p 00000000 00:00 0 
7f2349840000-7f2349940000 rw-p 00000000 00:00 0 
7f2349940000-7f2349a60000 rw-p 00000000 00:00 0 
7f2349a60000-7f2349ae0000 rw-p 00000000 00:00 0 
7f2349ae0000-7f2349b80000 rw-p 00000000 00:00 0 
7f2349b80000-7f2349c00000 ---p 00000000 00:00 0 
7f2349c00000-7f2349f20000 rw-p 00000000 00:00 0 
7f2349f20000-7f234a1d0000 rw-p 00000000 00:00 0 
7f234a1d0000-7f234c000000 ---p 00000000 00:00 0 
7f234c000000-7f234c021000 rw-p 00000000 00:00 0 
7f234c021000-7f2350000000 ---p 00000000 00:00 0 
7f2350000000-7f2350021000 rw-p 00000000 00:00 0 
7f2350021000-7f2354000000 ---p 00000000 00:00 0 
7f2354000000-7f2354038000 rw-p 00000000 00:00 0 
7f2354038000-7f2358000000 ---p 00000000 00:00 0 
7f2358000000-7f2358021000 rw-p 00000000 00:00 0 
7f2358021000-7f235c000000 ---p 00000000 00:00 0 
7f235c000000-7f235c021000 rw-p 00000000 00:00 0 
7f235c021000-7f2360000000 ---p 00000000 00:00 0 
7f2360000000-7f2360021000 rw-p 00000000 00:00 0 
7f2360021000-7f2364000000 ---p 00000000 00:00 0 
7f2364000000-7f2364021000 rw-p 00000000 00:00 0 
7f2364021000-7f2368000000 ---p 00000000 00:00 0 
7f2368000000-7f2368021000 rw-p 00000000 00:00 0 
7f2368021000-7f236c000000 ---p 00000000 00:00 0 
7f236c000000-7f236c021000 rw-p 00000000 00:00 0 
7f236c021000-7f2370000000 ---p 00000000 00:00 0 
7f2370000000-7f23700ed000 r-xp 00000000 00:00 0 
7f23700ed000-7f23700f1000 ---p 00000000 00:00 0 
7f23700f1000-7f23701ed000 rw-p 00000000 00:00 0 
7f23701ed000-7f23701f1000 ---p 00000000 00:00 0 
7f23701f1000-7f23702ed000 rw-p 00000000 00:00 0 
7f23702ed000-7f23702f1000 ---p 00000000 00:00 0 
7f23702f1000-7f23703ed000 rw-p 00000000 00:00 0 
7f23703ed000-7f23703f1000 ---p 00000000 00:00 0 
7f23703f1000-7f23704ed000 rw-p 00000000 00:00 0 
7f23704ed000-7f23704f1000 ---p 00000000 00:00 0 
7f23704f1000-7f23705ed000 rw-p 00000000 00:00 0 
7f23705ed000-7f23705f1000 ---p 00000000 00:00 0 
7f23705f1000-7f23706ed000 rw-p 00000000 00:00 0 
7f23706ed000-7f23706f1000 ---p 00000000 00:00 0 
7f23706f1000-7f23707ed000 rw-p 00000000 00:00 0 
7f23707ed000-7f23707f1000 ---p 00000000 00:00 0 
7f23707f1000-7f23708ed000 rw-p 00000000 00:00 0 
7f23708ed000-7f23708ee000 ---p 00000000 00:00 0 
7f23708ee000-7f23709ee000 rw-p 00000000 00:00 0 
7f23709ee000-7f23709ef000 ---p 00000000 00:00 0 
7f23709ef000-7f23709f3000 ---p 00000000 00:00 0 
7f23709f3000-7f2370aef000 rw-p 00000000 00:00 0 
7f2370aef000-7f2370af0000 ---p 00000000 00:00 0 
7f2370af0000-7f2370af4000 ---p 00000000 00:00 0 
7f2370af4000-7f2370bf0000 rw-p 00000000 00:00 0 
7f2370bf0000-7f2370bf1000 ---p 00000000 00:00 0 
7f2370bf1000-7f2370cf1000 rw-p 00000000 00:00 0 
7f2370cf1000-7f2370cf2000 ---p 00000000 00:00 0 
7f2370cf2000-7f2370df2000 rw-p 00000000 00:00 0 
7f2370df2000-7f2370df3000 ---p 00000000 00:00 0 
7f2370df3000-7f2370ef3000 rw-p 00000000 00:00 0 
7f2370ef3000-7f2373c00000 rw-p 00000000 00:00 0 
7f2373c00000-7f2373c01000 r-xp 00000000 00:00 0 
7f2373c01000-7f2373c1c000 r-xp 00000000 00:00 0 
7f2373c1c000-7f2373c1e000 r--p 00000000 00:24 62087985                   /home/andreatp/.sdkman/candidates/java/25-tem/lib/libzip.so
7f2373c1e000-7f2373c30000 r-xp 00002000 00:24 62087985                   /home/andreatp/.sdkman/candidates/java/25-tem/lib/libzip.so
7f2373c30000-7f2373c38000 r--p 00014000 00:24 62087985                   /home/andreatp/.sdkman/candidates/java/25-tem/lib/libzip.so
7f2373c38000-7f2373c39000 r--p 0001b000 00:24 62087985                   /home/andreatp/.sdkman/candidates/java/25-tem/lib/libzip.so
7f2373c39000-7f2373c3a000 rw-p 0001c000 00:24 62087985                   /home/andreatp/.sdkman/candidates/java/25-tem/lib/libzip.so
7f2373c3a000-7f2373c3b000 r--p 00000000 00:24 62088018                   /home/andreatp/.sdkman/candidates/java/25-tem/lib/libsimdsort.so
7f2373c3b000-7f2373c74000 r-xp 00001000 00:24 62088018                   /home/andreatp/.sdkman/candidates/java/25-tem/lib/libsimdsort.so
7f2373c74000-7f2373c7a000 r--p 0003a000 00:24 62088018                   /home/andreatp/.sdkman/candidates/java/25-tem/lib/libsimdsort.so
7f2373c7a000-7f2373c7b000 r--p 0003f000 00:24 62088018                   /home/andreatp/.sdkman/candidates/java/25-tem/lib/libsimdsort.so
7f2373c7b000-7f2373c7c000 rw-p 00040000 00:24 62088018                   /home/andreatp/.sdkman/candidates/java/25-tem/lib/libsimdsort.so
7f2373c7c000-7f2373cfd000 rw-p 00000000 00:00 0 
7f2373cfd000-7f2373cfe000 ---p 00000000 00:00 0 
7f2373cfe000-7f2373dfe000 rw-p 00000000 00:00 0 
7f2373dfe000-7f2373dff000 ---p 00000000 00:00 0 
7f2373dff000-7f2373eff000 rw-p 00000000 00:00 0 
7f2373eff000-7f2373f00000 ---p 00000000 00:00 0 
7f2373f00000-7f2374000000 rw-p 00000000 00:00 0 
7f2374000000-7f23743e0000 rw-p 00000000 00:00 0 
7f23743e0000-7f2375b40000 ---p 00000000 00:00 0 
7f2375b40000-7f2375b60000 rw-p 00000000 00:00 0 
7f2375b60000-7f23839c0000 ---p 00000000 00:00 0 
7f23839c0000-7f2383a00000 rw-p 00000000 00:00 0 
7f2383a00000-7f2383a01000 r-xp 00000000 00:00 0 
7f2383a01000-7f2383a1a000 r-xp 00000000 00:00 0 
7f2383a1a000-7f2383bf2000 rw-p 00000000 00:00 0 
7f2383bf2000-7f2383ede000 ---p 00000000 00:00 0 
7f2383ede000-7f2383ee2000 rw-p 00000000 00:00 0 
7f2383ee2000-7f2385aae000 ---p 00000000 00:00 0 
7f2385aae000-7f2385b32000 rw-p 00000000 00:00 0 
7f2385b32000-7f2385e1e000 ---p 00000000 00:00 0 
7f2385e1e000-7f2385e22000 rw-p 00000000 00:00 0 
7f2385e22000-7f23879ee000 ---p 00000000 00:00 0 
7f23879ee000-7f2388400000 rw-p 00000000 00:00 0 
7f2388400000-7f238a230000 rwxp 00000000 00:00 0 
7f238a230000-7f238f85f000 ---p 00000000 00:00 0 
7f238f85f000-7f238fcaf000 rwxp 00000000 00:00 0 
7f238fcaf000-7f238ff9f000 ---p 00000000 00:00 0 
7f238ff9f000-7f239074f000 rwxp 00000000 00:00 0 
7f239074f000-7f2397400000 ---p 00000000 00:00 0 
7f2397400000-7f239ff14000 r--s 00000000 00:24 62088042                   /home/andreatp/.sdkman/candidates/java/25-tem/lib/modules
7f239ff14000-7f239ff15000 r-xp 00000000 00:00 0 
7f239ff15000-7f239ff17000 r--p 00000000 00:24 62088016                   /home/andreatp/.sdkman/candidates/java/25-tem/lib/libmanagement_ext.so
7f239ff17000-7f239ff1a000 r-xp 00002000 00:24 62088016                   /home/andreatp/.sdkman/candidates/java/25-tem/lib/libmanagement_ext.so
7f239ff1a000-7f239ff1b000 r--p 00005000 00:24 62088016                   /home/andreatp/.sdkman/candidates/java/25-tem/lib/libmanagement_ext.so
7f239ff1b000-7f239ff1c000 r--p 00006000 00:24 62088016                   /home/andreatp/.sdkman/candidates/java/25-tem/lib/libmanagement_ext.so
7f239ff1c000-7f239ff1d000 rw-p 00007000 00:24 62088016                   /home/andreatp/.sdkman/candidates/java/25-tem/lib/libmanagement_ext.so
7f239ff1d000-7f239ff20000 r--p 00000000 00:24 62088001                   /home/andreatp/.sdkman/candidates/java/25-tem/lib/libnet.so
7f239ff20000-7f239ff28000 r-xp 00003000 00:24 62088001                   /home/andreatp/.sdkman/candidates/java/25-tem/lib/libnet.so
7f239ff28000-7f239ff2a000 r--p 0000b000 00:24 62088001                   /home/andreatp/.sdkman/candidates/java/25-tem/lib/libnet.so
7f239ff2a000-7f239ff2b000 r--p 0000c000 00:24 62088001                   /home/andreatp/.sdkman/candidates/java/25-tem/lib/libnet.so
7f239ff2b000-7f239ff2c000 rw-p 0000d000 00:24 62088001                   /home/andreatp/.sdkman/candidates/java/25-tem/lib/libnet.so
7f239ff2c000-7f239ff34000 r--p 00000000 00:24 62088041                   /home/andreatp/.sdkman/candidates/java/25-tem/lib/libnio.so
7f239ff34000-7f239ff3d000 r-xp 00008000 00:24 62088041                   /home/andreatp/.sdkman/candidates/java/25-tem/lib/libnio.so
7f239ff3d000-7f239ff41000 r--p 00011000 00:24 62088041                   /home/andreatp/.sdkman/candidates/java/25-tem/lib/libnio.so
7f239ff41000-7f239ff42000 r--p 00015000 00:24 62088041                   /home/andreatp/.sdkman/candidates/java/25-tem/lib/libnio.so
7f239ff42000-7f239ff43000 rw-p 00016000 00:24 62088041                   /home/andreatp/.sdkman/candidates/java/25-tem/lib/libnio.so
7f239ff43000-7f23a15bf000 rw-p 00000000 00:00 0 
7f23a15bf000-7f23a4000000 ---p 00000000 00:00 0 
7f23a4000000-7f23a4007000 r-xp 00000000 00:00 0 
7f23a4007000-7f23a431a000 rw-p 00000000 00:00 0 
7f23a431a000-7f23a43f3000 ---p 00000000 00:00 0 
7f23a43f3000-7f23a4430000 rw-p 00000000 00:00 0 
7f23a4430000-7f23a44dc000 ---p 00000000 00:00 0 
7f23a44dc000-7f23a44ea000 r--p 00000000 00:24 62087993                   /home/andreatp/.sdkman/candidates/java/25-tem/lib/libjava.so
7f23a44ea000-7f23a44f8000 r-xp 0000e000 00:24 62087993                   /home/andreatp/.sdkman/candidates/java/25-tem/lib/libjava.so
7f23a44f8000-7f23a44fd000 r--p 0001c000 00:24 62087993                   /home/andreatp/.sdkman/candidates/java/25-tem/lib/libjava.so
7f23a44fd000-7f23a44fe000 r--p 00021000 00:24 62087993                   /home/andreatp/.sdkman/candidates/java/25-tem/lib/libjava.so
7f23a44fe000-7f23a44ff000 rw-p 00022000 00:24 62087993                   /home/andreatp/.sdkman/candidates/java/25-tem/lib/libjava.so
7f23a44ff000-7f23a4500000 rw-p 00000000 00:00 0 
7f23a4500000-7f23a4504000 ---p 00000000 00:00 0 
7f23a4504000-7f23a4600000 rw-p 00000000 00:00 0 
7f23a4600000-7f23a48e2000 r--p 00000000 00:24 62088004                   /home/andreatp/.sdkman/candidates/java/25-tem/lib/server/libjvm.so
7f23a48e2000-7f23a58e2000 r-xp 002e2000 00:24 62088004                   /home/andreatp/.sdkman/candidates/java/25-tem/lib/server/libjvm.so
7f23a58e2000-7f23a5bf2000 r--p 012e2000 00:24 62088004                   /home/andreatp/.sdkman/candidates/java/25-tem/lib/server/libjvm.so
7f23a5bf2000-7f23a5cdd000 r--p 015f2000 00:24 62088004                   /home/andreatp/.sdkman/candidates/java/25-tem/lib/server/libjvm.so
7f23a5cdd000-7f23a5d08000 rw-p 016dd000 00:24 62088004                   /home/andreatp/.sdkman/candidates/java/25-tem/lib/server/libjvm.so
7f23a5d08000-7f23a5d84000 rw-p 00000000 00:00 0 
7f23a5d84000-7f23a5d85000 r-xp 00000000 00:00 0 
7f23a5d85000-7f23a5d8b000 r-xp 00000000 00:00 0 
7f23a5d8b000-7f23a5d94000 rw-p 00000000 00:00 0 
7f23a5d94000-7f23a5d9a000 ---p 00000000 00:00 0 
7f23a5d9a000-7f23a5d9e000 r--p 00000000 00:24 62087996                   /home/andreatp/.sdkman/candidates/java/25-tem/lib/libjimage.so
7f23a5d9e000-7f23a5db6000 r-xp 00004000 00:24 62087996                   /home/andreatp/.sdkman/candidates/java/25-tem/lib/libjimage.so
7f23a5db6000-7f23a5dbc000 r--p 0001c000 00:24 62087996                   /home/andreatp/.sdkman/candidates/java/25-tem/lib/libjimage.so
7f23a5dbc000-7f23a5dbe000 r--p 00021000 00:24 62087996                   /home/andreatp/.sdkman/candidates/java/25-tem/lib/libjimage.so
7f23a5dbe000-7f23a5dbf000 rw-p 00023000 00:24 62087996                   /home/andreatp/.sdkman/candidates/java/25-tem/lib/libjimage.so
7f23a5dbf000-7f23a5e3c000 r-xp 00000000 00:24 16857124                   /usr/lib64/libm.so.6
7f23a5e3c000-7f23a5eac000 r--p 0007d000 00:24 16857124                   /usr/lib64/libm.so.6
7f23a5eac000-7f23a5ead000 r--p 000ec000 00:24 16857124                   /usr/lib64/libm.so.6
7f23a5ead000-7f23a5eae000 rw-p 000ed000 00:24 16857124                   /usr/lib64/libm.so.6
7f23a5eae000-7f23a5eaf000 r-xp 00000000 00:24 16857132                   /usr/lib64/librt.so.1
7f23a5eaf000-7f23a5eb0000 r--p 00001000 00:24 16857132                   /usr/lib64/librt.so.1
7f23a5eb0000-7f23a5eb1000 r--p 00001000 00:24 16857132                   /usr/lib64/librt.so.1
7f23a5eb1000-7f23a5eb4000 rw-p 00000000 00:00 0 
7f23a5eb4000-7f23a5eb5000 r-xp 00000000 00:24 16857130                   /usr/lib64/libpthread.so.0
7f23a5eb5000-7f23a5eb6000 r--p 00001000 00:24 16857130                   /usr/lib64/libpthread.so.0
7f23a5eb6000-7f23a5eb7000 r--p 00001000 00:24 16857130                   /usr/lib64/libpthread.so.0
7f23a5eb7000-7f23a5eb8000 rw-p 00000000 00:00 0 
7f23a5eb8000-7f23a5eb9000 r-xp 00000000 00:24 16857123                   /usr/lib64/libdl.so.2
7f23a5eb9000-7f23a5eba000 r--p 00001000 00:24 16857123                   /usr/lib64/libdl.so.2
7f23a5eba000-7f23a5ebb000 r--p 00001000 00:24 16857123                   /usr/lib64/libdl.so.2
7f23a5ebb000-7f23a5ebc000 rw-p 00000000 00:00 0 
7f23a5ebc000-7f23a602a000 r-xp 00000000 00:24 16857122                   /usr/lib64/libc.so.6
7f23a602a000-7f23a609f000 r--p 0016e000 00:24 16857122                   /usr/lib64/libc.so.6
7f23a609f000-7f23a60a3000 r--p 001e2000 00:24 16857122                   /usr/lib64/libc.so.6
7f23a60a3000-7f23a60a5000 rw-p 001e6000 00:24 16857122                   /usr/lib64/libc.so.6
7f23a60a5000-7f23a60ad000 rw-p 00000000 00:00 0 
7f23a60ad000-7f23a60ae000 r-xp 00000000 00:00 0 
7f23a60ae000-7f23a60af000 r--p 00000000 00:24 62087997                   /home/andreatp/.sdkman/candidates/java/25-tem/lib/libsyslookup.so
7f23a60af000-7f23a60b0000 r-xp 00001000 00:24 62087997                   /home/andreatp/.sdkman/candidates/java/25-tem/lib/libsyslookup.so
7f23a60b0000-7f23a60b1000 r--p 00002000 00:24 62087997                   /home/andreatp/.sdkman/candidates/java/25-tem/lib/libsyslookup.so
7f23a60b1000-7f23a60b2000 r--p 00002000 00:24 62087997                   /home/andreatp/.sdkman/candidates/java/25-tem/lib/libsyslookup.so
7f23a60b2000-7f23a60b3000 rw-p 00003000 00:24 62087997                   /home/andreatp/.sdkman/candidates/java/25-tem/lib/libsyslookup.so
7f23a60b3000-7f23a60b6000 r--p 00000000 00:24 62088022                   /home/andreatp/.sdkman/candidates/java/25-tem/lib/libmanagement.so
7f23a60b6000-7f23a60b7000 r-xp 00003000 00:24 62088022                   /home/andreatp/.sdkman/candidates/java/25-tem/lib/libmanagement.so
7f23a60b7000-7f23a60b8000 r--p 00004000 00:24 62088022                   /home/andreatp/.sdkman/candidates/java/25-tem/lib/libmanagement.so
7f23a60b8000-7f23a60b9000 r--p 00004000 00:24 62088022                   /home/andreatp/.sdkman/candidates/java/25-tem/lib/libmanagement.so
7f23a60b9000-7f23a60ba000 rw-p 00005000 00:24 62088022                   /home/andreatp/.sdkman/candidates/java/25-tem/lib/libmanagement.so
7f23a60ba000-7f23a60c2000 rw-s 00000000 00:2b 7351                       /tmp/hsperfdata_andreatp/147674
7f23a60c2000-7f23a60c3000 ---p 00000000 00:00 0 
7f23a60c3000-7f23a60c4000 r--p 00000000 00:00 0 
7f23a60c4000-7f23a60c5000 ---p 00000000 00:00 0 
7f23a60c5000-7f23a60c8000 r--p 00000000 00:24 62088010                   /home/andreatp/.sdkman/candidates/java/25-tem/lib/libjli.so
7f23a60c8000-7f23a60d9000 r-xp 00003000 00:24 62088010                   /home/andreatp/.sdkman/candidates/java/25-tem/lib/libjli.so
7f23a60d9000-7f23a60e0000 r--p 00014000 00:24 62088010                   /home/andreatp/.sdkman/candidates/java/25-tem/lib/libjli.so
7f23a60e0000-7f23a60e1000 r--p 0001a000 00:24 62088010                   /home/andreatp/.sdkman/candidates/java/25-tem/lib/libjli.so
7f23a60e1000-7f23a60e2000 rw-p 0001b000 00:24 62088010                   /home/andreatp/.sdkman/candidates/java/25-tem/lib/libjli.so
7f23a60e2000-7f23a60e4000 rw-p 00000000 00:00 0 
7f23a60e4000-7f23a60e8000 r--p 00000000 00:00 0                          [vvar]
7f23a60e8000-7f23a60ea000 r--p 00000000 00:00 0                          [vvar_vclock]
7f23a60ea000-7f23a60ec000 r-xp 00000000 00:00 0                          [vdso]
7f23a60ec000-7f23a6116000 r-xp 00000000 00:24 16857119                   /usr/lib64/ld-linux-x86-64.so.2
7f23a6116000-7f23a6121000 r--p 0002a000 00:24 16857119                   /usr/lib64/ld-linux-x86-64.so.2
7f23a6121000-7f23a6123000 r--p 00035000 00:24 16857119                   /usr/lib64/ld-linux-x86-64.so.2
7f23a6123000-7f23a6124000 rw-p 00037000 00:24 16857119                   /usr/lib64/ld-linux-x86-64.so.2
7f23a6124000-7f23a6125000 rw-p 00000000 00:00 0 
7ffe8496d000-7ffe8498f000 rw-p 00000000 00:00 0                          [stack]
ffffffffff600000-ffffffffff601000 --xp 00000000 00:00 0                  [vsyscall]
Total number of mappings: 346

JVMTI agents: none


VM Arguments:
jvm_args: --enable-preview --enable-native-access=ALL-UNNAMED 
java_command: /home/andreatp/workspace/chicory2/cranelift-compiler/target/surefire/surefirebooter-20260311191113413_3.jar /home/andreatp/workspace/chicory2/cranelift-compiler/target/surefire 2026-03-11T19-11-13_338-jvmRun1 surefire-20260311191113413_1tmp surefire_0-20260311191113413_2tmp
java_class_path (initial): /home/andreatp/workspace/chicory2/cranelift-compiler/target/surefire/surefirebooter-20260311191113413_3.jar
Launcher Type: SUN_STANDARD

[Global flags]
     intx CICompilerCount                          = 12                                        {product} {ergonomic}
     uint ConcGCThreads                            = 3                                         {product} {ergonomic}
     uint G1ConcRefinementThreads                  = 13                                        {product} {ergonomic}
   size_t G1HeapRegionSize                         = 8388608                                   {product} {ergonomic}
   size_t InitialHeapSize                          = 1048576000                                {product} {ergonomic}
   size_t MarkStackSize                            = 4194304                                   {product} {ergonomic}
   size_t MarkStackSizeMax                         = 536870912                                 {product} {ergonomic}
   size_t MaxHeapSize                              = 16777216000                               {product} {ergonomic}
   size_t MaxNewSize                               = 10066329600                               {product} {ergonomic}
   size_t MinHeapDeltaBytes                        = 8388608                                   {product} {ergonomic}
   size_t MinHeapSize                              = 8388608                                   {product} {ergonomic}
    uintx NonNMethodCodeHeapSize                   = 7602176                                {pd product} {ergonomic}
    uintx NonProfiledCodeHeapSize                  = 122032128                              {pd product} {ergonomic}
    uintx ProfiledCodeHeapSize                     = 122023936                              {pd product} {ergonomic}
    uintx ReservedCodeCacheSize                    = 251658240                              {pd product} {ergonomic}
     bool SegmentedCodeCache                       = true                                      {product} {ergonomic}
   size_t SoftMaxHeapSize                          = 16777216000                            {manageable} {ergonomic}
     bool UseCompressedOops                        = true                           {product lp64_product} {ergonomic}
     bool UseG1GC                                  = true                                      {product} {ergonomic}

Logging:
Log output configuration:
 #0: stdout all=warning uptime,level,tags foldmultilines=false
 #1: stderr all=off uptime,level,tags foldmultilines=false

Release file:
IMPLEMENTOR="Eclipse Adoptium"
IMPLEMENTOR_VERSION="Temurin-25+36"
JAVA_RUNTIME_VERSION="25+36-LTS"
JAVA_VERSION="25"
JAVA_VERSION_DATE="2025-09-16"
LIBC="gnu"
MODULES="java.base java.compiler java.datatransfer java.xml java.prefs java.desktop java.instrument java.logging java.management java.security.sasl java.naming java.rmi java.management.rmi java.net.http java.scripting java.security.jgss java.transaction.xa java.sql java.sql.rowset java.xml.crypto java.se java.smartcardio jdk.accessibility jdk.internal.jvmstat jdk.attach jdk.charsets jdk.internal.opt jdk.zipfs jdk.compiler jdk.crypto.cryptoki jdk.crypto.ec jdk.dynalink jdk.internal.ed jdk.editpad jdk.internal.vm.ci jdk.graal.compiler jdk.graal.compiler.management jdk.hotspot.agent jdk.httpserver jdk.incubator.vector jdk.internal.le jdk.internal.md jdk.jartool jdk.javadoc jdk.jcmd jdk.management jdk.management.agent jdk.jconsole jdk.jdeps jdk.jdwp.agent jdk.jdi jdk.jfr jdk.jlink jdk.jpackage jdk.jshell jdk.jsobject jdk.jstatd jdk.localedata jdk.management.jfr jdk.naming.dns jdk.naming.rmi jdk.net jdk.nio.mapmode jdk.sctp jdk.security.auth jdk.security.jgss jdk.unsupported jdk.unsupported.desktop jdk.xml.dom"
OS_ARCH="x86_64"
OS_NAME="Linux"
SOURCE=".:git:ef82ae723551"
BUILD_SOURCE="git:b7337f50fb2a765519e79674ae790c2a7450149e"
BUILD_SOURCE_REPO="https://github.com/adoptium/temurin-build.git"
SOURCE_REPO="https://github.com/adoptium/jdk.git"
FULL_VERSION="25+36-LTS"
SEMANTIC_VERSION="25+36"
BUILD_INFO="OS: Linux Version: 6.8.0-1031-azure"
JVM_VARIANT="Hotspot"
JVM_VERSION="25+36-LTS"
IMAGE_TYPE="JDK"

Environment Variables:
JAVA_HOME=/home/andreatp/.sdkman/candidates/java/current
PATH=/home/andreatp/.jbang/bin:/home/andreatp/Downloads/google-cloud-sdk/bin:/home/andreatp/.pyenv/shims:/home/andreatp/.pyenv/bin:/home/andreatp/.nvm/versions/node/v24.2.0/bin:/home/andreatp/.sdkman/candidates/visualvm/current/bin:/home/andreatp/.sdkman/candidates/sbt/current/bin:/home/andreatp/.sdkman/candidates/maven/current/bin:/home/andreatp/.sdkman/candidates/jbang/current/bin:/home/andreatp/.sdkman/candidates/java/current/bin:/home/andreatp/.sdkman/candidates/gradle/current/bin:/home/andreatp/.local/share/swiftly/bin:/home/andreatp/.local/bin:/home/andreatp/.cargo/bin:/usr/local/bin:/usr/bin:/var/lib/snapd/snap/bin:/home/andreatp/.rvm/bin:/usr/local/go/bin:/home/andreatp/.wasmtime/bin:/home/andreatp/.cargo/bin:/home/andreatp/.rvm/bin
USERNAME=andreatp
SHELL=/usr/bin/zsh
DISPLAY=:0
LANG=en_US.UTF-8
TERM=dumb

Active Locale:
LC_ALL=en_US.UTF-8
LC_COLLATE=en_US.UTF-8
LC_CTYPE=en_US.UTF-8
LC_MESSAGES=en_US.UTF-8
LC_MONETARY=en_US.UTF-8
LC_NUMERIC=en_US.UTF-8
LC_TIME=en_US.UTF-8

Signal Handlers:
   SIGSEGV: crash_handler in libjvm.so, mask=11100100010111111101111111111110, flags=SA_RESTART|SA_SIGINFO, unblocked
    SIGBUS: crash_handler in libjvm.so, mask=11100100010111111101111111111110, flags=SA_RESTART|SA_SIGINFO, unblocked
    SIGFPE: crash_handler in libjvm.so, mask=11100100010111111101111111111110, flags=SA_RESTART|SA_SIGINFO, unblocked
   SIGPIPE: javaSignalHandler in libjvm.so, mask=11100100010111111101111111111110, flags=SA_RESTART|SA_SIGINFO, blocked
   SIGXFSZ: javaSignalHandler in libjvm.so, mask=11100100010111111101111111111110, flags=SA_RESTART|SA_SIGINFO, blocked
    SIGILL: crash_handler in libjvm.so, mask=11100100010111111101111111111110, flags=SA_RESTART|SA_SIGINFO, unblocked
   SIGUSR2: SR_handler in libjvm.so, mask=00000000000000000000000000000000, flags=SA_RESTART|SA_SIGINFO, blocked
    SIGHUP: UserHandler in libjvm.so, mask=11100100010111111101111111111110, flags=SA_RESTART|SA_SIGINFO, blocked
    SIGINT: UserHandler in libjvm.so, mask=11100100010111111101111111111110, flags=SA_RESTART|SA_SIGINFO, blocked
   SIGTERM: UserHandler in libjvm.so, mask=11100100010111111101111111111110, flags=SA_RESTART|SA_SIGINFO, blocked
   SIGQUIT: UserHandler in libjvm.so, mask=11100100010111111101111111111110, flags=SA_RESTART|SA_SIGINFO, blocked
   SIGTRAP: crash_handler in libjvm.so, mask=11100100010111111101111111111110, flags=SA_RESTART|SA_SIGINFO, unblocked


Compilation memory statistics disabled.

Periodic native trim disabled

---------------  S Y S T E M  ---------------

OS:
Fedora release 42 (Adams)
uname: Linux 6.18.8-100.fc42.x86_64 #1 SMP PREEMPT_DYNAMIC Fri Jan 30 19:22:23 UTC 2026 x86_64
OS uptime: 0 days 9:13 hours
libc: glibc 2.41 NPTL 2.41 
rlimit (soft/hard): STACK 12500k/infinity , CORE infinity/infinity , NPROC 255769/255769 , NOFILE 524288/524288 , AS infinity/infinity , CPU infinity/infinity , DATA infinity/infinity , FSIZE infinity/infinity , MEMLOCK 8192k/8192k
load average: 5.90 5.26 3.36

/proc/meminfo:
MemTotal:       65528664 kB
MemFree:        12606596 kB
MemAvailable:   38384284 kB
Buffers:           15960 kB
Cached:         30420752 kB
SwapCached:            0 kB
Active:         27842524 kB
Inactive:       17950216 kB
Active(anon):   20711968 kB
Inactive(anon):        0 kB
Active(file):    7130556 kB
Inactive(file): 17950216 kB
Unevictable:     4099204 kB
Mlocked:            5816 kB
SwapTotal:       8388604 kB
SwapFree:        8388604 kB
Zswap:                 0 kB
Zswapped:              0 kB
Dirty:             19888 kB
Writeback:             0 kB
AnonPages:      19456032 kB
Mapped:          2296660 kB
Shmem:           5351160 kB
KReclaimable:    1424244 kB
Slab:            2226136 kB
SReclaimable:    1424244 kB
SUnreclaim:       801892 kB
KernelStack:       59024 kB
PageTables:       223092 kB
SecPageTables:      4188 kB
NFS_Unstable:          0 kB
Bounce:                0 kB
WritebackTmp:          0 kB
CommitLimit:    41152936 kB
Committed_AS:   109713780 kB
VmallocTotal:   34359738367 kB
VmallocUsed:      189876 kB
VmallocChunk:          0 kB
Percpu:            15360 kB
HardwareCorrupted:     0 kB
AnonHugePages:         0 kB
ShmemHugePages:  4022272 kB
ShmemPmdMapped:        0 kB
FileHugePages:         0 kB
FilePmdMapped:         0 kB
CmaTotal:              0 kB
CmaFree:               0 kB
Unaccepted:            0 kB
Balloon:               0 kB
HugePages_Total:       0
HugePages_Free:        0
HugePages_Rsvd:        0
HugePages_Surp:        0
Hugepagesize:       2048 kB
Hugetlb:               0 kB
DirectMap4k:      452032 kB
DirectMap2M:    16021504 kB
DirectMap1G:    51380224 kB

/sys/kernel/mm/transparent_hugepage/enabled: always [madvise] never
/sys/kernel/mm/transparent_hugepage/hpage_pmd_size: 2097152
/sys/kernel/mm/transparent_hugepage/shmem_enabled: always within_size advise [never] deny force
/sys/kernel/mm/transparent_hugepage/defrag (defrag/compaction efforts parameter): always defer defer+madvise [madvise] never

Process Memory:
Virtual Size: 21407348K (peak: 21407444K)
Resident Set Size: 656660K (peak: 1622684K) (anon: 629876K, file: 26752K, shmem: 32K)
Swapped out: 0K
C-Heap outstanding allocations: 167282K, retained: 214249K
glibc malloc tunables: (default)

/proc/sys/kernel/threads-max (system-wide limit on the number of threads): 511538
/proc/sys/vm/max_map_count (maximum number of memory map areas a process may have): 1048576
/proc/sys/vm/swappiness (control to define how aggressively the kernel swaps out anonymous memory): 60
/proc/sys/kernel/pid_max (system-wide limit on number of process identifiers): 4194304

container information not found.
Steal ticks since vm start: 0
Steal ticks percentage since vm start:  0.000

CPU: total 16 (initial active 16) (8 cores per cpu, 2 threads per core) family 6 model 141 stepping 1 microcode 0x58, cx8, cmov, fxsr, ht, mmx, 3dnowpref, sse, sse2, sse3, ssse3, sse4.1, sse4.2, popcnt, lzcnt, tsc, tscinvbit, avx, avx2, aes, erms, clmul, bmi1, bmi2, adx, avx512f, avx512dq, avx512cd, avx512bw, avx512vl, sha, fma, vzeroupper, avx512_vpopcntdq, avx512_vpclmulqdq, avx512_vaes, avx512_vnni, clflush, clflushopt, clwb, avx512_vbmi2, avx512_vbmi, rdtscp, rdpid, fsrm, gfni, avx512_bitalg, f16c, pku, ospke, cet_ibt, cet_ss, avx512_ifma
CPU Model and flags from /proc/cpuinfo:
model name	: 11th Gen Intel(R) Core(TM) i7-11850H @ 2.50GHz
flags		: fpu vme de pse tsc msr pae mce cx8 apic sep mtrr pge mca cmov pat pse36 clflush dts acpi mmx fxsr sse sse2 ss ht tm pbe syscall nx pdpe1gb rdtscp lm constant_tsc art arch_perfmon pebs bts rep_good nopl xtopology nonstop_tsc cpuid aperfmperf tsc_known_freq pni pclmulqdq dtes64 monitor ds_cpl vmx smx est tm2 ssse3 sdbg fma cx16 xtpr pdcm pcid sse4_1 sse4_2 x2apic movbe popcnt tsc_deadline_timer aes xsave avx f16c rdrand lahf_lm abm 3dnowprefetch cpuid_fault epb cat_l2 cdp_l2 ssbd ibrs ibpb stibp ibrs_enhanced tpr_shadow flexpriority ept vpid ept_ad fsgsbase tsc_adjust bmi1 avx2 smep bmi2 erms invpcid rdt_a avx512f avx512dq rdseed adx smap avx512ifma clflushopt clwb intel_pt avx512cd sha_ni avx512bw avx512vl xsaveopt xsavec xgetbv1 xsaves split_lock_detect user_shstk dtherm ida arat pln pts hwp hwp_notify hwp_act_window hwp_epp hwp_pkg_req vnmi avx512vbmi umip pku ospke avx512_vbmi2 gfni vaes vpclmulqdq avx512_vnni avx512_bitalg avx512_vpopcntdq rdpid movdiri movdir64b fsrm avx512_vp2intersect md_clear ibt flush_l1d arch_capabilities

Online cpus: 0-15
Offline cpus: 
BIOS frequency limitation: <Not Available>
Frequency switch latency (ns): 0
Available cpu frequencies: <Not Available>
Current governor: powersave
Core performance/turbo boost: <Not Available>

Memory: 4k page, physical 65528664k(38384284k free), swap 8388604k(8388604k free)
Page Sizes: 4k

vm_info: OpenJDK 64-Bit Server VM (25+36-LTS) for linux-amd64 JRE (25+36-LTS), built on 2025-09-16T00:00:00Z with gcc 14.2.0

END.
