#
# A fatal error has been detected by the Java Runtime Environment:
#
#  SIGSEGV (0xb) at pc=0x00007f197fe74034, pid=143760, tid=143762
#
# JRE version: OpenJDK Runtime Environment Temurin-25+36 (25.0+36) (build 25+36-LTS)
# Java VM: OpenJDK 64-Bit Server VM Temurin-25+36 (25+36-LTS, mixed mode, sharing, tiered, compressed oops, compressed class ptrs, g1 gc, linux-amd64)
# Problematic frame:
# C  0x00007f197fe74034
#
# Core dump will be written. Default location: Core dumps may be processed with "/usr/lib/systemd/systemd-coredump %P %u %g %s %t %c %h %d %F" (or dumping to /home/andreatp/workspace/chicory2/cranelift-compiler/core.143760)
#
# If you would like to submit a bug report, please visit:
#   https://github.com/adoptium/adoptium-support/issues
# The crash happened outside the Java Virtual Machine in native code.
# See problematic frame for where to report the bug.
#

---------------  S U M M A R Y ------------

Command Line: --enable-preview --enable-native-access=ALL-UNNAMED /home/andreatp/workspace/chicory2/cranelift-compiler/target/surefire/surefirebooter-20260311190130144_3.jar /home/andreatp/workspace/chicory2/cranelift-compiler/target/surefire 2026-03-11T19-01-30_090-jvmRun1 surefire-20260311190130144_1tmp surefire_0-20260311190130144_2tmp

Host: 11th Gen Intel(R) Core(TM) i7-11850H @ 2.50GHz, 16 cores, 62G, Fedora release 42 (Adams)
Time: Wed Mar 11 19:01:42 2026 WET elapsed time: 12.781620 seconds (0d 0h 0m 12s)

---------------  T H R E A D  ---------------

Current thread (0x00007f19d402b840):  JavaThread "main"             [_thread_in_native, id=143762, stack(0x00007f19dbf00000,0x00007f19dc000000) (1024K)]

Stack: [0x00007f19dbf00000,0x00007f19dc000000],  sp=0x00007f19dbffc3d0,  free space=1008k
Native frames: (J=compiled Java code, j=interpreted, Vv=VM code, C=native code)
C  0x00007f197fe74034
v  ~RuntimeStub::nep_invoker_blob 0x00007f19c3baba9d
j  java.lang.invoke.LambdaForm$MH+0x000000007a1ae400.invoke(Ljava/lang/Object;JJJ)V+12 java.base@25
j  java.lang.invoke.LambdaForm$MH+0x000000007a1b8800.invokeExact_MT(Ljava/lang/Object;JJJLjava/lang/Object;)V+23 java.base@25
j  jdk.internal.foreign.abi.DowncallStub+0x000000007a1ae800.invoke(Ljava/lang/foreign/SegmentAllocator;Ljava/lang/foreign/MemorySegment;Ljava/lang/foreign/MemorySegment;Ljava/lang/foreign/MemorySegment;)V+113 java.base@25
j  java.lang.invoke.DirectMethodHandle$Holder.invokeStatic(Ljava/lang/Object;Ljava/lang/Object;Ljava/lang/Object;Ljava/lang/Object;Ljava/lang/Object;)V+16 java.base@25
j  java.lang.invoke.LambdaForm$MH+0x000000007a1b8000.invoke(Ljava/lang/Object;Ljava/lang/Object;Ljava/lang/Object;)Ljava/lang/Object;+76 java.base@25
J 7642 c1 java.lang.invoke.LambdaForm$MH+0x000000007a1b5800.invoke(Ljava/lang/Object;Ljava/lang/Object;Ljava/lang/Object;)Ljava/lang/Object; java.base@25 (56 bytes) @ 0x00007f19bdc9fef4 [0x00007f19bdc9f480+0x0000000000000a74]
J 9023 c1 java.lang.invoke.MethodHandle.invokeWithArguments([Ljava/lang/Object;)Ljava/lang/Object; java.base@25 (32 bytes) @ 0x00007f19bc60a17c [0x00007f19bc609a80+0x00000000000006fc]
J 8343 c1 com.dylibso.chicory.cranelift.compiler.NativeMachine.call(I[J)[J (669 bytes) @ 0x00007f19bde2266c [0x00007f19bde1cf00+0x000000000000576c]
J 5968 c2 com.dylibso.chicory.runtime.Instance$Exports$$Lambda+0x000000007a12a940.apply([J)[J (13 bytes) @ 0x00007f19c43711fc [0x00007f19c4370f80+0x000000000000027c]
j  com.dylibso.chicory.test.gen.SpecV1MemoryGrowTest.lambda$test4$0(Lcom/dylibso/chicory/runtime/ExportFunction;)V+7
j  com.dylibso.chicory.test.gen.SpecV1MemoryGrowTest$$Lambda+0x000000007a298690.execute()V+4
J 7209 c1 org.junit.jupiter.api.AssertThrows.assertThrows(Ljava/lang/Class;Lorg/junit/jupiter/api/function/Executable;Ljava/lang/Object;)Ljava/lang/Throwable; (85 bytes) @ 0x00007f19bdb5f3fc [0x00007f19bdb5f300+0x00000000000000fc]
J 7207 c1 org.junit.jupiter.api.Assertions.assertThrows(Ljava/lang/Class;Lorg/junit/jupiter/api/function/Executable;)Ljava/lang/Throwable; (6 bytes) @ 0x00007f19bdb5ed9c [0x00007f19bdb5ed00+0x000000000000009c]
j  com.dylibso.chicory.test.gen.SpecV1MemoryGrowTest.test4()V+20
J 8320 c2 java.lang.invoke.LambdaForm$DMH+0x000000007a0fc000.invokeVirtual(Ljava/lang/Object;Ljava/lang/Object;)V java.base@25 (14 bytes) @ 0x00007f19c45dbe40 [0x00007f19c45dbe00+0x0000000000000040]
J 8319 c2 java.lang.invoke.LambdaForm$MH+0x000000007a0fc800.invoke(Ljava/lang/Object;Ljava/lang/Object;)Ljava/lang/Object; java.base@25 (36 bytes) @ 0x00007f19c45dbb74 [0x00007f19c45dbb00+0x0000000000000074]
J 8236 c2 org.junit.platform.commons.util.ReflectionUtils.invokeMethod(Ljava/lang/reflect/Method;Ljava/lang/Object;[Ljava/lang/Object;)Ljava/lang/Object; (55 bytes) @ 0x00007f19c45b4c28 [0x00007f19c45b4600+0x0000000000000628]
J 8136 c2 org.junit.jupiter.engine.execution.InterceptingExecutableInvoker.invoke(Ljava/lang/reflect/Method;Ljava/lang/Object;Lorg/junit/jupiter/api/extension/ExtensionContext;Lorg/junit/jupiter/engine/extension/ExtensionRegistry;Lorg/junit/jupiter/engine/execution/InterceptingExecutableInvoker$ReflectiveInterceptorCall;)Ljava/lang/Object; (59 bytes) @ 0x00007f19c45a1638 [0x00007f19c459f900+0x0000000000001d38]
J 8599 c2 org.junit.jupiter.engine.descriptor.TestMethodTestDescriptor$$Lambda+0x000000007a0f8458.execute()V (16 bytes) @ 0x00007f19c4657744 [0x00007f19c4657600+0x0000000000000144]
J 8262 c2 org.junit.platform.engine.support.hierarchical.ThrowableCollector.execute(Lorg/junit/platform/engine/support/hierarchical/ThrowableCollector$Executable;)V (20 bytes) @ 0x00007f19c45beb40 [0x00007f19c45beb00+0x0000000000000040]
J 8221 c2 org.junit.platform.engine.support.hierarchical.NodeTestTask.executeRecursively()V (35 bytes) @ 0x00007f19c45e0a20 [0x00007f19c45dfd80+0x0000000000000ca0]
J 8093 c2 org.junit.platform.engine.support.hierarchical.SameThreadHierarchicalTestExecutorService$$Lambda+0x000000007a0e3100.accept(Ljava/lang/Object;)V (10 bytes) @ 0x00007f19c4586440 [0x00007f19c4583120+0x0000000000003320]
J 2399 c2 java.util.ArrayList.forEach(Ljava/util/function/Consumer;)V java.base@25 (74 bytes) @ 0x00007f19c409fde4 [0x00007f19c409fd00+0x00000000000000e4]
j  org.junit.platform.engine.support.hierarchical.SameThreadHierarchicalTestExecutorService.invokeAll(Ljava/util/List;)V+6
J 8221 c2 org.junit.platform.engine.support.hierarchical.NodeTestTask.executeRecursively()V (35 bytes) @ 0x00007f19c45e28c4 [0x00007f19c45dfd80+0x0000000000002b44]
J 8093 c2 org.junit.platform.engine.support.hierarchical.SameThreadHierarchicalTestExecutorService$$Lambda+0x000000007a0e3100.accept(Ljava/lang/Object;)V (10 bytes) @ 0x00007f19c4586440 [0x00007f19c4583120+0x0000000000003320]
J 2399 c2 java.util.ArrayList.forEach(Ljava/util/function/Consumer;)V java.base@25 (74 bytes) @ 0x00007f19c409fde4 [0x00007f19c409fd00+0x00000000000000e4]
j  org.junit.platform.engine.support.hierarchical.SameThreadHierarchicalTestExecutorService.invokeAll(Ljava/util/List;)V+6
j  org.junit.platform.engine.support.hierarchical.NodeTestTask.lambda$executeRecursively$6()V+116
j  org.junit.platform.engine.support.hierarchical.NodeTestTask$$Lambda+0x000000007a0e25c0.execute()V+4
j  org.junit.platform.engine.support.hierarchical.ThrowableCollector.execute(Lorg/junit/platform/engine/support/hierarchical/ThrowableCollector$Executable;)V+1
j  org.junit.platform.engine.support.hierarchical.NodeTestTask.lambda$executeRecursively$8(Lorg/junit/platform/engine/support/hierarchical/EngineExecutionContext;)V+15
j  org.junit.platform.engine.support.hierarchical.NodeTestTask$$Lambda+0x000000007a0e2390.invoke(Lorg/junit/platform/engine/support/hierarchical/EngineExecutionContext;)V+5
j  org.junit.platform.engine.support.hierarchical.Node.around(Lorg/junit/platform/engine/support/hierarchical/EngineExecutionContext;Lorg/junit/platform/engine/support/hierarchical/Node$Invocation;)V+2
j  org.junit.platform.engine.support.hierarchical.NodeTestTask.lambda$executeRecursively$9()V+14
j  org.junit.platform.engine.support.hierarchical.NodeTestTask$$Lambda+0x000000007a0e2160.execute()V+4
j  org.junit.platform.engine.support.hierarchical.ThrowableCollector.execute(Lorg/junit/platform/engine/support/hierarchical/ThrowableCollector$Executable;)V+1
j  org.junit.platform.engine.support.hierarchical.NodeTestTask.executeRecursively()V+31
j  org.junit.platform.engine.support.hierarchical.NodeTestTask.execute()V+55
j  org.junit.platform.engine.support.hierarchical.SameThreadHierarchicalTestExecutorService.submit(Lorg/junit/platform/engine/support/hierarchical/HierarchicalTestExecutorService$TestTask;)Ljava/util/concurrent/Future;+1
j  org.junit.platform.engine.support.hierarchical.HierarchicalTestExecutor.execute()Ljava/util/concurrent/Future;+74
j  org.junit.platform.engine.support.hierarchical.HierarchicalTestEngine.execute(Lorg/junit/platform/engine/ExecutionRequest;)V+31
j  org.junit.platform.launcher.core.EngineExecutionOrchestrator.executeEngine(Lorg/junit/platform/engine/TestDescriptor;Lorg/junit/platform/engine/EngineExecutionListener;Lorg/junit/platform/engine/ConfigurationParameters;Lorg/junit/platform/engine/TestEngine;Lorg/junit/platform/engine/OutputDirectoryCreator;Lorg/junit/platform/launcher/core/DiscoveryIssueNotifier;Lorg/junit/platform/engine/support/store/NamespacedHierarchicalStore;)V+24
j  org.junit.platform.launcher.core.EngineExecutionOrchestrator.failOrExecuteEngine(Lorg/junit/platform/launcher/core/LauncherDiscoveryResult;Lorg/junit/platform/engine/EngineExecutionListener;Lorg/junit/platform/engine/TestEngine;Lorg/junit/platform/engine/support/store/NamespacedHierarchicalStore;)V+124
j  org.junit.platform.launcher.core.EngineExecutionOrchestrator.execute(Lorg/junit/platform/launcher/core/LauncherDiscoveryResult;Lorg/junit/platform/engine/EngineExecutionListener;Lorg/junit/platform/engine/support/store/NamespacedHierarchicalStore;)V+68
j  org.junit.platform.launcher.core.EngineExecutionOrchestrator.execute(Lorg/junit/platform/launcher/core/InternalTestPlan;Lorg/junit/platform/engine/EngineExecutionListener;Lorg/junit/platform/launcher/TestExecutionListener;Lorg/junit/platform/engine/support/store/NamespacedHierarchicalStore;)V+57
j  org.junit.platform.launcher.core.EngineExecutionOrchestrator.lambda$execute$0(Lorg/junit/platform/launcher/core/InternalTestPlan;Lorg/junit/platform/engine/support/store/NamespacedHierarchicalStore;Lorg/junit/platform/launcher/TestExecutionListener;)V+7
j  org.junit.platform.launcher.core.EngineExecutionOrchestrator$$Lambda+0x000000007a0d16e0.accept(Ljava/lang/Object;)V+16
j  org.junit.platform.launcher.core.EngineExecutionOrchestrator.withInterceptedStreams(Lorg/junit/platform/engine/ConfigurationParameters;Lorg/junit/platform/launcher/core/ListenerRegistry;Ljava/util/function/Consumer;)V+51
j  org.junit.platform.launcher.core.EngineExecutionOrchestrator.execute(Lorg/junit/platform/launcher/core/InternalTestPlan;Lorg/junit/platform/engine/support/store/NamespacedHierarchicalStore;[Lorg/junit/platform/launcher/TestExecutionListener;)V+26
j  org.junit.platform.launcher.core.DefaultLauncher.execute(Lorg/junit/platform/launcher/core/InternalTestPlan;[Lorg/junit/platform/launcher/TestExecutionListener;)V+12
j  org.junit.platform.launcher.core.DefaultLauncher.execute(Lorg/junit/platform/launcher/LauncherDiscoveryRequest;[Lorg/junit/platform/launcher/TestExecutionListener;)V+34
j  org.junit.platform.launcher.core.DelegatingLauncher.execute(Lorg/junit/platform/launcher/LauncherDiscoveryRequest;[Lorg/junit/platform/launcher/TestExecutionListener;)V+6
j  org.junit.platform.launcher.core.InterceptingLauncher.lambda$execute$1(Lorg/junit/platform/launcher/LauncherDiscoveryRequest;[Lorg/junit/platform/launcher/TestExecutionListener;)Ljava/lang/Object;+3
j  org.junit.platform.launcher.core.InterceptingLauncher$$Lambda+0x000000007a0d14b0.proceed()Ljava/lang/Object;+12
j  org.junit.platform.launcher.core.ClasspathAlignmentCheckingLauncherInterceptor.intercept(Lorg/junit/platform/launcher/LauncherInterceptor$Invocation;)Ljava/lang/Object;+1
j  org.junit.platform.launcher.core.InterceptingLauncher.execute(Lorg/junit/platform/launcher/LauncherDiscoveryRequest;[Lorg/junit/platform/launcher/TestExecutionListener;)V+12
j  org.junit.platform.launcher.core.DelegatingLauncher.execute(Lorg/junit/platform/launcher/LauncherDiscoveryRequest;[Lorg/junit/platform/launcher/TestExecutionListener;)V+6
j  org.apache.maven.surefire.junitplatform.LauncherAdapter.executeWithoutCancellationToken(Lorg/junit/platform/launcher/LauncherDiscoveryRequest;[Lorg/junit/platform/launcher/TestExecutionListener;)V+6
j  org.apache.maven.surefire.junitplatform.LauncherAdapter.execute(Lorg/junit/platform/launcher/LauncherDiscoveryRequest;[Lorg/junit/platform/launcher/TestExecutionListener;)V+10
j  org.apache.maven.surefire.junitplatform.JUnitPlatformProvider.execute(Lorg/apache/maven/surefire/junitplatform/LauncherAdapter;Lorg/apache/maven/surefire/api/util/TestsToRun;Lorg/apache/maven/surefire/junitplatform/RunListenerAdapter;)V+61
j  org.apache.maven.surefire.junitplatform.JUnitPlatformProvider.invokeAllTests(Lorg/apache/maven/surefire/junitplatform/LauncherAdapter;Lorg/apache/maven/surefire/api/util/TestsToRun;Lorg/apache/maven/surefire/junitplatform/RunListenerAdapter;)V+36
j  org.apache.maven.surefire.junitplatform.JUnitPlatformProvider.invoke(Ljava/lang/Object;)Lorg/apache/maven/surefire/api/suite/RunResult;+144
j  org.apache.maven.surefire.booter.ForkedBooter.runSuitesInProcess()V+8
j  org.apache.maven.surefire.booter.ForkedBooter.execute()V+1
j  org.apache.maven.surefire.booter.ForkedBooter.run(Lorg/apache/maven/surefire/booter/ForkedBooter;[Ljava/lang/String;)V+27
j  org.apache.maven.surefire.booter.ForkedBooter.main([Ljava/lang/String;)V+10
v  ~StubRoutines::call_stub 0x00007f19c385ffa6
V  [libjvm.so+0xa21400]  JavaCalls::call_helper(JavaValue*, methodHandle const&, JavaCallArguments*, JavaThread*)+0x2b0
V  [libjvm.so+0xaeae76]  jni_invoke_static(JNIEnv_*, JavaValue*, _jobject*, JNICallType, _jmethodID*, JNI_ArgumentPusher*, JavaThread*) [clone .constprop.1]+0x396
V  [libjvm.so+0xaedd31]  jni_CallStaticVoidMethod+0x161
C  [libjli.so+0xa73a]  invokeStaticMainWithArgs+0x4a
C  [libjli.so+0xb7c0]  JavaMain+0xeb0
C  [libjli.so+0xed49]  ThreadJavaMain+0x9
C  [libc.so.6+0x71f14]  start_thread+0x2e4
Java frames: (J=compiled Java code, j=interpreted, Vv=VM code)
v  ~RuntimeStub::nep_invoker_blob 0x00007f19c3baba64
j  java.lang.invoke.LambdaForm$MH+0x000000007a1ae400.invoke(Ljava/lang/Object;JJJ)V+12 java.base@25
j  java.lang.invoke.LambdaForm$MH+0x000000007a1b8800.invokeExact_MT(Ljava/lang/Object;JJJLjava/lang/Object;)V+23 java.base@25
j  jdk.internal.foreign.abi.DowncallStub+0x000000007a1ae800.invoke(Ljava/lang/foreign/SegmentAllocator;Ljava/lang/foreign/MemorySegment;Ljava/lang/foreign/MemorySegment;Ljava/lang/foreign/MemorySegment;)V+113 java.base@25
j  java.lang.invoke.DirectMethodHandle$Holder.invokeStatic(Ljava/lang/Object;Ljava/lang/Object;Ljava/lang/Object;Ljava/lang/Object;Ljava/lang/Object;)V+16 java.base@25
j  java.lang.invoke.LambdaForm$MH+0x000000007a1b8000.invoke(Ljava/lang/Object;Ljava/lang/Object;Ljava/lang/Object;)Ljava/lang/Object;+76 java.base@25
J 7642 c1 java.lang.invoke.LambdaForm$MH+0x000000007a1b5800.invoke(Ljava/lang/Object;Ljava/lang/Object;Ljava/lang/Object;)Ljava/lang/Object; java.base@25 (56 bytes) @ 0x00007f19bdc9fef4 [0x00007f19bdc9f480+0x0000000000000a74]
J 9023 c1 java.lang.invoke.MethodHandle.invokeWithArguments([Ljava/lang/Object;)Ljava/lang/Object; java.base@25 (32 bytes) @ 0x00007f19bc60a17c [0x00007f19bc609a80+0x00000000000006fc]
J 8343 c1 com.dylibso.chicory.cranelift.compiler.NativeMachine.call(I[J)[J (669 bytes) @ 0x00007f19bde2266c [0x00007f19bde1cf00+0x000000000000576c]
J 5968 c2 com.dylibso.chicory.runtime.Instance$Exports$$Lambda+0x000000007a12a940.apply([J)[J (13 bytes) @ 0x00007f19c43711fc [0x00007f19c4370f80+0x000000000000027c]
j  com.dylibso.chicory.test.gen.SpecV1MemoryGrowTest.lambda$test4$0(Lcom/dylibso/chicory/runtime/ExportFunction;)V+7
j  com.dylibso.chicory.test.gen.SpecV1MemoryGrowTest$$Lambda+0x000000007a298690.execute()V+4
J 7209 c1 org.junit.jupiter.api.AssertThrows.assertThrows(Ljava/lang/Class;Lorg/junit/jupiter/api/function/Executable;Ljava/lang/Object;)Ljava/lang/Throwable; (85 bytes) @ 0x00007f19bdb5f3fc [0x00007f19bdb5f300+0x00000000000000fc]
J 7207 c1 org.junit.jupiter.api.Assertions.assertThrows(Ljava/lang/Class;Lorg/junit/jupiter/api/function/Executable;)Ljava/lang/Throwable; (6 bytes) @ 0x00007f19bdb5ed9c [0x00007f19bdb5ed00+0x000000000000009c]
j  com.dylibso.chicory.test.gen.SpecV1MemoryGrowTest.test4()V+20
J 8320 c2 java.lang.invoke.LambdaForm$DMH+0x000000007a0fc000.invokeVirtual(Ljava/lang/Object;Ljava/lang/Object;)V java.base@25 (14 bytes) @ 0x00007f19c45dbe40 [0x00007f19c45dbe00+0x0000000000000040]
J 8319 c2 java.lang.invoke.LambdaForm$MH+0x000000007a0fc800.invoke(Ljava/lang/Object;Ljava/lang/Object;)Ljava/lang/Object; java.base@25 (36 bytes) @ 0x00007f19c45dbb74 [0x00007f19c45dbb00+0x0000000000000074]
J 8236 c2 org.junit.platform.commons.util.ReflectionUtils.invokeMethod(Ljava/lang/reflect/Method;Ljava/lang/Object;[Ljava/lang/Object;)Ljava/lang/Object; (55 bytes) @ 0x00007f19c45b4c28 [0x00007f19c45b4600+0x0000000000000628]
J 8136 c2 org.junit.jupiter.engine.execution.InterceptingExecutableInvoker.invoke(Ljava/lang/reflect/Method;Ljava/lang/Object;Lorg/junit/jupiter/api/extension/ExtensionContext;Lorg/junit/jupiter/engine/extension/ExtensionRegistry;Lorg/junit/jupiter/engine/execution/InterceptingExecutableInvoker$ReflectiveInterceptorCall;)Ljava/lang/Object; (59 bytes) @ 0x00007f19c45a1638 [0x00007f19c459f900+0x0000000000001d38]
J 8599 c2 org.junit.jupiter.engine.descriptor.TestMethodTestDescriptor$$Lambda+0x000000007a0f8458.execute()V (16 bytes) @ 0x00007f19c4657744 [0x00007f19c4657600+0x0000000000000144]
J 8262 c2 org.junit.platform.engine.support.hierarchical.ThrowableCollector.execute(Lorg/junit/platform/engine/support/hierarchical/ThrowableCollector$Executable;)V (20 bytes) @ 0x00007f19c45beb40 [0x00007f19c45beb00+0x0000000000000040]
J 8221 c2 org.junit.platform.engine.support.hierarchical.NodeTestTask.executeRecursively()V (35 bytes) @ 0x00007f19c45e0a20 [0x00007f19c45dfd80+0x0000000000000ca0]
J 8093 c2 org.junit.platform.engine.support.hierarchical.SameThreadHierarchicalTestExecutorService$$Lambda+0x000000007a0e3100.accept(Ljava/lang/Object;)V (10 bytes) @ 0x00007f19c4586440 [0x00007f19c4583120+0x0000000000003320]
J 2399 c2 java.util.ArrayList.forEach(Ljava/util/function/Consumer;)V java.base@25 (74 bytes) @ 0x00007f19c409fde4 [0x00007f19c409fd00+0x00000000000000e4]
j  org.junit.platform.engine.support.hierarchical.SameThreadHierarchicalTestExecutorService.invokeAll(Ljava/util/List;)V+6
J 8221 c2 org.junit.platform.engine.support.hierarchical.NodeTestTask.executeRecursively()V (35 bytes) @ 0x00007f19c45e28c4 [0x00007f19c45dfd80+0x0000000000002b44]
J 8093 c2 org.junit.platform.engine.support.hierarchical.SameThreadHierarchicalTestExecutorService$$Lambda+0x000000007a0e3100.accept(Ljava/lang/Object;)V (10 bytes) @ 0x00007f19c4586440 [0x00007f19c4583120+0x0000000000003320]
J 2399 c2 java.util.ArrayList.forEach(Ljava/util/function/Consumer;)V java.base@25 (74 bytes) @ 0x00007f19c409fde4 [0x00007f19c409fd00+0x00000000000000e4]
j  org.junit.platform.engine.support.hierarchical.SameThreadHierarchicalTestExecutorService.invokeAll(Ljava/util/List;)V+6
j  org.junit.platform.engine.support.hierarchical.NodeTestTask.lambda$executeRecursively$6()V+116
j  org.junit.platform.engine.support.hierarchical.NodeTestTask$$Lambda+0x000000007a0e25c0.execute()V+4
j  org.junit.platform.engine.support.hierarchical.ThrowableCollector.execute(Lorg/junit/platform/engine/support/hierarchical/ThrowableCollector$Executable;)V+1
j  org.junit.platform.engine.support.hierarchical.NodeTestTask.lambda$executeRecursively$8(Lorg/junit/platform/engine/support/hierarchical/EngineExecutionContext;)V+15
j  org.junit.platform.engine.support.hierarchical.NodeTestTask$$Lambda+0x000000007a0e2390.invoke(Lorg/junit/platform/engine/support/hierarchical/EngineExecutionContext;)V+5
j  org.junit.platform.engine.support.hierarchical.Node.around(Lorg/junit/platform/engine/support/hierarchical/EngineExecutionContext;Lorg/junit/platform/engine/support/hierarchical/Node$Invocation;)V+2
j  org.junit.platform.engine.support.hierarchical.NodeTestTask.lambda$executeRecursively$9()V+14
j  org.junit.platform.engine.support.hierarchical.NodeTestTask$$Lambda+0x000000007a0e2160.execute()V+4
j  org.junit.platform.engine.support.hierarchical.ThrowableCollector.execute(Lorg/junit/platform/engine/support/hierarchical/ThrowableCollector$Executable;)V+1
j  org.junit.platform.engine.support.hierarchical.NodeTestTask.executeRecursively()V+31
j  org.junit.platform.engine.support.hierarchical.NodeTestTask.execute()V+55
j  org.junit.platform.engine.support.hierarchical.SameThreadHierarchicalTestExecutorService.submit(Lorg/junit/platform/engine/support/hierarchical/HierarchicalTestExecutorService$TestTask;)Ljava/util/concurrent/Future;+1
j  org.junit.platform.engine.support.hierarchical.HierarchicalTestExecutor.execute()Ljava/util/concurrent/Future;+74
j  org.junit.platform.engine.support.hierarchical.HierarchicalTestEngine.execute(Lorg/junit/platform/engine/ExecutionRequest;)V+31
j  org.junit.platform.launcher.core.EngineExecutionOrchestrator.executeEngine(Lorg/junit/platform/engine/TestDescriptor;Lorg/junit/platform/engine/EngineExecutionListener;Lorg/junit/platform/engine/ConfigurationParameters;Lorg/junit/platform/engine/TestEngine;Lorg/junit/platform/engine/OutputDirectoryCreator;Lorg/junit/platform/launcher/core/DiscoveryIssueNotifier;Lorg/junit/platform/engine/support/store/NamespacedHierarchicalStore;)V+24
j  org.junit.platform.launcher.core.EngineExecutionOrchestrator.failOrExecuteEngine(Lorg/junit/platform/launcher/core/LauncherDiscoveryResult;Lorg/junit/platform/engine/EngineExecutionListener;Lorg/junit/platform/engine/TestEngine;Lorg/junit/platform/engine/support/store/NamespacedHierarchicalStore;)V+124
j  org.junit.platform.launcher.core.EngineExecutionOrchestrator.execute(Lorg/junit/platform/launcher/core/LauncherDiscoveryResult;Lorg/junit/platform/engine/EngineExecutionListener;Lorg/junit/platform/engine/support/store/NamespacedHierarchicalStore;)V+68
j  org.junit.platform.launcher.core.EngineExecutionOrchestrator.execute(Lorg/junit/platform/launcher/core/InternalTestPlan;Lorg/junit/platform/engine/EngineExecutionListener;Lorg/junit/platform/launcher/TestExecutionListener;Lorg/junit/platform/engine/support/store/NamespacedHierarchicalStore;)V+57
j  org.junit.platform.launcher.core.EngineExecutionOrchestrator.lambda$execute$0(Lorg/junit/platform/launcher/core/InternalTestPlan;Lorg/junit/platform/engine/support/store/NamespacedHierarchicalStore;Lorg/junit/platform/launcher/TestExecutionListener;)V+7
j  org.junit.platform.launcher.core.EngineExecutionOrchestrator$$Lambda+0x000000007a0d16e0.accept(Ljava/lang/Object;)V+16
j  org.junit.platform.launcher.core.EngineExecutionOrchestrator.withInterceptedStreams(Lorg/junit/platform/engine/ConfigurationParameters;Lorg/junit/platform/launcher/core/ListenerRegistry;Ljava/util/function/Consumer;)V+51
j  org.junit.platform.launcher.core.EngineExecutionOrchestrator.execute(Lorg/junit/platform/launcher/core/InternalTestPlan;Lorg/junit/platform/engine/support/store/NamespacedHierarchicalStore;[Lorg/junit/platform/launcher/TestExecutionListener;)V+26
j  org.junit.platform.launcher.core.DefaultLauncher.execute(Lorg/junit/platform/launcher/core/InternalTestPlan;[Lorg/junit/platform/launcher/TestExecutionListener;)V+12
j  org.junit.platform.launcher.core.DefaultLauncher.execute(Lorg/junit/platform/launcher/LauncherDiscoveryRequest;[Lorg/junit/platform/launcher/TestExecutionListener;)V+34
j  org.junit.platform.launcher.core.DelegatingLauncher.execute(Lorg/junit/platform/launcher/LauncherDiscoveryRequest;[Lorg/junit/platform/launcher/TestExecutionListener;)V+6
j  org.junit.platform.launcher.core.InterceptingLauncher.lambda$execute$1(Lorg/junit/platform/launcher/LauncherDiscoveryRequest;[Lorg/junit/platform/launcher/TestExecutionListener;)Ljava/lang/Object;+3
j  org.junit.platform.launcher.core.InterceptingLauncher$$Lambda+0x000000007a0d14b0.proceed()Ljava/lang/Object;+12
j  org.junit.platform.launcher.core.ClasspathAlignmentCheckingLauncherInterceptor.intercept(Lorg/junit/platform/launcher/LauncherInterceptor$Invocation;)Ljava/lang/Object;+1
j  org.junit.platform.launcher.core.InterceptingLauncher.execute(Lorg/junit/platform/launcher/LauncherDiscoveryRequest;[Lorg/junit/platform/launcher/TestExecutionListener;)V+12
j  org.junit.platform.launcher.core.DelegatingLauncher.execute(Lorg/junit/platform/launcher/LauncherDiscoveryRequest;[Lorg/junit/platform/launcher/TestExecutionListener;)V+6
j  org.apache.maven.surefire.junitplatform.LauncherAdapter.executeWithoutCancellationToken(Lorg/junit/platform/launcher/LauncherDiscoveryRequest;[Lorg/junit/platform/launcher/TestExecutionListener;)V+6
j  org.apache.maven.surefire.junitplatform.LauncherAdapter.execute(Lorg/junit/platform/launcher/LauncherDiscoveryRequest;[Lorg/junit/platform/launcher/TestExecutionListener;)V+10
j  org.apache.maven.surefire.junitplatform.JUnitPlatformProvider.execute(Lorg/apache/maven/surefire/junitplatform/LauncherAdapter;Lorg/apache/maven/surefire/api/util/TestsToRun;Lorg/apache/maven/surefire/junitplatform/RunListenerAdapter;)V+61
j  org.apache.maven.surefire.junitplatform.JUnitPlatformProvider.invokeAllTests(Lorg/apache/maven/surefire/junitplatform/LauncherAdapter;Lorg/apache/maven/surefire/api/util/TestsToRun;Lorg/apache/maven/surefire/junitplatform/RunListenerAdapter;)V+36
j  org.apache.maven.surefire.junitplatform.JUnitPlatformProvider.invoke(Ljava/lang/Object;)Lorg/apache/maven/surefire/api/suite/RunResult;+144
j  org.apache.maven.surefire.booter.ForkedBooter.runSuitesInProcess()V+8
j  org.apache.maven.surefire.booter.ForkedBooter.execute()V+1
j  org.apache.maven.surefire.booter.ForkedBooter.run(Lorg/apache/maven/surefire/booter/ForkedBooter;[Ljava/lang/String;)V+27
j  org.apache.maven.surefire.booter.ForkedBooter.main([Ljava/lang/String;)V+10
v  ~StubRoutines::call_stub 0x00007f19c385ffa6

siginfo: si_signo: 11 (SIGSEGV), si_code: 2 (SEGV_ACCERR), si_addr: 0x00007f19d4fbc500

Registers:
RAX=0x00007f19810a0610, RBX=0x00007f19810a0610, RCX=0x00007f19d4cd04f0, RDX=0x00007f19d4fac500
RSP=0x00007f19dbffc3d0, RBP=0x00007f19dbffc3d0, RSI=0x00007f19d4cd04f0, RDI=0x00007f19d4fac500
R8 =0x000000041e004760, R9 =0x0000000421d6fbc0, R10=0x00007f197fe74030, R11=0x00007f19c42aa200
R12=0x0000000000000000, R13=0x00007f19dbffc3f8, R14=0x00007f19dbffc4c0, R15=0x00007f19d402b840
RIP=0x00007f197fe74034, EFLAGS=0x0000000000010283, CSGSFS=0x002b000000000033, ERR=0x0000000000000006
  TRAPNO=0x000000000000000e

XMM[0]=0x0000000000000000 0x0000000000000000
XMM[1]=0x0000000000000000 0xffeb13a2ffeb13a2
XMM[2]=0x0000000000000000 0x0000000000000000
XMM[3]=0x0000000000000000 0x000000042118e190
XMM[4]=0x0000000000000000 0x0000000000000001
XMM[5]=0x0000000000000000 0x00000000ffeb13a2
XMM[6]=0x0000000000000000 0x00000004211340b0
XMM[7]=0x0000000000000000 0x00000000ffeb4670
XMM[8]=0x0000000000000000 0xf852d974a2c147d2
XMM[9]=0x0000000000000000 0xef207f96bc93d830
XMM[10]=0x0000000000000000 0x00000000cd73589a
XMM[11]=0x0000000000000000 0x546f9f2711037757
XMM[12]=0x0000000000000000 0x00000000bc93d830
XMM[13]=0x0000000000000000 0x0000000000000000
XMM[14]=0x0000000000000000 0x000000000000fff9
XMM[15]=0x0000000000000000 0x00000000843d8723
  MXCSR=0x00001fbf


Register to memory mapping:

RAX={method} {0x00007f19810a0610} 'linkToNative' '(JJJLjava/lang/Object;)V' in 'java/lang/invoke/MethodHandle'
RBX={method} {0x00007f19810a0610} 'linkToNative' '(JJJLjava/lang/Object;)V' in 'java/lang/invoke/MethodHandle'
RCX=0x00007f19d4cd04f0 points into unknown readable memory: 0x00007f19d4555580 | 80 55 55 d4 19 7f 00 00
RDX=0x00007f19d4fac500 points into unknown readable memory: 0x0000000000000002 | 02 00 00 00 00 00 00 00
RSP=0x00007f19dbffc3d0 is pointing into the stack for thread: 0x00007f19d402b840
RBP=0x00007f19dbffc3d0 is pointing into the stack for thread: 0x00007f19d402b840
RSI=0x00007f19d4cd04f0 points into unknown readable memory: 0x00007f19d4555580 | 80 55 55 d4 19 7f 00 00
RDI=0x00007f19d4fac500 points into unknown readable memory: 0x0000000000000002 | 02 00 00 00 00 00 00 00
R8 =0x000000041e004760 is an oop: jdk.internal.foreign.abi.NativeEntryPoint 
{0x000000041e004760} - klass: 'jdk/internal/foreign/abi/NativeEntryPoint' - flags: 

 - ---- fields (total size 3 words):
 - private final 'methodType' 'Ljava/lang/invoke/MethodType;' @12  a 'java/lang/invoke/MethodType'{0x000000041e0e50c8} = (JJJ)V (0x83c1ca19)
 - private final 'downcallStubAddress' 'J' @16  139748634704480 (0x00007f19c3baba60)
R9 =0x0000000421d6fbc0 is an oop: jdk.internal.foreign.NativeMemorySegmentImpl 
{0x0000000421d6fbc0} - klass: 'jdk/internal/foreign/NativeMemorySegmentImpl' - flags: 

 - ---- fields (total size 5 words):
 - final 'readOnly' 'Z' @12  false (0x00)
 - final 'length' 'J' @16  0 (0x0000000000000000)
 - final 'scope' 'Ljdk/internal/foreign/MemorySessionImpl;' @24  a 'jdk/internal/foreign/SharedSession'{0x0000000421d6fb48} (0x843adf69)
 - final 'min' 'J' @32  139748924114176 (0x00007f19d4fac500)
R10=0x00007f197fe74030 points into unknown readable memory: 0x000087c7e5894855 | 55 48 89 e5 c7 87 00 00
R11=0x00007f19c42aa200 is at entry_point+0 in (nmethod*)0x00007f19c42aa108
Compiled method (n/a) 12788 4637     n 0       java.lang.invoke.MethodHandle::linkToNative(JJJL)V (native)
 total in heap  [0x00007f19c42aa108,0x00007f19c42aa208] = 256
 main code      [0x00007f19c42aa200,0x00007f19c42aa207] = 7
 stub code      [0x00007f19c42aa207,0x00007f19c42aa208] = 1
R12=0x0 is null
R13=0x00007f19dbffc3f8 is pointing into the stack for thread: 0x00007f19d402b840
R14=0x00007f19dbffc4c0 is pointing into the stack for thread: 0x00007f19d402b840
R15=0x00007f19d402b840 is a thread

Top of Stack: (sp=0x00007f19dbffc3d0)
0x00007f19dbffc3d0:   00007f19dbffc3e0 00007f19c3baba9d   ................
0x00007f19dbffc3e0:   00007f19dbffc478 00007f19c3867438   x.......8t......
0x00007f19dbffc3f0:   00007f19c3867438 000000041e004760   8t......`G......
0x00007f19dbffc400:   00007f19d4cd04f0 0000000000000000   ................
0x00007f19dbffc410:   00007f19d4fac500 0000000000000000   ................
0x00007f19dbffc420:   00007f197fe74030 0000000000000000   0@..............
0x00007f19dbffc430:   fffffffffffffff7 00007f19819e5654   ........TV......
0x00007f19dbffc440:   0000000000000009 00007f19819e5800   .........X......
0x00007f19dbffc450:   0000000000000000 000000041e0046c8   .........F......
0x00007f19dbffc460:   00007f19819e5660 fffffffffffffff0   `V..............
0x00007f19dbffc470:   00007f19dbffc490 00007f19dbffc510   ................
0x00007f19dbffc480:   00007f19c3867438 000000041e004760   8t......`G......
0x00007f19dbffc490:   00007f19d4cd04f0 0000000000000000   ................
0x00007f19dbffc4a0:   00007f19d4fac500 0000000000000000   ................
0x00007f19dbffc4b0:   00007f197fe74030 0000000000000000   0@..............
0x00007f19dbffc4c0:   000000041e004438 fffffffffffffff7   8D..............
0x00007f19dbffc4d0:   00007f19819f5e9f 0000000000000009   .^..............
0x00007f19dbffc4e0:   00007f19819f6068 0000000000000000   h`..............
0x00007f19dbffc4f0:   000000041e17d4b0 00007f19819f5eb0   .........^......
0x00007f19dbffc500:   fffffffffffffff0 00007f19dbffc520   ........ .......
0x00007f19dbffc510:   00007f19dbffc5a8 00007f19c3867438   ........8t......
0x00007f19dbffc520:   000000041e0e50c8 00007f19d4cd04f0   .P..............
0x00007f19dbffc530:   0000000000000000 00007f19d4fac500   ................
0x00007f19dbffc540:   0000000000000000 00007f197fe74030   ........0@......
0x00007f19dbffc550:   0000000000000000 000000041e004438   ........8D......
0x00007f19dbffc560:   fffffffffffffff7 00007f19819e60a9   .........`......
0x00007f19dbffc570:   000000000000000f 00007f19819e6288   .........b......
0x00007f19dbffc580:   0000000000000000 000000041e004360   ........`C......
0x00007f19dbffc590:   00007f19819e5f38 ffffffffffffffef   8_..............
0x00007f19dbffc5a0:   00007f19dbffc600 00007f19dbffc670   ........p.......
0x00007f19dbffc5b0:   00007f19c3867438 00000007ff5730e8   8t.......0W.....
0x00007f19dbffc5c0:   00000007ff572768 0000000421d6fb48   h'W.....H..!....

Instructions: (pc=0x00007f197fe74034)
  0x00007f197fe73f34:   ?? ?? ?? ?? ?? ?? ?? ?? ?? ?? ?? ?? ?? ?? ?? ??
  0x00007f197fe73f44:   ?? ?? ?? ?? ?? ?? ?? ?? ?? ?? ?? ?? ?? ?? ?? ??
  0x00007f197fe73f54:   ?? ?? ?? ?? ?? ?? ?? ?? ?? ?? ?? ?? ?? ?? ?? ??
  0x00007f197fe73f64:   ?? ?? ?? ?? ?? ?? ?? ?? ?? ?? ?? ?? ?? ?? ?? ??
  0x00007f197fe73f74:   ?? ?? ?? ?? ?? ?? ?? ?? ?? ?? ?? ?? ?? ?? ?? ??
  0x00007f197fe73f84:   ?? ?? ?? ?? ?? ?? ?? ?? ?? ?? ?? ?? ?? ?? ?? ??
  0x00007f197fe73f94:   ?? ?? ?? ?? ?? ?? ?? ?? ?? ?? ?? ?? ?? ?? ?? ??
  0x00007f197fe73fa4:   ?? ?? ?? ?? ?? ?? ?? ?? ?? ?? ?? ?? ?? ?? ?? ??
  0x00007f197fe73fb4:   ?? ?? ?? ?? ?? ?? ?? ?? ?? ?? ?? ?? ?? ?? ?? ??
  0x00007f197fe73fc4:   ?? ?? ?? ?? ?? ?? ?? ?? ?? ?? ?? ?? ?? ?? ?? ??
  0x00007f197fe73fd4:   ?? ?? ?? ?? ?? ?? ?? ?? ?? ?? ?? ?? ?? ?? ?? ??
  0x00007f197fe73fe4:   ?? ?? ?? ?? ?? ?? ?? ?? ?? ?? ?? ?? ?? ?? ?? ??
  0x00007f197fe73ff4:   ?? ?? ?? ?? ?? ?? ?? ?? ?? ?? ?? ?? 55 48 89 e5
  0x00007f197fe74004:   8b 07 48 89 ec 5d c3 00 00 00 00 00 55 48 89 e5
  0x00007f197fe74014:   c7 07 02 00 00 00 48 89 ec 5d c3 00 55 48 89 e5
  0x00007f197fe74024:   8b 87 00 00 01 00 48 89 ec 5d c3 00 55 48 89 e5
=>0x00007f197fe74034:   c7 87 00 00 01 00 03 00 00 00 48 89 ec 5d c3 00
  0x00007f197fe74044:   00 00 00 00 00 00 00 00 00 00 00 00 55 48 89 e5
  0x00007f197fe74054:   48 83 ec 10 4c 89 24 24 89 56 24 4c 8b 8e d0 00
  0x00007f197fe74064:   00 00 49 89 f4 4c 89 e7 41 ff d1 4c 89 e6 4c 8b
  0x00007f197fe74074:   8e e0 00 00 00 4c 8b 24 24 48 83 c4 10 48 89 ec
  0x00007f197fe74084:   5d c3 00 00 00 00 00 00 00 00 00 00 55 48 89 e5
  0x00007f197fe74094:   8b 86 d8 00 00 00 48 89 ec 5d c3 00 00 00 00 00
  0x00007f197fe740a4:   00 00 00 00 00 00 00 00 00 00 00 00 00 00 00 00
  0x00007f197fe740b4:   00 00 00 00 00 00 00 00 00 00 00 00 00 00 00 00
  0x00007f197fe740c4:   00 00 00 00 00 00 00 00 00 00 00 00 00 00 00 00
  0x00007f197fe740d4:   00 00 00 00 00 00 00 00 00 00 00 00 00 00 00 00
  0x00007f197fe740e4:   00 00 00 00 00 00 00 00 00 00 00 00 00 00 00 00
  0x00007f197fe740f4:   00 00 00 00 00 00 00 00 00 00 00 00 00 00 00 00
  0x00007f197fe74104:   00 00 00 00 00 00 00 00 00 00 00 00 00 00 00 00
  0x00007f197fe74114:   00 00 00 00 00 00 00 00 00 00 00 00 00 00 00 00
  0x00007f197fe74124:   00 00 00 00 00 00 00 00 00 00 00 00 00 00 00 00


Stack slot to memory mapping:

stack at sp + 0 slots: 0x00007f19dbffc3e0 is pointing into the stack for thread: 0x00007f19d402b840
stack at sp + 1 slots: 0x00007f19c3baba9d is at code_begin+61 in 
[CodeBlob kind:6 (0x00007f19c3baba08)]
Framesize: 2
Runtime Stub (0x00007f19c3baba08): nep_invoker_blob
--------------------------------------------------------------------------------
Decoding CodeBlob, name: nep_invoker_blob, at  [0x00007f19c3baba60, 0x00007f19c3babb48]  232 bytes
[MachCode]
  0x00007f19c3baba60: 5548 8bec | c5f8 7749 | 89af 9004 | 0000 49ba | 64ba bac3 | 197f 0000 | 4d89 9788 | 0400 0049 
  0x00007f19c3baba80: 89a7 8004 | 0000 41c7 | 872c 0500 | 0004 0000 | 004c 8bd6 | 488b f148 | 8bfa 41ff | d2c5 f877 
  0x00007f19c3babaa0: 41c7 872c | 0500 0005 | 0000 00f0 | 8344 24c0 | 0049 3b6f | 280f 874d | 0000 0041 | 83bf 2805 
  0x00007f19c3babac0: 0000 000f | 853f 0000 | 0041 c787 | 2c05 0000 | 0800 0000 | 4183 bfa8 | 0500 0002 | 0f84 4400 
  0x00007f19c3babae0: 0000 49c7 | 8780 0400 | 0000 0000 | 0049 c787 | 9004 0000 | 0000 0000 | 49c7 8788 | 0400 0000 
  0x00007f19c3babb00: 0000 00c5 | f877 c9c3 | 498b ffc5 | f877 4c8b | e448 83ec | 0048 83e4 | f0e8 520e | e918 498b 
  0x00007f19c3babb20: e44d 33e4 | eba3 c5f8 | 774c 8be4 | 4883 ec00 | 4883 e4f0 | e8d7 1f3a | 1949 8be4 | 4d33 e4eb 
  0x00007f19c3babb40: a1f4 f4f4 | f4f4 f4f4 
[/MachCode]
--------------------------------------------------------------------------------
stack at sp + 2 slots: 0x00007f19dbffc478 is pointing into the stack for thread: 0x00007f19d402b840
stack at sp + 3 slots: 0x00007f19c3867438 is at code_begin+1272 in an Interpreter codelet
return entry points  [0x00007f19c3866f40, 0x00007f19c3867bb8]  3192 bytes
stack at sp + 4 slots: 0x00007f19c3867438 is at code_begin+1272 in an Interpreter codelet
return entry points  [0x00007f19c3866f40, 0x00007f19c3867bb8]  3192 bytes
stack at sp + 5 slots: 0x000000041e004760 is an oop: jdk.internal.foreign.abi.NativeEntryPoint 
{0x000000041e004760} - klass: 'jdk/internal/foreign/abi/NativeEntryPoint' - flags: 

 - ---- fields (total size 3 words):
 - private final 'methodType' 'Ljava/lang/invoke/MethodType;' @12  a 'java/lang/invoke/MethodType'{0x000000041e0e50c8} = (JJJ)V (0x83c1ca19)
 - private final 'downcallStubAddress' 'J' @16  139748634704480 (0x00007f19c3baba60)
stack at sp + 6 slots: 0x00007f19d4cd04f0 points into unknown readable memory: 0x00007f19d4555580 | 80 55 55 d4 19 7f 00 00
stack at sp + 7 slots: 0x0 is null

Lock stack of current Java thread (top to bottom):

--------------------------------------------------------------------------------
Decoding CodeBlob, name: nep_invoker_blob, at  [0x00007f19c3baba60, 0x00007f19c3babb48]  232 bytes
[MachCode]
  0x00007f19c3baba60: 5548 8bec | c5f8 7749 | 89af 9004 | 0000 49ba | 64ba bac3 | 197f 0000 | 4d89 9788 | 0400 0049 
  0x00007f19c3baba80: 89a7 8004 | 0000 41c7 | 872c 0500 | 0004 0000 | 004c 8bd6 | 488b f148 | 8bfa 41ff | d2c5 f877 
  0x00007f19c3babaa0: 41c7 872c | 0500 0005 | 0000 00f0 | 8344 24c0 | 0049 3b6f | 280f 874d | 0000 0041 | 83bf 2805 
  0x00007f19c3babac0: 0000 000f | 853f 0000 | 0041 c787 | 2c05 0000 | 0800 0000 | 4183 bfa8 | 0500 0002 | 0f84 4400 
  0x00007f19c3babae0: 0000 49c7 | 8780 0400 | 0000 0000 | 0049 c787 | 9004 0000 | 0000 0000 | 49c7 8788 | 0400 0000 
  0x00007f19c3babb00: 0000 00c5 | f877 c9c3 | 498b ffc5 | f877 4c8b | e448 83ec | 0048 83e4 | f0e8 520e | e918 498b 
  0x00007f19c3babb20: e44d 33e4 | eba3 c5f8 | 774c 8be4 | 4883 ec00 | 4883 e4f0 | e8d7 1f3a | 1949 8be4 | 4d33 e4eb 
  0x00007f19c3babb40: a1f4 f4f4 | f4f4 f4f4 
[/MachCode]
--------------------------------------------------------------------------------


Compiled method (c1) 12794 7642       3       java.lang.invoke.LambdaForm$MH/0x000000007a1b5800::invoke (56 bytes)
 total in heap  [0x00007f19bdc9f388,0x00007f19bdca0150] = 3528
 main code      [0x00007f19bdc9f480,0x00007f19bdca00c0] = 3136
 stub code      [0x00007f19bdca00c0,0x00007f19bdca0148] = 136
 oops           [0x00007f19bdca0148,0x00007f19bdca0150] = 8
 mutable data [0x00007f1960b71dc0,0x00007f1960b71ec8] = 264
 relocation     [0x00007f1960b71dc0,0x00007f1960b71ea0] = 224
 metadata       [0x00007f1960b71ea0,0x00007f1960b71ec8] = 40
 immutable data [0x00007f1960b71aa0,0x00007f1960b71db0] = 784
 dependencies   [0x00007f1960b71aa0,0x00007f1960b71ab0] = 16
 nul chk table  [0x00007f1960b71ab0,0x00007f1960b71ae8] = 56
 scopes pcs     [0x00007f1960b71ae8,0x00007f1960b71c68] = 384
 scopes data    [0x00007f1960b71c68,0x00007f1960b71db0] = 328

[Constant Pool (empty)]

[MachCode]
[Verified Entry Point]
  # {method} {0x00007f19819f3f60} 'invoke' '(Ljava/lang/Object;Ljava/lang/Object;Ljava/lang/Object;)Ljava/lang/Object;' in 'java/lang/invoke/LambdaForm$MH+0x000000007a1b5800'
  # parm0:    rsi:rsi   = 'java/lang/Object'
  # parm1:    rdx:rdx   = 'java/lang/Object'
  # parm2:    rcx:rcx   = 'java/lang/Object'
  #           [sp+0xb0]  (sp of caller)
  0x00007f19bdc9f480: 8984 2400 | c0fe ff55 | 4881 eca0 | 0000 0090 | 4181 7f20 | 0500 0000 

  0x00007f19bdc9f498: ;   {runtime_call Stub::method_entry_barrier}
  0x00007f19bdc9f498: 7405 e821 

  0x00007f19bdc9f49c: ;   {metadata(method data for {method} {0x00007f19819f3f60} 'invoke' '(Ljava/lang/Object;Ljava/lang/Object;Ljava/lang/Object;)Ljava/lang/Object;' in 'java/lang/invoke/LambdaForm$MH+0x000000007a1b5800')}
  0x00007f19bdc9f49c: 81bf 0548 | bf00 20ea | 8119 7f00 | 0048 8dbf | f002 0000 | 4885 f675 | 0cf6 0701 | 7548 f048 
  0x00007f19bdc9f4bc: 830f 01eb | 418b 5e08 | 41ba 0000 | 0079 4903 | da4c 8bd3 | 4833 1f48 | f7c3 fcff | ffff 7426 
  0x00007f19bdc9f4dc: f6c3 0275 | 2148 f707 | feff ffff | 7415 498b | da48 331f | 48f7 c3fc | ffff ff74 | 0948 830f 
  0x00007f19bdc9f4fc: 02eb 0348 | 891f 4885 | d275 0ef6 | 4710 0175 | 4ef0 4883 | 4f10 01eb | 468b 5a08 | 41ba 0000 
  0x00007f19bdc9f51c: 0079 4903 | da4c 8bd3 | 4833 5f10 | 48f7 c3fc | ffff ff74 | 2af6 c302 | 7525 48f7 | 4710 feff 
  0x00007f19bdc9f53c: ffff 7417 | 498b da48 | 335f 1048 | f7c3 fcff | ffff 740b | 4883 4f10 | 02eb 0448 

  0x00007f19bdc9f558: ;   {metadata(method data for {method} {0x00007f19819f3f60} 'invoke' '(Ljava/lang/Object;Ljava/lang/Object;Ljava/lang/Object;)Ljava/lang/Object;' in 'java/lang/invoke/LambdaForm$MH+0x000000007a1b5800')}
  0x00007f19bdc9f558: 895f 1048 | bf00 20ea | 8119 7f00 | 008b 9f90 | 0000 0083 | c302 899f | 9000 0000 | 81e3 fe07 
  0x00007f19bdc9f578: 0000 85db | 0f84 f109 | 0000 4889 | 5424 6048 | 8974 2458 

  0x00007f19bdc9f58c: ;   {metadata(method data for {method} {0x00007f19819f3f60} 'invoke' '(Ljava/lang/Object;Ljava/lang/Object;Ljava/lang/Object;)Ljava/lang/Object;' in 'java/lang/invoke/LambdaForm$MH+0x000000007a1b5800')}
  0x00007f19bdc9f58c: 48bf 0020 | ea81 197f | 0000 488d | bfe8 0000 | 0048 85c9 | 750e f647 | 0801 754e | f048 834f 
  0x00007f19bdc9f5ac: 0801 eb46 | 8b59 0841 | ba00 0000 | 7949 03da | 4c8b d348 | 335f 0848 | f7c3 fcff | ffff 742a 
  0x00007f19bdc9f5cc: f6c3 0275 | 2548 f747 | 08fe ffff | ff74 1749 | 8bda 4833 | 5f08 48f7 | c3fc ffff | ff74 0b48 
  0x00007f19bdc9f5ec: 834f 0802 | eb04 4889 

  0x00007f19bdc9f5f4: ;   {metadata(method data for {method} {0x00007f19819f3f60} 'invoke' '(Ljava/lang/Object;Ljava/lang/Object;Ljava/lang/Object;)Ljava/lang/Object;' in 'java/lang/invoke/LambdaForm$MH+0x000000007a1b5800')}
  0x00007f19bdc9f5f4: 5f08 48bf | 0020 ea81 | 197f 0000 | 4883 87d8 | 0000 0001 | 488b f1ba | 0200 0000 | 4889 4c24 
  0x00007f19bdc9f614: ;   {static_call}
  0x00007f19bdc9f614: 5066 90e8 

  0x00007f19bdc9f618: ; ImmutableOopMap {[80]=Oop [88]=Oop [96]=Oop }
                      ;*invokestatic checkSpreadArgument {reexecute=0 rethrow=0 return_oop=0}
                      ; - java.lang.invoke.LambdaForm$MH/0x000000007a1b5800::invoke@2
  0x00007f19bdc9f618: 646e 9d06 

  0x00007f19bdc9f61c: ;   {post_call_nop}
  0x00007f19bdc9f61c: 0f1f 8400 | 9402 0000 | 488b 4c24 | 5048 85c9 

  0x00007f19bdc9f62c: ;   {metadata(method data for {method} {0x00007f19819f3f60} 'invoke' '(Ljava/lang/Object;Ljava/lang/Object;Ljava/lang/Object;)Ljava/lang/Object;' in 'java/lang/invoke/LambdaForm$MH+0x000000007a1b5800')}
  0x00007f19bdc9f62c: 48bf 0020 | ea81 197f | 0000 750c | 808f f900 | 0000 01e9 | a700 0000 | 8b59 0841 | ba00 0000 
  0x00007f19bdc9f64c: 7949 03da | 483b 9f08 | 0100 0075 | 0d48 8387 | 1001 0000 | 01e9 6000 | 0000 483b | 9f18 0100 
  0x00007f19bdc9f66c: 0075 0d48 | 8387 2001 | 0000 01e9 | 4a00 0000 | 4883 bf08 | 0100 0000 | 7517 4889 | 9f08 0100 
  0x00007f19bdc9f68c: 0048 c787 | 1001 0000 | 0100 0000 | e929 0000 | 0048 83bf | 1801 0000 | 0075 1748 | 899f 1801 
  0x00007f19bdc9f6ac: 0000 48c7 | 8720 0100 | 0001 0000 | 00e9 0800 | 0000 4883 | 8700 0100 

  0x00007f19bdc9f6c4: ;   {metadata('java/lang/Object'[])}
  0x00007f19bdc9f6c4: 0001 48bb | e01f 1779 | 0000 0000 | 8b79 0841 | ba00 0000 | 7949 03fa | 483b 5f38 | 0f85 ae08 
  0x00007f19bdc9f6e4: 0000 e900 | 0000 0048 | 8bd1 837a | 0c00 0f86 | af08 0000 | 8b7a 1048 | c1e7 0383 | 7a0c 010f 
  0x00007f19bdc9f704: 86b0 0800 | 008b 5a14 | 48c1 e303 | 488b 7424 | 5848 85f6 

  0x00007f19bdc9f718: ;   {metadata(method data for {method} {0x00007f19819f3f60} 'invoke' '(Ljava/lang/Object;Ljava/lang/Object;Ljava/lang/Object;)Ljava/lang/Object;' in 'java/lang/invoke/LambdaForm$MH+0x000000007a1b5800')}
  0x00007f19bdc9f718: 48b8 0020 | ea81 197f | 0000 750c | 8088 2901 | 0000 01e9 | a600 0000 | 8b4e 0841 | ba00 0000 
  0x00007f19bdc9f738: 7949 03ca | 483b 8838 | 0100 0075 | 0d48 8380 | 4001 0000 | 01e9 6000 | 0000 483b | 8848 0100 
  0x00007f19bdc9f758: 0075 0d48 | 8380 5001 | 0000 01e9 | 4a00 0000 | 4883 b838 | 0100 0000 | 7517 4889 | 8838 0100 
  0x00007f19bdc9f778: 0048 c780 | 4001 0000 | 0100 0000 | e929 0000 | 0048 83b8 | 4801 0000 | 0075 1748 | 8988 4801 
  0x00007f19bdc9f798: 0000 48c7 | 8050 0100 | 0001 0000 | 00e9 0800 | 0000 4883 | 8030 0100 

  0x00007f19bdc9f7b0: ;   {metadata('java/lang/invoke/BoundMethodHandle$Species_L')}
  0x00007f19bdc9f7b0: 0001 48b9 | c0ac 3279 | 0000 0000 | 8b56 0841 | ba00 0000 | 7949 03d2 | 483b ca0f | 85fa 0700 
  0x00007f19bdc9f7d0: 00e9 0000 | 0000 488b | d68b 5220 | 48c1 e203 | 488b 7424 | 6048 85f6 

  0x00007f19bdc9f7e8: ;   {metadata(method data for {method} {0x00007f19819f3f60} 'invoke' '(Ljava/lang/Object;Ljava/lang/Object;Ljava/lang/Object;)Ljava/lang/Object;' in 'java/lang/invoke/LambdaForm$MH+0x000000007a1b5800')}
  0x00007f19bdc9f7e8: 48b9 0020 | ea81 197f | 0000 750c | 8089 5901 | 0000 01e9 | a800 0000 | 448b 4608 | 41ba 0000 
  0x00007f19bdc9f808: 0079 4d03 | c24c 3b81 | 6801 0000 | 750d 4883 | 8170 0100 | 0001 e960 | 0000 004c | 3b81 7801 
  0x00007f19bdc9f828: 0000 750d | 4883 8180 | 0100 0001 | e94a 0000 | 0048 83b9 | 6801 0000 | 0075 174c | 8981 6801 
  0x00007f19bdc9f848: 0000 48c7 | 8170 0100 | 0001 0000 | 00e9 2900 | 0000 4883 | b978 0100 | 0000 7517 | 4c89 8178 
  0x00007f19bdc9f868: 0100 0048 | c781 8001 | 0000 0100 | 0000 e908 | 0000 0048 | 8381 6001 

  0x00007f19bdc9f880: ;   {metadata('java/lang/invoke/MethodHandle')}
  0x00007f19bdc9f880: 0000 0149 | b890 e51e | 7900 0000 | 008b 4e08 | 41ba 0000 | 0079 4903 | ca4c 3b41 | 380f 8536 
  0x00007f19bdc9f8a0: 0700 00e9 | 0000 0000 | 488b c648 

  0x00007f19bdc9f8ac: ;   {metadata(method data for {method} {0x00007f19819f3f60} 'invoke' '(Ljava/lang/Object;Ljava/lang/Object;Ljava/lang/Object;)Ljava/lang/Object;' in 'java/lang/invoke/LambdaForm$MH+0x000000007a1b5800')}
  0x00007f19bdc9f8ac: 85d2 48be | 0020 ea81 | 197f 0000 | 750c 808e | 8901 0000 | 01e9 a700 | 0000 448b | 4208 41ba 
  0x00007f19bdc9f8cc: 0000 0079 | 4d03 c24c | 3b86 9801 | 0000 750d | 4883 86a0 | 0100 0001 | e960 0000 | 004c 3b86 
  0x00007f19bdc9f8ec: a801 0000 | 750d 4883 | 86b0 0100 | 0001 e94a | 0000 0048 | 83be 9801 | 0000 0075 | 174c 8986 
  0x00007f19bdc9f90c: 9801 0000 | 48c7 86a0 | 0100 0001 | 0000 00e9 | 2900 0000 | 4883 bea8 | 0100 0000 | 7517 4c89 
  0x00007f19bdc9f92c: 86a8 0100 | 0048 c786 | b001 0000 | 0100 0000 | e908 0000 | 0048 8386 | 9001 0000 

  0x00007f19bdc9f948: ;   {metadata('java/lang/invoke/MethodType')}
  0x00007f19bdc9f948: 0149 b860 | f81e 7900 | 0000 008b | 4a08 41ba | 0000 0079 | 4903 ca4c | 3bc1 0f85 | 7a06 0000 
  0x00007f19bdc9f968: e900 0000 | 0048 8bca 

  0x00007f19bdc9f970: ;   {metadata(method data for {method} {0x00007f19819f3f60} 'invoke' '(Ljava/lang/Object;Ljava/lang/Object;Ljava/lang/Object;)Ljava/lang/Object;' in 'java/lang/invoke/LambdaForm$MH+0x000000007a1b5800')}
  0x00007f19bdc9f970: 48ba 0020 | ea81 197f | 0000 488d | 92d0 0100 | 0048 85c0 | 750e f642 | 0801 754f | f048 834a 
  0x00007f19bdc9f990: 0801 eb47 | 8b70 0841 | ba00 0000 | 7949 03f2 | 4c8b d648 | 3372 0848 | f7c6 fcff | ffff 742b 
  0x00007f19bdc9f9b0: 40f6 c602 | 7525 48f7 | 4208 feff | ffff 7417 | 498b f248 | 3372 0848 | f7c6 fcff | ffff 740b 
  0x00007f19bdc9f9d0: 4883 4a08 | 02eb 0448 | 8972 0848 | 85c9 750c | f642 1801 | 7506 f048 | 834a 1801 

  0x00007f19bdc9f9ec: ;   {metadata(method data for {method} {0x00007f19819f3f60} 'invoke' '(Ljava/lang/Object;Ljava/lang/Object;Ljava/lang/Object;)Ljava/lang/Object;' in 'java/lang/invoke/LambdaForm$MH+0x000000007a1b5800')}
  0x00007f19bdc9f9ec: 48ba 0020 | ea81 197f | 0000 4883 | 82c0 0100 

  0x00007f19bdc9f9fc: ;   {metadata(method data for {method} {0x0000000079470010} 'checkGenericType' '(Ljava/lang/invoke/MethodHandle;Ljava/lang/invoke/MethodType;)Ljava/lang/invoke/MethodHandle;' in 'java/lang/invoke/Invokers')}
  0x00007f19bdc9f9fc: 0001 48ba | e85f b181 | 197f 0000 | 8bb2 9000 | 0000 83c6 | 0289 b290 | 0000 0081 | e6fe ff1f 
  0x00007f19bdc9fa1c: 0085 f60f | 84c6 0500 | 0048 3b00 

  0x00007f19bdc9fa28: ;   {metadata(method data for {method} {0x0000000079470010} 'checkGenericType' '(Ljava/lang/invoke/MethodHandle;Ljava/lang/invoke/MethodType;)Ljava/lang/invoke/MethodHandle;' in 'java/lang/invoke/Invokers')}
  0x00007f19bdc9fa28: 488b d048 | bee8 5fb1 | 8119 7f00 | 008b 5208 | 41ba 0000 | 0079 4903 | d248 3b96 | e000 0000 
  0x00007f19bdc9fa48: 750d 4883 | 86e8 0000 | 0001 e960 | 0000 0048 | 3b96 f000 | 0000 750d | 4883 86f8 | 0000 0001 
  0x00007f19bdc9fa68: e94a 0000 | 0048 83be | e000 0000 | 0075 1748 | 8996 e000 | 0000 48c7 | 86e8 0000 | 0001 0000 
  0x00007f19bdc9fa88: 00e9 2900 | 0000 4883 | bef0 0000 | 0000 7517 | 4889 96f0 | 0000 0048 | c786 f800 | 0000 0100 
  0x00007f19bdc9faa8: 0000 e908 | 0000 0048 | 8386 d800 

  0x00007f19bdc9fab4: ;   {metadata(method data for {method} {0x00000000794783e0} 'asType' '(Ljava/lang/invoke/MethodType;)Ljava/lang/invoke/MethodHandle;' in 'java/lang/invoke/MethodHandle')}
  0x00007f19bdc9fab4: 0000 0148 | ba20 0f25 | 8019 7f00 | 008b b290 | 0000 0083 | c602 89b2 | 9000 0000 | 81e6 feff 
  0x00007f19bdc9fad4: 1f00 85f6 | 0f84 3305 | 0000 8b50 | 1048 c1e2 | 0348 3bca 

  0x00007f19bdc9fae8: ;   {metadata(method data for {method} {0x00000000794783e0} 'asType' '(Ljava/lang/invoke/MethodType;)Ljava/lang/invoke/MethodHandle;' in 'java/lang/invoke/MethodHandle')}
  0x00007f19bdc9fae8: 48ba 200f | 2580 197f | 0000 bee8 | 0000 0074 | 05be d800 | 0000 4c8b | 0432 4d8d | 4001 4c89 
  0x00007f19bdc9fb08: 0432 4889 | 9c24 8000 | 0000 4889 | 7c24 780f | 8497 0000 | 0048 8bd0 

  0x00007f19bdc9fb20: ;   {metadata(method data for {method} {0x00000000794783e0} 'asType' '(Ljava/lang/invoke/MethodType;)Ljava/lang/invoke/MethodHandle;' in 'java/lang/invoke/MethodHandle')}
  0x00007f19bdc9fb20: 48be 200f | 2580 197f | 0000 4883 | 86f8 0000 | 0001 488b | d148 8bf0 | 4889 4c24 | 7048 8944 
  0x00007f19bdc9fb40: 2468 0f1f 

  0x00007f19bdc9fb44: ;   {optimized virtual_call}
  0x00007f19bdc9fb44: 4400 00e8 

  0x00007f19bdc9fb48: ; ImmutableOopMap {[104]=Oop [112]=Oop [120]=Oop [128]=Oop }
                      ;*invokevirtual asTypeCached {reexecute=0 rethrow=0 return_oop=0}
                      ; - java.lang.invoke.MethodHandle::asType@12 (line 869)
                      ; - java.lang.invoke.Invokers::checkGenericType@2 (line 541)
                      ; - java.lang.invoke.LambdaForm$MH/0x000000007a1b5800::invoke@37
  0x00007f19bdc9fb48: 94df c005 

  0x00007f19bdc9fb4c: ;   {post_call_nop}
  0x00007f19bdc9fb4c: 0f1f 8400 | c407 0001 

  0x00007f19bdc9fb54: ;   {metadata(method data for {method} {0x00000000794783e0} 'asType' '(Ljava/lang/invoke/MethodType;)Ljava/lang/invoke/MethodHandle;' in 'java/lang/invoke/MethodHandle')}
  0x00007f19bdc9fb54: 4885 c048 | ba20 0f25 | 8019 7f00 | 00be 3801 | 0000 7505 | be28 0100 | 0048 8b3c | 3248 8d7f 
  0x00007f19bdc9fb74: 0148 893c | 320f 8535 | 0000 0048 | 8b4c 2470 | 488b 4424 | 6848 8bd0 

  0x00007f19bdc9fb8c: ;   {metadata(method data for {method} {0x00000000794783e0} 'asType' '(Ljava/lang/invoke/MethodType;)Ljava/lang/invoke/MethodHandle;' in 'java/lang/invoke/MethodHandle')}
  0x00007f19bdc9fb8c: 48be 200f | 2580 197f | 0000 4883 | 8648 0100 | 0001 488b | d148 8bf0 

  0x00007f19bdc9fba4: ;   {optimized virtual_call}
  0x00007f19bdc9fba4: 6666 90e8 

  0x00007f19bdc9fba8: ; ImmutableOopMap {[120]=Oop [128]=Oop }
                      ;*invokevirtual setAsTypeCache {reexecute=0 rethrow=0 return_oop=0}
                      ; - java.lang.invoke.MethodHandle::asType@24 (line 873)
                      ; - java.lang.invoke.Invokers::checkGenericType@2 (line 541)
                      ; - java.lang.invoke.LambdaForm$MH/0x000000007a1b5800::invoke@37
  0x00007f19bdc9fba8: 34df c005 

  0x00007f19bdc9fbac: ;   {post_call_nop}
  0x00007f19bdc9fbac: 0f1f 8400 | 2408 0002 

  0x00007f19bdc9fbb4: ;   {metadata(method data for {method} {0x00007f19819f3f60} 'invoke' '(Ljava/lang/Object;Ljava/lang/Object;Ljava/lang/Object;)Ljava/lang/Object;' in 'java/lang/invoke/LambdaForm$MH+0x000000007a1b5800')}
  0x00007f19bdc9fbb4: 48be 0020 | ea81 197f | 0000 488d | b6f0 0100 | 0048 85c0 | 750c f606 | 0175 49f0 | 4883 0e01 
  0x00007f19bdc9fbd4: eb42 8b78 | 0841 ba00 | 0000 7949 | 03fa 4c8b | d748 333e | 48f7 c7fc | ffff ff74 | 2740 f6c7 
  0x00007f19bdc9fbf4: 0275 2148 | f706 feff | ffff 7415 | 498b fa48 | 333e 48f7 | c7fc ffff | ff74 0948 | 830e 02eb 
  0x00007f19bdc9fc14: 0348 893e 

  0x00007f19bdc9fc18: ;   {metadata(method data for {method} {0x00007f19819f3f60} 'invoke' '(Ljava/lang/Object;Ljava/lang/Object;Ljava/lang/Object;)Ljava/lang/Object;' in 'java/lang/invoke/LambdaForm$MH+0x000000007a1b5800')}
  0x00007f19bdc9fc18: 48be 0020 | ea81 197f | 0000 488d | b610 0200 | 0048 85c0 | 750e f646 | 0801 754f | f048 834e 
  0x00007f19bdc9fc38: 0801 eb47 | 8b78 0841 | ba00 0000 | 7949 03fa | 4c8b d748 | 337e 0848 | f7c7 fcff | ffff 742b 
  0x00007f19bdc9fc58: 40f6 c702 | 7525 48f7 | 4608 feff | ffff 7417 | 498b fa48 | 337e 0848 | f7c7 fcff | ffff 740b 
  0x00007f19bdc9fc78: 4883 4e08 | 02eb 0448 

  0x00007f19bdc9fc80: ;   {metadata(method data for {method} {0x00007f19819f3f60} 'invoke' '(Ljava/lang/Object;Ljava/lang/Object;Ljava/lang/Object;)Ljava/lang/Object;' in 'java/lang/invoke/LambdaForm$MH+0x000000007a1b5800')}
  0x00007f19bdc9fc80: 897e 0848 | be00 20ea | 8119 7f00 | 0048 8386 | 0002 0000 

  0x00007f19bdc9fc94: ;   {metadata(method data for {method} {0x000000007946ff60} 'checkCustomized' '(Ljava/lang/invoke/MethodHandle;)V' in 'java/lang/invoke/Invokers')}
  0x00007f19bdc9fc94: 0148 be28 | 552a 8019 | 7f00 008b | be90 0000 | 0083 c702 | 89be 9000 | 0000 81e7 | feff 1f00 
  0x00007f19bdc9fcb4: 85ff 0f84 | 7603 0000 

  0x00007f19bdc9fcbc: ;   {metadata(method data for {method} {0x000000007946ff60} 'checkCustomized' '(Ljava/lang/invoke/MethodHandle;)V' in 'java/lang/invoke/Invokers')}
  0x00007f19bdc9fcbc: 48be 2855 | 2a80 197f | 0000 4883 | 86d8 0000 

  0x00007f19bdc9fccc: ;   {metadata(method data for {method} {0x00000000791f59a8} 'isCompileConstant' '(Ljava/lang/Object;)Z' in 'java/lang/invoke/MethodHandleImpl')}
  0x00007f19bdc9fccc: 0001 48be | 8059 2a80 | 197f 0000 | 8bbe 9000 | 0000 83c7 | 0289 be90 | 0000 0081 | e7fe ff1f 
  0x00007f19bdc9fcec: 0085 ff0f | 845e 0300 

  0x00007f19bdc9fcf4: ;   {metadata(method data for {method} {0x000000007946ff60} 'checkCustomized' '(Ljava/lang/invoke/MethodHandle;)V' in 'java/lang/invoke/Invokers')}
  0x00007f19bdc9fcf4: 0048 be28 | 552a 8019 | 7f00 00ff | 86e8 0000 | 008b 7014 | 48c1 e603 

  0x00007f19bdc9fd0c: ; implicit exception: dispatches to 0x00007f19bdca0079
  0x00007f19bdc9fd0c: 8b76 1c48 | c1e6 0348 

  0x00007f19bdc9fd14: ;   {metadata(method data for {method} {0x000000007946ff60} 'checkCustomized' '(Ljava/lang/invoke/MethodHandle;)V' in 'java/lang/invoke/Invokers')}
  0x00007f19bdc9fd14: 85f6 48be | 2855 2a80 | 197f 0000 | bf18 0100 | 0074 05bf | 0801 0000 | 488b 1c3e | 488d 5b01 
  0x00007f19bdc9fd34: 4889 1c3e | 0f84 0d00 | 0000 4889 | 8424 8800 | 0000 e931 

  0x00007f19bdc9fd48: ;   {metadata(method data for {method} {0x000000007946ff60} 'checkCustomized' '(Ljava/lang/invoke/MethodHandle;)V' in 'java/lang/invoke/Invokers')}
  0x00007f19bdc9fd48: 0000 0048 | be28 552a | 8019 7f00 | 0048 8386 | 2801 0000 | 0148 8bf0 | 4889 8424 | 8800 0000 
  0x00007f19bdc9fd68: 0f1f 8000 

  0x00007f19bdc9fd6c: ;   {static_call}
  0x00007f19bdc9fd6c: 0000 00e8 

  0x00007f19bdc9fd70: ; ImmutableOopMap {[120]=Oop [128]=Oop [136]=Oop }
                      ;*invokestatic maybeCustomize {reexecute=0 rethrow=0 return_oop=0}
                      ; - java.lang.invoke.Invokers::checkCustomized@19 (line 626)
                      ; - java.lang.invoke.LambdaForm$MH/0x000000007a1b5800::invoke@44
  0x00007f19bdc9fd70: 8ca0 8506 

  0x00007f19bdc9fd74: ;   {post_call_nop}
  0x00007f19bdc9fd74: 0f1f 8400 | ec09 0003 | 488b 8424 | 8800 0000 | 488b 9c24 | 8000 0000 | 488b 7c24 

  0x00007f19bdc9fd90: ;   {metadata(method data for {method} {0x00007f19819f3f60} 'invoke' '(Ljava/lang/Object;Ljava/lang/Object;Ljava/lang/Object;)Ljava/lang/Object;' in 'java/lang/invoke/LambdaForm$MH+0x000000007a1b5800')}
  0x00007f19bdc9fd90: 7848 ba00 | 20ea 8119 | 7f00 0048 | 8d92 5802 | 0000 4885 | ff75 0ef6 | 4208 0175 | 4ef0 4883 
  0x00007f19bdc9fdb0: 4a08 01eb | 468b 4f08 | 41ba 0000 | 0079 4903 | ca4c 8bd1 | 4833 4a08 | 48f7 c1fc | ffff ff74 
  0x00007f19bdc9fdd0: 2af6 c102 | 7525 48f7 | 4208 feff | ffff 7417 | 498b ca48 | 334a 0848 | f7c1 fcff | ffff 740b 
  0x00007f19bdc9fdf0: 4883 4a08 | 02eb 0448 | 894a 0848 | 85db 750e | f642 1801 | 754e f048 | 834a 1801 | eb46 8b4b 
  0x00007f19bdc9fe10: 0841 ba00 | 0000 7949 | 03ca 4c8b | d148 334a | 1848 f7c1 | fcff ffff | 742a f6c1 | 0275 2548 
  0x00007f19bdc9fe30: f742 18fe | ffff ff74 | 1749 8bca | 4833 4a18 | 48f7 c1fc | ffff ff74 | 0b48 834a | 1802 eb04 
  0x00007f19bdc9fe50: 4889 4a18 

  0x00007f19bdc9fe54: ;   {metadata(method data for {method} {0x00007f19819f3f60} 'invoke' '(Ljava/lang/Object;Ljava/lang/Object;Ljava/lang/Object;)Ljava/lang/Object;' in 'java/lang/invoke/LambdaForm$MH+0x000000007a1b5800')}
  0x00007f19bdc9fe54: 488b d048 | b900 20ea | 8119 7f00 | 008b 5208 | 41ba 0000 | 0079 4903 | d248 3b91 | 3002 0000 
  0x00007f19bdc9fe74: 750d 4883 | 8138 0200 | 0001 e960 | 0000 0048 | 3b91 4002 | 0000 750d | 4883 8148 | 0200 0001 
  0x00007f19bdc9fe94: e94a 0000 | 0048 83b9 | 3002 0000 | 0075 1748 | 8991 3002 | 0000 48c7 | 8138 0200 | 0001 0000 
  0x00007f19bdc9feb4: 00e9 2900 | 0000 4883 | b940 0200 | 0000 7517 | 4889 9140 | 0200 0048 | c781 4802 | 0000 0100 
  0x00007f19bdc9fed4: 0000 e908 | 0000 0048 | 8381 2802 | 0000 0148 | 8bd7 488b | cb48 8bf0 

  0x00007f19bdc9feec: ;   {optimized virtual_call}
  0x00007f19bdc9feec: 6666 90e8 

  0x00007f19bdc9fef0: ; ImmutableOopMap {}
                      ;*invokevirtual invokeBasic {reexecute=0 rethrow=0 return_oop=0}
                      ; - java.lang.invoke.LambdaForm$MH/0x000000007a1b5800::invoke@52
  0x00007f19bdc9fef0: 8cac 3106 

  0x00007f19bdc9fef4: ;   {post_call_nop}
  0x00007f19bdc9fef4: 0f1f 8400 | 6c0b 0004 

  0x00007f19bdc9fefc: ;   {metadata(method data for {method} {0x00007f19819f3f60} 'invoke' '(Ljava/lang/Object;Ljava/lang/Object;Ljava/lang/Object;)Ljava/lang/Object;' in 'java/lang/invoke/LambdaForm$MH+0x000000007a1b5800')}
  0x00007f19bdc9fefc: 48be 0020 | ea81 197f | 0000 488d | b678 0200 | 0048 85c0 | 750c f606 | 0175 49f0 | 4883 0e01 
  0x00007f19bdc9ff1c: eb42 8b78 | 0841 ba00 | 0000 7949 | 03fa 4c8b | d748 333e | 48f7 c7fc | ffff ff74 | 2740 f6c7 
  0x00007f19bdc9ff3c: 0275 2148 | f706 feff | ffff 7415 | 498b fa48 | 333e 48f7 | c7fc ffff | ff74 0948 | 830e 02eb 
  0x00007f19bdc9ff5c: 0348 893e | 4881 c4a0 | 0000 005d 

  0x00007f19bdc9ff68: ;   {poll_return}
  0x00007f19bdc9ff68: 493b 6728 | 0f87 0c01 

  0x00007f19bdc9ff70: ;   {metadata({method} {0x00007f19819f3f60} 'invoke' '(Ljava/lang/Object;Ljava/lang/Object;Ljava/lang/Object;)Ljava/lang/Object;' in 'java/lang/invoke/LambdaForm$MH+0x000000007a1b5800')}
  0x00007f19bdc9ff70: 0000 c349 | ba60 3f9f | 8119 7f00 | 004c 8954 | 2408 48c7 | 0424 ffff 

  0x00007f19bdc9ff88: ;   {runtime_call C1 Runtime counter_overflow_blob}
  0x00007f19bdc9ff88: ffff e851 

  0x00007f19bdc9ff8c: ; ImmutableOopMap {rsi=Oop rdx=Oop rcx=Oop }
                      ;*synchronization entry
                      ; - java.lang.invoke.LambdaForm$MH/0x000000007a1b5800::invoke@-1
  0x00007f19bdc9ff8c: ddce 05e9 | eef5 ffff | 4889 0c24 

  0x00007f19bdc9ff98: ;   {runtime_call C1 Runtime throw_class_cast_exception_blob}
  0x00007f19bdc9ff98: e843 95ce 

  0x00007f19bdc9ff9c: ; ImmutableOopMap {[88]=Oop [96]=Oop }
                      ;*checkcast {reexecute=0 rethrow=0 return_oop=0}
                      ; - java.lang.invoke.LambdaForm$MH/0x000000007a1b5800::invoke@6
                      ;   {runtime_call C1 Runtime throw_null_pointer_exception_blob}
  0x00007f19bdc9ff9c: 05e8 3e62 

  0x00007f19bdc9ffa0: ; ImmutableOopMap {rdx=Oop [88]=Oop [96]=Oop }
                      ;*aaload {reexecute=0 rethrow=0 return_oop=0}
                      ; - java.lang.invoke.LambdaForm$MH/0x000000007a1b5800::invoke@12
                      ;   {runtime_call C1 Runtime throw_null_pointer_exception_blob}
  0x00007f19bdc9ffa0: ce05 e839 

  0x00007f19bdc9ffa4: ; ImmutableOopMap {rdx=Oop [88]=Oop [96]=Oop }
                      ;*aaload {reexecute=0 rethrow=0 return_oop=0}
                      ; - java.lang.invoke.LambdaForm$MH/0x000000007a1b5800::invoke@12
  0x00007f19bdc9ffa4: 62ce 0548 | c704 2400 | 0000 0048 | 8954 2408 

  0x00007f19bdc9ffb4: ;   {runtime_call C1 Runtime throw_range_check_failed_blob}
  0x00007f19bdc9ffb4: e827 59ce 

  0x00007f19bdc9ffb8: ; ImmutableOopMap {rdx=Oop [88]=Oop [96]=Oop }
                      ;*aaload {reexecute=0 rethrow=0 return_oop=0}
                      ; - java.lang.invoke.LambdaForm$MH/0x000000007a1b5800::invoke@12
  0x00007f19bdc9ffb8: 0548 c704 | 2401 0000 | 0048 8954 

  0x00007f19bdc9ffc4: ;   {runtime_call C1 Runtime throw_range_check_failed_blob}
  0x00007f19bdc9ffc4: 2408 e815 

  0x00007f19bdc9ffc8: ; ImmutableOopMap {rdx=Oop rdi=Oop [88]=Oop [96]=Oop }
                      ;*aaload {reexecute=0 rethrow=0 return_oop=0}
                      ; - java.lang.invoke.LambdaForm$MH/0x000000007a1b5800::invoke@16
  0x00007f19bdc9ffc8: 59ce 0548 

  0x00007f19bdc9ffcc: ;   {runtime_call C1 Runtime throw_class_cast_exception_blob}
  0x00007f19bdc9ffcc: 8934 24e8 

  0x00007f19bdc9ffd0: ; ImmutableOopMap {rdi=Oop rbx=Oop [96]=Oop }
                      ;*checkcast {reexecute=0 rethrow=0 return_oop=0}
                      ; - java.lang.invoke.LambdaForm$MH/0x000000007a1b5800::invoke@20
  0x00007f19bdc9ffd0: 0c95 ce05 

  0x00007f19bdc9ffd4: ;   {runtime_call C1 Runtime throw_null_pointer_exception_blob}
  0x00007f19bdc9ffd4: e807 62ce 

  0x00007f19bdc9ffd8: ; ImmutableOopMap {rdi=Oop rbx=Oop [96]=Oop }
                      ;*getfield argL0 {reexecute=1 rethrow=0 return_oop=0}
                      ; - (reexecute) java.lang.invoke.LambdaForm$MH/0x000000007a1b5800::invoke@23
  0x00007f19bdc9ffd8: 0548 8934 

  0x00007f19bdc9ffdc: ;   {runtime_call C1 Runtime throw_class_cast_exception_blob}
  0x00007f19bdc9ffdc: 24e8 fe94 

  0x00007f19bdc9ffe0: ; ImmutableOopMap {rdi=Oop rbx=Oop rdx=Oop }
                      ;*checkcast {reexecute=0 rethrow=0 return_oop=0}
                      ; - java.lang.invoke.LambdaForm$MH/0x000000007a1b5800::invoke@29
  0x00007f19bdc9ffe0: ce05 4889 

  0x00007f19bdc9ffe4: ;   {runtime_call C1 Runtime throw_class_cast_exception_blob}
  0x00007f19bdc9ffe4: 1424 e8f5 

  0x00007f19bdc9ffe8: ; ImmutableOopMap {rdi=Oop rbx=Oop rax=Oop }
                      ;*checkcast {reexecute=0 rethrow=0 return_oop=0}
                      ; - java.lang.invoke.LambdaForm$MH/0x000000007a1b5800::invoke@34
                      ;   {metadata({method} {0x0000000079470010} 'checkGenericType' '(Ljava/lang/invoke/MethodHandle;Ljava/lang/invoke/MethodType;)Ljava/lang/invoke/MethodHandle;' in 'java/lang/invoke/Invokers')}
  0x00007f19bdc9ffe8: 94ce 0549 | ba10 0047 | 7900 0000 | 004c 8954 | 2408 48c7 | 0424 ffff 

  0x00007f19bdca0000: ;   {runtime_call C1 Runtime counter_overflow_blob}
  0x00007f19bdca0000: ffff e8d9 

  0x00007f19bdca0004: ; ImmutableOopMap {rdi=Oop rbx=Oop rax=Oop rcx=Oop }
                      ;*synchronization entry
                      ; - java.lang.invoke.Invokers::checkGenericType@-1 (line 541)
                      ; - java.lang.invoke.LambdaForm$MH/0x000000007a1b5800::invoke@37
  0x00007f19bdca0004: dcce 05e9 | 19fa ffff 

  0x00007f19bdca000c: ;   {runtime_call C1 Runtime throw_null_pointer_exception_blob}
  0x00007f19bdca000c: e8cf 61ce 

  0x00007f19bdca0010: ; ImmutableOopMap {rdi=Oop rbx=Oop rax=Oop rcx=Oop }
                      ;*invokevirtual asType {reexecute=0 rethrow=0 return_oop=0}
                      ; - java.lang.invoke.Invokers::checkGenericType@2 (line 541)
                      ; - java.lang.invoke.LambdaForm$MH/0x000000007a1b5800::invoke@37
                      ;   {metadata({method} {0x00000000794783e0} 'asType' '(Ljava/lang/invoke/MethodType;)Ljava/lang/invoke/MethodHandle;' in 'java/lang/invoke/MethodHandle')}
  0x00007f19bdca0010: 0549 bae0 | 8347 7900 | 0000 004c | 8954 2408 | 48c7 0424 | ffff ffff 

  0x00007f19bdca0028: ;   {runtime_call C1 Runtime counter_overflow_blob}
  0x00007f19bdca0028: e8b3 dcce 

  0x00007f19bdca002c: ; ImmutableOopMap {rdi=Oop rbx=Oop rax=Oop rcx=Oop }
                      ;*synchronization entry
                      ; - java.lang.invoke.MethodHandle::asType@-1 (line 865)
                      ; - java.lang.invoke.Invokers::checkGenericType@2 (line 541)
                      ; - java.lang.invoke.LambdaForm$MH/0x000000007a1b5800::invoke@37
  0x00007f19bdca002c: 05e9 acfa 

  0x00007f19bdca0030: ;   {metadata({method} {0x000000007946ff60} 'checkCustomized' '(Ljava/lang/invoke/MethodHandle;)V' in 'java/lang/invoke/Invokers')}
  0x00007f19bdca0030: ffff 49ba | 60ff 4679 | 0000 0000 | 4c89 5424 | 0848 c704 | 24ff ffff 

  0x00007f19bdca0048: ;   {runtime_call C1 Runtime counter_overflow_blob}
  0x00007f19bdca0048: ffe8 92dc 

  0x00007f19bdca004c: ; ImmutableOopMap {rax=Oop [120]=Oop [128]=Oop }
                      ;*synchronization entry
                      ; - java.lang.invoke.Invokers::checkCustomized@-1 (line 622)
                      ; - java.lang.invoke.LambdaForm$MH/0x000000007a1b5800::invoke@44
  0x00007f19bdca004c: ce05 e969 

  0x00007f19bdca0050: ;   {metadata({method} {0x00000000791f59a8} 'isCompileConstant' '(Ljava/lang/Object;)Z' in 'java/lang/invoke/MethodHandleImpl')}
  0x00007f19bdca0050: fcff ff49 | baa8 591f | 7900 0000 | 004c 8954 | 2408 48c7 | 0424 ffff 

  0x00007f19bdca0068: ;   {runtime_call C1 Runtime counter_overflow_blob}
  0x00007f19bdca0068: ffff e871 

  0x00007f19bdca006c: ; ImmutableOopMap {rax=Oop [120]=Oop [128]=Oop }
                      ;*synchronization entry
                      ; - java.lang.invoke.MethodHandleImpl::isCompileConstant@-1 (line 625)
                      ; - java.lang.invoke.Invokers::checkCustomized@1 (line 622)
                      ; - java.lang.invoke.LambdaForm$MH/0x000000007a1b5800::invoke@44
  0x00007f19bdca006c: dcce 05e9 | 81fc ffff 

  0x00007f19bdca0074: ;   {runtime_call C1 Runtime throw_null_pointer_exception_blob}
  0x00007f19bdca0074: e867 61ce 

  0x00007f19bdca0078: ; ImmutableOopMap {rax=Oop [120]=Oop [128]=Oop }
                      ;*getfield form {reexecute=1 rethrow=0 return_oop=0}
                      ; - (reexecute) java.lang.invoke.Invokers::checkCustomized@9 (line 625)
                      ; - java.lang.invoke.LambdaForm$MH/0x000000007a1b5800::invoke@44
                      ;   {runtime_call C1 Runtime throw_null_pointer_exception_blob}
  0x00007f19bdca0078: 05e8 6261 

  0x00007f19bdca007c: ; ImmutableOopMap {rax=Oop [120]=Oop [128]=Oop }
                      ;*getfield customized {reexecute=1 rethrow=0 return_oop=0}
                      ; - (reexecute) java.lang.invoke.Invokers::checkCustomized@12 (line 625)
                      ; - java.lang.invoke.LambdaForm$MH/0x000000007a1b5800::invoke@44
                      ;   {internal_word}
  0x00007f19bdca007c: ce05 49ba | 68ff c9bd | 197f 0000 | 4d89 9738 

  0x00007f19bdca008c: ;   {runtime_call SafepointBlob}
  0x00007f19bdca008c: 0500 00e9 | cc0a c105 | 498b 87e0 | 0500 0049 | c787 e005 | 0000 0000 | 0000 49c7 | 87e8 0500 
  0x00007f19bdca00ac: 0000 0000 | 0048 81c4 | a000 0000 

  0x00007f19bdca00b8: ;   {runtime_call C1 Runtime unwind_exception_blob}
  0x00007f19bdca00b8: 5de9 2252 | ce05 f4f4 
[Stub Code]
  0x00007f19bdca00c0: ;   {static_stub}
  0x00007f19bdca00c0: 48bb 0000 | 0000 0000 

  0x00007f19bdca00c8: ;   {runtime_call nmethod}
  0x00007f19bdca00c8: 0000 e9fb 

  0x00007f19bdca00cc: ;   {static_stub}
  0x00007f19bdca00cc: ffff ff48 | bb00 0000 | 0000 0000 

  0x00007f19bdca00d8: ;   {runtime_call nmethod}
  0x00007f19bdca00d8: 00e9 fbff 

  0x00007f19bdca00dc: ;   {static_stub}
  0x00007f19bdca00dc: ffff 48bb | 0000 0000 | 0000 0000 

  0x00007f19bdca00e8: ;   {runtime_call nmethod}
  0x00007f19bdca00e8: e9fb ffff 

  0x00007f19bdca00ec: ;   {static_stub}
  0x00007f19bdca00ec: ff48 bb00 | 0000 0000 

  0x00007f19bdca00f4: ;   {runtime_call nmethod}
  0x00007f19bdca00f4: 0000 00e9 | fbff ffff 

  0x00007f19bdca00fc: ;   {static_stub}
  0x00007f19bdca00fc: 48bb 0000 | 0000 0000 

  0x00007f19bdca0104: ;   {runtime_call nmethod}
  0x00007f19bdca0104: 0000 e9fb 

  0x00007f19bdca0108: ;   {runtime_call C1 Runtime handle_exception_from_callee_blob}
  0x00007f19bdca0108: ffff ffe8 | d08d ce05 

  0x00007f19bdca0110: ;   {external_word}
  0x00007f19bdca0110: 48bf 28c7 | 2edd 197f | 0000 4883 

  0x00007f19bdca011c: ;   {runtime_call MacroAssembler::debug64(char*, long, long*)}
  0x00007f19bdca011c: e4f0 e81d | 8d0a 1ff4 
[Deopt Handler Code]
  0x00007f19bdca0124: ;   {section_word}
  0x00007f19bdca0124: 49ba 2401 | cabd 197f | 0000 4152 

  0x00007f19bdca0130: ;   {runtime_call DeoptimizationBlob}
  0x00007f19bdca0130: e9ab f1c0 

  0x00007f19bdca0134: ;   {section_word}
  0x00007f19bdca0134: 0549 ba35 | 01ca bd19 | 7f00 0041 

  0x00007f19bdca0140: ;   {runtime_call DeoptimizationBlob}
  0x00007f19bdca0140: 52e9 9af1 | c005 f4f4 
[/MachCode]


Compiled method (c1) 12808 9023       3       java.lang.invoke.MethodHandle::invokeWithArguments (32 bytes)
 total in heap  [0x00007f19bc609988,0x00007f19bc60a3e8] = 2656
 main code      [0x00007f19bc609a80,0x00007f19bc60a328] = 2216
 stub code      [0x00007f19bc60a328,0x00007f19bc60a3e0] = 184
 oops           [0x00007f19bc60a3e0,0x00007f19bc60a3e8] = 8
 mutable data [0x00007f1938eda490,0x00007f1938eda5f0] = 352
 relocation     [0x00007f1938eda490,0x00007f1938eda5a0] = 272
 metadata       [0x00007f1938eda5a0,0x00007f1938eda5f0] = 80
 immutable data [0x00007f1938eda190,0x00007f1938eda488] = 760
 dependencies   [0x00007f1938eda190,0x00007f1938eda1a8] = 24
 nul chk table  [0x00007f1938eda1a8,0x00007f1938eda1e0] = 56
 scopes pcs     [0x00007f1938eda1e0,0x00007f1938eda350] = 368
 scopes data    [0x00007f1938eda350,0x00007f1938eda488] = 312

[Constant Pool (empty)]

[MachCode]
[Instructions begin]
  0x00007f19bc609a80: 6666 660f | 1f84 0000 | 0000 0066 | 6666 9066 | 6690 448b | 5608 443b 

  0x00007f19bc609a98: ;   {runtime_call Shared Runtime ic_miss_blob}
  0x00007f19bc609a98: 5008 0f85 | 403b 2a07 
[Verified Entry Point]
  0x00007f19bc609aa0: 8984 2400 | c0fe ff55 | 4881 eca0 | 0000 0090 | 4181 7f20 | 0500 0000 

  0x00007f19bc609ab8: ;   {runtime_call Stub::method_entry_barrier}
  0x00007f19bc609ab8: 7405 e801 | db28 0748 | 8974 2468 | 4889 5424 

  0x00007f19bc609ac8: ;   {metadata(method data for {method} {0x00000000791eedc0} 'invokeWithArguments' '([Ljava/lang/Object;)Ljava/lang/Object;' in 'java/lang/invoke/MethodHandle')}
  0x00007f19bc609ac8: 7048 bf38 | b8b4 8119 | 7f00 008b | 9f90 0000 | 0083 c302 | 899f 9000 | 0000 81e3 | fe07 0000 
  0x00007f19bc609ae8: 85db 0f84 | ec06 0000 

  0x00007f19bc609af0: ;   {metadata(method data for {method} {0x00000000791eedc0} 'invokeWithArguments' '([Ljava/lang/Object;)Ljava/lang/Object;' in 'java/lang/invoke/MethodHandle')}
  0x00007f19bc609af0: 4885 d248 | bf38 b8b4 | 8119 7f00 | 00bb d800 | 0000 7505 | bbe8 0000 | 0048 8b04 | 1f48 8d40 
  0x00007f19bc609b10: 0148 8904 | 1f0f 851a 

  0x00007f19bc609b18: ;   {metadata(method data for {method} {0x00000000791eedc0} 'invokeWithArguments' '([Ljava/lang/Object;)Ljava/lang/Object;' in 'java/lang/invoke/MethodHandle')}
  0x00007f19bc609b18: 0000 0048 | bf38 b8b4 | 8119 7f00 | 00ff 87f8 | 0000 00bf | 0000 0000 | e903 0000 | 008b 7a0c 
  0x00007f19bc609b38: ;   {metadata(method data for {method} {0x00000000791eedc0} 'invokeWithArguments' '([Ljava/lang/Object;)Ljava/lang/Object;' in 'java/lang/invoke/MethodHandle')}
  0x00007f19bc609b38: 48bb 38b8 | b481 197f | 0000 4883 | 8310 0100 

  0x00007f19bc609b48: ;   {metadata(method data for {method} {0x00000000794775b8} 'genericMethodType' '(I)Ljava/lang/invoke/MethodType;' in 'java/lang/invoke/MethodType')}
  0x00007f19bc609b48: 0001 48bb | 082a 0f81 | 197f 0000 | 8b83 9000 | 0000 83c0 | 0289 8390 | 0000 0025 | feff 1f00 
  0x00007f19bc609b68: 85c0 0f84 | 9206 0000 

  0x00007f19bc609b70: ;   {metadata(method data for {method} {0x00000000794775b8} 'genericMethodType' '(I)Ljava/lang/invoke/MethodType;' in 'java/lang/invoke/MethodType')}
  0x00007f19bc609b70: 48bb 082a | 0f81 197f | 0000 4883 | 83d8 0000 | 0001 488b | f7ba 0000 | 0000 0f1f 

  0x00007f19bc609b8c: ;   {static_call}
  0x00007f19bc609b8c: 4400 00e8 

  0x00007f19bc609b90: ; ImmutableOopMap {[104]=Oop [112]=Oop }
                      ;*invokestatic genericMethodType {reexecute=0 rethrow=0 return_oop=0}
                      ; - java.lang.invoke.MethodType::genericMethodType@2 (line 455)
                      ; - java.lang.invoke.MethodHandle::invokeWithArguments@10 (line 734)
  0x00007f19bc609b90: 6c88 eb07 

  0x00007f19bc609b94: ;   {post_call_nop}
  0x00007f19bc609b94: 0f1f 8400 | 0c02 0000 | 4889 4424 | 7848 3b00 

  0x00007f19bc609ba4: ;   {metadata(method data for {method} {0x00000000791eedc0} 'invokeWithArguments' '([Ljava/lang/Object;)Ljava/lang/Object;' in 'java/lang/invoke/MethodHandle')}
  0x00007f19bc609ba4: 488b f048 | bf38 b8b4 | 8119 7f00 | 008b 7608 | 41ba 0000 | 0079 4903 | f248 3bb7 | 2801 0000 
  0x00007f19bc609bc4: 750d 4883 | 8730 0100 | 0001 e960 | 0000 0048 | 3bb7 3801 | 0000 750d | 4883 8740 | 0100 0001 
  0x00007f19bc609be4: e94a 0000 | 0048 83bf | 2801 0000 | 0075 1748 | 89b7 2801 | 0000 48c7 | 8730 0100 | 0001 0000 
  0x00007f19bc609c04: 00e9 2900 | 0000 4883 | bf38 0100 | 0000 7517 | 4889 b738 | 0100 0048 | c787 4001 | 0000 0100 
  0x00007f19bc609c24: 0000 e908 | 0000 0048 | 8387 2001 | 0000 0148 

  0x00007f19bc609c34: ;   {optimized virtual_call}
  0x00007f19bc609c34: 8bf0 90e8 

  0x00007f19bc609c38: ; ImmutableOopMap {[104]=Oop [112]=Oop [120]=Oop }
                      ;*invokevirtual invokers {reexecute=0 rethrow=0 return_oop=0}
                      ; - java.lang.invoke.MethodHandle::invokeWithArguments@15 (line 735)
  0x00007f19bc609c38: 54fe f307 

  0x00007f19bc609c3c: ;   {post_call_nop}
  0x00007f19bc609c3c: 0f1f 8400 | b402 0001 

  0x00007f19bc609c44: ; implicit exception: dispatches to 0x00007f19bc60a228
  0x00007f19bc609c44: 483b 0048 

  0x00007f19bc609c48: ;   {metadata(method data for {method} {0x00000000791eedc0} 'invokeWithArguments' '([Ljava/lang/Object;)Ljava/lang/Object;' in 'java/lang/invoke/MethodHandle')}
  0x00007f19bc609c48: 8bd0 48be | 38b8 b481 | 197f 0000 | 4883 8660 | 0100 0001 | ba00 0000 | 0048 8bf0 

  0x00007f19bc609c64: ;   {optimized virtual_call}
  0x00007f19bc609c64: 6666 90e8 

  0x00007f19bc609c68: ; ImmutableOopMap {[104]=Oop [112]=Oop [120]=Oop }
                      ;*invokevirtual spreadInvoker {reexecute=0 rethrow=0 return_oop=0}
                      ; - java.lang.invoke.MethodHandle::invokeWithArguments@19 (line 735)
  0x00007f19bc609c68: a4a6 f807 

  0x00007f19bc609c6c: ;   {post_call_nop}
  0x00007f19bc609c6c: 0f1f 8400 | e402 0002 | 4889 8424 | 8000 0000 | 488b 7424 

  0x00007f19bc609c80: ;   {metadata(method data for {method} {0x00000000791eedc0} 'invokeWithArguments' '([Ljava/lang/Object;)Ljava/lang/Object;' in 'java/lang/invoke/MethodHandle')}
  0x00007f19bc609c80: 6848 ba38 | b8b4 8119 | 7f00 008b | 7608 41ba | 0000 0079 | 4903 f248 | 3bb2 8801 | 0000 750d 
  0x00007f19bc609ca0: 4883 8290 | 0100 0001 | e960 0000 | 0048 3bb2 | 9801 0000 | 750d 4883 | 82a0 0100 | 0001 e94a 
  0x00007f19bc609cc0: 0000 0048 | 83ba 8801 | 0000 0075 | 1748 89b2 | 8801 0000 | 48c7 8290 | 0100 0001 | 0000 00e9 
  0x00007f19bc609ce0: 2900 0000 | 4883 ba98 | 0100 0000 | 7517 4889 | b298 0100 | 0048 c782 | a001 0000 | 0100 0000 
  0x00007f19bc609d00: e908 0000 | 0048 8382 | 8001 0000 

  0x00007f19bc609d0c: ;   {metadata(method data for {method} {0x00000000794783e0} 'asType' '(Ljava/lang/invoke/MethodType;)Ljava/lang/invoke/MethodHandle;' in 'java/lang/invoke/MethodHandle')}
  0x00007f19bc609d0c: 0148 ba20 | 0f25 8019 | 7f00 008b | b290 0000 | 0083 c602 | 89b2 9000 | 0000 81e6 | feff 1f00 
  0x00007f19bc609d2c: 85f6 0f84 | f904 0000 | 488b 7424 | 688b 5610 | 48c1 e203 | 488b 7c24 | 7848 3bfa 

  0x00007f19bc609d48: ;   {metadata(method data for {method} {0x00000000794783e0} 'asType' '(Ljava/lang/invoke/MethodType;)Ljava/lang/invoke/MethodHandle;' in 'java/lang/invoke/MethodHandle')}
  0x00007f19bc609d48: 48ba 200f | 2580 197f | 0000 bbe8 | 0000 0074 | 05bb d800 | 0000 488b | 0c1a 488d | 4901 4889 
  0x00007f19bc609d68: 0c1a 0f84 | a700 0000 

  0x00007f19bc609d70: ;   {metadata(method data for {method} {0x00000000794783e0} 'asType' '(Ljava/lang/invoke/MethodType;)Ljava/lang/invoke/MethodHandle;' in 'java/lang/invoke/MethodHandle')}
  0x00007f19bc609d70: 488b d648 | bb20 0f25 | 8019 7f00 | 0048 8383 | f800 0000 | 0148 8bd7 | 488b de48 

  0x00007f19bc609d8c: ;   {optimized virtual_call}
  0x00007f19bc609d8c: 8bf3 90e8 

  0x00007f19bc609d90: ; ImmutableOopMap {[104]=Oop [112]=Oop [120]=Oop [128]=Oop }
                      ;*invokevirtual asTypeCached {reexecute=0 rethrow=0 return_oop=0}
                      ; - java.lang.invoke.MethodHandle::asType@12 (line 869)
                      ; - java.lang.invoke.MethodHandle::invokeWithArguments@24 (line 735)
  0x00007f19bc609d90: fcf8 f107 

  0x00007f19bc609d94: ;   {post_call_nop}
  0x00007f19bc609d94: 0f1f 8400 | 0c04 0003 

  0x00007f19bc609d9c: ;   {metadata(method data for {method} {0x00000000794783e0} 'asType' '(Ljava/lang/invoke/MethodType;)Ljava/lang/invoke/MethodHandle;' in 'java/lang/invoke/MethodHandle')}
  0x00007f19bc609d9c: 4885 c048 | ba20 0f25 | 8019 7f00 | 00be 2801 | 0000 7405 | be38 0100 | 0048 8b3c | 3248 8d7f 
  0x00007f19bc609dbc: 0148 893c | 320f 8410 | 0000 0048 | 8bf0 488b | 8424 8000 | 0000 e940 | 0000 0048 | 8b44 2478 
  0x00007f19bc609ddc: 488b 7424 | 6848 8bd6 

  0x00007f19bc609de4: ;   {metadata(method data for {method} {0x00000000794783e0} 'asType' '(Ljava/lang/invoke/MethodType;)Ljava/lang/invoke/MethodHandle;' in 'java/lang/invoke/MethodHandle')}
  0x00007f19bc609de4: 48bf 200f | 2580 197f | 0000 4883 | 8748 0100 | 0001 488b | d066 0f1f 

  0x00007f19bc609dfc: ;   {optimized virtual_call}
  0x00007f19bc609dfc: 4400 00e8 

  0x00007f19bc609e00: ; ImmutableOopMap {[112]=Oop [128]=Oop }
                      ;*invokevirtual setAsTypeCache {reexecute=0 rethrow=0 return_oop=0}
                      ; - java.lang.invoke.MethodHandle::asType@24 (line 873)
                      ; - java.lang.invoke.MethodHandle::invokeWithArguments@24 (line 735)
  0x00007f19bc609e00: 8c31 f407 

  0x00007f19bc609e04: ;   {post_call_nop}
  0x00007f19bc609e04: 0f1f 8400 | 7c04 0004 | 488b f048 | 8b84 2480 

  0x00007f19bc609e14: ;   {metadata(method data for {method} {0x00000000791eedc0} 'invokeWithArguments' '([Ljava/lang/Object;)Ljava/lang/Object;' in 'java/lang/invoke/MethodHandle')}
  0x00007f19bc609e14: 0000 0048 | bf38 b8b4 | 8119 7f00 | 0048 8dbf | e001 0000 | 4885 f675 | 0cf6 4708 | 0175 06f0 
  0x00007f19bc609e34: 4883 4f08 

  0x00007f19bc609e38: ;   {metadata(method data for {method} {0x0000000079209c78} 'invokeExact_MT' '(Ljava/lang/Object;Ljava/lang/Object;Ljava/lang/Object;Ljava/lang/Object;)Ljava/lang/Object;' in 'java/lang/invoke/Invokers$Holder')}
  0x00007f19bc609e38: 0148 bfb0 | c80b 8119 | 7f00 0048 | 8dbf 6802 | 0000 4885 | c075 0af6 | 0701 7505 | f048 830f 
  0x00007f19bc609e58: ;   {metadata(method data for {method} {0x00000000791eedc0} 'invokeWithArguments' '([Ljava/lang/Object;)Ljava/lang/Object;' in 'java/lang/invoke/MethodHandle')}
  0x00007f19bc609e58: 0148 bf38 | b8b4 8119 | 7f00 0048 | 8387 b001 

  0x00007f19bc609e68: ;   {metadata(method data for {method} {0x0000000079209c78} 'invokeExact_MT' '(Ljava/lang/Object;Ljava/lang/Object;Ljava/lang/Object;Ljava/lang/Object;)Ljava/lang/Object;' in 'java/lang/invoke/Invokers$Holder')}
  0x00007f19bc609e68: 0000 0148 | bfb0 c80b | 8119 7f00 | 008b 9f90 | 0000 0083 | c302 899f | 9000 0000 | 81e3 feff 
  0x00007f19bc609e88: 1f00 85db | 0f84 bc03 

  0x00007f19bc609e90: ;   {metadata(method data for {method} {0x0000000079209c78} 'invokeExact_MT' '(Ljava/lang/Object;Ljava/lang/Object;Ljava/lang/Object;Ljava/lang/Object;)Ljava/lang/Object;' in 'java/lang/invoke/Invokers$Holder')}
  0x00007f19bc609e90: 0000 48bf | b0c8 0b81 | 197f 0000 | 488d bf48 | 0100 0048 | 85c0 750c | f647 0801 | 7506 f048 
  0x00007f19bc609eb0: 834f 0801 

  0x00007f19bc609eb4: ;   {metadata(method data for {method} {0x0000000079209c78} 'invokeExact_MT' '(Ljava/lang/Object;Ljava/lang/Object;Ljava/lang/Object;Ljava/lang/Object;)Ljava/lang/Object;' in 'java/lang/invoke/Invokers$Holder')}
  0x00007f19bc609eb4: 48bf b0c8 | 0b81 197f | 0000 4883 | 8738 0100 

  0x00007f19bc609ec4: ;   {metadata(method data for {method} {0x0000000079470068} 'checkExactType' '(Ljava/lang/invoke/MethodHandle;Ljava/lang/invoke/MethodType;)V' in 'java/lang/invoke/Invokers')}
  0x00007f19bc609ec4: 0001 48bf | a056 2a80 | 197f 0000 | 8b9f 9000 | 0000 83c3 | 0289 9f90 | 0000 0081 | e3fe ff1f 
  0x00007f19bc609ee4: 0085 db0f | 8482 0300 | 0048 3b00 

  0x00007f19bc609ef0: ;   {metadata(method data for {method} {0x0000000079470068} 'checkExactType' '(Ljava/lang/invoke/MethodHandle;Ljava/lang/invoke/MethodType;)V' in 'java/lang/invoke/Invokers')}
  0x00007f19bc609ef0: 488b f848 | bba0 562a | 8019 7f00 | 008b 7f08 | 41ba 0000 | 0079 4903 | fa48 3bbb | e000 0000 
  0x00007f19bc609f10: 750d 4883 | 83e8 0000 | 0001 e960 | 0000 0048 | 3bbb f000 | 0000 750d | 4883 83f8 | 0000 0001 
  0x00007f19bc609f30: e94a 0000 | 0048 83bb | e000 0000 | 0075 1748 | 89bb e000 | 0000 48c7 | 83e8 0000 | 0001 0000 
  0x00007f19bc609f50: 00e9 2900 | 0000 4883 | bbf0 0000 | 0000 7517 | 4889 bbf0 | 0000 0048 | c783 f800 | 0000 0100 
  0x00007f19bc609f70: 0000 e908 | 0000 0048 | 8383 d800 | 0000 018b | 7810 48c1 

  0x00007f19bc609f84: ;   {oop(a 'java/lang/invoke/MethodType'{0x0000000418083908} = (Ljava/lang/invoke/MethodHandle;[Ljava/lang/Object;)Ljava/lang/Object;)}
  0x00007f19bc609f84: e703 48bb | 0839 0818 | 0400 0000 

  0x00007f19bc609f90: ;   {metadata(method data for {method} {0x0000000079470068} 'checkExactType' '(Ljava/lang/invoke/MethodHandle;Ljava/lang/invoke/MethodType;)V' in 'java/lang/invoke/Invokers')}
  0x00007f19bc609f90: 483b fb48 | bba0 562a | 8019 7f00 | 00ba 1801 | 0000 7505 | ba08 0100 | 0048 8b0c | 1348 8d49 
  0x00007f19bc609fb0: 0148 890c | 130f 85dc 

  0x00007f19bc609fb8: ;   {metadata(method data for {method} {0x0000000079209c78} 'invokeExact_MT' '(Ljava/lang/Object;Ljava/lang/Object;Ljava/lang/Object;Ljava/lang/Object;)Ljava/lang/Object;' in 'java/lang/invoke/Invokers$Holder')}
  0x00007f19bc609fb8: 0100 0048 | bfb0 c80b | 8119 7f00 | 0048 8387 | 7001 0000 

  0x00007f19bc609fcc: ;   {metadata(method data for {method} {0x000000007946ff60} 'checkCustomized' '(Ljava/lang/invoke/MethodHandle;)V' in 'java/lang/invoke/Invokers')}
  0x00007f19bc609fcc: 0148 bf28 | 552a 8019 | 7f00 008b | 9f90 0000 | 0083 c302 | 899f 9000 | 0000 81e3 | feff 1f00 
  0x00007f19bc609fec: 85db 0f84 | a102 0000 

  0x00007f19bc609ff4: ;   {metadata(method data for {method} {0x000000007946ff60} 'checkCustomized' '(Ljava/lang/invoke/MethodHandle;)V' in 'java/lang/invoke/Invokers')}
  0x00007f19bc609ff4: 48bf 2855 | 2a80 197f | 0000 4883 | 87d8 0000 

  0x00007f19bc60a004: ;   {metadata(method data for {method} {0x00000000791f59a8} 'isCompileConstant' '(Ljava/lang/Object;)Z' in 'java/lang/invoke/MethodHandleImpl')}
  0x00007f19bc60a004: 0001 48bf | 8059 2a80 | 197f 0000 | 8b9f 9000 | 0000 83c3 | 0289 9f90 | 0000 0081 | e3fe ff1f 
  0x00007f19bc60a024: 0085 db0f | 8489 0200 

  0x00007f19bc60a02c: ;   {metadata(method data for {method} {0x000000007946ff60} 'checkCustomized' '(Ljava/lang/invoke/MethodHandle;)V' in 'java/lang/invoke/Invokers')}
  0x00007f19bc60a02c: 0048 bf28 | 552a 8019 | 7f00 00ff | 87e8 0000 | 008b 7814 | 48c1 e703 

  0x00007f19bc60a044: ; implicit exception: dispatches to 0x00007f19bc60a2d7
  0x00007f19bc60a044: 8b7f 1c48 | c1e7 0348 

  0x00007f19bc60a04c: ;   {metadata(method data for {method} {0x000000007946ff60} 'checkCustomized' '(Ljava/lang/invoke/MethodHandle;)V' in 'java/lang/invoke/Invokers')}
  0x00007f19bc60a04c: 85ff 48bf | 2855 2a80 | 197f 0000 | bb08 0100 | 0075 05bb | 1801 0000 | 488b 141f | 488d 5201 
  0x00007f19bc60a06c: 4889 141f | 4889 b424 | 8800 0000 | 0f85 2600 

  0x00007f19bc60a07c: ;   {metadata(method data for {method} {0x000000007946ff60} 'checkCustomized' '(Ljava/lang/invoke/MethodHandle;)V' in 'java/lang/invoke/Invokers')}
  0x00007f19bc60a07c: 0000 48bf | 2855 2a80 | 197f 0000 | 4883 8728 | 0100 0001 | 488b f00f 

  0x00007f19bc60a094: ;   {static_call}
  0x00007f19bc60a094: 1f40 00e8 

  0x00007f19bc60a098: ; ImmutableOopMap {[112]=Oop [128]=Oop [136]=Oop }
                      ;*invokestatic maybeCustomize {reexecute=0 rethrow=0 return_oop=0}
                      ; - java.lang.invoke.Invokers::checkCustomized@19 (line 626)
                      ; - java.lang.invoke.Invokers$Holder::invokeExact_MT@14
                      ; - java.lang.invoke.MethodHandle::invokeWithArguments@28 (line 735)
  0x00007f19bc60a098: 64fd ee07 

  0x00007f19bc60a09c: ;   {post_call_nop}
  0x00007f19bc60a09c: 0f1f 8400 | 1407 0005 | 488b 5424 

  0x00007f19bc60a0a8: ;   {metadata(method data for {method} {0x0000000079209c78} 'invokeExact_MT' '(Ljava/lang/Object;Ljava/lang/Object;Ljava/lang/Object;Ljava/lang/Object;)Ljava/lang/Object;' in 'java/lang/invoke/Invokers$Holder')}
  0x00007f19bc60a0a8: 7048 b9b0 | c80b 8119 | 7f00 0048 | 8d89 c801 | 0000 4885 | d275 0cf6 | 4118 0175 | 06f0 4883 
  0x00007f19bc60a0c8: 4918 0148 | 8b84 2480 

  0x00007f19bc60a0d0: ;   {metadata(method data for {method} {0x0000000079209c78} 'invokeExact_MT' '(Ljava/lang/Object;Ljava/lang/Object;Ljava/lang/Object;Ljava/lang/Object;)Ljava/lang/Object;' in 'java/lang/invoke/Invokers$Holder')}
  0x00007f19bc60a0d0: 0000 0048 | b9b0 c80b | 8119 7f00 | 008b 4008 | 41ba 0000 | 0079 4903 | c248 3b81 | a001 0000 
  0x00007f19bc60a0f0: 750d 4883 | 81a8 0100 | 0001 e960 | 0000 0048 | 3b81 b001 | 0000 750d | 4883 81b8 | 0100 0001 
  0x00007f19bc60a110: e94a 0000 | 0048 83b9 | a001 0000 | 0075 1748 | 8981 a001 | 0000 48c7 | 81a8 0100 | 0001 0000 
  0x00007f19bc60a130: 00e9 2900 | 0000 4883 | b9b0 0100 | 0000 7517 | 4889 81b0 | 0100 0048 | c781 b801 | 0000 0100 
  0x00007f19bc60a150: 0000 e908 | 0000 0048 | 8381 9801 | 0000 0148 | 8bda 488b | 9424 8800 | 0000 488b | cb48 8bb4 
  0x00007f19bc60a170: 2480 0000 

  0x00007f19bc60a174: ;   {optimized virtual_call}
  0x00007f19bc60a174: 0066 90e8 

  0x00007f19bc60a178: ; ImmutableOopMap {}
                      ;*invokevirtual invokeBasic {reexecute=0 rethrow=0 return_oop=0}
                      ; - java.lang.invoke.Invokers$Holder::invokeExact_MT@20
                      ; - java.lang.invoke.MethodHandle::invokeWithArguments@28 (line 735)
  0x00007f19bc60a178: 040a 9b07 

  0x00007f19bc60a17c: ;   {post_call_nop}
  0x00007f19bc60a17c: 0f1f 8400 | f407 0006 | 4881 c4a0 | 0000 005d 

  0x00007f19bc60a18c: ;   {poll_return}
  0x00007f19bc60a18c: 493b 6728 | 0f87 4601 | 0000 c348 | 89b4 2488 

  0x00007f19bc60a19c: ;   {metadata(method data for {method} {0x0000000079470068} 'checkExactType' '(Ljava/lang/invoke/MethodHandle;Ljava/lang/invoke/MethodType;)V' in 'java/lang/invoke/Invokers')}
  0x00007f19bc60a19c: 0000 0048 | bba0 562a | 8019 7f00 | 0048 8383 | 2801 0000 

  0x00007f19bc60a1b0: ;   {oop(a 'java/lang/invoke/MethodType'{0x0000000418083908} = (Ljava/lang/invoke/MethodHandle;[Ljava/lang/Object;)Ljava/lang/Object;)}
  0x00007f19bc60a1b0: 0148 bb08 | 3908 1804 | 0000 0048 | 8bf7 488b | d366 0f1f 

  0x00007f19bc60a1c4: ;   {static_call}
  0x00007f19bc60a1c4: 4400 00e8 

  0x00007f19bc60a1c8: ; ImmutableOopMap {[112]=Oop [128]=Oop [136]=Oop }
                      ;*invokestatic newWrongMethodTypeException {reexecute=0 rethrow=0 return_oop=0}
                      ; - java.lang.invoke.Invokers::checkExactType@12 (line 531)
                      ; - java.lang.invoke.Invokers$Holder::invokeExact_MT@10
                      ; - java.lang.invoke.MethodHandle::invokeWithArguments@28 (line 735)
  0x00007f19bc60a1c8: 1443 2a07 

  0x00007f19bc60a1cc: ;   {post_call_nop}
  0x00007f19bc60a1cc: 0f1f 8400 | 4408 0007 

  0x00007f19bc60a1d4: ; implicit exception: dispatches to 0x00007f19bc60a2f2
  0x00007f19bc60a1d4: 483b 00e9 | 3801 0000 

  0x00007f19bc60a1dc: ;   {metadata({method} {0x00000000791eedc0} 'invokeWithArguments' '([Ljava/lang/Object;)Ljava/lang/Object;' in 'java/lang/invoke/MethodHandle')}
  0x00007f19bc60a1dc: 49ba c0ed | 1e79 0000 | 0000 4c89 | 5424 0848 | c704 24ff 

  0x00007f19bc60a1f0: ;   {runtime_call C1 Runtime counter_overflow_blob}
  0x00007f19bc60a1f0: ffff ffe8 

  0x00007f19bc60a1f4: ; ImmutableOopMap {rsi=Oop rdx=Oop [104]=Oop [112]=Oop }
                      ;*synchronization entry
                      ; - java.lang.invoke.MethodHandle::invokeWithArguments@-1 (line 734)
  0x00007f19bc60a1f4: e83a 3807 | e9f3 f8ff 

  0x00007f19bc60a1fc: ;   {runtime_call C1 Runtime throw_null_pointer_exception_blob}
  0x00007f19bc60a1fc: ffe8 debf 

  0x00007f19bc60a200: ; ImmutableOopMap {rsi=Oop rdx=Oop [104]=Oop [112]=Oop }
                      ;*arraylength {reexecute=0 rethrow=0 return_oop=0}
                      ; - java.lang.invoke.MethodHandle::invokeWithArguments@9 (line 734)
                      ;   {metadata({method} {0x00000000794775b8} 'genericMethodType' '(I)Ljava/lang/invoke/MethodType;' in 'java/lang/invoke/MethodType')}
  0x00007f19bc60a200: 3707 49ba | b875 4779 | 0000 0000 | 4c89 5424 | 0848 c704 | 24ff ffff 

  0x00007f19bc60a218: ;   {runtime_call C1 Runtime counter_overflow_blob}
  0x00007f19bc60a218: ffe8 c23a 

  0x00007f19bc60a21c: ; ImmutableOopMap {[104]=Oop [112]=Oop }
                      ;*synchronization entry
                      ; - java.lang.invoke.MethodType::genericMethodType@-1 (line 455)
                      ; - java.lang.invoke.MethodHandle::invokeWithArguments@10 (line 734)
  0x00007f19bc60a21c: 3807 e94d 

  0x00007f19bc60a220: ;   {runtime_call C1 Runtime throw_null_pointer_exception_blob}
  0x00007f19bc60a220: f9ff ffe8 

  0x00007f19bc60a224: ; ImmutableOopMap {rax=Oop [104]=Oop [112]=Oop [120]=Oop }
                      ;*invokevirtual invokers {reexecute=0 rethrow=0 return_oop=0}
                      ; - java.lang.invoke.MethodHandle::invokeWithArguments@15 (line 735)
  0x00007f19bc60a224: b8bf 3707 

  0x00007f19bc60a228: ;   {runtime_call C1 Runtime throw_null_pointer_exception_blob}
  0x00007f19bc60a228: e8b3 bf37 

  0x00007f19bc60a22c: ; ImmutableOopMap {rax=Oop [104]=Oop [112]=Oop [120]=Oop }
                      ;*invokevirtual spreadInvoker {reexecute=0 rethrow=0 return_oop=0}
                      ; - java.lang.invoke.MethodHandle::invokeWithArguments@19 (line 735)
                      ;   {metadata({method} {0x00000000794783e0} 'asType' '(Ljava/lang/invoke/MethodType;)Ljava/lang/invoke/MethodHandle;' in 'java/lang/invoke/MethodHandle')}
  0x00007f19bc60a22c: 0749 bae0 | 8347 7900 | 0000 004c | 8954 2408 | 48c7 0424 | ffff ffff 

  0x00007f19bc60a244: ;   {runtime_call C1 Runtime counter_overflow_blob}
  0x00007f19bc60a244: e897 3a38 

  0x00007f19bc60a248: ; ImmutableOopMap {rax=Oop [104]=Oop [112]=Oop [120]=Oop [128]=Oop }
                      ;*synchronization entry
                      ; - java.lang.invoke.MethodHandle::asType@-1 (line 865)
                      ; - java.lang.invoke.MethodHandle::invokeWithArguments@24 (line 735)
  0x00007f19bc60a248: 07e9 e6fa 

  0x00007f19bc60a24c: ;   {metadata({method} {0x0000000079209c78} 'invokeExact_MT' '(Ljava/lang/Object;Ljava/lang/Object;Ljava/lang/Object;Ljava/lang/Object;)Ljava/lang/Object;' in 'java/lang/invoke/Invokers$Holder')}
  0x00007f19bc60a24c: ffff 49ba | 789c 2079 | 0000 0000 | 4c89 5424 | 0848 c704 | 24ff ffff 

  0x00007f19bc60a264: ;   {runtime_call C1 Runtime counter_overflow_blob}
  0x00007f19bc60a264: ffe8 763a 

  0x00007f19bc60a268: ; ImmutableOopMap {rsi=Oop rax=Oop [112]=Oop [128]=Oop }
                      ;*synchronization entry
                      ; - java.lang.invoke.Invokers$Holder::invokeExact_MT@-1
                      ; - java.lang.invoke.MethodHandle::invokeWithArguments@28 (line 735)
  0x00007f19bc60a268: 3807 e923 

  0x00007f19bc60a26c: ;   {metadata({method} {0x0000000079470068} 'checkExactType' '(Ljava/lang/invoke/MethodHandle;Ljava/lang/invoke/MethodType;)V' in 'java/lang/invoke/Invokers')}
  0x00007f19bc60a26c: fcff ff49 | ba68 0047 | 7900 0000 | 004c 8954 | 2408 48c7 | 0424 ffff 

  0x00007f19bc60a284: ;   {runtime_call C1 Runtime counter_overflow_blob}
  0x00007f19bc60a284: ffff e855 

  0x00007f19bc60a288: ; ImmutableOopMap {rsi=Oop rax=Oop [112]=Oop [128]=Oop }
                      ;*synchronization entry
                      ; - java.lang.invoke.Invokers::checkExactType@-1 (line 529)
                      ; - java.lang.invoke.Invokers$Holder::invokeExact_MT@10
                      ; - java.lang.invoke.MethodHandle::invokeWithArguments@28 (line 735)
  0x00007f19bc60a288: 3a38 07e9 | 5dfc ffff 

  0x00007f19bc60a290: ;   {runtime_call C1 Runtime throw_null_pointer_exception_blob}
  0x00007f19bc60a290: e84b bf37 

  0x00007f19bc60a294: ; ImmutableOopMap {rsi=Oop rax=Oop [112]=Oop [128]=Oop }
                      ;*invokevirtual type {reexecute=0 rethrow=0 return_oop=0}
                      ; - java.lang.invoke.Invokers::checkExactType@1 (line 529)
                      ; - java.lang.invoke.Invokers$Holder::invokeExact_MT@10
                      ; - java.lang.invoke.MethodHandle::invokeWithArguments@28 (line 735)
                      ;   {metadata({method} {0x000000007946ff60} 'checkCustomized' '(Ljava/lang/invoke/MethodHandle;)V' in 'java/lang/invoke/Invokers')}
  0x00007f19bc60a294: 0749 ba60 | ff46 7900 | 0000 004c | 8954 2408 | 48c7 0424 | ffff ffff 

  0x00007f19bc60a2ac: ;   {runtime_call C1 Runtime counter_overflow_blob}
  0x00007f19bc60a2ac: e82f 3a38 

  0x00007f19bc60a2b0: ; ImmutableOopMap {rsi=Oop rax=Oop [112]=Oop [128]=Oop }
                      ;*synchronization entry
                      ; - java.lang.invoke.Invokers::checkCustomized@-1 (line 622)
                      ; - java.lang.invoke.Invokers$Holder::invokeExact_MT@14
                      ; - java.lang.invoke.MethodHandle::invokeWithArguments@28 (line 735)
  0x00007f19bc60a2b0: 07e9 3efd 

  0x00007f19bc60a2b4: ;   {metadata({method} {0x00000000791f59a8} 'isCompileConstant' '(Ljava/lang/Object;)Z' in 'java/lang/invoke/MethodHandleImpl')}
  0x00007f19bc60a2b4: ffff 49ba | a859 1f79 | 0000 0000 | 4c89 5424 | 0848 c704 | 24ff ffff 

  0x00007f19bc60a2cc: ;   {runtime_call C1 Runtime counter_overflow_blob}
  0x00007f19bc60a2cc: ffe8 0e3a 

  0x00007f19bc60a2d0: ; ImmutableOopMap {rsi=Oop rax=Oop [112]=Oop [128]=Oop }
                      ;*synchronization entry
                      ; - java.lang.invoke.MethodHandleImpl::isCompileConstant@-1 (line 625)
                      ; - java.lang.invoke.Invokers::checkCustomized@1 (line 622)
                      ; - java.lang.invoke.Invokers$Holder::invokeExact_MT@14
                      ; - java.lang.invoke.MethodHandle::invokeWithArguments@28 (line 735)
  0x00007f19bc60a2d0: 3807 e956 

  0x00007f19bc60a2d4: ;   {runtime_call C1 Runtime throw_null_pointer_exception_blob}
  0x00007f19bc60a2d4: fdff ffe8 

  0x00007f19bc60a2d8: ; ImmutableOopMap {rsi=Oop rax=Oop [112]=Oop [128]=Oop }
                      ;*getfield customized {reexecute=1 rethrow=0 return_oop=0}
                      ; - (reexecute) java.lang.invoke.Invokers::checkCustomized@12 (line 625)
                      ; - java.lang.invoke.Invokers$Holder::invokeExact_MT@14
                      ; - java.lang.invoke.MethodHandle::invokeWithArguments@28 (line 735)
  0x00007f19bc60a2d8: 04bf 3707 

  0x00007f19bc60a2dc: ;   {internal_word}
  0x00007f19bc60a2dc: 49ba 8ca1 | 60bc 197f | 0000 4d89 | 9738 0500 

  0x00007f19bc60a2ec: ;   {runtime_call SafepointBlob}
  0x00007f19bc60a2ec: 00e9 6e68 

  0x00007f19bc60a2f0: ;   {runtime_call C1 Runtime throw_null_pointer_exception_blob}
  0x00007f19bc60a2f0: 2a07 e8e9 

  0x00007f19bc60a2f4: ; ImmutableOopMap {rax=Oop [112]=Oop [128]=Oop [136]=Oop }
                      ;*athrow {reexecute=1 rethrow=0 return_oop=0}
                      ; - (reexecute) java.lang.invoke.Invokers::checkExactType@15 (line 531)
                      ; - java.lang.invoke.Invokers$Holder::invokeExact_MT@10
                      ; - java.lang.invoke.MethodHandle::invokeWithArguments@28 (line 735)
  0x00007f19bc60a2f4: be37 0749 | 8b87 e005 | 0000 49c7 | 87e0 0500 | 0000 0000 | 0049 c787 | e805 0000 | 0000 0000 
  0x00007f19bc60a314: 4881 c4a0 | 0000 005d 

  0x00007f19bc60a31c: ;   {runtime_call C1 Runtime unwind_exception_blob}
  0x00007f19bc60a31c: e9bf af37 | 07f4 f4f4 | f4f4 f4f4 
[Stub Code]
  0x00007f19bc60a328: ;   {other}
  0x00007f19bc60a328: 0f1f 4400 

  0x00007f19bc60a32c: ;   {static_stub}
  0x00007f19bc60a32c: 0048 bb00 | 0000 0000 

  0x00007f19bc60a334: ;   {runtime_call nmethod}
  0x00007f19bc60a334: 0000 00e9 | fbff ffff 

  0x00007f19bc60a33c: ;   {static_stub}
  0x00007f19bc60a33c: 48bb 0000 | 0000 0000 

  0x00007f19bc60a344: ;   {runtime_call nmethod}
  0x00007f19bc60a344: 0000 e9fb 

  0x00007f19bc60a348: ;   {static_stub}
  0x00007f19bc60a348: ffff ff48 | bb00 0000 | 0000 0000 

  0x00007f19bc60a354: ;   {runtime_call nmethod}
  0x00007f19bc60a354: 00e9 fbff 

  0x00007f19bc60a358: ;   {static_stub}
  0x00007f19bc60a358: ffff 48bb | 0000 0000 | 0000 0000 

  0x00007f19bc60a364: ;   {runtime_call nmethod}
  0x00007f19bc60a364: e9fb ffff 

  0x00007f19bc60a368: ;   {static_stub}
  0x00007f19bc60a368: ff48 bb00 | 0000 0000 

  0x00007f19bc60a370: ;   {runtime_call nmethod}
  0x00007f19bc60a370: 0000 00e9 | fbff ffff 

  0x00007f19bc60a378: ;   {static_stub}
  0x00007f19bc60a378: 48bb 0000 | 0000 0000 

  0x00007f19bc60a380: ;   {runtime_call nmethod}
  0x00007f19bc60a380: 0000 e9fb 

  0x00007f19bc60a384: ;   {static_stub}
  0x00007f19bc60a384: ffff ff48 | bb00 0000 | 0000 0000 

  0x00007f19bc60a390: ;   {runtime_call nmethod}
  0x00007f19bc60a390: 00e9 fbff 

  0x00007f19bc60a394: ;   {static_stub}
  0x00007f19bc60a394: ffff 48bb | 0000 0000 | 0000 0000 

  0x00007f19bc60a3a0: ;   {runtime_call nmethod}
  0x00007f19bc60a3a0: e9fb ffff 

  0x00007f19bc60a3a4: ;   {runtime_call C1 Runtime handle_exception_from_callee_blob}
  0x00007f19bc60a3a4: ffe8 36eb 

  0x00007f19bc60a3a8: ;   {external_word}
  0x00007f19bc60a3a8: 3707 48bf | 28c7 2edd | 197f 0000 | 4883 e4f0 

  0x00007f19bc60a3b8: ;   {runtime_call MacroAssembler::debug64(char*, long, long*)}
  0x00007f19bc60a3b8: e883 ea73 

  0x00007f19bc60a3bc: ;   {section_word}
  0x00007f19bc60a3bc: 20f4 49ba | bea3 60bc | 197f 0000 

  0x00007f19bc60a3c8: ;   {runtime_call DeoptimizationBlob}
  0x00007f19bc60a3c8: 4152 e911 

  0x00007f19bc60a3cc: ;   {section_word}
  0x00007f19bc60a3cc: 4f2a 0749 | bacf a360 | bc19 7f00 

  0x00007f19bc60a3d8: ;   {runtime_call DeoptimizationBlob}
  0x00007f19bc60a3d8: 0041 52e9 | 004f 2a07 
[/MachCode]


---------------  P R O C E S S  ---------------

Threads class SMR info:
_java_thread_list=0x00007f19502d71f0, length=18, elements={
0x00007f19d402b840, 0x00007f19d41052d0, 0x00007f19d4106310, 0x00007f19d4107840,
0x00007f19d4109160, 0x00007f19d410a9e0, 0x00007f19d410c860, 0x00007f19d410e250,
0x00007f19d4146f00, 0x00007f19d41494f0, 0x00007f19d42860b0, 0x00007f19d4290d30,
0x00007f19603945f0, 0x00007f1960395900, 0x00007f19544fdfd0, 0x00007f1938169600,
0x00007f19389816a0, 0x00007f1948e2e340
}

Java Threads: ( => current thread )
=>0x00007f19d402b840 JavaThread "main"                              [_thread_in_native, id=143762, stack(0x00007f19dbf00000,0x00007f19dc000000) (1024K)]
  0x00007f19d41052d0 JavaThread "Reference Handler"          daemon [_thread_blocked, id=143776, stack(0x00007f19a85fd000,0x00007f19a86fd000) (1024K)]
  0x00007f19d4106310 JavaThread "Finalizer"                  daemon [_thread_blocked, id=143777, stack(0x00007f19a83fb000,0x00007f19a84fb000) (1024K)]
  0x00007f19d4107840 JavaThread "Signal Dispatcher"          daemon [_thread_blocked, id=143778, stack(0x00007f19a81f9000,0x00007f19a82f9000) (1024K)]
  0x00007f19d4109160 JavaThread "Service Thread"             daemon [_thread_blocked, id=143779, stack(0x00007f19a80f9000,0x00007f19a81f9000) (1024K)]
  0x00007f19d410a9e0 JavaThread "Monitor Deflation Thread"   daemon [_thread_blocked, id=143780, stack(0x00007f197ff00000,0x00007f1980000000) (1024K)]
  0x00007f19d410c860 JavaThread "C2 CompilerThread0"         daemon [_thread_in_native, id=143781, stack(0x00007f1971f00000,0x00007f1972000000) (1024K)]
  0x00007f19d410e250 JavaThread "C1 CompilerThread0"         daemon [_thread_blocked, id=143782, stack(0x00007f1971e00000,0x00007f1971f00000) (1024K)]
  0x00007f19d4146f00 JavaThread "Notification Thread"        daemon [_thread_blocked, id=143785, stack(0x00007f1971c00000,0x00007f1971d00000) (1024K)]
  0x00007f19d41494f0 JavaThread "Common-Cleaner"             daemon [_thread_blocked, id=143786, stack(0x00007f1971b00000,0x00007f1971c00000) (1024K)]
  0x00007f19d42860b0 JavaThread "surefire-forkedjvm-stream-flusher" daemon [_thread_blocked, id=143790, stack(0x00007f1971700000,0x00007f1971800000) (1024K)]
  0x00007f19d4290d30 JavaThread "surefire-forkedjvm-command-thread" daemon [_thread_in_native, id=143791, stack(0x00007f1971600000,0x00007f1971700000) (1024K)]
  0x00007f19603945f0 JavaThread "C1 CompilerThread1"         daemon [_thread_blocked, id=143817, stack(0x00007f1971d00000,0x00007f1971e00000) (1024K)]
  0x00007f1960395900 JavaThread "C1 CompilerThread2"         daemon [_thread_blocked, id=143818, stack(0x00007f1971900000,0x00007f1971a00000) (1024K)]
  0x00007f19544fdfd0 JavaThread "C2 CompilerThread1"         daemon [_thread_blocked, id=143819, stack(0x00007f1971400000,0x00007f1971500000) (1024K)]
  0x00007f1938169600 JavaThread "C1 CompilerThread3"         daemon [_thread_blocked, id=143820, stack(0x00007f1971800000,0x00007f1971900000) (1024K)]
  0x00007f19389816a0 JavaThread "C2 CompilerThread2"         daemon [_thread_blocked, id=143829, stack(0x00007f1971300000,0x00007f1971400000) (1024K)]
  0x00007f1948e2e340 JavaThread "C2 CompilerThread3"         daemon [_thread_blocked, id=143830, stack(0x00007f1971200000,0x00007f1971300000) (1024K)]
Total: 18

Other Threads:
  0x00007f19d40fb350 VMThread "VM Thread"                           [id=143775, stack(0x00007f19a84fc000,0x00007f19a85fc000) (1024K)]
  0x00007f19d40ea9d0 WatcherThread "VM Periodic Task Thread"        [id=143772, stack(0x00007f19a82fa000,0x00007f19a83fa000) (1024K)]
  0x00007f19d4059d60 WorkerThread "GC Thread#0"                     [id=143763, stack(0x00007f19d8e31000,0x00007f19d8f31000) (1024K)]
  0x00007f1990009670 WorkerThread "GC Thread#1"                     [id=143797, stack(0x00007f1971000000,0x00007f1971100000) (1024K)]
  0x00007f199000a1d0 WorkerThread "GC Thread#2"                     [id=143798, stack(0x00007f1970eff000,0x00007f1970fff000) (1024K)]
  0x00007f199000aee0 WorkerThread "GC Thread#3"                     [id=143799, stack(0x00007f1970dfe000,0x00007f1970efe000) (1024K)]
  0x00007f199000bc20 WorkerThread "GC Thread#4"                     [id=143800, stack(0x00007f1970cfd000,0x00007f1970dfd000) (1024K)]
  0x00007f199000c9a0 WorkerThread "GC Thread#5"                     [id=143801, stack(0x00007f1970bfc000,0x00007f1970cfc000) (1024K)]
  0x00007f199000d720 WorkerThread "GC Thread#6"                     [id=143802, stack(0x00007f1970afb000,0x00007f1970bfb000) (1024K)]
  0x00007f199000e4a0 WorkerThread "GC Thread#7"                     [id=143803, stack(0x00007f19709fa000,0x00007f1970afa000) (1024K)]
  0x00007f199000f220 WorkerThread "GC Thread#8"                     [id=143804, stack(0x00007f19708f9000,0x00007f19709f9000) (1024K)]
  0x00007f199000ffa0 WorkerThread "GC Thread#9"                     [id=143805, stack(0x00007f19707f8000,0x00007f19708f8000) (1024K)]
  0x00007f1990010d20 WorkerThread "GC Thread#10"                    [id=143806, stack(0x00007f19706f7000,0x00007f19707f7000) (1024K)]
  0x00007f1990011aa0 WorkerThread "GC Thread#11"                    [id=143807, stack(0x00007f19705f6000,0x00007f19706f6000) (1024K)]
  0x00007f1990012820 WorkerThread "GC Thread#12"                    [id=143808, stack(0x00007f19704f5000,0x00007f19705f5000) (1024K)]
  0x00007f19d4072d20 ConcurrentGCThread "G1 Main Marker"            [id=143764, stack(0x00007f19d8d30000,0x00007f19d8e30000) (1024K)]
  0x00007f19d4073ef0 WorkerThread "G1 Conc#0"                       [id=143765, stack(0x00007f19d8c2f000,0x00007f19d8d2f000) (1024K)]
  0x00007f199c000cd0 WorkerThread "G1 Conc#1"                       [id=143824, stack(0x00007f19703f4000,0x00007f19704f4000) (1024K)]
  0x00007f199c001740 WorkerThread "G1 Conc#2"                       [id=143825, stack(0x00007f19702f3000,0x00007f19703f3000) (1024K)]
  0x00007f19d40da560 ConcurrentGCThread "G1 Refine#0"               [id=143766, stack(0x00007f19a87ff000,0x00007f19a88ff000) (1024K)]
  0x00007f19d40db750 ConcurrentGCThread "G1 Service"                [id=143767, stack(0x00007f19a86fe000,0x00007f19a87fe000) (1024K)]
Total: 21

Threads with active compile tasks:
C2 CompilerThread0  12820 9031       4       com.dylibso.chicory.cranelift.CraneliftMachineFuncGroup_0::func_4051 (6118 bytes)
Total: 1

VM state: not at safepoint (normal execution)

VM Mutex/Monitor currently owned by a thread: None

Heap address: 0x0000000418000000, size: 16000 MB, Compressed Oops mode: Zero based, Oop shift amount: 3

CDS archive(s) mapped at: [0x0000000079000000-0x0000000079d8c000-0x0000000079d8c000), size 14204928, SharedBaseAddress: 0x0000000079000000, ArchiveRelocationMode: 1.
Compressed class space mapped at: 0x000000007a000000-0x00000000ba000000, reserved size: 1073741824
UseCompressedClassPointers 1, UseCompactObjectHeaders 0
Narrow klass pointer bits 32, Max shift 3
Narrow klass base: 0x0000000079000000, Narrow klass shift: 0
Encoding Range: [0x0000000079000000 - 0x0000000179000000), (4294967296 bytes)
Klass Range:    [0x0000000079001000 - 0x00000000ba000000), (1090514944 bytes)
Klass ID Range:  [4096 - 1090519033) (1090514937)
Protection zone: [0x0000000079000000 - 0x0000000079001000), (4096 bytes)

GC Precious Log:
 CardTable entry size: 512
 Card Set container configuration: InlinePtr #cards 4 size 8 Array Of Cards #cards 64 size 144 Howl #buckets 8 coarsen threshold 14745 Howl Bitmap #cards 2048 size 272 coarsen threshold 1843 Card regions per heap region 1 cards per card region 16384
 CPUs: 16 total, 16 available
 Memory: 63992M
 Large Page Support: Disabled
 NUMA Support: Disabled
 Compressed Oops: Enabled (Zero based)
 Heap Region Size: 8M
 Heap Min Capacity: 8M
 Heap Initial Capacity: 1000M
 Heap Max Capacity: 16000M
 Pre-touch: Disabled
 Parallel Workers: 13
 Concurrent Workers: 3
 Concurrent Refinement Workers: 13
 Periodic GC: Disabled

Heap:
 garbage-first heap   total reserved 16384000K, committed 278528K, used 182584K [0x0000000418000000, 0x0000000800000000)
  region size 8192K, 17 young (139264K), 2 survivors (16384K)

Heap Regions: E=young(eden), S=young(survivor), O=old, HS=humongous(starts), HC=humongous(continues), CS=collection set, F=free, TAMS=top-at-mark-start, PB=parsable bottom
|   0|0x0000000418000000, 0x000000041827ee30, 0x0000000418800000| 31%| O|Cm|TAMS 0x0000000418000000| PB 0x0000000418000000| Complete |  0
|   1|0x0000000418800000, 0x0000000419000000, 0x0000000419000000|100%| O|  |TAMS 0x0000000418800000| PB 0x0000000418800000| Untracked |  0
|   2|0x0000000419000000, 0x0000000419800000, 0x0000000419800000|100%| O|  |TAMS 0x0000000419000000| PB 0x0000000419000000| Untracked |  0
|   3|0x0000000419800000, 0x000000041a000000, 0x000000041a000000|100%| O|  |TAMS 0x0000000419800000| PB 0x0000000419800000| Untracked |  0
|   4|0x000000041a000000, 0x000000041a800000, 0x000000041a800000|100%| O|  |TAMS 0x000000041a000000| PB 0x000000041a000000| Untracked |  0
|   5|0x000000041a800000, 0x000000041b000000, 0x000000041b000000|100%| O|  |TAMS 0x000000041a800000| PB 0x000000041a800000| Untracked |  0
|   6|0x000000041b000000, 0x000000041b25d340, 0x000000041b800000| 29%| O|  |TAMS 0x000000041b000000| PB 0x000000041b000000| Untracked |  0
|   7|0x000000041b800000, 0x000000041b800000, 0x000000041c000000|  0%| F|  |TAMS 0x000000041b800000| PB 0x000000041b800000| Untracked |  0
|   8|0x000000041c000000, 0x000000041c000000, 0x000000041c800000|  0%| F|  |TAMS 0x000000041c000000| PB 0x000000041c000000| Untracked |  0
|   9|0x000000041c800000, 0x000000041c800000, 0x000000041d000000|  0%| F|  |TAMS 0x000000041c800000| PB 0x000000041c800000| Untracked |  0
|  10|0x000000041d000000, 0x000000041d000000, 0x000000041d800000|  0%| F|  |TAMS 0x000000041d000000| PB 0x000000041d000000| Untracked |  0
|  11|0x000000041d800000, 0x000000041dd71f78, 0x000000041e000000| 68%| S|CS|TAMS 0x000000041d800000| PB 0x000000041d800000| Complete |  0
|  12|0x000000041e000000, 0x000000041e800000, 0x000000041e800000|100%| S|CS|TAMS 0x000000041e000000| PB 0x000000041e000000| Complete |  0
|  13|0x000000041e800000, 0x000000041e800000, 0x000000041f000000|  0%| F|  |TAMS 0x000000041e800000| PB 0x000000041e800000| Untracked |  0
|  14|0x000000041f000000, 0x000000041f000000, 0x000000041f800000|  0%| F|  |TAMS 0x000000041f000000| PB 0x000000041f000000| Untracked |  0
|  15|0x000000041f800000, 0x000000041f800000, 0x0000000420000000|  0%| F|  |TAMS 0x000000041f800000| PB 0x000000041f800000| Untracked |  0
|  16|0x0000000420000000, 0x0000000420000000, 0x0000000420800000|  0%| F|  |TAMS 0x0000000420000000| PB 0x0000000420000000| Untracked |  0
|  17|0x0000000420800000, 0x0000000420800000, 0x0000000421000000|  0%| F|  |TAMS 0x0000000420800000| PB 0x0000000420800000| Untracked |  0
|  18|0x0000000421000000, 0x00000004212dd688, 0x0000000421800000| 35%| E|  |TAMS 0x0000000421000000| PB 0x0000000421000000| Complete |  0
|  19|0x0000000421800000, 0x0000000422000000, 0x0000000422000000|100%| E|CS|TAMS 0x0000000421800000| PB 0x0000000421800000| Complete |  0
|  20|0x0000000422000000, 0x0000000422800000, 0x0000000422800000|100%| E|CS|TAMS 0x0000000422000000| PB 0x0000000422000000| Complete |  0
|  21|0x0000000422800000, 0x0000000423000000, 0x0000000423000000|100%| E|CS|TAMS 0x0000000422800000| PB 0x0000000422800000| Complete |  0
|  22|0x0000000423000000, 0x0000000423800000, 0x0000000423800000|100%| E|CS|TAMS 0x0000000423000000| PB 0x0000000423000000| Complete |  0
|  23|0x0000000423800000, 0x0000000424000000, 0x0000000424000000|100%| E|CS|TAMS 0x0000000423800000| PB 0x0000000423800000| Complete |  0
|  24|0x0000000424000000, 0x0000000424800000, 0x0000000424800000|100%| E|CS|TAMS 0x0000000424000000| PB 0x0000000424000000| Complete |  0
|  25|0x0000000424800000, 0x0000000425000000, 0x0000000425000000|100%| E|CS|TAMS 0x0000000424800000| PB 0x0000000424800000| Complete |  0
|  26|0x0000000425000000, 0x0000000425800000, 0x0000000425800000|100%| E|CS|TAMS 0x0000000425000000| PB 0x0000000425000000| Complete |  0
|  27|0x0000000425800000, 0x0000000426000000, 0x0000000426000000|100%| E|CS|TAMS 0x0000000425800000| PB 0x0000000425800000| Complete |  0
|  28|0x0000000426000000, 0x0000000426800000, 0x0000000426800000|100%| E|CS|TAMS 0x0000000426000000| PB 0x0000000426000000| Complete |  0
|  29|0x0000000426800000, 0x0000000427000000, 0x0000000427000000|100%| E|CS|TAMS 0x0000000426800000| PB 0x0000000426800000| Complete |  0
|  30|0x0000000427000000, 0x0000000427800000, 0x0000000427800000|100%| E|CS|TAMS 0x0000000427000000| PB 0x0000000427000000| Complete |  0
| 218|0x0000000485000000, 0x0000000485800000, 0x0000000485800000|100%| E|CS|TAMS 0x0000000485000000| PB 0x0000000485000000| Complete |  0
|1998|0x00000007ff000000, 0x00000007ff800000, 0x00000007ff800000|100%| O|  |TAMS 0x00000007ff000000| PB 0x00000007ff000000| Untracked |  0
|1999|0x00000007ff800000, 0x0000000800000000, 0x0000000800000000|100%| E|CS|TAMS 0x00000007ff800000| PB 0x00000007ff800000| Complete |  0

Card table byte_map: [0x00007f19ba4c0000,0x00007f19bc400000] _byte_map_base: 0x00007f19b8400000

Marking Bits: (CMBitMap*) 0x00007f19d405aab0
 Bits: [0x00007f19aaa00000, 0x00007f19ba400000)

Polling page: 0x00007f19ddab9000

Metaspace:
Metaspace        used 35844K, committed 36800K, reserved 1114112K
 class space     used 2275K, committed 2688K, reserved 1048576K

Usage:
  Non-class:     32.78 MB used.
      Class:      2.22 MB used.
       Both:     35.00 MB used.

Virtual space:
  Non-class space:       64.00 MB reserved,      33.31 MB ( 52%) committed,  1 nodes.
      Class space:        1.00 GB reserved,       2.62 MB ( <1%) committed,  1 nodes.
             Both:        1.06 GB reserved,      35.94 MB (  3%) committed. 

Chunk freelists:
   Non-Class:  14.23 MB
       Class:  13.39 MB
        Both:  27.62 MB

MaxMetaspaceSize: unlimited
CompressedClassSpaceSize: 1.00 GB
Initial GC threshold: 21.00 MB
Current GC threshold: 59.00 MB
CDS: on
 - commit_granule_bytes: 65536.
 - commit_granule_words: 8192.
 - virtual_space_node_default_size: 8388608.
 - enlarge_chunks_in_place: 1.
UseCompressedClassPointers 1, UseCompactObjectHeaders 0
Narrow klass pointer bits 32, Max shift 3
Narrow klass base: 0x0000000079000000, Narrow klass shift: 0
Encoding Range: [0x0000000079000000 - 0x0000000179000000), (4294967296 bytes)
Klass Range:    [0x0000000079001000 - 0x00000000ba000000), (1090514944 bytes)
Klass ID Range:  [4096 - 1090519033) (1090514937)
Protection zone: [0x0000000079000000 - 0x0000000079001000), (4096 bytes)


Internal statistics:

num_allocs_failed_limit: 26.
num_arena_births: 1358.
num_arena_deaths: 0.
num_vsnodes_births: 2.
num_vsnodes_deaths: 0.
num_space_committed: 558.
num_space_uncommitted: 0.
num_chunks_returned_to_freelist: 26.
num_chunks_taken_from_freelist: 2632.
num_chunk_merges: 26.
num_chunk_splits: 1788.
num_chunks_enlarged: 1139.
num_inconsistent_stats: 0.

CodeHeap 'non-profiled nmethods': size=119172Kb used=7484Kb max_used=7484Kb free=111688Kb
 bounds [0x00007f19c3f9f000, 0x00007f19c470f000, 0x00007f19cb400000]
CodeHeap 'profiled nmethods': size=119164Kb used=29593Kb max_used=29641Kb free=89570Kb
 bounds [0x00007f19bc400000, 0x00007f19be200000, 0x00007f19c385f000]
CodeHeap 'non-nmethods': size=7424Kb used=4265Kb max_used=4377Kb free=3158Kb
 bounds [0x00007f19c385f000, 0x00007f19c3cbf000, 0x00007f19c3f9f000]
CodeCache: size=245760Kb, used=41342Kb, max_used=41502Kb, free=204416Kb
 total_blobs=9795, nmethods=8150, adapters=630, full_count=0
Compilation: enabled, stopped_count=0, restarted_count=0

Compilation events (20 events):
Event: 12.721 Thread 0x00007f19603945f0 9077       3       com.dylibso.chicory.wabt.Wat2WasmModuleMachineFuncGroup_0::func_39 (280 bytes)
Event: 12.723 Thread 0x00007f19603945f0 nmethod 9077 0x00007f19bc66cf08 code [0x00007f19bc66d000, 0x00007f19bc670048]
Event: 12.723 Thread 0x00007f19d410e250 nmethod 9076 0x00007f19bc666288 code [0x00007f19bc666380, 0x00007f19bc668980]
Event: 12.731 Thread 0x00007f19544fdfd0 nmethod 9074 0x00007f19c4053d08 code [0x00007f19c4053e00, 0x00007f19c4055f78]
Event: 12.734 Thread 0x00007f1948e2e340 9078       4       jdk.internal.classfile.impl.SplitConstantPool::fieldRefEntry (72 bytes)
Event: 12.738 Thread 0x00007f19544fdfd0 9079       4       java.lang.StringLatin1$CharsSpliterator::estimateSize (11 bytes)
Event: 12.739 Thread 0x00007f19544fdfd0 nmethod 9079 0x00007f19c4080888 code [0x00007f19c4080980, 0x00007f19c4080a00]
Event: 12.746 Thread 0x00007f19603945f0 9080       1       java.util.concurrent.ThreadPoolExecutor::getQueue (5 bytes)
Event: 12.747 Thread 0x00007f19603945f0 nmethod 9080 0x00007f19c4080588 code [0x00007f19c4080680, 0x00007f19c4080740]
Event: 12.751 Thread 0x00007f19603945f0 9082       3       java.lang.Class::arrayContentsEq (70 bytes)
Event: 12.751 Thread 0x00007f1960395900 9081       3       java.lang.Class::getDeclaredMethod (42 bytes)
Event: 12.751 Thread 0x00007f19603945f0 nmethod 9082 0x00007f19bc64f208 code [0x00007f19bc64f300, 0x00007f19bc64f6f0]
Event: 12.752 Thread 0x00007f1960395900 nmethod 9081 0x00007f19bc40ec88 code [0x00007f19bc40ed80, 0x00007f19bc40f4d0]
Event: 12.753 Thread 0x00007f19544fdfd0 9083       4       java.util.ImmutableCollections$MapN::get (35 bytes)
Event: 12.757 Thread 0x00007f1948e2e340 nmethod 9078 0x00007f19c40a2b88 code [0x00007f19c40a2ca0, 0x00007f19c40a57e0]
Event: 12.757 Thread 0x00007f1948e2e340 9084       4       com.dylibso.chicory.wabt.Wat2WasmModuleMachineFuncGroup_0::func_1604 (146 bytes)
Event: 12.762 Thread 0x00007f19389816a0 nmethod 9062 0x00007f19c4704708 code [0x00007f19c4704800, 0x00007f19c4707b68]
Event: 12.762 Thread 0x00007f19544fdfd0 nmethod 9083 0x00007f19c40b4888 code [0x00007f19c40b4980, 0x00007f19c40b5398]
Event: 12.777 Thread 0x00007f1948e2e340 nmethod 9084 0x00007f19c40e3488 code [0x00007f19c40e3580, 0x00007f19c40e4cc0]
Event: 12.781 Thread 0x00007f1948e2e340 9085       4       jdk.internal.classfile.impl.StackMapGenerator$Frame::<init> (75 bytes)

GC Heap Usage History (20 events):
Event: 8.401 {heap Before GC invocations=21 (full 0):
 garbage-first heap   total reserved 16384000K, committed 344064K, used 254507K [0x0000000418000000, 0x0000000800000000)
  region size 8192K, 25 young (204800K), 1 survivors (8192K)
}
Event: 8.402 {heap After GC invocations=22 (full 0):
 garbage-first heap   total reserved 16384000K, committed 344064K, used 56839K [0x0000000418000000, 0x0000000800000000)
  region size 8192K, 1 young (8192K), 1 survivors (8192K)
}
Event: 8.638 {heap Before GC invocations=22 (full 0):
 garbage-first heap   total reserved 16384000K, committed 344064K, used 253447K [0x0000000418000000, 0x0000000800000000)
  region size 8192K, 25 young (204800K), 1 survivors (8192K)
}
Event: 8.640 {heap After GC invocations=23 (full 0):
 garbage-first heap   total reserved 16384000K, committed 344064K, used 58555K [0x0000000418000000, 0x0000000800000000)
  region size 8192K, 1 young (8192K), 1 survivors (8192K)
}
Event: 8.980 {heap Before GC invocations=23 (full 0):
 garbage-first heap   total reserved 16384000K, committed 344064K, used 255163K [0x0000000418000000, 0x0000000800000000)
  region size 8192K, 25 young (204800K), 1 survivors (8192K)
}
Event: 8.982 {heap After GC invocations=24 (full 0):
 garbage-first heap   total reserved 16384000K, committed 344064K, used 57668K [0x0000000418000000, 0x0000000800000000)
  region size 8192K, 1 young (8192K), 1 survivors (8192K)
}
Event: 9.549 {heap Before GC invocations=24 (full 0):
 garbage-first heap   total reserved 16384000K, committed 344064K, used 254276K [0x0000000418000000, 0x0000000800000000)
  region size 8192K, 25 young (204800K), 1 survivors (8192K)
}
Event: 9.552 {heap After GC invocations=25 (full 0):
 garbage-first heap   total reserved 16384000K, committed 344064K, used 60320K [0x0000000418000000, 0x0000000800000000)
  region size 8192K, 1 young (8192K), 1 survivors (8192K)
}
Event: 10.024 {heap Before GC invocations=25 (full 0):
 garbage-first heap   total reserved 16384000K, committed 344064K, used 256928K [0x0000000418000000, 0x0000000800000000)
  region size 8192K, 25 young (204800K), 1 survivors (8192K)
}
Event: 10.028 {heap After GC invocations=26 (full 0):
 garbage-first heap   total reserved 16384000K, committed 344064K, used 63191K [0x0000000418000000, 0x0000000800000000)
  region size 8192K, 2 young (16384K), 2 survivors (16384K)
}
Event: 10.409 {heap Before GC invocations=26 (full 0):
 garbage-first heap   total reserved 16384000K, committed 344064K, used 243415K [0x0000000418000000, 0x0000000800000000)
  region size 8192K, 25 young (204800K), 2 survivors (16384K)
}
Event: 10.413 {heap After GC invocations=27 (full 0):
 garbage-first heap   total reserved 16384000K, committed 344064K, used 65186K [0x0000000418000000, 0x0000000800000000)
  region size 8192K, 2 young (16384K), 2 survivors (16384K)
}
Event: 10.855 {heap Before GC invocations=27 (full 0):
 garbage-first heap   total reserved 16384000K, committed 344064K, used 245410K [0x0000000418000000, 0x0000000800000000)
  region size 8192K, 25 young (204800K), 2 survivors (16384K)
}
Event: 10.860 {heap After GC invocations=28 (full 0):
 garbage-first heap   total reserved 16384000K, committed 344064K, used 66291K [0x0000000418000000, 0x0000000800000000)
  region size 8192K, 2 young (16384K), 2 survivors (16384K)
}
Event: 11.495 {heap Before GC invocations=28 (full 0):
 garbage-first heap   total reserved 16384000K, committed 344064K, used 254707K [0x0000000418000000, 0x0000000800000000)
  region size 8192K, 25 young (204800K), 2 survivors (16384K)
}
Event: 11.507 {heap After GC invocations=29 (full 0):
 garbage-first heap   total reserved 16384000K, committed 344064K, used 67031K [0x0000000418000000, 0x0000000800000000)
  region size 8192K, 2 young (16384K), 2 survivors (16384K)
}
Event: 11.822 {heap Before GC invocations=29 (full 0):
 garbage-first heap   total reserved 16384000K, committed 344064K, used 148951K [0x0000000418000000, 0x0000000800000000)
  region size 8192K, 13 young (106496K), 2 survivors (16384K)
}
Event: 11.827 {heap After GC invocations=30 (full 0):
 garbage-first heap   total reserved 16384000K, committed 344064K, used 65775K [0x0000000418000000, 0x0000000800000000)
  region size 8192K, 2 young (16384K), 2 survivors (16384K)
}
Event: 12.352 {heap Before GC invocations=31 (full 0):
 garbage-first heap   total reserved 16384000K, committed 278528K, used 205039K [0x0000000418000000, 0x0000000800000000)
  region size 8192K, 20 young (163840K), 2 survivors (16384K)
}
Event: 12.357 {heap After GC invocations=32 (full 0):
 garbage-first heap   total reserved 16384000K, committed 278528K, used 67896K [0x0000000418000000, 0x0000000800000000)
  region size 8192K, 2 young (16384K), 2 survivors (16384K)
}

Metaspace Usage History (20 events):
Event: 8.401 {metaspace Before GC invocations=21 (full 0):
 Metaspace       used 32248K, committed 32832K, reserved 1114112K
  class space    used 1774K, committed 2048K, reserved 1048576K
}
Event: 8.402 {metaspace After GC invocations=22 (full 0):
 Metaspace       used 32248K, committed 32832K, reserved 1114112K
  class space    used 1774K, committed 2048K, reserved 1048576K
}
Event: 8.638 {metaspace Before GC invocations=22 (full 0):
 Metaspace       used 32901K, committed 33472K, reserved 1114112K
  class space    used 1774K, committed 2048K, reserved 1048576K
}
Event: 8.640 {metaspace After GC invocations=23 (full 0):
 Metaspace       used 32901K, committed 33472K, reserved 1114112K
  class space    used 1774K, committed 2048K, reserved 1048576K
}
Event: 8.980 {metaspace Before GC invocations=23 (full 0):
 Metaspace       used 33034K, committed 33600K, reserved 1114112K
  class space    used 1794K, committed 2048K, reserved 1048576K
}
Event: 8.982 {metaspace After GC invocations=24 (full 0):
 Metaspace       used 33034K, committed 33600K, reserved 1114112K
  class space    used 1794K, committed 2048K, reserved 1048576K
}
Event: 9.549 {metaspace Before GC invocations=24 (full 0):
 Metaspace       used 33389K, committed 34048K, reserved 1114112K
  class space    used 1813K, committed 2112K, reserved 1048576K
}
Event: 9.552 {metaspace After GC invocations=25 (full 0):
 Metaspace       used 33389K, committed 34048K, reserved 1114112K
  class space    used 1813K, committed 2112K, reserved 1048576K
}
Event: 10.024 {metaspace Before GC invocations=25 (full 0):
 Metaspace       used 33825K, committed 34496K, reserved 1114112K
  class space    used 1858K, committed 2176K, reserved 1048576K
}
Event: 10.028 {metaspace After GC invocations=26 (full 0):
 Metaspace       used 33825K, committed 34496K, reserved 1114112K
  class space    used 1858K, committed 2176K, reserved 1048576K
}
Event: 10.409 {metaspace Before GC invocations=26 (full 0):
 Metaspace       used 34118K, committed 34880K, reserved 1114112K
  class space    used 1885K, committed 2240K, reserved 1048576K
}
Event: 10.413 {metaspace After GC invocations=27 (full 0):
 Metaspace       used 34118K, committed 34880K, reserved 1114112K
  class space    used 1885K, committed 2240K, reserved 1048576K
}
Event: 10.855 {metaspace Before GC invocations=27 (full 0):
 Metaspace       used 34577K, committed 35328K, reserved 1114112K
  class space    used 1966K, committed 2304K, reserved 1048576K
}
Event: 10.860 {metaspace After GC invocations=28 (full 0):
 Metaspace       used 34577K, committed 35328K, reserved 1114112K
  class space    used 1966K, committed 2304K, reserved 1048576K
}
Event: 11.495 {metaspace Before GC invocations=28 (full 0):
 Metaspace       used 35054K, committed 35840K, reserved 1114112K
  class space    used 2075K, committed 2432K, reserved 1048576K
}
Event: 11.507 {metaspace After GC invocations=29 (full 0):
 Metaspace       used 35054K, committed 35840K, reserved 1114112K
  class space    used 2075K, committed 2432K, reserved 1048576K
}
Event: 11.822 {metaspace Before GC invocations=29 (full 0):
 Metaspace       used 35277K, committed 36160K, reserved 1114112K
  class space    used 2135K, committed 2496K, reserved 1048576K
}
Event: 11.827 {metaspace After GC invocations=30 (full 0):
 Metaspace       used 35277K, committed 36160K, reserved 1114112K
  class space    used 2135K, committed 2496K, reserved 1048576K
}
Event: 12.352 {metaspace Before GC invocations=31 (full 0):
 Metaspace       used 35638K, committed 36544K, reserved 1114112K
  class space    used 2226K, committed 2624K, reserved 1048576K
}
Event: 12.357 {metaspace After GC invocations=32 (full 0):
 Metaspace       used 35638K, committed 36544K, reserved 1114112K
  class space    used 2226K, committed 2624K, reserved 1048576K
}

Dll operation events (9 events):
Event: 0.001 Loaded shared library /home/andreatp/.sdkman/candidates/java/25-tem/lib/libjava.so
Event: 0.016 Loaded shared library /home/andreatp/.sdkman/candidates/java/25-tem/lib/libsimdsort.so
Event: 0.024 Loaded shared library /home/andreatp/.sdkman/candidates/java/25-tem/lib/libnio.so
Event: 0.027 Loaded shared library /home/andreatp/.sdkman/candidates/java/25-tem/lib/libzip.so
Event: 0.052 Loaded shared library /home/andreatp/.sdkman/candidates/java/25-tem/lib/libmanagement.so
Event: 0.052 Loaded shared library /home/andreatp/.sdkman/candidates/java/25-tem/lib/libmanagement_ext.so
Event: 0.063 Loaded shared library /home/andreatp/.sdkman/candidates/java/25-tem/lib/libjimage.so
Event: 4.468 Loaded shared library /home/andreatp/.sdkman/candidates/java/25-tem/lib/libnet.so
Event: 5.062 Loaded shared library /home/andreatp/.sdkman/candidates/java/25-tem/lib/libsyslookup.so

Deoptimization events (20 events):
Event: 12.388 Thread 0x00007f19d402b840 Uncommon trap: trap_request=0xffffffde fr.pc=0x00007f19c447da2c relative=0x000000000000162c
Event: 12.388 Thread 0x00007f19d402b840 Uncommon trap: reason=class_check action=maybe_recompile pc=0x00007f19c447da2c method=com.dylibso.chicory.runtime.Instance.initialize(Z)Lcom/dylibso/chicory/runtime/Instance; @ 173 c2
Event: 12.388 Thread 0x00007f19d402b840 DEOPT PACKING pc=0x00007f19c447da2c sp=0x00007f19dbffcdc0
Event: 12.388 Thread 0x00007f19d402b840 DEOPT UNPACKING pc=0x00007f19c39905f9 sp=0x00007f19dbffcd60 mode 2
Event: 12.397 Thread 0x00007f19d402b840 Uncommon trap: trap_request=0xffffff45 fr.pc=0x00007f19c41b94cc relative=0x00000000000000cc
Event: 12.397 Thread 0x00007f19d402b840 Uncommon trap: reason=unstable_if action=reinterpret pc=0x00007f19c41b94cc method=com.dylibso.chicory.wasm.types.ValType.matches(Lcom/dylibso/chicory/wasm/types/ValType;Lcom/dylibso/chicory/wasm/types/ValType;Lcom/dylibso/chicory/wasm/types/TypeSection;)Z
Event: 12.397 Thread 0x00007f19d402b840 DEOPT PACKING pc=0x00007f19c41b94cc sp=0x00007f19dbffc710
Event: 12.397 Thread 0x00007f19d402b840 DEOPT UNPACKING pc=0x00007f19c39905f9 sp=0x00007f19dbffc660 mode 2
Event: 12.406 Thread 0x00007f19d402b840 Uncommon trap: trap_request=0xffffff45 fr.pc=0x00007f19c41bad00 relative=0x0000000000000180
Event: 12.406 Thread 0x00007f19d402b840 Uncommon trap: reason=unstable_if action=reinterpret pc=0x00007f19c41bad00 method=com.dylibso.chicory.wasm.Validator.setLocal(I)V @ 10 c2
Event: 12.406 Thread 0x00007f19d402b840 DEOPT PACKING pc=0x00007f19c41bad00 sp=0x00007f19dbffc710
Event: 12.406 Thread 0x00007f19d402b840 DEOPT UNPACKING pc=0x00007f19c39905f9 sp=0x00007f19dbffc6d8 mode 2
Event: 12.631 Thread 0x00007f19d402b840 Uncommon trap: trap_request=0xffffff45 fr.pc=0x00007f19c46a153c relative=0x0000000000003f9c
Event: 12.631 Thread 0x00007f19d402b840 Uncommon trap: reason=unstable_if action=reinterpret pc=0x00007f19c46a153c method=com.dylibso.chicory.cranelift.CraneliftMachineFuncGroup_0.func_3874(IIILcom/dylibso/chicory/runtime/Memory;Lcom/dylibso/chicory/runtime/Instance;)V @ 248 c2
Event: 12.631 Thread 0x00007f19d402b840 DEOPT PACKING pc=0x00007f19c46a153c sp=0x00007f19dbffb0e0
Event: 12.631 Thread 0x00007f19d402b840 DEOPT UNPACKING pc=0x00007f19c39905f9 sp=0x00007f19dbffb108 mode 2
Event: 12.673 Thread 0x00007f19d402b840 Uncommon trap: trap_request=0xffffffde fr.pc=0x00007f19c447da2c relative=0x000000000000162c
Event: 12.673 Thread 0x00007f19d402b840 Uncommon trap: reason=class_check action=maybe_recompile pc=0x00007f19c447da2c method=com.dylibso.chicory.runtime.Instance.initialize(Z)Lcom/dylibso/chicory/runtime/Instance; @ 173 c2
Event: 12.673 Thread 0x00007f19d402b840 DEOPT PACKING pc=0x00007f19c447da2c sp=0x00007f19dbffcdc0
Event: 12.673 Thread 0x00007f19d402b840 DEOPT UNPACKING pc=0x00007f19c39905f9 sp=0x00007f19dbffcd60 mode 2

Classes loaded (20 events):
Event: 6.055 Loading class java/lang/StackTraceElement$HashedModules
Event: 6.055 Loading class java/lang/StackTraceElement$HashedModules done
Event: 6.056 Loading class java/util/AbstractList$RandomAccessSubList
Event: 6.056 Loading class java/util/AbstractList$SubList
Event: 6.056 Loading class java/util/AbstractList$SubList done
Event: 6.056 Loading class java/util/AbstractList$RandomAccessSubList done
Event: 6.056 Loading class java/util/AbstractList$SubList$1
Event: 6.056 Loading class java/util/AbstractList$SubList$1 done
Event: 6.059 Loading class java/io/PrintWriter
Event: 6.059 Loading class java/io/PrintWriter done
Event: 6.059 Loading class java/lang/Throwable$WrappedPrintWriter
Event: 6.059 Loading class java/lang/Throwable$PrintStreamOrWriter
Event: 6.059 Loading class java/lang/Throwable$PrintStreamOrWriter done
Event: 6.059 Loading class java/lang/Throwable$WrappedPrintWriter done
Event: 12.130 Loading class java/lang/invoke/BoundMethodHandle$Species_LLLLLLLL
Event: 12.130 Loading class java/lang/invoke/BoundMethodHandle$Species_LLLLLLLL done
Event: 12.132 Loading class java/lang/invoke/BoundMethodHandle$Species_LLLLLLLLL
Event: 12.132 Loading class java/lang/invoke/BoundMethodHandle$Species_LLLLLLLLL done
Event: 12.135 Loading class java/lang/invoke/BoundMethodHandle$Species_LLLLLLLLLL
Event: 12.135 Loading class java/lang/invoke/BoundMethodHandle$Species_LLLLLLLLLL done

Classes unloaded (0 events):
No events

Classes redefined (0 events):
No events

Internal exceptions (20 events):
Event: 11.703 Thread 0x00007f19d402b840 Exception <a 'java/lang/NoSuchMethodError'{0x0000000458ff6cb0}: 'void java.lang.invoke.DelegatingMethodHandle$Holder.reinvoke_L(java.lang.Object, java.lang.Object, long, long)'> (0x0000000458ff6cb0) 
thrown [src/hotspot/share/interpreter/linkResolver.cpp, line 803]
Event: 11.703 Thread 0x00007f19d402b840 Exception <a 'java/lang/NoSuchMethodError'{0x0000000458008090}: 'void java.lang.invoke.DirectMethodHandle$Holder.invokeSpecial(java.lang.Object, java.lang.Object, long, long)'> (0x0000000458008090) 
thrown [src/hotspot/share/interpreter/linkResolver.cpp, line 803]
Event: 11.704 Thread 0x00007f19d402b840 Exception <a 'java/lang/NoSuchMethodError'{0x00000004580105d8}: 'void java.lang.invoke.Invokers$Holder.exactInvoker(java.lang.Object, java.lang.Object, long, long)'> (0x00000004580105d8) 
thrown [src/hotspot/share/interpreter/linkResolver.cpp, line 803]
Event: 11.704 Thread 0x00007f19d402b840 Exception <a 'java/lang/NoSuchMethodError'{0x00000004580191f8}: 'void java.lang.invoke.DelegatingMethodHandle$Holder.delegate(java.lang.Object, java.lang.Object, long, long)'> (0x00000004580191f8) 
thrown [src/hotspot/share/interpreter/linkResolver.cpp, line 803]
Event: 11.706 Thread 0x00007f19d402b840 Exception <a 'java/lang/ArrayIndexOutOfBoundsException'{0x000000045808b590}: Index 1 out of bounds for length 1> (0x000000045808b590) 
thrown [src/hotspot/share/interpreter/interpreterRuntime.cpp, line 420]
Event: 11.706 Thread 0x00007f19d402b840 Exception <a 'java/lang/ArrayIndexOutOfBoundsException'{0x00000004580a03e8}: Index 1 out of bounds for length 1> (0x00000004580a03e8) 
thrown [src/hotspot/share/interpreter/interpreterRuntime.cpp, line 420]
Event: 11.707 Thread 0x00007f19d402b840 Exception <a 'java/lang/ArrayIndexOutOfBoundsException'{0x00000004580b4ba0}: Index 1 out of bounds for length 1> (0x00000004580b4ba0) 
thrown [src/hotspot/share/interpreter/interpreterRuntime.cpp, line 420]
Event: 11.708 Thread 0x00007f19d402b840 Exception <a 'java/lang/ArrayIndexOutOfBoundsException'{0x00000004580c9358}: Index 1 out of bounds for length 1> (0x00000004580c9358) 
thrown [src/hotspot/share/interpreter/interpreterRuntime.cpp, line 420]
Event: 12.124 Thread 0x00007f19d402b840 Exception <a 'java/lang/NoSuchMethodError'{0x00000004222855d0}: 'void java.lang.invoke.DirectMethodHandle$Holder.invokeStaticInit(java.lang.Object, java.lang.Object, java.lang.Object, java.lang.Object, java.lang.Object, long, float, double, int, int)'> (0x00000004222855d0) 
thrown [src/hotspot/share/interpreter/linkResolver.cpp, line 803]
Event: 12.124 Thread 0x00007f19d402b840 Exception <a 'java/lang/NoSuchMethodError'{0x00000004222964d0}: 'void java.lang.invoke.DelegatingMethodHandle$Holder.reinvoke_L(java.lang.Object, java.lang.Object, java.lang.Object, java.lang.Object, java.lang.Object, long, float, double, int, int)'> (0x00000004222964d0) 
thrown [src/hotspot/share/interpreter/linkResolver.cpp, line 803]
Event: 12.126 Thread 0x00007f19d402b840 Exception <a 'java/lang/NoSuchMethodError'{0x00000004222e2138}: 'double java.lang.invoke.DirectMethodHandle$Holder.invokeStaticInit(java.lang.Object, java.lang.Object, java.lang.Object, java.lang.Object, java.lang.Object, long, float, double, int, int)'> (0x00000004222e2138) 
thrown [src/hotspot/share/interpreter/linkResolver.cpp, line 803]
Event: 12.126 Thread 0x00007f19d402b840 Exception <a 'java/lang/NoSuchMethodError'{0x00000004222f3038}: 'double java.lang.invoke.DelegatingMethodHandle$Holder.reinvoke_L(java.lang.Object, java.lang.Object, java.lang.Object, java.lang.Object, java.lang.Object, long, float, double, int, int)'> (0x00000004222f3038) 
thrown [src/hotspot/share/interpreter/linkResolver.cpp, line 803]
Event: 12.129 Thread 0x00007f19d402b840 Implicit null exception at 0x00007f19c45936e6 to 0x00007f19c4593e64
Event: 12.129 Thread 0x00007f19d402b840 Exception <a 'java/lang/NoSuchMethodError'{0x00000004223e9258}: 'java.lang.Object java.lang.invoke.Invokers$Holder.invoker(java.lang.Object, java.lang.Object, java.lang.Object, java.lang.Object, java.lang.Object, java.lang.Object, java.lang.Object, java.lang.Object, java.lang.Object)'> (0x00000004223e9258) 
thrown [src/hotspot/share/interpreter/linkResolver.cpp, line 803]
Event: 12.129 Thread 0x00007f19d402b840 Implicit null exception at 0x00007f19c4592a7e to 0x00007f19c4592e38
Event: 12.131 Thread 0x00007f19d402b840 Exception <a 'java/lang/NoSuchMethodError'{0x000000042242c560}: 'java.lang.Object java.lang.invoke.DirectMethodHandle$Holder.invokeStatic(java.lang.Object, java.lang.Object, java.lang.Object, java.lang.Object, java.lang.Object, java.lang.Object, java.lang.Object, java.lang.Object, java.lang.Object, java.lang.Object, java.lang.Object)'> (0x000000042242c560) 
thrown [src/hotspot/share/interpreter/linkResolver.cpp, line 803]
Event: 12.132 Thread 0x00007f19d402b840 Exception <a 'java/lang/NoSuchMethodError'{0x0000000422453a80}: 'java.lang.Object java.lang.invoke.DirectMethodHandle$Holder.invokeStatic(java.lang.Object, java.lang.Object, java.lang.Object, java.lang.Object, java.lang.Object, java.lang.Object, java.lang.Object, java.lang.Object, java.lang.Object, java.lang.Object, java.lang.Object, java.lang.Object)'> (0x0000000422453a80) 
thrown [src/hotspot/share/interpreter/linkResolver.cpp, line 803]
Event: 12.135 Thread 0x00007f19d402b840 Exception <a 'java/lang/NoSuchMethodError'{0x00000004224d5188}: 'java.lang.Object java.lang.invoke.DirectMethodHandle$Holder.invokeStatic(java.lang.Object, java.lang.Object, java.lang.Object, java.lang.Object, java.lang.Object, java.lang.Object, java.lang.Object, java.lang.Object, java.lang.Object, java.lang.Object, java.lang.Object, java.lang.Object, java.lang.Object)'> (0x00000004224d5188) 
thrown [src/hotspot/share/interpreter/linkResolver.cpp, line 803]
Event: 12.195 Thread 0x00007f19d402b840 Exception <a 'java/lang/NoSuchMethodError'{0x0000000421ed5908}: 'long java.lang.invoke.DirectMethodHandle$Holder.invokeStaticInit(java.lang.Object, java.lang.Object, java.lang.Object, java.lang.Object, java.lang.Object, long, float, double, int, int)'> (0x0000000421ed5908) 
thrown [src/hotspot/share/interpreter/linkResolver.cpp, line 803]
Event: 12.195 Thread 0x00007f19d402b840 Exception <a 'java/lang/NoSuchMethodError'{0x0000000421ee6808}: 'long java.lang.invoke.DelegatingMethodHandle$Holder.reinvoke_L(java.lang.Object, java.lang.Object, java.lang.Object, java.lang.Object, java.lang.Object, long, float, double, int, int)'> (0x0000000421ee6808) 
thrown [src/hotspot/share/interpreter/linkResolver.cpp, line 803]

VM Operations (20 events):
Event: 9.549 Executing safepoint VM operation: G1CollectForAllocation (G1 Evacuation Pause)
Event: 9.552 Executing safepoint VM operation: G1CollectForAllocation (G1 Evacuation Pause) done
Event: 10.024 Executing safepoint VM operation: G1CollectForAllocation (G1 Evacuation Pause)
Event: 10.028 Executing safepoint VM operation: G1CollectForAllocation (G1 Evacuation Pause) done
Event: 10.409 Executing safepoint VM operation: G1CollectForAllocation (G1 Evacuation Pause)
Event: 10.413 Executing safepoint VM operation: G1CollectForAllocation (G1 Evacuation Pause) done
Event: 10.765 Executing non-safepoint VM operation: HandshakeAllThreads (Deoptimize)
Event: 10.765 Executing non-safepoint VM operation: HandshakeAllThreads (Deoptimize) done
Event: 10.855 Executing safepoint VM operation: G1CollectForAllocation (G1 Evacuation Pause)
Event: 10.860 Executing safepoint VM operation: G1CollectForAllocation (G1 Evacuation Pause) done
Event: 11.495 Executing safepoint VM operation: G1CollectForAllocation (G1 Evacuation Pause)
Event: 11.507 Executing safepoint VM operation: G1CollectForAllocation (G1 Evacuation Pause) done
Event: 11.822 Executing safepoint VM operation: G1TryInitiateConcMark (CodeCache GC Threshold)
Event: 11.827 Executing safepoint VM operation: G1TryInitiateConcMark (CodeCache GC Threshold) done
Event: 11.860 Executing safepoint VM operation: G1PauseRemark
Event: 11.867 Executing safepoint VM operation: G1PauseRemark done
Event: 11.889 Executing safepoint VM operation: G1PauseCleanup
Event: 11.889 Executing safepoint VM operation: G1PauseCleanup done
Event: 12.352 Executing safepoint VM operation: G1CollectForAllocation (G1 Evacuation Pause)
Event: 12.357 Executing safepoint VM operation: G1CollectForAllocation (G1 Evacuation Pause) done

Memory protections (20 events):
Event: 0.301 Protecting memory [0x00007f1971300000,0x00007f1971304000] with protection modes 0
Event: 0.303 Protecting memory [0x00007f1971200000,0x00007f1971204000] with protection modes 0
Event: 0.303 Protecting memory [0x00007f1971100000,0x00007f1971104000] with protection modes 0
Event: 2.597 Protecting memory [0x00007f1971900000,0x00007f1971904000] with protection modes 0
Event: 2.598 Protecting memory [0x00007f1971400000,0x00007f1971404000] with protection modes 0
Event: 4.356 Protecting memory [0x00007f1971d00000,0x00007f1971d04000] with protection modes 0
Event: 4.356 Protecting memory [0x00007f1971900000,0x00007f1971904000] with protection modes 0
Event: 4.357 Protecting memory [0x00007f1971400000,0x00007f1971404000] with protection modes 0
Event: 4.357 Protecting memory [0x00007f1971800000,0x00007f1971804000] with protection modes 0
Event: 4.387 Protecting memory [0x00007f1971300000,0x00007f1971304000] with protection modes 0
Event: 4.387 Protecting memory [0x00007f1971200000,0x00007f1971204000] with protection modes 0
Event: 4.387 Protecting memory [0x00007f1971a00000,0x00007f1971a04000] with protection modes 0
Event: 5.262 Protecting memory [0x00007f1971300000,0x00007f1971304000] with protection modes 0
Event: 5.696 Protecting memory [0x00007f1971200000,0x00007f1971204000] with protection modes 0
Event: 6.369 Protecting memory [0x00007f1971a00000,0x00007f1971a04000] with protection modes 0
Event: 6.369 Protecting memory [0x00007f1971100000,0x00007f1971104000] with protection modes 0
Event: 9.304 Protecting memory [0x00007f1971a00000,0x00007f1971a04000] with protection modes 0
Event: 9.647 Protecting memory [0x00007f1971100000,0x00007f1971104000] with protection modes 0
Event: 9.888 Protecting memory [0x00007f1971500000,0x00007f1971504000] with protection modes 0
Event: 9.888 Protecting memory [0x00007f19701f2000,0x00007f19701f6000] with protection modes 0

Nmethod flushes (20 events):
Event: 11.866 Thread 0x00007f19d40fb350 flushing  nmethod 0x00007f19bc7dfc08
Event: 11.866 Thread 0x00007f19d40fb350 flushing  nmethod 0x00007f19bc7dff08
Event: 11.866 Thread 0x00007f19d40fb350 flushing  nmethod 0x00007f19bc7fd508
Event: 11.866 Thread 0x00007f19d40fb350 flushing  nmethod 0x00007f19bc7fdb08
Event: 11.866 Thread 0x00007f19d40fb350 flushing  nmethod 0x00007f19bc7fdf08
Event: 11.866 Thread 0x00007f19d40fb350 flushing  nmethod 0x00007f19bc7fea88
Event: 11.866 Thread 0x00007f19d40fb350 flushing  nmethod 0x00007f19bc7ff008
Event: 11.866 Thread 0x00007f19d40fb350 flushing  nmethod 0x00007f19bc7ff808
Event: 11.866 Thread 0x00007f19d40fb350 flushing  nmethod 0x00007f19bc800388
Event: 11.866 Thread 0x00007f19d40fb350 flushing  nmethod 0x00007f19bc801008
Event: 11.866 Thread 0x00007f19d40fb350 flushing  nmethod 0x00007f19bc801f88
Event: 11.866 Thread 0x00007f19d40fb350 flushing  nmethod 0x00007f19bc802b88
Event: 11.866 Thread 0x00007f19d40fb350 flushing  nmethod 0x00007f19bc81ab08
Event: 11.866 Thread 0x00007f19d40fb350 flushing  nmethod 0x00007f19bc89c588
Event: 11.866 Thread 0x00007f19d40fb350 flushing  nmethod 0x00007f19bc89c888
Event: 11.866 Thread 0x00007f19d40fb350 flushing  nmethod 0x00007f19bc89d188
Event: 11.866 Thread 0x00007f19d40fb350 flushing  nmethod 0x00007f19bc89e688
Event: 11.866 Thread 0x00007f19d40fb350 flushing  nmethod 0x00007f19bc89f808
Event: 11.866 Thread 0x00007f19d40fb350 flushing  nmethod 0x00007f19bc8a0388
Event: 11.866 Thread 0x00007f19d40fb350 flushing  nmethod 0x00007f19bc8a1188

Events (20 events):
Event: 4.387 Thread 0x00007f19544fdfd0 Thread added: 0x00007f194420d0d0
Event: 4.387 Thread 0x00007f19544fdfd0 Thread added: 0x00007f194420e060
Event: 4.387 Thread 0x00007f19544fdfd0 Thread added: 0x00007f19442a76a0
Event: 5.031 Thread 0x00007f19442a76a0 Thread exited: 0x00007f19442a76a0
Event: 5.031 Thread 0x00007f194420e060 Thread exited: 0x00007f194420e060
Event: 5.039 Thread 0x00007f194420d0d0 Thread exited: 0x00007f194420d0d0
Event: 5.262 Thread 0x00007f1960395900 Thread added: 0x00007f19389816a0
Event: 5.696 Thread 0x00007f1938169600 Thread added: 0x00007f1948e2e340
Event: 6.369 Thread 0x00007f19603945f0 Thread added: 0x00007f1954c1a650
Event: 6.369 Thread 0x00007f19603945f0 Thread added: 0x00007f1954c1b6c0
Event: 8.449 Thread 0x00007f1954c1b6c0 Thread exited: 0x00007f1954c1b6c0
Event: 8.812 Thread 0x00007f1954c1a650 Thread exited: 0x00007f1954c1a650
Event: 9.304 Thread 0x00007f19544fdfd0 Thread added: 0x00007f1944e41130
Event: 9.647 Thread 0x00007f1938169600 Thread added: 0x00007f1949941840
Event: 9.888 Thread 0x00007f19603945f0 Thread added: 0x00007f1955093450
Event: 9.888 Thread 0x00007f19603945f0 Thread added: 0x00007f1955094880
Event: 10.294 Thread 0x00007f1955094880 Thread exited: 0x00007f1955094880
Event: 10.430 Thread 0x00007f1955093450 Thread exited: 0x00007f1955093450
Event: 10.578 Thread 0x00007f1949941840 Thread exited: 0x00007f1949941840
Event: 11.945 Thread 0x00007f1944e41130 Thread exited: 0x00007f1944e41130


Dynamic libraries:
79000000-79001000 ---p 00000000 00:00 0 
79001000-79d8c000 rw-p 00001000 00:24 62088005                           /home/andreatp/.sdkman/candidates/java/25-tem/lib/server/classes.jsa
79d8c000-7a000000 ---p 00000000 00:00 0 
7a000000-7a040000 rw-p 00000000 00:00 0 
7a040000-7a140000 rw-p 00000000 00:00 0 
7a140000-7a180000 rw-p 00000000 00:00 0 
7a180000-7a2a0000 rw-p 00000000 00:00 0 
7a2a0000-ba000000 ---p 00000000 00:00 0 
418000000-427800000 rw-p 00000000 00:00 0 
427800000-485000000 ---p 00000000 00:00 0 
485000000-485800000 rw-p 00000000 00:00 0 
485800000-7ff000000 ---p 00000000 00:00 0 
7ff000000-7ff800000 rw-p 00000000 00:00 0 
7ff800000-7ff921000 rw-p 00dbf000 00:24 62088005                         /home/andreatp/.sdkman/candidates/java/25-tem/lib/server/classes.jsa
7ff921000-800000000 rw-p 00000000 00:00 0 
562460afc000-562460afd000 r--p 00000000 00:24 62087964                   /home/andreatp/.sdkman/candidates/java/25-tem/bin/java
562460afd000-562460afe000 r-xp 00001000 00:24 62087964                   /home/andreatp/.sdkman/candidates/java/25-tem/bin/java
562460afe000-562460aff000 r--p 00002000 00:24 62087964                   /home/andreatp/.sdkman/candidates/java/25-tem/bin/java
562460aff000-562460b00000 r--p 00002000 00:24 62087964                   /home/andreatp/.sdkman/candidates/java/25-tem/bin/java
562460b00000-562460b01000 rw-p 00003000 00:24 62087964                   /home/andreatp/.sdkman/candidates/java/25-tem/bin/java
56247c5c1000-56247c60a000 rw-p 00000000 00:00 0                          [heap]
7f18ec000000-7f18ec8f0000 rw-p 00000000 00:00 0 
7f18ec8f0000-7f18f0000000 ---p 00000000 00:00 0 
7f18f0000000-7f18f078a000 rw-p 00000000 00:00 0 
7f18f078a000-7f18f4000000 ---p 00000000 00:00 0 
7f18f4000000-7f18f4021000 rw-p 00000000 00:00 0 
7f18f4021000-7f18f8000000 ---p 00000000 00:00 0 
7f18f8000000-7f18f9659000 rw-p 00000000 00:00 0 
7f18f9659000-7f18fc000000 ---p 00000000 00:00 0 
7f18fc000000-7f18fc021000 rw-p 00000000 00:00 0 
7f18fc021000-7f1900000000 ---p 00000000 00:00 0 
7f1900000000-7f1900021000 rw-p 00000000 00:00 0 
7f1900021000-7f1904000000 ---p 00000000 00:00 0 
7f1904000000-7f1904021000 rw-p 00000000 00:00 0 
7f1904021000-7f1908000000 ---p 00000000 00:00 0 
7f1908000000-7f1908059000 rw-p 00000000 00:00 0 
7f1908059000-7f190c000000 ---p 00000000 00:00 0 
7f190c000000-7f190c021000 rw-p 00000000 00:00 0 
7f190c021000-7f1910000000 ---p 00000000 00:00 0 
7f1910000000-7f1910021000 rw-p 00000000 00:00 0 
7f1910021000-7f1914000000 ---p 00000000 00:00 0 
7f1914000000-7f1914021000 rw-p 00000000 00:00 0 
7f1914021000-7f1918000000 ---p 00000000 00:00 0 
7f1918000000-7f1918021000 rw-p 00000000 00:00 0 
7f1918021000-7f191c000000 ---p 00000000 00:00 0 
7f191c000000-7f191c054000 rw-p 00000000 00:00 0 
7f191c054000-7f1920000000 ---p 00000000 00:00 0 
7f1920000000-7f1920021000 rw-p 00000000 00:00 0 
7f1920021000-7f1924000000 ---p 00000000 00:00 0 
7f1924000000-7f1925416000 rw-p 00000000 00:00 0 
7f1925416000-7f1928000000 ---p 00000000 00:00 0 
7f1928000000-7f1928021000 rw-p 00000000 00:00 0 
7f1928021000-7f192c000000 ---p 00000000 00:00 0 
7f192c000000-7f192d8eb000 rw-p 00000000 00:00 0 
7f192d8eb000-7f1930000000 ---p 00000000 00:00 0 
7f1930000000-7f19319d9000 rw-p 00000000 00:00 0 
7f19319d9000-7f1934000000 ---p 00000000 00:00 0 
7f1934000000-7f19341d1000 rw-p 00000000 00:00 0 
7f19341d1000-7f1938000000 ---p 00000000 00:00 0 
7f1938000000-7f1939405000 rw-p 00000000 00:00 0 
7f1939405000-7f193c000000 ---p 00000000 00:00 0 
7f193c000000-7f193c021000 rw-p 00000000 00:00 0 
7f193c021000-7f1940000000 ---p 00000000 00:00 0 
7f1940000000-7f1940021000 rw-p 00000000 00:00 0 
7f1940021000-7f1944000000 ---p 00000000 00:00 0 
7f1944000000-7f194633e000 rw-p 00000000 00:00 0 
7f194633e000-7f1948000000 ---p 00000000 00:00 0 
7f1948000000-7f1949a0c000 rw-p 00000000 00:00 0 
7f1949a0c000-7f194c000000 ---p 00000000 00:00 0 
7f194c000000-7f194c021000 rw-p 00000000 00:00 0 
7f194c021000-7f1950000000 ---p 00000000 00:00 0 
7f1950000000-7f19518f1000 rw-p 00000000 00:00 0 
7f19518f1000-7f1954000000 ---p 00000000 00:00 0 
7f1954000000-7f19552b3000 rw-p 00000000 00:00 0 
7f19552b3000-7f1958000000 ---p 00000000 00:00 0 
7f1958000000-7f1958021000 rw-p 00000000 00:00 0 
7f1958021000-7f195c000000 ---p 00000000 00:00 0 
7f195c000000-7f195df17000 rw-p 00000000 00:00 0 
7f195df17000-7f1960000000 ---p 00000000 00:00 0 
7f1960000000-7f1960ded000 rw-p 00000000 00:00 0 
7f1960ded000-7f1964000000 ---p 00000000 00:00 0 
7f1964000000-7f196403d000 rw-p 00000000 00:00 0 
7f196403d000-7f1968000000 ---p 00000000 00:00 0 
7f1968000000-7f1968021000 rw-p 00000000 00:00 0 
7f1968021000-7f196c000000 ---p 00000000 00:00 0 
7f196c000000-7f196c021000 rw-p 00000000 00:00 0 
7f196c021000-7f1970000000 ---p 00000000 00:00 0 
7f19701eb000-7f19701f2000 r--s 00000000 00:24 17059797                   /usr/lib64/gconv/gconv-modules.cache
7f19701f2000-7f19701f6000 ---p 00000000 00:00 0 
7f19701f6000-7f19702f2000 rw-p 00000000 00:00 0 
7f19702f2000-7f19702f3000 ---p 00000000 00:00 0 
7f19702f3000-7f19703f3000 rw-p 00000000 00:00 0 
7f19703f3000-7f19703f4000 ---p 00000000 00:00 0 
7f19703f4000-7f19704f4000 rw-p 00000000 00:00 0 
7f19704f4000-7f19704f5000 ---p 00000000 00:00 0 
7f19704f5000-7f19705f5000 rw-p 00000000 00:00 0 
7f19705f5000-7f19705f6000 ---p 00000000 00:00 0 
7f19705f6000-7f19706f6000 rw-p 00000000 00:00 0 
7f19706f6000-7f19706f7000 ---p 00000000 00:00 0 
7f19706f7000-7f19707f7000 rw-p 00000000 00:00 0 
7f19707f7000-7f19707f8000 ---p 00000000 00:00 0 
7f19707f8000-7f19708f8000 rw-p 00000000 00:00 0 
7f19708f8000-7f19708f9000 ---p 00000000 00:00 0 
7f19708f9000-7f19709f9000 rw-p 00000000 00:00 0 
7f19709f9000-7f19709fa000 ---p 00000000 00:00 0 
7f19709fa000-7f1970afa000 rw-p 00000000 00:00 0 
7f1970afa000-7f1970afb000 ---p 00000000 00:00 0 
7f1970afb000-7f1970bfb000 rw-p 00000000 00:00 0 
7f1970bfb000-7f1970bfc000 ---p 00000000 00:00 0 
7f1970bfc000-7f1970cfc000 rw-p 00000000 00:00 0 
7f1970cfc000-7f1970cfd000 ---p 00000000 00:00 0 
7f1970cfd000-7f1970dfd000 rw-p 00000000 00:00 0 
7f1970dfd000-7f1970dfe000 ---p 00000000 00:00 0 
7f1970dfe000-7f1970efe000 rw-p 00000000 00:00 0 
7f1970efe000-7f1970eff000 ---p 00000000 00:00 0 
7f1970eff000-7f1970fff000 rw-p 00000000 00:00 0 
7f1970fff000-7f1971000000 ---p 00000000 00:00 0 
7f1971000000-7f1971100000 rw-p 00000000 00:00 0 
7f1971100000-7f1971104000 ---p 00000000 00:00 0 
7f1971104000-7f1971200000 rw-p 00000000 00:00 0 
7f1971200000-7f1971204000 ---p 00000000 00:00 0 
7f1971204000-7f1971300000 rw-p 00000000 00:00 0 
7f1971300000-7f1971304000 ---p 00000000 00:00 0 
7f1971304000-7f1971400000 rw-p 00000000 00:00 0 
7f1971400000-7f1971404000 ---p 00000000 00:00 0 
7f1971404000-7f1971500000 rw-p 00000000 00:00 0 
7f1971500000-7f1971504000 ---p 00000000 00:00 0 
7f1971504000-7f1971600000 rw-p 00000000 00:00 0 
7f1971600000-7f1971604000 ---p 00000000 00:00 0 
7f1971604000-7f1971700000 rw-p 00000000 00:00 0 
7f1971700000-7f1971704000 ---p 00000000 00:00 0 
7f1971704000-7f1971800000 rw-p 00000000 00:00 0 
7f1971800000-7f1971804000 ---p 00000000 00:00 0 
7f1971804000-7f1971900000 rw-p 00000000 00:00 0 
7f1971900000-7f1971904000 ---p 00000000 00:00 0 
7f1971904000-7f1971a00000 rw-p 00000000 00:00 0 
7f1971a00000-7f1971a04000 ---p 00000000 00:00 0 
7f1971a04000-7f1971b00000 rw-p 00000000 00:00 0 
7f1971b00000-7f1971b04000 ---p 00000000 00:00 0 
7f1971b04000-7f1971c00000 rw-p 00000000 00:00 0 
7f1971c00000-7f1971c04000 ---p 00000000 00:00 0 
7f1971c04000-7f1971d00000 rw-p 00000000 00:00 0 
7f1971d00000-7f1971d04000 ---p 00000000 00:00 0 
7f1971d04000-7f1971e00000 rw-p 00000000 00:00 0 
7f1971e00000-7f1971e04000 ---p 00000000 00:00 0 
7f1971e04000-7f1971f00000 rw-p 00000000 00:00 0 
7f1971f00000-7f1971f04000 ---p 00000000 00:00 0 
7f1971f04000-7f1972000000 rw-p 00000000 00:00 0 
7f1972000000-7f197fe70000 r--p 00000000 00:24 16857077                   /usr/lib/locale/locale-archive
7f197fe74000-7f197fe7e000 r-xp 00000000 00:00 0 
7f197fe7e000-7f197fe84000 r-xp 00000000 00:00 0 
7f197fe84000-7f197ff00000 r-xp 00000000 00:00 0 
7f197ff00000-7f197ff04000 ---p 00000000 00:00 0 
7f197ff04000-7f1980000000 rw-p 00000000 00:00 0 
7f1980000000-7f1980400000 rw-p 00000000 00:00 0 
7f1980400000-7f1980fc0000 rw-p 00000000 00:00 0 
7f1980fc0000-7f1981100000 rw-p 00000000 00:00 0 
7f1981100000-7f19811c0000 rw-p 00000000 00:00 0 
7f19811c0000-7f1981720000 rw-p 00000000 00:00 0 
7f1981720000-7f1981840000 rw-p 00000000 00:00 0 
7f1981840000-7f1981940000 rw-p 00000000 00:00 0 
7f1981940000-7f1981a60000 rw-p 00000000 00:00 0 
7f1981a60000-7f1981ae0000 rw-p 00000000 00:00 0 
7f1981ae0000-7f1981b80000 rw-p 00000000 00:00 0 
7f1981b80000-7f1981c00000 ---p 00000000 00:00 0 
7f1981c00000-7f1981f20000 rw-p 00000000 00:00 0 
7f1981f20000-7f19821d0000 rw-p 00000000 00:00 0 
7f19821d0000-7f1984000000 ---p 00000000 00:00 0 
7f1984000000-7f1984021000 rw-p 00000000 00:00 0 
7f1984021000-7f1988000000 ---p 00000000 00:00 0 
7f1988000000-7f1988021000 rw-p 00000000 00:00 0 
7f1988021000-7f198c000000 ---p 00000000 00:00 0 
7f198c000000-7f198c021000 rw-p 00000000 00:00 0 
7f198c021000-7f1990000000 ---p 00000000 00:00 0 
7f1990000000-7f1990038000 rw-p 00000000 00:00 0 
7f1990038000-7f1994000000 ---p 00000000 00:00 0 
7f1994000000-7f1994021000 rw-p 00000000 00:00 0 
7f1994021000-7f1998000000 ---p 00000000 00:00 0 
7f1998000000-7f1998021000 rw-p 00000000 00:00 0 
7f1998021000-7f199c000000 ---p 00000000 00:00 0 
7f199c000000-7f199c021000 rw-p 00000000 00:00 0 
7f199c021000-7f19a0000000 ---p 00000000 00:00 0 
7f19a0000000-7f19a0021000 rw-p 00000000 00:00 0 
7f19a0021000-7f19a4000000 ---p 00000000 00:00 0 
7f19a4000000-7f19a4076000 rw-p 00000000 00:00 0 
7f19a4076000-7f19a8000000 ---p 00000000 00:00 0 
7f19a8000000-7f19a80f9000 r-xp 00000000 00:00 0 
7f19a80f9000-7f19a80fd000 ---p 00000000 00:00 0 
7f19a80fd000-7f19a81f9000 rw-p 00000000 00:00 0 
7f19a81f9000-7f19a81fd000 ---p 00000000 00:00 0 
7f19a81fd000-7f19a82f9000 rw-p 00000000 00:00 0 
7f19a82f9000-7f19a82fa000 ---p 00000000 00:00 0 
7f19a82fa000-7f19a83fa000 rw-p 00000000 00:00 0 
7f19a83fa000-7f19a83fb000 ---p 00000000 00:00 0 
7f19a83fb000-7f19a83ff000 ---p 00000000 00:00 0 
7f19a83ff000-7f19a84fb000 rw-p 00000000 00:00 0 
7f19a84fb000-7f19a84fc000 ---p 00000000 00:00 0 
7f19a84fc000-7f19a85fc000 rw-p 00000000 00:00 0 
7f19a85fc000-7f19a85fd000 ---p 00000000 00:00 0 
7f19a85fd000-7f19a8601000 ---p 00000000 00:00 0 
7f19a8601000-7f19a86fd000 rw-p 00000000 00:00 0 
7f19a86fd000-7f19a86fe000 ---p 00000000 00:00 0 
7f19a86fe000-7f19a87fe000 rw-p 00000000 00:00 0 
7f19a87fe000-7f19a87ff000 ---p 00000000 00:00 0 
7f19a87ff000-7f19a88ff000 rw-p 00000000 00:00 0 
7f19a88ff000-7f19aade0000 rw-p 00000000 00:00 0 
7f19aade0000-7f19ac540000 ---p 00000000 00:00 0 
7f19ac540000-7f19ac560000 rw-p 00000000 00:00 0 
7f19ac560000-7f19ba3c0000 ---p 00000000 00:00 0 
7f19ba3c0000-7f19ba400000 rw-p 00000000 00:00 0 
7f19ba400000-7f19ba401000 r-xp 00000000 00:00 0 
7f19ba401000-7f19ba412000 r-xp 00000000 00:00 0 
7f19ba412000-7f19ba414000 r--p 00000000 00:24 62087985                   /home/andreatp/.sdkman/candidates/java/25-tem/lib/libzip.so
7f19ba414000-7f19ba426000 r-xp 00002000 00:24 62087985                   /home/andreatp/.sdkman/candidates/java/25-tem/lib/libzip.so
7f19ba426000-7f19ba42e000 r--p 00014000 00:24 62087985                   /home/andreatp/.sdkman/candidates/java/25-tem/lib/libzip.so
7f19ba42e000-7f19ba42f000 r--p 0001b000 00:24 62087985                   /home/andreatp/.sdkman/candidates/java/25-tem/lib/libzip.so
7f19ba42f000-7f19ba430000 rw-p 0001c000 00:24 62087985                   /home/andreatp/.sdkman/candidates/java/25-tem/lib/libzip.so
7f19ba430000-7f19ba433000 r--p 00000000 00:24 62088001                   /home/andreatp/.sdkman/candidates/java/25-tem/lib/libnet.so
7f19ba433000-7f19ba43b000 r-xp 00003000 00:24 62088001                   /home/andreatp/.sdkman/candidates/java/25-tem/lib/libnet.so
7f19ba43b000-7f19ba43d000 r--p 0000b000 00:24 62088001                   /home/andreatp/.sdkman/candidates/java/25-tem/lib/libnet.so
7f19ba43d000-7f19ba43e000 r--p 0000c000 00:24 62088001                   /home/andreatp/.sdkman/candidates/java/25-tem/lib/libnet.so
7f19ba43e000-7f19ba43f000 rw-p 0000d000 00:24 62088001                   /home/andreatp/.sdkman/candidates/java/25-tem/lib/libnet.so
7f19ba43f000-7f19ba53c000 rw-p 00000000 00:00 0 
7f19ba53c000-7f19ba828000 ---p 00000000 00:00 0 
7f19ba828000-7f19ba82c000 rw-p 00000000 00:00 0 
7f19ba82c000-7f19bc3f8000 ---p 00000000 00:00 0 
7f19bc3f8000-7f19bc400000 rw-p 00000000 00:00 0 
7f19bc400000-7f19be200000 rwxp 00000000 00:00 0 
7f19be200000-7f19c385f000 ---p 00000000 00:00 0 
7f19c385f000-7f19c3cbf000 rwxp 00000000 00:00 0 
7f19c3cbf000-7f19c3f9f000 ---p 00000000 00:00 0 
7f19c3f9f000-7f19c470f000 rwxp 00000000 00:00 0 
7f19c470f000-7f19cb400000 ---p 00000000 00:00 0 
7f19cb400000-7f19d3f14000 r--s 00000000 00:24 62088042                   /home/andreatp/.sdkman/candidates/java/25-tem/lib/modules
7f19d3f14000-7f19d3f22000 r-xp 00000000 00:00 0 
7f19d3f22000-7f19d3f23000 r--p 00000000 00:24 62088018                   /home/andreatp/.sdkman/candidates/java/25-tem/lib/libsimdsort.so
7f19d3f23000-7f19d3f5c000 r-xp 00001000 00:24 62088018                   /home/andreatp/.sdkman/candidates/java/25-tem/lib/libsimdsort.so
7f19d3f5c000-7f19d3f62000 r--p 0003a000 00:24 62088018                   /home/andreatp/.sdkman/candidates/java/25-tem/lib/libsimdsort.so
7f19d3f62000-7f19d3f63000 r--p 0003f000 00:24 62088018                   /home/andreatp/.sdkman/candidates/java/25-tem/lib/libsimdsort.so
7f19d3f63000-7f19d3f64000 rw-p 00040000 00:24 62088018                   /home/andreatp/.sdkman/candidates/java/25-tem/lib/libsimdsort.so
7f19d3f64000-7f19d54eb000 rw-p 00000000 00:00 0 
7f19d54eb000-7f19d8000000 ---p 00000000 00:00 0 
7f19d8000000-7f19d800b000 r-xp 00000000 00:00 0 
7f19d800b000-7f19d8013000 r--p 00000000 00:24 62088041                   /home/andreatp/.sdkman/candidates/java/25-tem/lib/libnio.so
7f19d8013000-7f19d801c000 r-xp 00008000 00:24 62088041                   /home/andreatp/.sdkman/candidates/java/25-tem/lib/libnio.so
7f19d801c000-7f19d8020000 r--p 00011000 00:24 62088041                   /home/andreatp/.sdkman/candidates/java/25-tem/lib/libnio.so
7f19d8020000-7f19d8021000 r--p 00015000 00:24 62088041                   /home/andreatp/.sdkman/candidates/java/25-tem/lib/libnio.so
7f19d8021000-7f19d8022000 rw-p 00016000 00:24 62088041                   /home/andreatp/.sdkman/candidates/java/25-tem/lib/libnio.so
7f19d8022000-7f19d8c2e000 rw-p 00000000 00:00 0 
7f19d8c2e000-7f19d8c2f000 ---p 00000000 00:00 0 
7f19d8c2f000-7f19d8d2f000 rw-p 00000000 00:00 0 
7f19d8d2f000-7f19d8d30000 ---p 00000000 00:00 0 
7f19d8d30000-7f19d8e30000 rw-p 00000000 00:00 0 
7f19d8e30000-7f19d8e31000 ---p 00000000 00:00 0 
7f19d8e31000-7f19d8f31000 rw-p 00000000 00:00 0 
7f19d8f31000-7f19d90ac000 rw-p 00000000 00:00 0 
7f19d90ac000-7f19d9398000 ---p 00000000 00:00 0 
7f19d9398000-7f19d939c000 rw-p 00000000 00:00 0 
7f19d939c000-7f19daf68000 ---p 00000000 00:00 0 
7f19daf68000-7f19dbd0a000 rw-p 00000000 00:00 0 
7f19dbd0a000-7f19dbde4000 ---p 00000000 00:00 0 
7f19dbde4000-7f19dbded000 rw-p 00000000 00:00 0 
7f19dbded000-7f19dbdf3000 ---p 00000000 00:00 0 
7f19dbdf3000-7f19dbe2f000 rw-p 00000000 00:00 0 
7f19dbe2f000-7f19dbedc000 ---p 00000000 00:00 0 
7f19dbedc000-7f19dbeea000 r--p 00000000 00:24 62087993                   /home/andreatp/.sdkman/candidates/java/25-tem/lib/libjava.so
7f19dbeea000-7f19dbef8000 r-xp 0000e000 00:24 62087993                   /home/andreatp/.sdkman/candidates/java/25-tem/lib/libjava.so
7f19dbef8000-7f19dbefd000 r--p 0001c000 00:24 62087993                   /home/andreatp/.sdkman/candidates/java/25-tem/lib/libjava.so
7f19dbefd000-7f19dbefe000 r--p 00021000 00:24 62087993                   /home/andreatp/.sdkman/candidates/java/25-tem/lib/libjava.so
7f19dbefe000-7f19dbeff000 rw-p 00022000 00:24 62087993                   /home/andreatp/.sdkman/candidates/java/25-tem/lib/libjava.so
7f19dbeff000-7f19dbf00000 rw-p 00000000 00:00 0 
7f19dbf00000-7f19dbf04000 ---p 00000000 00:00 0 
7f19dbf04000-7f19dc000000 rw-p 00000000 00:00 0 
7f19dc000000-7f19dc2e2000 r--p 00000000 00:24 62088004                   /home/andreatp/.sdkman/candidates/java/25-tem/lib/server/libjvm.so
7f19dc2e2000-7f19dd2e2000 r-xp 002e2000 00:24 62088004                   /home/andreatp/.sdkman/candidates/java/25-tem/lib/server/libjvm.so
7f19dd2e2000-7f19dd5f2000 r--p 012e2000 00:24 62088004                   /home/andreatp/.sdkman/candidates/java/25-tem/lib/server/libjvm.so
7f19dd5f2000-7f19dd6dd000 r--p 015f2000 00:24 62088004                   /home/andreatp/.sdkman/candidates/java/25-tem/lib/server/libjvm.so
7f19dd6dd000-7f19dd708000 rw-p 016dd000 00:24 62088004                   /home/andreatp/.sdkman/candidates/java/25-tem/lib/server/libjvm.so
7f19dd708000-7f19dd784000 rw-p 00000000 00:00 0 
7f19dd784000-7f19dd785000 r-xp 00000000 00:00 0 
7f19dd785000-7f19dd789000 r-xp 00000000 00:00 0 
7f19dd789000-7f19dd78b000 r--p 00000000 00:24 62088016                   /home/andreatp/.sdkman/candidates/java/25-tem/lib/libmanagement_ext.so
7f19dd78b000-7f19dd78e000 r-xp 00002000 00:24 62088016                   /home/andreatp/.sdkman/candidates/java/25-tem/lib/libmanagement_ext.so
7f19dd78e000-7f19dd78f000 r--p 00005000 00:24 62088016                   /home/andreatp/.sdkman/candidates/java/25-tem/lib/libmanagement_ext.so
7f19dd78f000-7f19dd790000 r--p 00006000 00:24 62088016                   /home/andreatp/.sdkman/candidates/java/25-tem/lib/libmanagement_ext.so
7f19dd790000-7f19dd791000 rw-p 00007000 00:24 62088016                   /home/andreatp/.sdkman/candidates/java/25-tem/lib/libmanagement_ext.so
7f19dd791000-7f19dd795000 r--p 00000000 00:24 62087996                   /home/andreatp/.sdkman/candidates/java/25-tem/lib/libjimage.so
7f19dd795000-7f19dd7ad000 r-xp 00004000 00:24 62087996                   /home/andreatp/.sdkman/candidates/java/25-tem/lib/libjimage.so
7f19dd7ad000-7f19dd7b3000 r--p 0001c000 00:24 62087996                   /home/andreatp/.sdkman/candidates/java/25-tem/lib/libjimage.so
7f19dd7b3000-7f19dd7b5000 r--p 00021000 00:24 62087996                   /home/andreatp/.sdkman/candidates/java/25-tem/lib/libjimage.so
7f19dd7b5000-7f19dd7b6000 rw-p 00023000 00:24 62087996                   /home/andreatp/.sdkman/candidates/java/25-tem/lib/libjimage.so
7f19dd7b6000-7f19dd833000 r-xp 00000000 00:24 16857124                   /usr/lib64/libm.so.6
7f19dd833000-7f19dd8a3000 r--p 0007d000 00:24 16857124                   /usr/lib64/libm.so.6
7f19dd8a3000-7f19dd8a4000 r--p 000ec000 00:24 16857124                   /usr/lib64/libm.so.6
7f19dd8a4000-7f19dd8a5000 rw-p 000ed000 00:24 16857124                   /usr/lib64/libm.so.6
7f19dd8a5000-7f19dd8a6000 r-xp 00000000 00:24 16857132                   /usr/lib64/librt.so.1
7f19dd8a6000-7f19dd8a7000 r--p 00001000 00:24 16857132                   /usr/lib64/librt.so.1
7f19dd8a7000-7f19dd8a8000 r--p 00001000 00:24 16857132                   /usr/lib64/librt.so.1
7f19dd8a8000-7f19dd8ab000 rw-p 00000000 00:00 0 
7f19dd8ab000-7f19dd8ac000 r-xp 00000000 00:24 16857130                   /usr/lib64/libpthread.so.0
7f19dd8ac000-7f19dd8ad000 r--p 00001000 00:24 16857130                   /usr/lib64/libpthread.so.0
7f19dd8ad000-7f19dd8ae000 r--p 00001000 00:24 16857130                   /usr/lib64/libpthread.so.0
7f19dd8ae000-7f19dd8af000 rw-p 00000000 00:00 0 
7f19dd8af000-7f19dd8b0000 r-xp 00000000 00:24 16857123                   /usr/lib64/libdl.so.2
7f19dd8b0000-7f19dd8b1000 r--p 00001000 00:24 16857123                   /usr/lib64/libdl.so.2
7f19dd8b1000-7f19dd8b2000 r--p 00001000 00:24 16857123                   /usr/lib64/libdl.so.2
7f19dd8b2000-7f19dd8b3000 rw-p 00000000 00:00 0 
7f19dd8b3000-7f19dda21000 r-xp 00000000 00:24 16857122                   /usr/lib64/libc.so.6
7f19dda21000-7f19dda96000 r--p 0016e000 00:24 16857122                   /usr/lib64/libc.so.6
7f19dda96000-7f19dda9a000 r--p 001e2000 00:24 16857122                   /usr/lib64/libc.so.6
7f19dda9a000-7f19dda9c000 rw-p 001e6000 00:24 16857122                   /usr/lib64/libc.so.6
7f19dda9c000-7f19ddaa4000 rw-p 00000000 00:00 0 
7f19ddaa4000-7f19ddaa5000 r-xp 00000000 00:00 0 
7f19ddaa5000-7f19ddaa6000 r--p 00000000 00:24 62087997                   /home/andreatp/.sdkman/candidates/java/25-tem/lib/libsyslookup.so
7f19ddaa6000-7f19ddaa7000 r-xp 00001000 00:24 62087997                   /home/andreatp/.sdkman/candidates/java/25-tem/lib/libsyslookup.so
7f19ddaa7000-7f19ddaa8000 r--p 00002000 00:24 62087997                   /home/andreatp/.sdkman/candidates/java/25-tem/lib/libsyslookup.so
7f19ddaa8000-7f19ddaa9000 r--p 00002000 00:24 62087997                   /home/andreatp/.sdkman/candidates/java/25-tem/lib/libsyslookup.so
7f19ddaa9000-7f19ddaaa000 rw-p 00003000 00:24 62087997                   /home/andreatp/.sdkman/candidates/java/25-tem/lib/libsyslookup.so
7f19ddaaa000-7f19ddaad000 r--p 00000000 00:24 62088022                   /home/andreatp/.sdkman/candidates/java/25-tem/lib/libmanagement.so
7f19ddaad000-7f19ddaae000 r-xp 00003000 00:24 62088022                   /home/andreatp/.sdkman/candidates/java/25-tem/lib/libmanagement.so
7f19ddaae000-7f19ddaaf000 r--p 00004000 00:24 62088022                   /home/andreatp/.sdkman/candidates/java/25-tem/lib/libmanagement.so
7f19ddaaf000-7f19ddab0000 r--p 00004000 00:24 62088022                   /home/andreatp/.sdkman/candidates/java/25-tem/lib/libmanagement.so
7f19ddab0000-7f19ddab1000 rw-p 00005000 00:24 62088022                   /home/andreatp/.sdkman/candidates/java/25-tem/lib/libmanagement.so
7f19ddab1000-7f19ddab9000 rw-s 00000000 00:2b 7166                       /tmp/hsperfdata_andreatp/143760
7f19ddab9000-7f19ddaba000 ---p 00000000 00:00 0 
7f19ddaba000-7f19ddabb000 r--p 00000000 00:00 0 
7f19ddabb000-7f19ddabc000 ---p 00000000 00:00 0 
7f19ddabc000-7f19ddabf000 r--p 00000000 00:24 62088010                   /home/andreatp/.sdkman/candidates/java/25-tem/lib/libjli.so
7f19ddabf000-7f19ddad0000 r-xp 00003000 00:24 62088010                   /home/andreatp/.sdkman/candidates/java/25-tem/lib/libjli.so
7f19ddad0000-7f19ddad7000 r--p 00014000 00:24 62088010                   /home/andreatp/.sdkman/candidates/java/25-tem/lib/libjli.so
7f19ddad7000-7f19ddad8000 r--p 0001a000 00:24 62088010                   /home/andreatp/.sdkman/candidates/java/25-tem/lib/libjli.so
7f19ddad8000-7f19ddad9000 rw-p 0001b000 00:24 62088010                   /home/andreatp/.sdkman/candidates/java/25-tem/lib/libjli.so
7f19ddad9000-7f19ddadb000 rw-p 00000000 00:00 0 
7f19ddadb000-7f19ddadf000 r--p 00000000 00:00 0                          [vvar]
7f19ddadf000-7f19ddae1000 r--p 00000000 00:00 0                          [vvar_vclock]
7f19ddae1000-7f19ddae3000 r-xp 00000000 00:00 0                          [vdso]
7f19ddae3000-7f19ddb0d000 r-xp 00000000 00:24 16857119                   /usr/lib64/ld-linux-x86-64.so.2
7f19ddb0d000-7f19ddb18000 r--p 0002a000 00:24 16857119                   /usr/lib64/ld-linux-x86-64.so.2
7f19ddb18000-7f19ddb1a000 r--p 00035000 00:24 16857119                   /usr/lib64/ld-linux-x86-64.so.2
7f19ddb1a000-7f19ddb1b000 rw-p 00037000 00:24 16857119                   /usr/lib64/ld-linux-x86-64.so.2
7f19ddb1b000-7f19ddb1c000 rw-p 00000000 00:00 0 
7ffc0208d000-7ffc020af000 rw-p 00000000 00:00 0                          [stack]
ffffffffff600000-ffffffffff601000 --xp 00000000 00:00 0                  [vsyscall]
Total number of mappings: 343

JVMTI agents: none


VM Arguments:
jvm_args: --enable-preview --enable-native-access=ALL-UNNAMED 
java_command: /home/andreatp/workspace/chicory2/cranelift-compiler/target/surefire/surefirebooter-20260311190130144_3.jar /home/andreatp/workspace/chicory2/cranelift-compiler/target/surefire 2026-03-11T19-01-30_090-jvmRun1 surefire-20260311190130144_1tmp surefire_0-20260311190130144_2tmp
java_class_path (initial): /home/andreatp/workspace/chicory2/cranelift-compiler/target/surefire/surefirebooter-20260311190130144_3.jar
Launcher Type: SUN_STANDARD

[Global flags]
     intx CICompilerCount                          = 12                                        {product} {ergonomic}
     uint ConcGCThreads                            = 3                                         {product} {ergonomic}
     uint G1ConcRefinementThreads                  = 13                                        {product} {ergonomic}
   size_t G1HeapRegionSize                         = 8388608                                   {product} {ergonomic}
   size_t InitialHeapSize                          = 1048576000                                {product} {ergonomic}
   size_t MarkStackSize                            = 4194304                                   {product} {ergonomic}
   size_t MarkStackSizeMax                         = 536870912                                 {product} {ergonomic}
   size_t MaxHeapSize                              = 16777216000                               {product} {ergonomic}
   size_t MaxNewSize                               = 10066329600                               {product} {ergonomic}
   size_t MinHeapDeltaBytes                        = 8388608                                   {product} {ergonomic}
   size_t MinHeapSize                              = 8388608                                   {product} {ergonomic}
    uintx NonNMethodCodeHeapSize                   = 7602176                                {pd product} {ergonomic}
    uintx NonProfiledCodeHeapSize                  = 122032128                              {pd product} {ergonomic}
    uintx ProfiledCodeHeapSize                     = 122023936                              {pd product} {ergonomic}
    uintx ReservedCodeCacheSize                    = 251658240                              {pd product} {ergonomic}
     bool SegmentedCodeCache                       = true                                      {product} {ergonomic}
   size_t SoftMaxHeapSize                          = 16777216000                            {manageable} {ergonomic}
     bool UseCompressedOops                        = true                           {product lp64_product} {ergonomic}
     bool UseG1GC                                  = true                                      {product} {ergonomic}

Logging:
Log output configuration:
 #0: stdout all=warning uptime,level,tags foldmultilines=false
 #1: stderr all=off uptime,level,tags foldmultilines=false

Release file:
IMPLEMENTOR="Eclipse Adoptium"
IMPLEMENTOR_VERSION="Temurin-25+36"
JAVA_RUNTIME_VERSION="25+36-LTS"
JAVA_VERSION="25"
JAVA_VERSION_DATE="2025-09-16"
LIBC="gnu"
MODULES="java.base java.compiler java.datatransfer java.xml java.prefs java.desktop java.instrument java.logging java.management java.security.sasl java.naming java.rmi java.management.rmi java.net.http java.scripting java.security.jgss java.transaction.xa java.sql java.sql.rowset java.xml.crypto java.se java.smartcardio jdk.accessibility jdk.internal.jvmstat jdk.attach jdk.charsets jdk.internal.opt jdk.zipfs jdk.compiler jdk.crypto.cryptoki jdk.crypto.ec jdk.dynalink jdk.internal.ed jdk.editpad jdk.internal.vm.ci jdk.graal.compiler jdk.graal.compiler.management jdk.hotspot.agent jdk.httpserver jdk.incubator.vector jdk.internal.le jdk.internal.md jdk.jartool jdk.javadoc jdk.jcmd jdk.management jdk.management.agent jdk.jconsole jdk.jdeps jdk.jdwp.agent jdk.jdi jdk.jfr jdk.jlink jdk.jpackage jdk.jshell jdk.jsobject jdk.jstatd jdk.localedata jdk.management.jfr jdk.naming.dns jdk.naming.rmi jdk.net jdk.nio.mapmode jdk.sctp jdk.security.auth jdk.security.jgss jdk.unsupported jdk.unsupported.desktop jdk.xml.dom"
OS_ARCH="x86_64"
OS_NAME="Linux"
SOURCE=".:git:ef82ae723551"
BUILD_SOURCE="git:b7337f50fb2a765519e79674ae790c2a7450149e"
BUILD_SOURCE_REPO="https://github.com/adoptium/temurin-build.git"
SOURCE_REPO="https://github.com/adoptium/jdk.git"
FULL_VERSION="25+36-LTS"
SEMANTIC_VERSION="25+36"
BUILD_INFO="OS: Linux Version: 6.8.0-1031-azure"
JVM_VARIANT="Hotspot"
JVM_VERSION="25+36-LTS"
IMAGE_TYPE="JDK"

Environment Variables:
JAVA_HOME=/home/andreatp/.sdkman/candidates/java/current
PATH=/home/andreatp/.jbang/bin:/home/andreatp/Downloads/google-cloud-sdk/bin:/home/andreatp/.pyenv/shims:/home/andreatp/.pyenv/bin:/home/andreatp/.nvm/versions/node/v24.2.0/bin:/home/andreatp/.sdkman/candidates/visualvm/current/bin:/home/andreatp/.sdkman/candidates/sbt/current/bin:/home/andreatp/.sdkman/candidates/maven/current/bin:/home/andreatp/.sdkman/candidates/jbang/current/bin:/home/andreatp/.sdkman/candidates/java/current/bin:/home/andreatp/.sdkman/candidates/gradle/current/bin:/home/andreatp/.local/share/swiftly/bin:/home/andreatp/.local/bin:/home/andreatp/.cargo/bin:/usr/local/bin:/usr/bin:/var/lib/snapd/snap/bin:/home/andreatp/.rvm/bin:/usr/local/go/bin:/home/andreatp/.wasmtime/bin:/home/andreatp/.cargo/bin:/home/andreatp/.rvm/bin
USERNAME=andreatp
SHELL=/usr/bin/zsh
DISPLAY=:0
LANG=en_US.UTF-8
TERM=dumb

Active Locale:
LC_ALL=en_US.UTF-8
LC_COLLATE=en_US.UTF-8
LC_CTYPE=en_US.UTF-8
LC_MESSAGES=en_US.UTF-8
LC_MONETARY=en_US.UTF-8
LC_NUMERIC=en_US.UTF-8
LC_TIME=en_US.UTF-8

Signal Handlers:
   SIGSEGV: crash_handler in libjvm.so, mask=11100100010111111101111111111110, flags=SA_RESTART|SA_SIGINFO, unblocked
    SIGBUS: crash_handler in libjvm.so, mask=11100100010111111101111111111110, flags=SA_RESTART|SA_SIGINFO, unblocked
    SIGFPE: crash_handler in libjvm.so, mask=11100100010111111101111111111110, flags=SA_RESTART|SA_SIGINFO, unblocked
   SIGPIPE: javaSignalHandler in libjvm.so, mask=11100100010111111101111111111110, flags=SA_RESTART|SA_SIGINFO, blocked
   SIGXFSZ: javaSignalHandler in libjvm.so, mask=11100100010111111101111111111110, flags=SA_RESTART|SA_SIGINFO, blocked
    SIGILL: crash_handler in libjvm.so, mask=11100100010111111101111111111110, flags=SA_RESTART|SA_SIGINFO, unblocked
   SIGUSR2: SR_handler in libjvm.so, mask=00000000000000000000000000000000, flags=SA_RESTART|SA_SIGINFO, blocked
    SIGHUP: UserHandler in libjvm.so, mask=11100100010111111101111111111110, flags=SA_RESTART|SA_SIGINFO, blocked
    SIGINT: UserHandler in libjvm.so, mask=11100100010111111101111111111110, flags=SA_RESTART|SA_SIGINFO, blocked
   SIGTERM: UserHandler in libjvm.so, mask=11100100010111111101111111111110, flags=SA_RESTART|SA_SIGINFO, blocked
   SIGQUIT: UserHandler in libjvm.so, mask=11100100010111111101111111111110, flags=SA_RESTART|SA_SIGINFO, blocked
   SIGTRAP: crash_handler in libjvm.so, mask=11100100010111111101111111111110, flags=SA_RESTART|SA_SIGINFO, unblocked


Compilation memory statistics disabled.

Periodic native trim disabled

---------------  S Y S T E M  ---------------

OS:
Fedora release 42 (Adams)
uname: Linux 6.18.8-100.fc42.x86_64 #1 SMP PREEMPT_DYNAMIC Fri Jan 30 19:22:23 UTC 2026 x86_64
OS uptime: 0 days 9:03 hours
libc: glibc 2.41 NPTL 2.41 
rlimit (soft/hard): STACK 12500k/infinity , CORE infinity/infinity , NPROC 255769/255769 , NOFILE 524288/524288 , AS infinity/infinity , CPU infinity/infinity , DATA infinity/infinity , FSIZE infinity/infinity , MEMLOCK 8192k/8192k
load average: 6.34 2.04 0.96

/proc/meminfo:
MemTotal:       65528664 kB
MemFree:        12584904 kB
MemAvailable:   38213356 kB
Buffers:           15960 kB
Cached:         29990136 kB
SwapCached:            0 kB
Active:         28314836 kB
Inactive:       17799572 kB
Active(anon):   21184280 kB
Inactive(anon):        0 kB
Active(file):    7130556 kB
Inactive(file): 17799572 kB
Unevictable:     3859996 kB
Mlocked:            5816 kB
SwapTotal:       8388604 kB
SwapFree:        8388604 kB
Zswap:                 0 kB
Zswapped:              0 kB
Dirty:             16992 kB
Writeback:             0 kB
AnonPages:      19969056 kB
Mapped:          2285552 kB
Shmem:           5071164 kB
KReclaimable:    1425652 kB
Slab:            2226700 kB
SReclaimable:    1425652 kB
SUnreclaim:       801048 kB
KernelStack:       58720 kB
PageTables:       222332 kB
SecPageTables:      4188 kB
NFS_Unstable:          0 kB
Bounce:                0 kB
WritebackTmp:          0 kB
CommitLimit:    41152936 kB
Committed_AS:   108909532 kB
VmallocTotal:   34359738367 kB
VmallocUsed:      189676 kB
VmallocChunk:          0 kB
Percpu:            15360 kB
HardwareCorrupted:     0 kB
AnonHugePages:         0 kB
ShmemHugePages:  3786752 kB
ShmemPmdMapped:        0 kB
FileHugePages:         0 kB
FilePmdMapped:         0 kB
CmaTotal:              0 kB
CmaFree:               0 kB
Unaccepted:            0 kB
Balloon:               0 kB
HugePages_Total:       0
HugePages_Free:        0
HugePages_Rsvd:        0
HugePages_Surp:        0
Hugepagesize:       2048 kB
Hugetlb:               0 kB
DirectMap4k:      452032 kB
DirectMap2M:    16021504 kB
DirectMap1G:    51380224 kB

/sys/kernel/mm/transparent_hugepage/enabled: always [madvise] never
/sys/kernel/mm/transparent_hugepage/hpage_pmd_size: 2097152
/sys/kernel/mm/transparent_hugepage/shmem_enabled: always within_size advise [never] deny force
/sys/kernel/mm/transparent_hugepage/defrag (defrag/compaction efforts parameter): always defer defer+madvise [madvise] never

Process Memory:
Virtual Size: 21407348K (peak: 21407444K)
Resident Set Size: 629916K (peak: 1597320K) (anon: 603200K, file: 26684K, shmem: 32K)
Swapped out: 0K
C-Heap outstanding allocations: 156043K, retained: 187172K
glibc malloc tunables: (default)

/proc/sys/kernel/threads-max (system-wide limit on the number of threads): 511538
/proc/sys/vm/max_map_count (maximum number of memory map areas a process may have): 1048576
/proc/sys/vm/swappiness (control to define how aggressively the kernel swaps out anonymous memory): 60
/proc/sys/kernel/pid_max (system-wide limit on number of process identifiers): 4194304

container information not found.
Steal ticks since vm start: 0
Steal ticks percentage since vm start:  0.000

CPU: total 16 (initial active 16) (8 cores per cpu, 2 threads per core) family 6 model 141 stepping 1 microcode 0x58, cx8, cmov, fxsr, ht, mmx, 3dnowpref, sse, sse2, sse3, ssse3, sse4.1, sse4.2, popcnt, lzcnt, tsc, tscinvbit, avx, avx2, aes, erms, clmul, bmi1, bmi2, adx, avx512f, avx512dq, avx512cd, avx512bw, avx512vl, sha, fma, vzeroupper, avx512_vpopcntdq, avx512_vpclmulqdq, avx512_vaes, avx512_vnni, clflush, clflushopt, clwb, avx512_vbmi2, avx512_vbmi, rdtscp, rdpid, fsrm, gfni, avx512_bitalg, f16c, pku, ospke, cet_ibt, cet_ss, avx512_ifma
CPU Model and flags from /proc/cpuinfo:
model name	: 11th Gen Intel(R) Core(TM) i7-11850H @ 2.50GHz
flags		: fpu vme de pse tsc msr pae mce cx8 apic sep mtrr pge mca cmov pat pse36 clflush dts acpi mmx fxsr sse sse2 ss ht tm pbe syscall nx pdpe1gb rdtscp lm constant_tsc art arch_perfmon pebs bts rep_good nopl xtopology nonstop_tsc cpuid aperfmperf tsc_known_freq pni pclmulqdq dtes64 monitor ds_cpl vmx smx est tm2 ssse3 sdbg fma cx16 xtpr pdcm pcid sse4_1 sse4_2 x2apic movbe popcnt tsc_deadline_timer aes xsave avx f16c rdrand lahf_lm abm 3dnowprefetch cpuid_fault epb cat_l2 cdp_l2 ssbd ibrs ibpb stibp ibrs_enhanced tpr_shadow flexpriority ept vpid ept_ad fsgsbase tsc_adjust bmi1 avx2 smep bmi2 erms invpcid rdt_a avx512f avx512dq rdseed adx smap avx512ifma clflushopt clwb intel_pt avx512cd sha_ni avx512bw avx512vl xsaveopt xsavec xgetbv1 xsaves split_lock_detect user_shstk dtherm ida arat pln pts hwp hwp_notify hwp_act_window hwp_epp hwp_pkg_req vnmi avx512vbmi umip pku ospke avx512_vbmi2 gfni vaes vpclmulqdq avx512_vnni avx512_bitalg avx512_vpopcntdq rdpid movdiri movdir64b fsrm avx512_vp2intersect md_clear ibt flush_l1d arch_capabilities

Online cpus: 0-15
Offline cpus: 
BIOS frequency limitation: <Not Available>
Frequency switch latency (ns): 0
Available cpu frequencies: <Not Available>
Current governor: powersave
Core performance/turbo boost: <Not Available>

Memory: 4k page, physical 65528664k(38213356k free), swap 8388604k(8388604k free)
Page Sizes: 4k

vm_info: OpenJDK 64-Bit Server VM (25+36-LTS) for linux-amd64 JRE (25+36-LTS), built on 2025-09-16T00:00:00Z with gcc 14.2.0

END.
