#
# A fatal error has been detected by the Java Runtime Environment:
#
#  SIGSEGV (0xb) at pc=0x00007f0be400e034, pid=148191, tid=148193
#
# JRE version: OpenJDK Runtime Environment Temurin-25+36 (25.0+36) (build 25+36-LTS)
# Java VM: OpenJDK 64-Bit Server VM Temurin-25+36 (25+36-LTS, mixed mode, sharing, tiered, compressed oops, compressed class ptrs, g1 gc, linux-amd64)
# Problematic frame:
# C  0x00007f0be400e034
#
# Core dump will be written. Default location: Core dumps may be processed with "/usr/lib/systemd/systemd-coredump %P %u %g %s %t %c %h %d %F" (or dumping to /home/andreatp/workspace/chicory2/cranelift-compiler/core.148191)
#
# If you would like to submit a bug report, please visit:
#   https://github.com/adoptium/adoptium-support/issues
# The crash happened outside the Java Virtual Machine in native code.
# See problematic frame for where to report the bug.
#

---------------  S U M M A R Y ------------

Command Line: --enable-preview --enable-native-access=ALL-UNNAMED /home/andreatp/workspace/chicory2/cranelift-compiler/target/surefire/surefirebooter-20260311191306710_3.jar /home/andreatp/workspace/chicory2/cranelift-compiler/target/surefire 2026-03-11T19-13-06_619-jvmRun1 surefire-20260311191306710_1tmp surefire_0-20260311191306710_2tmp

Host: 11th Gen Intel(R) Core(TM) i7-11850H @ 2.50GHz, 16 cores, 62G, Fedora release 42 (Adams)
Time: Wed Mar 11 19:13:25 2026 WET elapsed time: 18.851363 seconds (0d 0h 0m 18s)

---------------  T H R E A D  ---------------

Current thread (0x00007f0c1002b810):  JavaThread "main"             [_thread_in_native, id=148193, stack(0x00007f0c15d00000,0x00007f0c15e00000) (1024K)]

Stack: [0x00007f0c15d00000,0x00007f0c15e00000],  sp=0x00007f0c15dfc540,  free space=1009k
Native frames: (J=compiled Java code, j=interpreted, Vv=VM code, C=native code)
C  0x00007f0be400e034
v  ~RuntimeStub::nep_invoker_blob 0x00007f0bffb7de1d
j  java.lang.invoke.LambdaForm$MH+0x00000000191ae400.invoke(Ljava/lang/Object;JJJ)V+12 java.base@25
j  java.lang.invoke.LambdaForm$MH+0x00000000191b8800.invokeExact_MT(Ljava/lang/Object;JJJLjava/lang/Object;)V+23 java.base@25
j  jdk.internal.foreign.abi.DowncallStub+0x00000000191ae800.invoke(Ljava/lang/foreign/SegmentAllocator;Ljava/lang/foreign/MemorySegment;Ljava/lang/foreign/MemorySegment;Ljava/lang/foreign/MemorySegment;)V+113 java.base@25
j  java.lang.invoke.DirectMethodHandle$Holder.invokeStatic(Ljava/lang/Object;Ljava/lang/Object;Ljava/lang/Object;Ljava/lang/Object;Ljava/lang/Object;)V+16 java.base@25
j  java.lang.invoke.LambdaForm$MH+0x00000000191b8000.invoke(Ljava/lang/Object;Ljava/lang/Object;Ljava/lang/Object;)Ljava/lang/Object;+76 java.base@25
J 7652 c1 java.lang.invoke.LambdaForm$MH+0x00000000191b5800.invoke(Ljava/lang/Object;Ljava/lang/Object;Ljava/lang/Object;)Ljava/lang/Object; java.base@25 (56 bytes) @ 0x00007f0bf9cdbef4 [0x00007f0bf9cdb480+0x0000000000000a74]
J 9119 c1 java.lang.invoke.MethodHandle.invokeWithArguments([Ljava/lang/Object;)Ljava/lang/Object; java.base@25 (32 bytes) @ 0x00007f0bf86266fc [0x00007f0bf8626000+0x00000000000006fc]
J 8880 c1 com.dylibso.chicory.cranelift.compiler.NativeMachine.call(I[J)[J (669 bytes) @ 0x00007f0bf8474f04 [0x00007f0bf846f900+0x0000000000005604]
J 5976 c2 com.dylibso.chicory.runtime.Instance$Exports$$Lambda+0x000000001912a940.apply([J)[J (13 bytes) @ 0x00007f0c00373300 [0x00007f0c00373080+0x0000000000000280]
j  com.dylibso.chicory.test.gen.SpecV1MemoryGrowTest.lambda$test4$0(Lcom/dylibso/chicory/runtime/ExportFunction;)V+7
j  com.dylibso.chicory.test.gen.SpecV1MemoryGrowTest$$Lambda+0x000000001929a300.execute()V+4
J 7203 c1 org.junit.jupiter.api.AssertThrows.assertThrows(Ljava/lang/Class;Lorg/junit/jupiter/api/function/Executable;Ljava/lang/Object;)Ljava/lang/Throwable; (85 bytes) @ 0x00007f0bf9b9427c [0x00007f0bf9b94180+0x00000000000000fc]
J 7201 c1 org.junit.jupiter.api.Assertions.assertThrows(Ljava/lang/Class;Lorg/junit/jupiter/api/function/Executable;)Ljava/lang/Throwable; (6 bytes) @ 0x00007f0bf9b93f1c [0x00007f0bf9b93e80+0x000000000000009c]
j  com.dylibso.chicory.test.gen.SpecV1MemoryGrowTest.test4()V+20
J 8253 c2 java.lang.invoke.LambdaForm$DMH+0x00000000190fc000.invokeVirtual(Ljava/lang/Object;Ljava/lang/Object;)V java.base@25 (14 bytes) @ 0x00007f0c005d6540 [0x00007f0c005d6500+0x0000000000000040]
J 8318 c2 java.lang.invoke.LambdaForm$MH+0x00000000190fc800.invoke(Ljava/lang/Object;Ljava/lang/Object;)Ljava/lang/Object; java.base@25 (36 bytes) @ 0x00007f0c005f1cf4 [0x00007f0c005f1c80+0x0000000000000074]
J 8106 c2 org.junit.platform.commons.util.ReflectionUtils.invokeMethod(Ljava/lang/reflect/Method;Ljava/lang/Object;[Ljava/lang/Object;)Ljava/lang/Object; (55 bytes) @ 0x00007f0c00552588 [0x00007f0c00551d80+0x0000000000000808]
J 8129 c2 org.junit.jupiter.engine.execution.InvocationInterceptorChain$InterceptedInvocation.proceed()Ljava/lang/Object; (18 bytes) @ 0x00007f0c0055934c [0x00007f0c00558b80+0x00000000000007cc]
J 8221 c2 org.junit.jupiter.engine.descriptor.TestMethodTestDescriptor.invokeTestMethod(Lorg/junit/jupiter/engine/execution/JupiterEngineExecutionContext;Lorg/junit/platform/engine/support/hierarchical/Node$DynamicTestExecutor;)V (25 bytes) @ 0x00007f0c005b032c [0x00007f0c005af280+0x00000000000010ac]
J 8649 c2 org.junit.jupiter.engine.descriptor.TestMethodTestDescriptor.execute(Lorg/junit/platform/engine/support/hierarchical/EngineExecutionContext;Lorg/junit/platform/engine/support/hierarchical/Node$DynamicTestExecutor;)Lorg/junit/platform/engine/support/hierarchical/EngineExecutionContext; (10 bytes) @ 0x00007f0c0068ddac [0x00007f0c0068dc00+0x00000000000001ac]
J 8263 c2 org.junit.platform.engine.support.hierarchical.SameThreadHierarchicalTestExecutorService$$Lambda+0x00000000190e3100.accept(Ljava/lang/Object;)V (10 bytes) @ 0x00007f0c0060ae24 [0x00007f0c00608d00+0x0000000000002124]
J 2396 c2 java.util.ArrayList.forEach(Ljava/util/function/Consumer;)V java.base@25 (74 bytes) @ 0x00007f0c000a7164 [0x00007f0c000a7080+0x00000000000000e4]
j  org.junit.platform.engine.support.hierarchical.SameThreadHierarchicalTestExecutorService.invokeAll(Ljava/util/List;)V+6
J 8263 c2 org.junit.platform.engine.support.hierarchical.SameThreadHierarchicalTestExecutorService$$Lambda+0x00000000190e3100.accept(Ljava/lang/Object;)V (10 bytes) @ 0x00007f0c0060ca28 [0x00007f0c00608d00+0x0000000000003d28]
J 2396 c2 java.util.ArrayList.forEach(Ljava/util/function/Consumer;)V java.base@25 (74 bytes) @ 0x00007f0c000a7164 [0x00007f0c000a7080+0x00000000000000e4]
j  org.junit.platform.engine.support.hierarchical.SameThreadHierarchicalTestExecutorService.invokeAll(Ljava/util/List;)V+6
j  org.junit.platform.engine.support.hierarchical.NodeTestTask.lambda$executeRecursively$6()V+116
j  org.junit.platform.engine.support.hierarchical.NodeTestTask$$Lambda+0x00000000190e25c0.execute()V+4
j  org.junit.platform.engine.support.hierarchical.ThrowableCollector.execute(Lorg/junit/platform/engine/support/hierarchical/ThrowableCollector$Executable;)V+1
j  org.junit.platform.engine.support.hierarchical.NodeTestTask.lambda$executeRecursively$8(Lorg/junit/platform/engine/support/hierarchical/EngineExecutionContext;)V+15
j  org.junit.platform.engine.support.hierarchical.NodeTestTask$$Lambda+0x00000000190e2390.invoke(Lorg/junit/platform/engine/support/hierarchical/EngineExecutionContext;)V+5
j  org.junit.platform.engine.support.hierarchical.Node.around(Lorg/junit/platform/engine/support/hierarchical/EngineExecutionContext;Lorg/junit/platform/engine/support/hierarchical/Node$Invocation;)V+2
j  org.junit.platform.engine.support.hierarchical.NodeTestTask.lambda$executeRecursively$9()V+14
j  org.junit.platform.engine.support.hierarchical.NodeTestTask$$Lambda+0x00000000190e2160.execute()V+4
j  org.junit.platform.engine.support.hierarchical.ThrowableCollector.execute(Lorg/junit/platform/engine/support/hierarchical/ThrowableCollector$Executable;)V+1
j  org.junit.platform.engine.support.hierarchical.NodeTestTask.executeRecursively()V+31
j  org.junit.platform.engine.support.hierarchical.NodeTestTask.execute()V+55
j  org.junit.platform.engine.support.hierarchical.SameThreadHierarchicalTestExecutorService.submit(Lorg/junit/platform/engine/support/hierarchical/HierarchicalTestExecutorService$TestTask;)Ljava/util/concurrent/Future;+1
j  org.junit.platform.engine.support.hierarchical.HierarchicalTestExecutor.execute()Ljava/util/concurrent/Future;+74
j  org.junit.platform.engine.support.hierarchical.HierarchicalTestEngine.execute(Lorg/junit/platform/engine/ExecutionRequest;)V+31
j  org.junit.platform.launcher.core.EngineExecutionOrchestrator.executeEngine(Lorg/junit/platform/engine/TestDescriptor;Lorg/junit/platform/engine/EngineExecutionListener;Lorg/junit/platform/engine/ConfigurationParameters;Lorg/junit/platform/engine/TestEngine;Lorg/junit/platform/engine/OutputDirectoryCreator;Lorg/junit/platform/launcher/core/DiscoveryIssueNotifier;Lorg/junit/platform/engine/support/store/NamespacedHierarchicalStore;)V+24
j  org.junit.platform.launcher.core.EngineExecutionOrchestrator.failOrExecuteEngine(Lorg/junit/platform/launcher/core/LauncherDiscoveryResult;Lorg/junit/platform/engine/EngineExecutionListener;Lorg/junit/platform/engine/TestEngine;Lorg/junit/platform/engine/support/store/NamespacedHierarchicalStore;)V+124
j  org.junit.platform.launcher.core.EngineExecutionOrchestrator.execute(Lorg/junit/platform/launcher/core/LauncherDiscoveryResult;Lorg/junit/platform/engine/EngineExecutionListener;Lorg/junit/platform/engine/support/store/NamespacedHierarchicalStore;)V+68
j  org.junit.platform.launcher.core.EngineExecutionOrchestrator.execute(Lorg/junit/platform/launcher/core/InternalTestPlan;Lorg/junit/platform/engine/EngineExecutionListener;Lorg/junit/platform/launcher/TestExecutionListener;Lorg/junit/platform/engine/support/store/NamespacedHierarchicalStore;)V+57
j  org.junit.platform.launcher.core.EngineExecutionOrchestrator.lambda$execute$0(Lorg/junit/platform/launcher/core/InternalTestPlan;Lorg/junit/platform/engine/support/store/NamespacedHierarchicalStore;Lorg/junit/platform/launcher/TestExecutionListener;)V+7
j  org.junit.platform.launcher.core.EngineExecutionOrchestrator$$Lambda+0x00000000190d16e0.accept(Ljava/lang/Object;)V+16
j  org.junit.platform.launcher.core.EngineExecutionOrchestrator.withInterceptedStreams(Lorg/junit/platform/engine/ConfigurationParameters;Lorg/junit/platform/launcher/core/ListenerRegistry;Ljava/util/function/Consumer;)V+51
j  org.junit.platform.launcher.core.EngineExecutionOrchestrator.execute(Lorg/junit/platform/launcher/core/InternalTestPlan;Lorg/junit/platform/engine/support/store/NamespacedHierarchicalStore;[Lorg/junit/platform/launcher/TestExecutionListener;)V+26
j  org.junit.platform.launcher.core.DefaultLauncher.execute(Lorg/junit/platform/launcher/core/InternalTestPlan;[Lorg/junit/platform/launcher/TestExecutionListener;)V+12
j  org.junit.platform.launcher.core.DefaultLauncher.execute(Lorg/junit/platform/launcher/LauncherDiscoveryRequest;[Lorg/junit/platform/launcher/TestExecutionListener;)V+34
j  org.junit.platform.launcher.core.DelegatingLauncher.execute(Lorg/junit/platform/launcher/LauncherDiscoveryRequest;[Lorg/junit/platform/launcher/TestExecutionListener;)V+6
j  org.junit.platform.launcher.core.InterceptingLauncher.lambda$execute$1(Lorg/junit/platform/launcher/LauncherDiscoveryRequest;[Lorg/junit/platform/launcher/TestExecutionListener;)Ljava/lang/Object;+3
j  org.junit.platform.launcher.core.InterceptingLauncher$$Lambda+0x00000000190d14b0.proceed()Ljava/lang/Object;+12
j  org.junit.platform.launcher.core.ClasspathAlignmentCheckingLauncherInterceptor.intercept(Lorg/junit/platform/launcher/LauncherInterceptor$Invocation;)Ljava/lang/Object;+1
j  org.junit.platform.launcher.core.InterceptingLauncher.execute(Lorg/junit/platform/launcher/LauncherDiscoveryRequest;[Lorg/junit/platform/launcher/TestExecutionListener;)V+12
j  org.junit.platform.launcher.core.DelegatingLauncher.execute(Lorg/junit/platform/launcher/LauncherDiscoveryRequest;[Lorg/junit/platform/launcher/TestExecutionListener;)V+6
j  org.apache.maven.surefire.junitplatform.LauncherAdapter.executeWithoutCancellationToken(Lorg/junit/platform/launcher/LauncherDiscoveryRequest;[Lorg/junit/platform/launcher/TestExecutionListener;)V+6
j  org.apache.maven.surefire.junitplatform.LauncherAdapter.execute(Lorg/junit/platform/launcher/LauncherDiscoveryRequest;[Lorg/junit/platform/launcher/TestExecutionListener;)V+10
j  org.apache.maven.surefire.junitplatform.JUnitPlatformProvider.execute(Lorg/apache/maven/surefire/junitplatform/LauncherAdapter;Lorg/apache/maven/surefire/api/util/TestsToRun;Lorg/apache/maven/surefire/junitplatform/RunListenerAdapter;)V+61
j  org.apache.maven.surefire.junitplatform.JUnitPlatformProvider.invokeAllTests(Lorg/apache/maven/surefire/junitplatform/LauncherAdapter;Lorg/apache/maven/surefire/api/util/TestsToRun;Lorg/apache/maven/surefire/junitplatform/RunListenerAdapter;)V+36
j  org.apache.maven.surefire.junitplatform.JUnitPlatformProvider.invoke(Ljava/lang/Object;)Lorg/apache/maven/surefire/api/suite/RunResult;+144
j  org.apache.maven.surefire.booter.ForkedBooter.runSuitesInProcess()V+8
j  org.apache.maven.surefire.booter.ForkedBooter.execute()V+1
j  org.apache.maven.surefire.booter.ForkedBooter.run(Lorg/apache/maven/surefire/booter/ForkedBooter;[Ljava/lang/String;)V+27
j  org.apache.maven.surefire.booter.ForkedBooter.main([Ljava/lang/String;)V+10
v  ~StubRoutines::call_stub 0x00007f0bff85ffa6
V  [libjvm.so+0xa21400]  JavaCalls::call_helper(JavaValue*, methodHandle const&, JavaCallArguments*, JavaThread*)+0x2b0
V  [libjvm.so+0xaeae76]  jni_invoke_static(JNIEnv_*, JavaValue*, _jobject*, JNICallType, _jmethodID*, JNI_ArgumentPusher*, JavaThread*) [clone .constprop.1]+0x396
V  [libjvm.so+0xaedd31]  jni_CallStaticVoidMethod+0x161
C  [libjli.so+0xa73a]  invokeStaticMainWithArgs+0x4a
C  [libjli.so+0xb7c0]  JavaMain+0xeb0
C  [libjli.so+0xed49]  ThreadJavaMain+0x9
C  [libc.so.6+0x71f14]  start_thread+0x2e4
Java frames: (J=compiled Java code, j=interpreted, Vv=VM code)
v  ~RuntimeStub::nep_invoker_blob 0x00007f0bffb7dde4
j  java.lang.invoke.LambdaForm$MH+0x00000000191ae400.invoke(Ljava/lang/Object;JJJ)V+12 java.base@25
j  java.lang.invoke.LambdaForm$MH+0x00000000191b8800.invokeExact_MT(Ljava/lang/Object;JJJLjava/lang/Object;)V+23 java.base@25
j  jdk.internal.foreign.abi.DowncallStub+0x00000000191ae800.invoke(Ljava/lang/foreign/SegmentAllocator;Ljava/lang/foreign/MemorySegment;Ljava/lang/foreign/MemorySegment;Ljava/lang/foreign/MemorySegment;)V+113 java.base@25
j  java.lang.invoke.DirectMethodHandle$Holder.invokeStatic(Ljava/lang/Object;Ljava/lang/Object;Ljava/lang/Object;Ljava/lang/Object;Ljava/lang/Object;)V+16 java.base@25
j  java.lang.invoke.LambdaForm$MH+0x00000000191b8000.invoke(Ljava/lang/Object;Ljava/lang/Object;Ljava/lang/Object;)Ljava/lang/Object;+76 java.base@25
J 7652 c1 java.lang.invoke.LambdaForm$MH+0x00000000191b5800.invoke(Ljava/lang/Object;Ljava/lang/Object;Ljava/lang/Object;)Ljava/lang/Object; java.base@25 (56 bytes) @ 0x00007f0bf9cdbef4 [0x00007f0bf9cdb480+0x0000000000000a74]
J 9119 c1 java.lang.invoke.MethodHandle.invokeWithArguments([Ljava/lang/Object;)Ljava/lang/Object; java.base@25 (32 bytes) @ 0x00007f0bf86266fc [0x00007f0bf8626000+0x00000000000006fc]
J 8880 c1 com.dylibso.chicory.cranelift.compiler.NativeMachine.call(I[J)[J (669 bytes) @ 0x00007f0bf8474f04 [0x00007f0bf846f900+0x0000000000005604]
J 5976 c2 com.dylibso.chicory.runtime.Instance$Exports$$Lambda+0x000000001912a940.apply([J)[J (13 bytes) @ 0x00007f0c00373300 [0x00007f0c00373080+0x0000000000000280]
j  com.dylibso.chicory.test.gen.SpecV1MemoryGrowTest.lambda$test4$0(Lcom/dylibso/chicory/runtime/ExportFunction;)V+7
j  com.dylibso.chicory.test.gen.SpecV1MemoryGrowTest$$Lambda+0x000000001929a300.execute()V+4
J 7203 c1 org.junit.jupiter.api.AssertThrows.assertThrows(Ljava/lang/Class;Lorg/junit/jupiter/api/function/Executable;Ljava/lang/Object;)Ljava/lang/Throwable; (85 bytes) @ 0x00007f0bf9b9427c [0x00007f0bf9b94180+0x00000000000000fc]
J 7201 c1 org.junit.jupiter.api.Assertions.assertThrows(Ljava/lang/Class;Lorg/junit/jupiter/api/function/Executable;)Ljava/lang/Throwable; (6 bytes) @ 0x00007f0bf9b93f1c [0x00007f0bf9b93e80+0x000000000000009c]
j  com.dylibso.chicory.test.gen.SpecV1MemoryGrowTest.test4()V+20
J 8253 c2 java.lang.invoke.LambdaForm$DMH+0x00000000190fc000.invokeVirtual(Ljava/lang/Object;Ljava/lang/Object;)V java.base@25 (14 bytes) @ 0x00007f0c005d6540 [0x00007f0c005d6500+0x0000000000000040]
J 8318 c2 java.lang.invoke.LambdaForm$MH+0x00000000190fc800.invoke(Ljava/lang/Object;Ljava/lang/Object;)Ljava/lang/Object; java.base@25 (36 bytes) @ 0x00007f0c005f1cf4 [0x00007f0c005f1c80+0x0000000000000074]
J 8106 c2 org.junit.platform.commons.util.ReflectionUtils.invokeMethod(Ljava/lang/reflect/Method;Ljava/lang/Object;[Ljava/lang/Object;)Ljava/lang/Object; (55 bytes) @ 0x00007f0c00552588 [0x00007f0c00551d80+0x0000000000000808]
J 8129 c2 org.junit.jupiter.engine.execution.InvocationInterceptorChain$InterceptedInvocation.proceed()Ljava/lang/Object; (18 bytes) @ 0x00007f0c0055934c [0x00007f0c00558b80+0x00000000000007cc]
J 8221 c2 org.junit.jupiter.engine.descriptor.TestMethodTestDescriptor.invokeTestMethod(Lorg/junit/jupiter/engine/execution/JupiterEngineExecutionContext;Lorg/junit/platform/engine/support/hierarchical/Node$DynamicTestExecutor;)V (25 bytes) @ 0x00007f0c005b032c [0x00007f0c005af280+0x00000000000010ac]
J 8649 c2 org.junit.jupiter.engine.descriptor.TestMethodTestDescriptor.execute(Lorg/junit/platform/engine/support/hierarchical/EngineExecutionContext;Lorg/junit/platform/engine/support/hierarchical/Node$DynamicTestExecutor;)Lorg/junit/platform/engine/support/hierarchical/EngineExecutionContext; (10 bytes) @ 0x00007f0c0068ddac [0x00007f0c0068dc00+0x00000000000001ac]
J 8263 c2 org.junit.platform.engine.support.hierarchical.SameThreadHierarchicalTestExecutorService$$Lambda+0x00000000190e3100.accept(Ljava/lang/Object;)V (10 bytes) @ 0x00007f0c0060ae24 [0x00007f0c00608d00+0x0000000000002124]
J 2396 c2 java.util.ArrayList.forEach(Ljava/util/function/Consumer;)V java.base@25 (74 bytes) @ 0x00007f0c000a7164 [0x00007f0c000a7080+0x00000000000000e4]
j  org.junit.platform.engine.support.hierarchical.SameThreadHierarchicalTestExecutorService.invokeAll(Ljava/util/List;)V+6
J 8263 c2 org.junit.platform.engine.support.hierarchical.SameThreadHierarchicalTestExecutorService$$Lambda+0x00000000190e3100.accept(Ljava/lang/Object;)V (10 bytes) @ 0x00007f0c0060ca28 [0x00007f0c00608d00+0x0000000000003d28]
J 2396 c2 java.util.ArrayList.forEach(Ljava/util/function/Consumer;)V java.base@25 (74 bytes) @ 0x00007f0c000a7164 [0x00007f0c000a7080+0x00000000000000e4]
j  org.junit.platform.engine.support.hierarchical.SameThreadHierarchicalTestExecutorService.invokeAll(Ljava/util/List;)V+6
j  org.junit.platform.engine.support.hierarchical.NodeTestTask.lambda$executeRecursively$6()V+116
j  org.junit.platform.engine.support.hierarchical.NodeTestTask$$Lambda+0x00000000190e25c0.execute()V+4
j  org.junit.platform.engine.support.hierarchical.ThrowableCollector.execute(Lorg/junit/platform/engine/support/hierarchical/ThrowableCollector$Executable;)V+1
j  org.junit.platform.engine.support.hierarchical.NodeTestTask.lambda$executeRecursively$8(Lorg/junit/platform/engine/support/hierarchical/EngineExecutionContext;)V+15
j  org.junit.platform.engine.support.hierarchical.NodeTestTask$$Lambda+0x00000000190e2390.invoke(Lorg/junit/platform/engine/support/hierarchical/EngineExecutionContext;)V+5
j  org.junit.platform.engine.support.hierarchical.Node.around(Lorg/junit/platform/engine/support/hierarchical/EngineExecutionContext;Lorg/junit/platform/engine/support/hierarchical/Node$Invocation;)V+2
j  org.junit.platform.engine.support.hierarchical.NodeTestTask.lambda$executeRecursively$9()V+14
j  org.junit.platform.engine.support.hierarchical.NodeTestTask$$Lambda+0x00000000190e2160.execute()V+4
j  org.junit.platform.engine.support.hierarchical.ThrowableCollector.execute(Lorg/junit/platform/engine/support/hierarchical/ThrowableCollector$Executable;)V+1
j  org.junit.platform.engine.support.hierarchical.NodeTestTask.executeRecursively()V+31
j  org.junit.platform.engine.support.hierarchical.NodeTestTask.execute()V+55
j  org.junit.platform.engine.support.hierarchical.SameThreadHierarchicalTestExecutorService.submit(Lorg/junit/platform/engine/support/hierarchical/HierarchicalTestExecutorService$TestTask;)Ljava/util/concurrent/Future;+1
j  org.junit.platform.engine.support.hierarchical.HierarchicalTestExecutor.execute()Ljava/util/concurrent/Future;+74
j  org.junit.platform.engine.support.hierarchical.HierarchicalTestEngine.execute(Lorg/junit/platform/engine/ExecutionRequest;)V+31
j  org.junit.platform.launcher.core.EngineExecutionOrchestrator.executeEngine(Lorg/junit/platform/engine/TestDescriptor;Lorg/junit/platform/engine/EngineExecutionListener;Lorg/junit/platform/engine/ConfigurationParameters;Lorg/junit/platform/engine/TestEngine;Lorg/junit/platform/engine/OutputDirectoryCreator;Lorg/junit/platform/launcher/core/DiscoveryIssueNotifier;Lorg/junit/platform/engine/support/store/NamespacedHierarchicalStore;)V+24
j  org.junit.platform.launcher.core.EngineExecutionOrchestrator.failOrExecuteEngine(Lorg/junit/platform/launcher/core/LauncherDiscoveryResult;Lorg/junit/platform/engine/EngineExecutionListener;Lorg/junit/platform/engine/TestEngine;Lorg/junit/platform/engine/support/store/NamespacedHierarchicalStore;)V+124
j  org.junit.platform.launcher.core.EngineExecutionOrchestrator.execute(Lorg/junit/platform/launcher/core/LauncherDiscoveryResult;Lorg/junit/platform/engine/EngineExecutionListener;Lorg/junit/platform/engine/support/store/NamespacedHierarchicalStore;)V+68
j  org.junit.platform.launcher.core.EngineExecutionOrchestrator.execute(Lorg/junit/platform/launcher/core/InternalTestPlan;Lorg/junit/platform/engine/EngineExecutionListener;Lorg/junit/platform/launcher/TestExecutionListener;Lorg/junit/platform/engine/support/store/NamespacedHierarchicalStore;)V+57
j  org.junit.platform.launcher.core.EngineExecutionOrchestrator.lambda$execute$0(Lorg/junit/platform/launcher/core/InternalTestPlan;Lorg/junit/platform/engine/support/store/NamespacedHierarchicalStore;Lorg/junit/platform/launcher/TestExecutionListener;)V+7
j  org.junit.platform.launcher.core.EngineExecutionOrchestrator$$Lambda+0x00000000190d16e0.accept(Ljava/lang/Object;)V+16
j  org.junit.platform.launcher.core.EngineExecutionOrchestrator.withInterceptedStreams(Lorg/junit/platform/engine/ConfigurationParameters;Lorg/junit/platform/launcher/core/ListenerRegistry;Ljava/util/function/Consumer;)V+51
j  org.junit.platform.launcher.core.EngineExecutionOrchestrator.execute(Lorg/junit/platform/launcher/core/InternalTestPlan;Lorg/junit/platform/engine/support/store/NamespacedHierarchicalStore;[Lorg/junit/platform/launcher/TestExecutionListener;)V+26
j  org.junit.platform.launcher.core.DefaultLauncher.execute(Lorg/junit/platform/launcher/core/InternalTestPlan;[Lorg/junit/platform/launcher/TestExecutionListener;)V+12
j  org.junit.platform.launcher.core.DefaultLauncher.execute(Lorg/junit/platform/launcher/LauncherDiscoveryRequest;[Lorg/junit/platform/launcher/TestExecutionListener;)V+34
j  org.junit.platform.launcher.core.DelegatingLauncher.execute(Lorg/junit/platform/launcher/LauncherDiscoveryRequest;[Lorg/junit/platform/launcher/TestExecutionListener;)V+6
j  org.junit.platform.launcher.core.InterceptingLauncher.lambda$execute$1(Lorg/junit/platform/launcher/LauncherDiscoveryRequest;[Lorg/junit/platform/launcher/TestExecutionListener;)Ljava/lang/Object;+3
j  org.junit.platform.launcher.core.InterceptingLauncher$$Lambda+0x00000000190d14b0.proceed()Ljava/lang/Object;+12
j  org.junit.platform.launcher.core.ClasspathAlignmentCheckingLauncherInterceptor.intercept(Lorg/junit/platform/launcher/LauncherInterceptor$Invocation;)Ljava/lang/Object;+1
j  org.junit.platform.launcher.core.InterceptingLauncher.execute(Lorg/junit/platform/launcher/LauncherDiscoveryRequest;[Lorg/junit/platform/launcher/TestExecutionListener;)V+12
j  org.junit.platform.launcher.core.DelegatingLauncher.execute(Lorg/junit/platform/launcher/LauncherDiscoveryRequest;[Lorg/junit/platform/launcher/TestExecutionListener;)V+6
j  org.apache.maven.surefire.junitplatform.LauncherAdapter.executeWithoutCancellationToken(Lorg/junit/platform/launcher/LauncherDiscoveryRequest;[Lorg/junit/platform/launcher/TestExecutionListener;)V+6
j  org.apache.maven.surefire.junitplatform.LauncherAdapter.execute(Lorg/junit/platform/launcher/LauncherDiscoveryRequest;[Lorg/junit/platform/launcher/TestExecutionListener;)V+10
j  org.apache.maven.surefire.junitplatform.JUnitPlatformProvider.execute(Lorg/apache/maven/surefire/junitplatform/LauncherAdapter;Lorg/apache/maven/surefire/api/util/TestsToRun;Lorg/apache/maven/surefire/junitplatform/RunListenerAdapter;)V+61
j  org.apache.maven.surefire.junitplatform.JUnitPlatformProvider.invokeAllTests(Lorg/apache/maven/surefire/junitplatform/LauncherAdapter;Lorg/apache/maven/surefire/api/util/TestsToRun;Lorg/apache/maven/surefire/junitplatform/RunListenerAdapter;)V+36
j  org.apache.maven.surefire.junitplatform.JUnitPlatformProvider.invoke(Ljava/lang/Object;)Lorg/apache/maven/surefire/api/suite/RunResult;+144
j  org.apache.maven.surefire.booter.ForkedBooter.runSuitesInProcess()V+8
j  org.apache.maven.surefire.booter.ForkedBooter.execute()V+1
j  org.apache.maven.surefire.booter.ForkedBooter.run(Lorg/apache/maven/surefire/booter/ForkedBooter;[Ljava/lang/String;)V+27
j  org.apache.maven.surefire.booter.ForkedBooter.main([Ljava/lang/String;)V+10
v  ~StubRoutines::call_stub 0x00007f0bff85ffa6

siginfo: si_signo: 11 (SIGSEGV), si_code: 2 (SEGV_ACCERR), si_addr: 0x00007f0c10f48090

Registers:
RAX=0x00007f0bb90a2058, RBX=0x00007f0bb90a2058, RCX=0x00007f0c10c70f20, RDX=0x00007f0c10f38090
RSP=0x00007f0c15dfc540, RBP=0x00007f0c15dfc540, RSI=0x00007f0c10c70f20, RDI=0x00007f0c10f38090
R8 =0x000000041b8868c8, R9 =0x000000042a9f99e8, R10=0x00007f0be400e030, R11=0x00007f0c002b5000
R12=0x0000000000000000, R13=0x00007f0c15dfc568, R14=0x00007f0c15dfc630, R15=0x00007f0c1002b810
RIP=0x00007f0be400e034, EFLAGS=0x0000000000010287, CSGSFS=0x002b000000000033, ERR=0x0000000000000006
  TRAPNO=0x000000000000000e

XMM[0]=0x0000000000000000 0x0000000000000000
XMM[1]=0x0000000000000000 0xffeb1e5cffeb1e5c
XMM[2]=0x0000000000000000 0x0000000000000000
XMM[3]=0x0000000000000000 0x000000042ae16920
XMM[4]=0x0000000000000000 0x0000000000000001
XMM[5]=0x0000000000000000 0x00000000ffeb1e5c
XMM[6]=0x0000000000000000 0x000000042adbc218
XMM[7]=0x0000000000000000 0x00000000ffeb86d0
XMM[8]=0x060001edb32cd937 0xf852d974a2c147d2
XMM[9]=0xef207f96ef207f96 0xef207f96bc93d830
XMM[10]=0x0000000000000000 0x00000000cd73589a
XMM[11]=0x546f9f27546f9f27 0x546f9f2711037757
XMM[12]=0x0000000000000000 0x00000000bc93d830
XMM[13]=0x0000000000000000 0x0000000000000000
XMM[14]=0x0000000000000000 0x000000000000fff9
XMM[15]=0x0000000000000000 0x000000008556b322
  MXCSR=0x00001fbf


Register to memory mapping:

RAX={method} {0x00007f0bb90a2058} 'linkToNative' '(JJJLjava/lang/Object;)V' in 'java/lang/invoke/MethodHandle'
RBX={method} {0x00007f0bb90a2058} 'linkToNative' '(JJJLjava/lang/Object;)V' in 'java/lang/invoke/MethodHandle'
RCX=0x00007f0c10c70f20 points into unknown readable memory: 0x00007f0c10f380b0 | b0 80 f3 10 0c 7f 00 00
RDX=0x00007f0c10f38090 points into unknown readable memory: 0x0000000000000002 | 02 00 00 00 00 00 00 00
RSP=0x00007f0c15dfc540 is pointing into the stack for thread: 0x00007f0c1002b810
RBP=0x00007f0c15dfc540 is pointing into the stack for thread: 0x00007f0c1002b810
RSI=0x00007f0c10c70f20 points into unknown readable memory: 0x00007f0c10f380b0 | b0 80 f3 10 0c 7f 00 00
RDI=0x00007f0c10f38090 points into unknown readable memory: 0x0000000000000002 | 02 00 00 00 00 00 00 00
R8 =0x000000041b8868c8 is an oop: jdk.internal.foreign.abi.NativeEntryPoint 
{0x000000041b8868c8} - klass: 'jdk/internal/foreign/abi/NativeEntryPoint' - flags: 

 - ---- fields (total size 3 words):
 - private final 'methodType' 'Ljava/lang/invoke/MethodType;' @12  a 'java/lang/invoke/MethodType'{0x000000041b8006f0} = (JJJ)V (0x837000de)
 - private final 'downcallStubAddress' 'J' @16  139689511607776 (0x00007f0bffb7dde0)
R9 =0x000000042a9f99e8 is an oop: jdk.internal.foreign.NativeMemorySegmentImpl 
{0x000000042a9f99e8} - klass: 'jdk/internal/foreign/NativeMemorySegmentImpl' - flags: 

 - ---- fields (total size 5 words):
 - final 'readOnly' 'Z' @12  false (0x00)
 - final 'length' 'J' @16  0 (0x0000000000000000)
 - final 'scope' 'Ljdk/internal/foreign/MemorySessionImpl;' @24  a 'jdk/internal/foreign/SharedSession'{0x000000042a9f9970} (0x8553f32e)
 - final 'min' 'J' @32  139689800728720 (0x00007f0c10f38090)
R10=0x00007f0be400e030 points into unknown readable memory: 0x000087c7e5894855 | 55 48 89 e5 c7 87 00 00
R11=0x00007f0c002b5000 is at entry_point+0 in (nmethod*)0x00007f0c002b4f08
Compiled method (n/a) 18859 4659     n 0       java.lang.invoke.MethodHandle::linkToNative(JJJL)V (native)
 total in heap  [0x00007f0c002b4f08,0x00007f0c002b5008] = 256
 main code      [0x00007f0c002b5000,0x00007f0c002b5007] = 7
 stub code      [0x00007f0c002b5007,0x00007f0c002b5008] = 1
R12=0x0 is null
R13=0x00007f0c15dfc568 is pointing into the stack for thread: 0x00007f0c1002b810
R14=0x00007f0c15dfc630 is pointing into the stack for thread: 0x00007f0c1002b810
R15=0x00007f0c1002b810 is a thread

Top of Stack: (sp=0x00007f0c15dfc540)
0x00007f0c15dfc540:   00007f0c15dfc550 00007f0bffb7de1d   P...............
0x00007f0c15dfc550:   00007f0c15dfc5e8 00007f0bff867438   ........8t......
0x00007f0c15dfc560:   00007f0bff867438 000000041b8868c8   8t.......h......
0x00007f0c15dfc570:   00007f0c10c70f20 0000000000000000    ...............
0x00007f0c15dfc580:   00007f0c10f38090 0000000000000000   ................
0x00007f0c15dfc590:   00007f0be400e030 0000000000000000   0...............
0x00007f0c15dfc5a0:   fffffffffffffff7 00007f0bb99e5654   ........TV......
0x00007f0c15dfc5b0:   0000000000000009 00007f0bb99e5800   .........X......
0x00007f0c15dfc5c0:   0000000000000000 000000041b886830   ........0h......
0x00007f0c15dfc5d0:   00007f0bb99e5660 fffffffffffffff0   `V..............
0x00007f0c15dfc5e0:   00007f0c15dfc600 00007f0c15dfc680   ................
0x00007f0c15dfc5f0:   00007f0bff867438 000000041b8868c8   8t.......h......
0x00007f0c15dfc600:   00007f0c10c70f20 0000000000000000    ...............
0x00007f0c15dfc610:   00007f0c10f38090 0000000000000000   ................
0x00007f0c15dfc620:   00007f0be400e030 0000000000000000   0...............
0x00007f0c15dfc630:   000000041b886318 fffffffffffffff7   .c..............
0x00007f0c15dfc640:   00007f0bb99f5e9f 0000000000000009   .^..............
0x00007f0c15dfc650:   00007f0bb99f6068 0000000000000000   h`..............
0x00007f0c15dfc660:   000000041b8cc848 00007f0bb99f5eb0   H........^......
0x00007f0c15dfc670:   fffffffffffffff0 00007f0c15dfc690   ................
0x00007f0c15dfc680:   00007f0c15dfc718 00007f0bff867438   ........8t......
0x00007f0c15dfc690:   000000041b8006f0 00007f0c10c70f20   ........ .......
0x00007f0c15dfc6a0:   0000000000000000 00007f0c10f38090   ................
0x00007f0c15dfc6b0:   0000000000000000 00007f0be400e030   ........0.......
0x00007f0c15dfc6c0:   0000000000000000 000000041b886318   .........c......
0x00007f0c15dfc6d0:   fffffffffffffff7 00007f0bb99e60a9   .........`......
0x00007f0c15dfc6e0:   000000000000000f 00007f0bb99e6288   .........b......
0x00007f0c15dfc6f0:   0000000000000000 000000041b886240   ........@b......
0x00007f0c15dfc700:   00007f0bb99e5f38 ffffffffffffffef   8_..............
0x00007f0c15dfc710:   00007f0c15dfc770 00007f0c15dfc7e0   p...............
0x00007f0c15dfc720:   00007f0bff867438 00000007ff5c3da8   8t.......=\.....
0x00007f0c15dfc730:   00000007ff5c3290 000000042a9f9970   .2\.....p..*....

Instructions: (pc=0x00007f0be400e034)
  0x00007f0be400df34:   00 00 00 00 00 00 00 00 00 00 00 00 00 00 00 00
  0x00007f0be400df44:   00 00 00 00 00 00 00 00 00 00 00 00 00 00 00 00
  0x00007f0be400df54:   00 00 00 00 00 00 00 00 00 00 00 00 00 00 00 00
  0x00007f0be400df64:   00 00 00 00 00 00 00 00 00 00 00 00 00 00 00 00
  0x00007f0be400df74:   00 00 00 00 00 00 00 00 00 00 00 00 00 00 00 00
  0x00007f0be400df84:   00 00 00 00 00 00 00 00 00 00 00 00 00 00 00 00
  0x00007f0be400df94:   00 00 00 00 00 00 00 00 00 00 00 00 00 00 00 00
  0x00007f0be400dfa4:   00 00 00 00 00 00 00 00 00 00 00 00 00 00 00 00
  0x00007f0be400dfb4:   00 00 00 00 00 00 00 00 00 00 00 00 00 00 00 00
  0x00007f0be400dfc4:   00 00 00 00 00 00 00 00 00 00 00 00 00 00 00 00
  0x00007f0be400dfd4:   00 00 00 00 00 00 00 00 00 00 00 00 00 00 00 00
  0x00007f0be400dfe4:   00 00 00 00 00 00 00 00 00 00 00 00 00 00 00 00
  0x00007f0be400dff4:   00 00 00 00 00 00 00 00 00 00 00 00 55 48 89 e5
  0x00007f0be400e004:   8b 07 48 89 ec 5d c3 00 00 00 00 00 55 48 89 e5
  0x00007f0be400e014:   c7 07 02 00 00 00 48 89 ec 5d c3 00 55 48 89 e5
  0x00007f0be400e024:   8b 87 00 00 01 00 48 89 ec 5d c3 00 55 48 89 e5
=>0x00007f0be400e034:   c7 87 00 00 01 00 03 00 00 00 48 89 ec 5d c3 00
  0x00007f0be400e044:   00 00 00 00 00 00 00 00 00 00 00 00 55 48 89 e5
  0x00007f0be400e054:   48 83 ec 10 4c 89 24 24 89 56 24 4c 8b 8e d0 00
  0x00007f0be400e064:   00 00 49 89 f4 4c 89 e7 41 ff d1 4c 89 e6 4c 8b
  0x00007f0be400e074:   8e e0 00 00 00 4c 8b 24 24 48 83 c4 10 48 89 ec
  0x00007f0be400e084:   5d c3 00 00 00 00 00 00 00 00 00 00 55 48 89 e5
  0x00007f0be400e094:   8b 86 d8 00 00 00 48 89 ec 5d c3 00 00 00 00 00
  0x00007f0be400e0a4:   00 00 00 00 00 00 00 00 00 00 00 00 00 00 00 00
  0x00007f0be400e0b4:   00 00 00 00 00 00 00 00 00 00 00 00 00 00 00 00
  0x00007f0be400e0c4:   00 00 00 00 00 00 00 00 00 00 00 00 00 00 00 00
  0x00007f0be400e0d4:   00 00 00 00 00 00 00 00 00 00 00 00 00 00 00 00
  0x00007f0be400e0e4:   00 00 00 00 00 00 00 00 00 00 00 00 00 00 00 00
  0x00007f0be400e0f4:   00 00 00 00 00 00 00 00 00 00 00 00 00 00 00 00
  0x00007f0be400e104:   00 00 00 00 00 00 00 00 00 00 00 00 00 00 00 00
  0x00007f0be400e114:   00 00 00 00 00 00 00 00 00 00 00 00 00 00 00 00
  0x00007f0be400e124:   00 00 00 00 00 00 00 00 00 00 00 00 00 00 00 00


Stack slot to memory mapping:

stack at sp + 0 slots: 0x00007f0c15dfc550 is pointing into the stack for thread: 0x00007f0c1002b810
stack at sp + 1 slots: 0x00007f0bffb7de1d is at code_begin+61 in 
[CodeBlob kind:6 (0x00007f0bffb7dd88)]
Framesize: 2
Runtime Stub (0x00007f0bffb7dd88): nep_invoker_blob
--------------------------------------------------------------------------------
Decoding CodeBlob, name: nep_invoker_blob, at  [0x00007f0bffb7dde0, 0x00007f0bffb7dec8]  232 bytes
[MachCode]
  0x00007f0bffb7dde0: 5548 8bec | c5f8 7749 | 89af 9004 | 0000 49ba | e4dd b7ff | 0b7f 0000 | 4d89 9788 | 0400 0049 
  0x00007f0bffb7de00: 89a7 8004 | 0000 41c7 | 872c 0500 | 0004 0000 | 004c 8bd6 | 488b f148 | 8bfa 41ff | d2c5 f877 
  0x00007f0bffb7de20: 41c7 872c | 0500 0005 | 0000 00f0 | 8344 24c0 | 0049 3b6f | 280f 874d | 0000 0041 | 83bf 2805 
  0x00007f0bffb7de40: 0000 000f | 853f 0000 | 0041 c787 | 2c05 0000 | 0800 0000 | 4183 bfa8 | 0500 0002 | 0f84 4400 
  0x00007f0bffb7de60: 0000 49c7 | 8780 0400 | 0000 0000 | 0049 c787 | 9004 0000 | 0000 0000 | 49c7 8788 | 0400 0000 
  0x00007f0bffb7de80: 0000 00c5 | f877 c9c3 | 498b ffc5 | f877 4c8b | e448 83ec | 0048 83e4 | f0e8 d2ea | cb16 498b 
  0x00007f0bffb7dea0: e44d 33e4 | eba3 c5f8 | 774c 8be4 | 4883 ec00 | 4883 e4f0 | e857 fc1c | 1749 8be4 | 4d33 e4eb 
  0x00007f0bffb7dec0: a1f4 f4f4 | f4f4 f4f4 
[/MachCode]
--------------------------------------------------------------------------------
stack at sp + 2 slots: 0x00007f0c15dfc5e8 is pointing into the stack for thread: 0x00007f0c1002b810
stack at sp + 3 slots: 0x00007f0bff867438 is at code_begin+1272 in an Interpreter codelet
return entry points  [0x00007f0bff866f40, 0x00007f0bff867bb8]  3192 bytes
stack at sp + 4 slots: 0x00007f0bff867438 is at code_begin+1272 in an Interpreter codelet
return entry points  [0x00007f0bff866f40, 0x00007f0bff867bb8]  3192 bytes
stack at sp + 5 slots: 0x000000041b8868c8 is an oop: jdk.internal.foreign.abi.NativeEntryPoint 
{0x000000041b8868c8} - klass: 'jdk/internal/foreign/abi/NativeEntryPoint' - flags: 

 - ---- fields (total size 3 words):
 - private final 'methodType' 'Ljava/lang/invoke/MethodType;' @12  a 'java/lang/invoke/MethodType'{0x000000041b8006f0} = (JJJ)V (0x837000de)
 - private final 'downcallStubAddress' 'J' @16  139689511607776 (0x00007f0bffb7dde0)
stack at sp + 6 slots: 0x00007f0c10c70f20 points into unknown readable memory: 0x00007f0c10f380b0 | b0 80 f3 10 0c 7f 00 00
stack at sp + 7 slots: 0x0 is null

Lock stack of current Java thread (top to bottom):

--------------------------------------------------------------------------------
Decoding CodeBlob, name: nep_invoker_blob, at  [0x00007f0bffb7dde0, 0x00007f0bffb7dec8]  232 bytes
[MachCode]
  0x00007f0bffb7dde0: 5548 8bec | c5f8 7749 | 89af 9004 | 0000 49ba | e4dd b7ff | 0b7f 0000 | 4d89 9788 | 0400 0049 
  0x00007f0bffb7de00: 89a7 8004 | 0000 41c7 | 872c 0500 | 0004 0000 | 004c 8bd6 | 488b f148 | 8bfa 41ff | d2c5 f877 
  0x00007f0bffb7de20: 41c7 872c | 0500 0005 | 0000 00f0 | 8344 24c0 | 0049 3b6f | 280f 874d | 0000 0041 | 83bf 2805 
  0x00007f0bffb7de40: 0000 000f | 853f 0000 | 0041 c787 | 2c05 0000 | 0800 0000 | 4183 bfa8 | 0500 0002 | 0f84 4400 
  0x00007f0bffb7de60: 0000 49c7 | 8780 0400 | 0000 0000 | 0049 c787 | 9004 0000 | 0000 0000 | 49c7 8788 | 0400 0000 
  0x00007f0bffb7de80: 0000 00c5 | f877 c9c3 | 498b ffc5 | f877 4c8b | e448 83ec | 0048 83e4 | f0e8 d2ea | cb16 498b 
  0x00007f0bffb7dea0: e44d 33e4 | eba3 c5f8 | 774c 8be4 | 4883 ec00 | 4883 e4f0 | e857 fc1c | 1749 8be4 | 4d33 e4eb 
  0x00007f0bffb7dec0: a1f4 f4f4 | f4f4 f4f4 
[/MachCode]
--------------------------------------------------------------------------------


Compiled method (c1) 18865 7652       3       java.lang.invoke.LambdaForm$MH/0x00000000191b5800::invoke (56 bytes)
 total in heap  [0x00007f0bf9cdb388,0x00007f0bf9cdc150] = 3528
 main code      [0x00007f0bf9cdb480,0x00007f0bf9cdc0c0] = 3136
 stub code      [0x00007f0bf9cdc0c0,0x00007f0bf9cdc148] = 136
 oops           [0x00007f0bf9cdc148,0x00007f0bf9cdc150] = 8
 mutable data [0x00007f0b982969d0,0x00007f0b98296ad8] = 264
 relocation     [0x00007f0b982969d0,0x00007f0b98296ab0] = 224
 metadata       [0x00007f0b98296ab0,0x00007f0b98296ad8] = 40
 immutable data [0x00007f0b982966b0,0x00007f0b982969c0] = 784
 dependencies   [0x00007f0b982966b0,0x00007f0b982966c0] = 16
 nul chk table  [0x00007f0b982966c0,0x00007f0b982966f8] = 56
 scopes pcs     [0x00007f0b982966f8,0x00007f0b98296878] = 384
 scopes data    [0x00007f0b98296878,0x00007f0b982969c0] = 328

[Constant Pool (empty)]

[MachCode]
[Verified Entry Point]
  # {method} {0x00007f0bb99f3f60} 'invoke' '(Ljava/lang/Object;Ljava/lang/Object;Ljava/lang/Object;)Ljava/lang/Object;' in 'java/lang/invoke/LambdaForm$MH+0x00000000191b5800'
  # parm0:    rsi:rsi   = 'java/lang/Object'
  # parm1:    rdx:rdx   = 'java/lang/Object'
  # parm2:    rcx:rcx   = 'java/lang/Object'
  #           [sp+0xb0]  (sp of caller)
  0x00007f0bf9cdb480: 8984 2400 | c0fe ff55 | 4881 eca0 | 0000 0090 | 4181 7f20 | 0500 0000 

  0x00007f0bf9cdb498: ;   {runtime_call Stub::method_entry_barrier}
  0x00007f0bf9cdb498: 7405 e821 

  0x00007f0bf9cdb49c: ;   {metadata(method data for {method} {0x00007f0bb99f3f60} 'invoke' '(Ljava/lang/Object;Ljava/lang/Object;Ljava/lang/Object;)Ljava/lang/Object;' in 'java/lang/invoke/LambdaForm$MH+0x00000000191b5800')}
  0x00007f0bf9cdb49c: c1bb 0548 | bf00 20ea | b90b 7f00 | 0048 8dbf | f002 0000 | 4885 f675 | 0cf6 0701 | 7548 f048 
  0x00007f0bf9cdb4bc: 830f 01eb | 418b 5e08 | 41ba 0000 | 0018 4903 | da4c 8bd3 | 4833 1f48 | f7c3 fcff | ffff 7426 
  0x00007f0bf9cdb4dc: f6c3 0275 | 2148 f707 | feff ffff | 7415 498b | da48 331f | 48f7 c3fc | ffff ff74 | 0948 830f 
  0x00007f0bf9cdb4fc: 02eb 0348 | 891f 4885 | d275 0ef6 | 4710 0175 | 4ef0 4883 | 4f10 01eb | 468b 5a08 | 41ba 0000 
  0x00007f0bf9cdb51c: 0018 4903 | da4c 8bd3 | 4833 5f10 | 48f7 c3fc | ffff ff74 | 2af6 c302 | 7525 48f7 | 4710 feff 
  0x00007f0bf9cdb53c: ffff 7417 | 498b da48 | 335f 1048 | f7c3 fcff | ffff 740b | 4883 4f10 | 02eb 0448 

  0x00007f0bf9cdb558: ;   {metadata(method data for {method} {0x00007f0bb99f3f60} 'invoke' '(Ljava/lang/Object;Ljava/lang/Object;Ljava/lang/Object;)Ljava/lang/Object;' in 'java/lang/invoke/LambdaForm$MH+0x00000000191b5800')}
  0x00007f0bf9cdb558: 895f 1048 | bf00 20ea | b90b 7f00 | 008b 9f90 | 0000 0083 | c302 899f | 9000 0000 | 81e3 fe07 
  0x00007f0bf9cdb578: 0000 85db | 0f84 f109 | 0000 4889 | 5424 6048 | 8974 2458 

  0x00007f0bf9cdb58c: ;   {metadata(method data for {method} {0x00007f0bb99f3f60} 'invoke' '(Ljava/lang/Object;Ljava/lang/Object;Ljava/lang/Object;)Ljava/lang/Object;' in 'java/lang/invoke/LambdaForm$MH+0x00000000191b5800')}
  0x00007f0bf9cdb58c: 48bf 0020 | eab9 0b7f | 0000 488d | bfe8 0000 | 0048 85c9 | 750e f647 | 0801 754e | f048 834f 
  0x00007f0bf9cdb5ac: 0801 eb46 | 8b59 0841 | ba00 0000 | 1849 03da | 4c8b d348 | 335f 0848 | f7c3 fcff | ffff 742a 
  0x00007f0bf9cdb5cc: f6c3 0275 | 2548 f747 | 08fe ffff | ff74 1749 | 8bda 4833 | 5f08 48f7 | c3fc ffff | ff74 0b48 
  0x00007f0bf9cdb5ec: 834f 0802 | eb04 4889 

  0x00007f0bf9cdb5f4: ;   {metadata(method data for {method} {0x00007f0bb99f3f60} 'invoke' '(Ljava/lang/Object;Ljava/lang/Object;Ljava/lang/Object;)Ljava/lang/Object;' in 'java/lang/invoke/LambdaForm$MH+0x00000000191b5800')}
  0x00007f0bf9cdb5f4: 5f08 48bf | 0020 eab9 | 0b7f 0000 | 4883 87d8 | 0000 0001 | 488b f1ba | 0200 0000 | 4889 4c24 
  0x00007f0bf9cdb614: ;   {static_call}
  0x00007f0bf9cdb614: 5066 90e8 

  0x00007f0bf9cdb618: ; ImmutableOopMap {[80]=Oop [88]=Oop [96]=Oop }
                      ;*invokestatic checkSpreadArgument {reexecute=0 rethrow=0 return_oop=0}
                      ; - java.lang.invoke.LambdaForm$MH/0x00000000191b5800::invoke@2
  0x00007f0bf9cdb618: 6415 9d06 

  0x00007f0bf9cdb61c: ;   {post_call_nop}
  0x00007f0bf9cdb61c: 0f1f 8400 | 9402 0000 | 488b 4c24 | 5048 85c9 

  0x00007f0bf9cdb62c: ;   {metadata(method data for {method} {0x00007f0bb99f3f60} 'invoke' '(Ljava/lang/Object;Ljava/lang/Object;Ljava/lang/Object;)Ljava/lang/Object;' in 'java/lang/invoke/LambdaForm$MH+0x00000000191b5800')}
  0x00007f0bf9cdb62c: 48bf 0020 | eab9 0b7f | 0000 750c | 808f f900 | 0000 01e9 | a700 0000 | 8b59 0841 | ba00 0000 
  0x00007f0bf9cdb64c: 1849 03da | 483b 9f08 | 0100 0075 | 0d48 8387 | 1001 0000 | 01e9 6000 | 0000 483b | 9f18 0100 
  0x00007f0bf9cdb66c: 0075 0d48 | 8387 2001 | 0000 01e9 | 4a00 0000 | 4883 bf08 | 0100 0000 | 7517 4889 | 9f08 0100 
  0x00007f0bf9cdb68c: 0048 c787 | 1001 0000 | 0100 0000 | e929 0000 | 0048 83bf | 1801 0000 | 0075 1748 | 899f 1801 
  0x00007f0bf9cdb6ac: 0000 48c7 | 8720 0100 | 0001 0000 | 00e9 0800 | 0000 4883 | 8700 0100 

  0x00007f0bf9cdb6c4: ;   {metadata('java/lang/Object'[])}
  0x00007f0bf9cdb6c4: 0001 48bb | e01f 1718 | 0000 0000 | 8b79 0841 | ba00 0000 | 1849 03fa | 483b 5f38 | 0f85 ae08 
  0x00007f0bf9cdb6e4: 0000 e900 | 0000 0048 | 8bd1 837a | 0c00 0f86 | af08 0000 | 8b7a 1048 | c1e7 0383 | 7a0c 010f 
  0x00007f0bf9cdb704: 86b0 0800 | 008b 5a14 | 48c1 e303 | 488b 7424 | 5848 85f6 

  0x00007f0bf9cdb718: ;   {metadata(method data for {method} {0x00007f0bb99f3f60} 'invoke' '(Ljava/lang/Object;Ljava/lang/Object;Ljava/lang/Object;)Ljava/lang/Object;' in 'java/lang/invoke/LambdaForm$MH+0x00000000191b5800')}
  0x00007f0bf9cdb718: 48b8 0020 | eab9 0b7f | 0000 750c | 8088 2901 | 0000 01e9 | a600 0000 | 8b4e 0841 | ba00 0000 
  0x00007f0bf9cdb738: 1849 03ca | 483b 8838 | 0100 0075 | 0d48 8380 | 4001 0000 | 01e9 6000 | 0000 483b | 8848 0100 
  0x00007f0bf9cdb758: 0075 0d48 | 8380 5001 | 0000 01e9 | 4a00 0000 | 4883 b838 | 0100 0000 | 7517 4889 | 8838 0100 
  0x00007f0bf9cdb778: 0048 c780 | 4001 0000 | 0100 0000 | e929 0000 | 0048 83b8 | 4801 0000 | 0075 1748 | 8988 4801 
  0x00007f0bf9cdb798: 0000 48c7 | 8050 0100 | 0001 0000 | 00e9 0800 | 0000 4883 | 8030 0100 

  0x00007f0bf9cdb7b0: ;   {metadata('java/lang/invoke/BoundMethodHandle$Species_L')}
  0x00007f0bf9cdb7b0: 0001 48b9 | c0ac 3218 | 0000 0000 | 8b56 0841 | ba00 0000 | 1849 03d2 | 483b ca0f | 85fa 0700 
  0x00007f0bf9cdb7d0: 00e9 0000 | 0000 488b | d68b 5220 | 48c1 e203 | 488b 7424 | 6048 85f6 

  0x00007f0bf9cdb7e8: ;   {metadata(method data for {method} {0x00007f0bb99f3f60} 'invoke' '(Ljava/lang/Object;Ljava/lang/Object;Ljava/lang/Object;)Ljava/lang/Object;' in 'java/lang/invoke/LambdaForm$MH+0x00000000191b5800')}
  0x00007f0bf9cdb7e8: 48b9 0020 | eab9 0b7f | 0000 750c | 8089 5901 | 0000 01e9 | a800 0000 | 448b 4608 | 41ba 0000 
  0x00007f0bf9cdb808: 0018 4d03 | c24c 3b81 | 6801 0000 | 750d 4883 | 8170 0100 | 0001 e960 | 0000 004c | 3b81 7801 
  0x00007f0bf9cdb828: 0000 750d | 4883 8180 | 0100 0001 | e94a 0000 | 0048 83b9 | 6801 0000 | 0075 174c | 8981 6801 
  0x00007f0bf9cdb848: 0000 48c7 | 8170 0100 | 0001 0000 | 00e9 2900 | 0000 4883 | b978 0100 | 0000 7517 | 4c89 8178 
  0x00007f0bf9cdb868: 0100 0048 | c781 8001 | 0000 0100 | 0000 e908 | 0000 0048 | 8381 6001 

  0x00007f0bf9cdb880: ;   {metadata('java/lang/invoke/MethodHandle')}
  0x00007f0bf9cdb880: 0000 0149 | b890 e51e | 1800 0000 | 008b 4e08 | 41ba 0000 | 0018 4903 | ca4c 3b41 | 380f 8536 
  0x00007f0bf9cdb8a0: 0700 00e9 | 0000 0000 | 488b c648 

  0x00007f0bf9cdb8ac: ;   {metadata(method data for {method} {0x00007f0bb99f3f60} 'invoke' '(Ljava/lang/Object;Ljava/lang/Object;Ljava/lang/Object;)Ljava/lang/Object;' in 'java/lang/invoke/LambdaForm$MH+0x00000000191b5800')}
  0x00007f0bf9cdb8ac: 85d2 48be | 0020 eab9 | 0b7f 0000 | 750c 808e | 8901 0000 | 01e9 a700 | 0000 448b | 4208 41ba 
  0x00007f0bf9cdb8cc: 0000 0018 | 4d03 c24c | 3b86 9801 | 0000 750d | 4883 86a0 | 0100 0001 | e960 0000 | 004c 3b86 
  0x00007f0bf9cdb8ec: a801 0000 | 750d 4883 | 86b0 0100 | 0001 e94a | 0000 0048 | 83be 9801 | 0000 0075 | 174c 8986 
  0x00007f0bf9cdb90c: 9801 0000 | 48c7 86a0 | 0100 0001 | 0000 00e9 | 2900 0000 | 4883 bea8 | 0100 0000 | 7517 4c89 
  0x00007f0bf9cdb92c: 86a8 0100 | 0048 c786 | b001 0000 | 0100 0000 | e908 0000 | 0048 8386 | 9001 0000 

  0x00007f0bf9cdb948: ;   {metadata('java/lang/invoke/MethodType')}
  0x00007f0bf9cdb948: 0149 b860 | f81e 1800 | 0000 008b | 4a08 41ba | 0000 0018 | 4903 ca4c | 3bc1 0f85 | 7a06 0000 
  0x00007f0bf9cdb968: e900 0000 | 0048 8bca 

  0x00007f0bf9cdb970: ;   {metadata(method data for {method} {0x00007f0bb99f3f60} 'invoke' '(Ljava/lang/Object;Ljava/lang/Object;Ljava/lang/Object;)Ljava/lang/Object;' in 'java/lang/invoke/LambdaForm$MH+0x00000000191b5800')}
  0x00007f0bf9cdb970: 48ba 0020 | eab9 0b7f | 0000 488d | 92d0 0100 | 0048 85c0 | 750e f642 | 0801 754f | f048 834a 
  0x00007f0bf9cdb990: 0801 eb47 | 8b70 0841 | ba00 0000 | 1849 03f2 | 4c8b d648 | 3372 0848 | f7c6 fcff | ffff 742b 
  0x00007f0bf9cdb9b0: 40f6 c602 | 7525 48f7 | 4208 feff | ffff 7417 | 498b f248 | 3372 0848 | f7c6 fcff | ffff 740b 
  0x00007f0bf9cdb9d0: 4883 4a08 | 02eb 0448 | 8972 0848 | 85c9 750c | f642 1801 | 7506 f048 | 834a 1801 

  0x00007f0bf9cdb9ec: ;   {metadata(method data for {method} {0x00007f0bb99f3f60} 'invoke' '(Ljava/lang/Object;Ljava/lang/Object;Ljava/lang/Object;)Ljava/lang/Object;' in 'java/lang/invoke/LambdaForm$MH+0x00000000191b5800')}
  0x00007f0bf9cdb9ec: 48ba 0020 | eab9 0b7f | 0000 4883 | 82c0 0100 

  0x00007f0bf9cdb9fc: ;   {metadata(method data for {method} {0x0000000018470010} 'checkGenericType' '(Ljava/lang/invoke/MethodHandle;Ljava/lang/invoke/MethodType;)Ljava/lang/invoke/MethodHandle;' in 'java/lang/invoke/Invokers')}
  0x00007f0bf9cdb9fc: 0001 48ba | 286c b1b9 | 0b7f 0000 | 8bb2 9000 | 0000 83c6 | 0289 b290 | 0000 0081 | e6fe ff1f 
  0x00007f0bf9cdba1c: 0085 f60f | 84c6 0500 | 0048 3b00 

  0x00007f0bf9cdba28: ;   {metadata(method data for {method} {0x0000000018470010} 'checkGenericType' '(Ljava/lang/invoke/MethodHandle;Ljava/lang/invoke/MethodType;)Ljava/lang/invoke/MethodHandle;' in 'java/lang/invoke/Invokers')}
  0x00007f0bf9cdba28: 488b d048 | be28 6cb1 | b90b 7f00 | 008b 5208 | 41ba 0000 | 0018 4903 | d248 3b96 | e000 0000 
  0x00007f0bf9cdba48: 750d 4883 | 86e8 0000 | 0001 e960 | 0000 0048 | 3b96 f000 | 0000 750d | 4883 86f8 | 0000 0001 
  0x00007f0bf9cdba68: e94a 0000 | 0048 83be | e000 0000 | 0075 1748 | 8996 e000 | 0000 48c7 | 86e8 0000 | 0001 0000 
  0x00007f0bf9cdba88: 00e9 2900 | 0000 4883 | bef0 0000 | 0000 7517 | 4889 96f0 | 0000 0048 | c786 f800 | 0000 0100 
  0x00007f0bf9cdbaa8: 0000 e908 | 0000 0048 | 8386 d800 

  0x00007f0bf9cdbab4: ;   {metadata(method data for {method} {0x00000000184783e0} 'asType' '(Ljava/lang/invoke/MethodType;)Ljava/lang/invoke/MethodHandle;' in 'java/lang/invoke/MethodHandle')}
  0x00007f0bf9cdbab4: 0000 0148 | ba38 f824 | b80b 7f00 | 008b b290 | 0000 0083 | c602 89b2 | 9000 0000 | 81e6 feff 
  0x00007f0bf9cdbad4: 1f00 85f6 | 0f84 3305 | 0000 8b50 | 1048 c1e2 | 0348 3bca 

  0x00007f0bf9cdbae8: ;   {metadata(method data for {method} {0x00000000184783e0} 'asType' '(Ljava/lang/invoke/MethodType;)Ljava/lang/invoke/MethodHandle;' in 'java/lang/invoke/MethodHandle')}
  0x00007f0bf9cdbae8: 48ba 38f8 | 24b8 0b7f | 0000 bee8 | 0000 0074 | 05be d800 | 0000 4c8b | 0432 4d8d | 4001 4c89 
  0x00007f0bf9cdbb08: 0432 4889 | 9c24 8000 | 0000 4889 | 7c24 780f | 8497 0000 | 0048 8bd0 

  0x00007f0bf9cdbb20: ;   {metadata(method data for {method} {0x00000000184783e0} 'asType' '(Ljava/lang/invoke/MethodType;)Ljava/lang/invoke/MethodHandle;' in 'java/lang/invoke/MethodHandle')}
  0x00007f0bf9cdbb20: 48be 38f8 | 24b8 0b7f | 0000 4883 | 86f8 0000 | 0001 488b | d148 8bf0 | 4889 4c24 | 7048 8944 
  0x00007f0bf9cdbb40: 2468 0f1f 

  0x00007f0bf9cdbb44: ;   {optimized virtual_call}
  0x00007f0bf9cdbb44: 4400 00e8 

  0x00007f0bf9cdbb48: ; ImmutableOopMap {[104]=Oop [112]=Oop [120]=Oop [128]=Oop }
                      ;*invokevirtual asTypeCached {reexecute=0 rethrow=0 return_oop=0}
                      ; - java.lang.invoke.MethodHandle::asType@12 (line 869)
                      ; - java.lang.invoke.Invokers::checkGenericType@2 (line 541)
                      ; - java.lang.invoke.LambdaForm$MH/0x00000000191b5800::invoke@37
  0x00007f0bf9cdbb48: 941f bd05 

  0x00007f0bf9cdbb4c: ;   {post_call_nop}
  0x00007f0bf9cdbb4c: 0f1f 8400 | c407 0001 

  0x00007f0bf9cdbb54: ;   {metadata(method data for {method} {0x00000000184783e0} 'asType' '(Ljava/lang/invoke/MethodType;)Ljava/lang/invoke/MethodHandle;' in 'java/lang/invoke/MethodHandle')}
  0x00007f0bf9cdbb54: 4885 c048 | ba38 f824 | b80b 7f00 | 00be 3801 | 0000 7505 | be28 0100 | 0048 8b3c | 3248 8d7f 
  0x00007f0bf9cdbb74: 0148 893c | 320f 8535 | 0000 0048 | 8b4c 2470 | 488b 4424 | 6848 8bd0 

  0x00007f0bf9cdbb8c: ;   {metadata(method data for {method} {0x00000000184783e0} 'asType' '(Ljava/lang/invoke/MethodType;)Ljava/lang/invoke/MethodHandle;' in 'java/lang/invoke/MethodHandle')}
  0x00007f0bf9cdbb8c: 48be 38f8 | 24b8 0b7f | 0000 4883 | 8648 0100 | 0001 488b | d148 8bf0 

  0x00007f0bf9cdbba4: ;   {optimized virtual_call}
  0x00007f0bf9cdbba4: 6666 90e8 

  0x00007f0bf9cdbba8: ; ImmutableOopMap {[120]=Oop [128]=Oop }
                      ;*invokevirtual setAsTypeCache {reexecute=0 rethrow=0 return_oop=0}
                      ; - java.lang.invoke.MethodHandle::asType@24 (line 873)
                      ; - java.lang.invoke.Invokers::checkGenericType@2 (line 541)
                      ; - java.lang.invoke.LambdaForm$MH/0x00000000191b5800::invoke@37
  0x00007f0bf9cdbba8: 341f bd05 

  0x00007f0bf9cdbbac: ;   {post_call_nop}
  0x00007f0bf9cdbbac: 0f1f 8400 | 2408 0002 

  0x00007f0bf9cdbbb4: ;   {metadata(method data for {method} {0x00007f0bb99f3f60} 'invoke' '(Ljava/lang/Object;Ljava/lang/Object;Ljava/lang/Object;)Ljava/lang/Object;' in 'java/lang/invoke/LambdaForm$MH+0x00000000191b5800')}
  0x00007f0bf9cdbbb4: 48be 0020 | eab9 0b7f | 0000 488d | b6f0 0100 | 0048 85c0 | 750c f606 | 0175 49f0 | 4883 0e01 
  0x00007f0bf9cdbbd4: eb42 8b78 | 0841 ba00 | 0000 1849 | 03fa 4c8b | d748 333e | 48f7 c7fc | ffff ff74 | 2740 f6c7 
  0x00007f0bf9cdbbf4: 0275 2148 | f706 feff | ffff 7415 | 498b fa48 | 333e 48f7 | c7fc ffff | ff74 0948 | 830e 02eb 
  0x00007f0bf9cdbc14: 0348 893e 

  0x00007f0bf9cdbc18: ;   {metadata(method data for {method} {0x00007f0bb99f3f60} 'invoke' '(Ljava/lang/Object;Ljava/lang/Object;Ljava/lang/Object;)Ljava/lang/Object;' in 'java/lang/invoke/LambdaForm$MH+0x00000000191b5800')}
  0x00007f0bf9cdbc18: 48be 0020 | eab9 0b7f | 0000 488d | b610 0200 | 0048 85c0 | 750e f646 | 0801 754f | f048 834e 
  0x00007f0bf9cdbc38: 0801 eb47 | 8b78 0841 | ba00 0000 | 1849 03fa | 4c8b d748 | 337e 0848 | f7c7 fcff | ffff 742b 
  0x00007f0bf9cdbc58: 40f6 c702 | 7525 48f7 | 4608 feff | ffff 7417 | 498b fa48 | 337e 0848 | f7c7 fcff | ffff 740b 
  0x00007f0bf9cdbc78: 4883 4e08 | 02eb 0448 

  0x00007f0bf9cdbc80: ;   {metadata(method data for {method} {0x00007f0bb99f3f60} 'invoke' '(Ljava/lang/Object;Ljava/lang/Object;Ljava/lang/Object;)Ljava/lang/Object;' in 'java/lang/invoke/LambdaForm$MH+0x00000000191b5800')}
  0x00007f0bf9cdbc80: 897e 0848 | be00 20ea | b90b 7f00 | 0048 8386 | 0002 0000 

  0x00007f0bf9cdbc94: ;   {metadata(method data for {method} {0x000000001846ff60} 'checkCustomized' '(Ljava/lang/invoke/MethodHandle;)V' in 'java/lang/invoke/Invokers')}
  0x00007f0bf9cdbc94: 0148 be00 | 592a b80b | 7f00 008b | be90 0000 | 0083 c702 | 89be 9000 | 0000 81e7 | feff 1f00 
  0x00007f0bf9cdbcb4: 85ff 0f84 | 7603 0000 

  0x00007f0bf9cdbcbc: ;   {metadata(method data for {method} {0x000000001846ff60} 'checkCustomized' '(Ljava/lang/invoke/MethodHandle;)V' in 'java/lang/invoke/Invokers')}
  0x00007f0bf9cdbcbc: 48be 0059 | 2ab8 0b7f | 0000 4883 | 86d8 0000 

  0x00007f0bf9cdbccc: ;   {metadata(method data for {method} {0x00000000181f59a8} 'isCompileConstant' '(Ljava/lang/Object;)Z' in 'java/lang/invoke/MethodHandleImpl')}
  0x00007f0bf9cdbccc: 0001 48be | 2061 2ab8 | 0b7f 0000 | 8bbe 9000 | 0000 83c7 | 0289 be90 | 0000 0081 | e7fe ff1f 
  0x00007f0bf9cdbcec: 0085 ff0f | 845e 0300 

  0x00007f0bf9cdbcf4: ;   {metadata(method data for {method} {0x000000001846ff60} 'checkCustomized' '(Ljava/lang/invoke/MethodHandle;)V' in 'java/lang/invoke/Invokers')}
  0x00007f0bf9cdbcf4: 0048 be00 | 592a b80b | 7f00 00ff | 86e8 0000 | 008b 7014 | 48c1 e603 

  0x00007f0bf9cdbd0c: ; implicit exception: dispatches to 0x00007f0bf9cdc079
  0x00007f0bf9cdbd0c: 8b76 1c48 | c1e6 0348 

  0x00007f0bf9cdbd14: ;   {metadata(method data for {method} {0x000000001846ff60} 'checkCustomized' '(Ljava/lang/invoke/MethodHandle;)V' in 'java/lang/invoke/Invokers')}
  0x00007f0bf9cdbd14: 85f6 48be | 0059 2ab8 | 0b7f 0000 | bf18 0100 | 0074 05bf | 0801 0000 | 488b 1c3e | 488d 5b01 
  0x00007f0bf9cdbd34: 4889 1c3e | 0f84 0d00 | 0000 4889 | 8424 8800 | 0000 e931 

  0x00007f0bf9cdbd48: ;   {metadata(method data for {method} {0x000000001846ff60} 'checkCustomized' '(Ljava/lang/invoke/MethodHandle;)V' in 'java/lang/invoke/Invokers')}
  0x00007f0bf9cdbd48: 0000 0048 | be00 592a | b80b 7f00 | 0048 8386 | 2801 0000 | 0148 8bf0 | 4889 8424 | 8800 0000 
  0x00007f0bf9cdbd68: 0f1f 8000 

  0x00007f0bf9cdbd6c: ;   {static_call}
  0x00007f0bf9cdbd6c: 0000 00e8 

  0x00007f0bf9cdbd70: ; ImmutableOopMap {[120]=Oop [128]=Oop [136]=Oop }
                      ;*invokestatic maybeCustomize {reexecute=0 rethrow=0 return_oop=0}
                      ; - java.lang.invoke.Invokers::checkCustomized@19 (line 626)
                      ; - java.lang.invoke.LambdaForm$MH/0x00000000191b5800::invoke@44
  0x00007f0bf9cdbd70: 0cdd 8106 

  0x00007f0bf9cdbd74: ;   {post_call_nop}
  0x00007f0bf9cdbd74: 0f1f 8400 | ec09 0003 | 488b 8424 | 8800 0000 | 488b 9c24 | 8000 0000 | 488b 7c24 

  0x00007f0bf9cdbd90: ;   {metadata(method data for {method} {0x00007f0bb99f3f60} 'invoke' '(Ljava/lang/Object;Ljava/lang/Object;Ljava/lang/Object;)Ljava/lang/Object;' in 'java/lang/invoke/LambdaForm$MH+0x00000000191b5800')}
  0x00007f0bf9cdbd90: 7848 ba00 | 20ea b90b | 7f00 0048 | 8d92 5802 | 0000 4885 | ff75 0ef6 | 4208 0175 | 4ef0 4883 
  0x00007f0bf9cdbdb0: 4a08 01eb | 468b 4f08 | 41ba 0000 | 0018 4903 | ca4c 8bd1 | 4833 4a08 | 48f7 c1fc | ffff ff74 
  0x00007f0bf9cdbdd0: 2af6 c102 | 7525 48f7 | 4208 feff | ffff 7417 | 498b ca48 | 334a 0848 | f7c1 fcff | ffff 740b 
  0x00007f0bf9cdbdf0: 4883 4a08 | 02eb 0448 | 894a 0848 | 85db 750e | f642 1801 | 754e f048 | 834a 1801 | eb46 8b4b 
  0x00007f0bf9cdbe10: 0841 ba00 | 0000 1849 | 03ca 4c8b | d148 334a | 1848 f7c1 | fcff ffff | 742a f6c1 | 0275 2548 
  0x00007f0bf9cdbe30: f742 18fe | ffff ff74 | 1749 8bca | 4833 4a18 | 48f7 c1fc | ffff ff74 | 0b48 834a | 1802 eb04 
  0x00007f0bf9cdbe50: 4889 4a18 

  0x00007f0bf9cdbe54: ;   {metadata(method data for {method} {0x00007f0bb99f3f60} 'invoke' '(Ljava/lang/Object;Ljava/lang/Object;Ljava/lang/Object;)Ljava/lang/Object;' in 'java/lang/invoke/LambdaForm$MH+0x00000000191b5800')}
  0x00007f0bf9cdbe54: 488b d048 | b900 20ea | b90b 7f00 | 008b 5208 | 41ba 0000 | 0018 4903 | d248 3b91 | 3002 0000 
  0x00007f0bf9cdbe74: 750d 4883 | 8138 0200 | 0001 e960 | 0000 0048 | 3b91 4002 | 0000 750d | 4883 8148 | 0200 0001 
  0x00007f0bf9cdbe94: e94a 0000 | 0048 83b9 | 3002 0000 | 0075 1748 | 8991 3002 | 0000 48c7 | 8138 0200 | 0001 0000 
  0x00007f0bf9cdbeb4: 00e9 2900 | 0000 4883 | b940 0200 | 0000 7517 | 4889 9140 | 0200 0048 | c781 4802 | 0000 0100 
  0x00007f0bf9cdbed4: 0000 e908 | 0000 0048 | 8381 2802 | 0000 0148 | 8bd7 488b | cb48 8bf0 

  0x00007f0bf9cdbeec: ;   {optimized virtual_call}
  0x00007f0bf9cdbeec: 6666 90e8 

  0x00007f0bf9cdbef0: ; ImmutableOopMap {}
                      ;*invokevirtual invokeBasic {reexecute=0 rethrow=0 return_oop=0}
                      ; - java.lang.invoke.LambdaForm$MH/0x00000000191b5800::invoke@52
  0x00007f0bf9cdbef0: 8ce6 2d06 

  0x00007f0bf9cdbef4: ;   {post_call_nop}
  0x00007f0bf9cdbef4: 0f1f 8400 | 6c0b 0004 

  0x00007f0bf9cdbefc: ;   {metadata(method data for {method} {0x00007f0bb99f3f60} 'invoke' '(Ljava/lang/Object;Ljava/lang/Object;Ljava/lang/Object;)Ljava/lang/Object;' in 'java/lang/invoke/LambdaForm$MH+0x00000000191b5800')}
  0x00007f0bf9cdbefc: 48be 0020 | eab9 0b7f | 0000 488d | b678 0200 | 0048 85c0 | 750c f606 | 0175 49f0 | 4883 0e01 
  0x00007f0bf9cdbf1c: eb42 8b78 | 0841 ba00 | 0000 1849 | 03fa 4c8b | d748 333e | 48f7 c7fc | ffff ff74 | 2740 f6c7 
  0x00007f0bf9cdbf3c: 0275 2148 | f706 feff | ffff 7415 | 498b fa48 | 333e 48f7 | c7fc ffff | ff74 0948 | 830e 02eb 
  0x00007f0bf9cdbf5c: 0348 893e | 4881 c4a0 | 0000 005d 

  0x00007f0bf9cdbf68: ;   {poll_return}
  0x00007f0bf9cdbf68: 493b 6728 | 0f87 0c01 

  0x00007f0bf9cdbf70: ;   {metadata({method} {0x00007f0bb99f3f60} 'invoke' '(Ljava/lang/Object;Ljava/lang/Object;Ljava/lang/Object;)Ljava/lang/Object;' in 'java/lang/invoke/LambdaForm$MH+0x00000000191b5800')}
  0x00007f0bf9cdbf70: 0000 c349 | ba60 3f9f | b90b 7f00 | 004c 8954 | 2408 48c7 | 0424 ffff 

  0x00007f0bf9cdbf88: ;   {runtime_call C1 Runtime counter_overflow_blob}
  0x00007f0bf9cdbf88: ffff e851 

  0x00007f0bf9cdbf8c: ; ImmutableOopMap {rsi=Oop rdx=Oop rcx=Oop }
                      ;*synchronization entry
                      ; - java.lang.invoke.LambdaForm$MH/0x00000000191b5800::invoke@-1
  0x00007f0bf9cdbf8c: 1dcb 05e9 | eef5 ffff | 4889 0c24 

  0x00007f0bf9cdbf98: ;   {runtime_call C1 Runtime throw_class_cast_exception_blob}
  0x00007f0bf9cdbf98: e8c3 daca 

  0x00007f0bf9cdbf9c: ; ImmutableOopMap {[88]=Oop [96]=Oop }
                      ;*checkcast {reexecute=0 rethrow=0 return_oop=0}
                      ; - java.lang.invoke.LambdaForm$MH/0x00000000191b5800::invoke@6
                      ;   {runtime_call C1 Runtime throw_null_pointer_exception_blob}
  0x00007f0bf9cdbf9c: 05e8 3ea2 

  0x00007f0bf9cdbfa0: ; ImmutableOopMap {rdx=Oop [88]=Oop [96]=Oop }
                      ;*aaload {reexecute=0 rethrow=0 return_oop=0}
                      ; - java.lang.invoke.LambdaForm$MH/0x00000000191b5800::invoke@12
                      ;   {runtime_call C1 Runtime throw_null_pointer_exception_blob}
  0x00007f0bf9cdbfa0: ca05 e839 

  0x00007f0bf9cdbfa4: ; ImmutableOopMap {rdx=Oop [88]=Oop [96]=Oop }
                      ;*aaload {reexecute=0 rethrow=0 return_oop=0}
                      ; - java.lang.invoke.LambdaForm$MH/0x00000000191b5800::invoke@12
  0x00007f0bf9cdbfa4: a2ca 0548 | c704 2400 | 0000 0048 | 8954 2408 

  0x00007f0bf9cdbfb4: ;   {runtime_call C1 Runtime throw_range_check_failed_blob}
  0x00007f0bf9cdbfb4: e827 99ca 

  0x00007f0bf9cdbfb8: ; ImmutableOopMap {rdx=Oop [88]=Oop [96]=Oop }
                      ;*aaload {reexecute=0 rethrow=0 return_oop=0}
                      ; - java.lang.invoke.LambdaForm$MH/0x00000000191b5800::invoke@12
  0x00007f0bf9cdbfb8: 0548 c704 | 2401 0000 | 0048 8954 

  0x00007f0bf9cdbfc4: ;   {runtime_call C1 Runtime throw_range_check_failed_blob}
  0x00007f0bf9cdbfc4: 2408 e815 

  0x00007f0bf9cdbfc8: ; ImmutableOopMap {rdx=Oop rdi=Oop [88]=Oop [96]=Oop }
                      ;*aaload {reexecute=0 rethrow=0 return_oop=0}
                      ; - java.lang.invoke.LambdaForm$MH/0x00000000191b5800::invoke@16
  0x00007f0bf9cdbfc8: 99ca 0548 

  0x00007f0bf9cdbfcc: ;   {runtime_call C1 Runtime throw_class_cast_exception_blob}
  0x00007f0bf9cdbfcc: 8934 24e8 

  0x00007f0bf9cdbfd0: ; ImmutableOopMap {rdi=Oop rbx=Oop [96]=Oop }
                      ;*checkcast {reexecute=0 rethrow=0 return_oop=0}
                      ; - java.lang.invoke.LambdaForm$MH/0x00000000191b5800::invoke@20
  0x00007f0bf9cdbfd0: 8cda ca05 

  0x00007f0bf9cdbfd4: ;   {runtime_call C1 Runtime throw_null_pointer_exception_blob}
  0x00007f0bf9cdbfd4: e807 a2ca 

  0x00007f0bf9cdbfd8: ; ImmutableOopMap {rdi=Oop rbx=Oop [96]=Oop }
                      ;*getfield argL0 {reexecute=1 rethrow=0 return_oop=0}
                      ; - (reexecute) java.lang.invoke.LambdaForm$MH/0x00000000191b5800::invoke@23
  0x00007f0bf9cdbfd8: 0548 8934 

  0x00007f0bf9cdbfdc: ;   {runtime_call C1 Runtime throw_class_cast_exception_blob}
  0x00007f0bf9cdbfdc: 24e8 7eda 

  0x00007f0bf9cdbfe0: ; ImmutableOopMap {rdi=Oop rbx=Oop rdx=Oop }
                      ;*checkcast {reexecute=0 rethrow=0 return_oop=0}
                      ; - java.lang.invoke.LambdaForm$MH/0x00000000191b5800::invoke@29
  0x00007f0bf9cdbfe0: ca05 4889 

  0x00007f0bf9cdbfe4: ;   {runtime_call C1 Runtime throw_class_cast_exception_blob}
  0x00007f0bf9cdbfe4: 1424 e875 

  0x00007f0bf9cdbfe8: ; ImmutableOopMap {rdi=Oop rbx=Oop rax=Oop }
                      ;*checkcast {reexecute=0 rethrow=0 return_oop=0}
                      ; - java.lang.invoke.LambdaForm$MH/0x00000000191b5800::invoke@34
                      ;   {metadata({method} {0x0000000018470010} 'checkGenericType' '(Ljava/lang/invoke/MethodHandle;Ljava/lang/invoke/MethodType;)Ljava/lang/invoke/MethodHandle;' in 'java/lang/invoke/Invokers')}
  0x00007f0bf9cdbfe8: daca 0549 | ba10 0047 | 1800 0000 | 004c 8954 | 2408 48c7 | 0424 ffff 

  0x00007f0bf9cdc000: ;   {runtime_call C1 Runtime counter_overflow_blob}
  0x00007f0bf9cdc000: ffff e8d9 

  0x00007f0bf9cdc004: ; ImmutableOopMap {rdi=Oop rbx=Oop rax=Oop rcx=Oop }
                      ;*synchronization entry
                      ; - java.lang.invoke.Invokers::checkGenericType@-1 (line 541)
                      ; - java.lang.invoke.LambdaForm$MH/0x00000000191b5800::invoke@37
  0x00007f0bf9cdc004: 1ccb 05e9 | 19fa ffff 

  0x00007f0bf9cdc00c: ;   {runtime_call C1 Runtime throw_null_pointer_exception_blob}
  0x00007f0bf9cdc00c: e8cf a1ca 

  0x00007f0bf9cdc010: ; ImmutableOopMap {rdi=Oop rbx=Oop rax=Oop rcx=Oop }
                      ;*invokevirtual asType {reexecute=0 rethrow=0 return_oop=0}
                      ; - java.lang.invoke.Invokers::checkGenericType@2 (line 541)
                      ; - java.lang.invoke.LambdaForm$MH/0x00000000191b5800::invoke@37
                      ;   {metadata({method} {0x00000000184783e0} 'asType' '(Ljava/lang/invoke/MethodType;)Ljava/lang/invoke/MethodHandle;' in 'java/lang/invoke/MethodHandle')}
  0x00007f0bf9cdc010: 0549 bae0 | 8347 1800 | 0000 004c | 8954 2408 | 48c7 0424 | ffff ffff 

  0x00007f0bf9cdc028: ;   {runtime_call C1 Runtime counter_overflow_blob}
  0x00007f0bf9cdc028: e8b3 1ccb 

  0x00007f0bf9cdc02c: ; ImmutableOopMap {rdi=Oop rbx=Oop rax=Oop rcx=Oop }
                      ;*synchronization entry
                      ; - java.lang.invoke.MethodHandle::asType@-1 (line 865)
                      ; - java.lang.invoke.Invokers::checkGenericType@2 (line 541)
                      ; - java.lang.invoke.LambdaForm$MH/0x00000000191b5800::invoke@37
  0x00007f0bf9cdc02c: 05e9 acfa 

  0x00007f0bf9cdc030: ;   {metadata({method} {0x000000001846ff60} 'checkCustomized' '(Ljava/lang/invoke/MethodHandle;)V' in 'java/lang/invoke/Invokers')}
  0x00007f0bf9cdc030: ffff 49ba | 60ff 4618 | 0000 0000 | 4c89 5424 | 0848 c704 | 24ff ffff 

  0x00007f0bf9cdc048: ;   {runtime_call C1 Runtime counter_overflow_blob}
  0x00007f0bf9cdc048: ffe8 921c 

  0x00007f0bf9cdc04c: ; ImmutableOopMap {rax=Oop [120]=Oop [128]=Oop }
                      ;*synchronization entry
                      ; - java.lang.invoke.Invokers::checkCustomized@-1 (line 622)
                      ; - java.lang.invoke.LambdaForm$MH/0x00000000191b5800::invoke@44
  0x00007f0bf9cdc04c: cb05 e969 

  0x00007f0bf9cdc050: ;   {metadata({method} {0x00000000181f59a8} 'isCompileConstant' '(Ljava/lang/Object;)Z' in 'java/lang/invoke/MethodHandleImpl')}
  0x00007f0bf9cdc050: fcff ff49 | baa8 591f | 1800 0000 | 004c 8954 | 2408 48c7 | 0424 ffff 

  0x00007f0bf9cdc068: ;   {runtime_call C1 Runtime counter_overflow_blob}
  0x00007f0bf9cdc068: ffff e871 

  0x00007f0bf9cdc06c: ; ImmutableOopMap {rax=Oop [120]=Oop [128]=Oop }
                      ;*synchronization entry
                      ; - java.lang.invoke.MethodHandleImpl::isCompileConstant@-1 (line 625)
                      ; - java.lang.invoke.Invokers::checkCustomized@1 (line 622)
                      ; - java.lang.invoke.LambdaForm$MH/0x00000000191b5800::invoke@44
  0x00007f0bf9cdc06c: 1ccb 05e9 | 81fc ffff 

  0x00007f0bf9cdc074: ;   {runtime_call C1 Runtime throw_null_pointer_exception_blob}
  0x00007f0bf9cdc074: e867 a1ca 

  0x00007f0bf9cdc078: ; ImmutableOopMap {rax=Oop [120]=Oop [128]=Oop }
                      ;*getfield form {reexecute=1 rethrow=0 return_oop=0}
                      ; - (reexecute) java.lang.invoke.Invokers::checkCustomized@9 (line 625)
                      ; - java.lang.invoke.LambdaForm$MH/0x00000000191b5800::invoke@44
                      ;   {runtime_call C1 Runtime throw_null_pointer_exception_blob}
  0x00007f0bf9cdc078: 05e8 62a1 

  0x00007f0bf9cdc07c: ; ImmutableOopMap {rax=Oop [120]=Oop [128]=Oop }
                      ;*getfield customized {reexecute=1 rethrow=0 return_oop=0}
                      ; - (reexecute) java.lang.invoke.Invokers::checkCustomized@12 (line 625)
                      ; - java.lang.invoke.LambdaForm$MH/0x00000000191b5800::invoke@44
                      ;   {internal_word}
  0x00007f0bf9cdc07c: ca05 49ba | 68bf cdf9 | 0b7f 0000 | 4d89 9738 

  0x00007f0bf9cdc08c: ;   {runtime_call SafepointBlob}
  0x00007f0bf9cdc08c: 0500 00e9 | cc4a bd05 | 498b 87e0 | 0500 0049 | c787 e005 | 0000 0000 | 0000 49c7 | 87e8 0500 
  0x00007f0bf9cdc0ac: 0000 0000 | 0048 81c4 | a000 0000 

  0x00007f0bf9cdc0b8: ;   {runtime_call C1 Runtime unwind_exception_blob}
  0x00007f0bf9cdc0b8: 5de9 2292 | ca05 f4f4 
[Stub Code]
  0x00007f0bf9cdc0c0: ;   {static_stub}
  0x00007f0bf9cdc0c0: 48bb 0000 | 0000 0000 

  0x00007f0bf9cdc0c8: ;   {runtime_call nmethod}
  0x00007f0bf9cdc0c8: 0000 e9fb 

  0x00007f0bf9cdc0cc: ;   {static_stub}
  0x00007f0bf9cdc0cc: ffff ff48 | bb00 0000 | 0000 0000 

  0x00007f0bf9cdc0d8: ;   {runtime_call nmethod}
  0x00007f0bf9cdc0d8: 00e9 fbff 

  0x00007f0bf9cdc0dc: ;   {static_stub}
  0x00007f0bf9cdc0dc: ffff 48bb | 0000 0000 | 0000 0000 

  0x00007f0bf9cdc0e8: ;   {runtime_call nmethod}
  0x00007f0bf9cdc0e8: e9fb ffff 

  0x00007f0bf9cdc0ec: ;   {static_stub}
  0x00007f0bf9cdc0ec: ff48 bb00 | 0000 0000 

  0x00007f0bf9cdc0f4: ;   {runtime_call nmethod}
  0x00007f0bf9cdc0f4: 0000 00e9 | fbff ffff 

  0x00007f0bf9cdc0fc: ;   {static_stub}
  0x00007f0bf9cdc0fc: 48bb 0000 | 0000 0000 

  0x00007f0bf9cdc104: ;   {runtime_call nmethod}
  0x00007f0bf9cdc104: 0000 e9fb 

  0x00007f0bf9cdc108: ;   {runtime_call C1 Runtime handle_exception_from_callee_blob}
  0x00007f0bf9cdc108: ffff ffe8 | 50d3 ca05 

  0x00007f0bf9cdc110: ;   {external_word}
  0x00007f0bf9cdc110: 48bf 28c7 | 0e17 0c7f | 0000 4883 

  0x00007f0bf9cdc11c: ;   {runtime_call MacroAssembler::debug64(char*, long, long*)}
  0x00007f0bf9cdc11c: e4f0 e81d | cde6 1cf4 
[Deopt Handler Code]
  0x00007f0bf9cdc124: ;   {section_word}
  0x00007f0bf9cdc124: 49ba 24c1 | cdf9 0b7f | 0000 4152 

  0x00007f0bf9cdc130: ;   {runtime_call DeoptimizationBlob}
  0x00007f0bf9cdc130: e9ab 31bd 

  0x00007f0bf9cdc134: ;   {section_word}
  0x00007f0bf9cdc134: 0549 ba35 | c1cd f90b | 7f00 0041 

  0x00007f0bf9cdc140: ;   {runtime_call DeoptimizationBlob}
  0x00007f0bf9cdc140: 52e9 9a31 | bd05 f4f4 
[/MachCode]


Compiled method (c1) 18883 9119       3       java.lang.invoke.MethodHandle::invokeWithArguments (32 bytes)
 total in heap  [0x00007f0bf8625f08,0x00007f0bf8626968] = 2656
 main code      [0x00007f0bf8626000,0x00007f0bf86268a8] = 2216
 stub code      [0x00007f0bf86268a8,0x00007f0bf8626960] = 184
 oops           [0x00007f0bf8626960,0x00007f0bf8626968] = 8
 mutable data [0x00007f0b30202940,0x00007f0b30202aa0] = 352
 relocation     [0x00007f0b30202940,0x00007f0b30202a50] = 272
 metadata       [0x00007f0b30202a50,0x00007f0b30202aa0] = 80
 immutable data [0x00007f0b30202640,0x00007f0b30202938] = 760
 dependencies   [0x00007f0b30202640,0x00007f0b30202658] = 24
 nul chk table  [0x00007f0b30202658,0x00007f0b30202690] = 56
 scopes pcs     [0x00007f0b30202690,0x00007f0b30202800] = 368
 scopes data    [0x00007f0b30202800,0x00007f0b30202938] = 312

[Constant Pool (empty)]

[MachCode]
[Instructions begin]
  0x00007f0bf8626000: 6666 660f | 1f84 0000 | 0000 0066 | 6666 9066 | 6690 448b | 5608 443b 

  0x00007f0bf8626018: ;   {runtime_call Shared Runtime ic_miss_blob}
  0x00007f0bf8626018: 5008 0f85 | c075 2807 
[Verified Entry Point]
  0x00007f0bf8626020: 8984 2400 | c0fe ff55 | 4881 eca0 | 0000 0090 | 4181 7f20 | 0500 0000 

  0x00007f0bf8626038: ;   {runtime_call Stub::method_entry_barrier}
  0x00007f0bf8626038: 7405 e881 | 1527 0748 | 8974 2468 | 4889 5424 

  0x00007f0bf8626048: ;   {metadata(method data for {method} {0x00000000181eedc0} 'invokeWithArguments' '([Ljava/lang/Object;)Ljava/lang/Object;' in 'java/lang/invoke/MethodHandle')}
  0x00007f0bf8626048: 7048 bf98 | c1b4 b90b | 7f00 008b | 9f90 0000 | 0083 c302 | 899f 9000 | 0000 81e3 | fe07 0000 
  0x00007f0bf8626068: 85db 0f84 | ec06 0000 

  0x00007f0bf8626070: ;   {metadata(method data for {method} {0x00000000181eedc0} 'invokeWithArguments' '([Ljava/lang/Object;)Ljava/lang/Object;' in 'java/lang/invoke/MethodHandle')}
  0x00007f0bf8626070: 4885 d248 | bf98 c1b4 | b90b 7f00 | 00bb d800 | 0000 7505 | bbe8 0000 | 0048 8b04 | 1f48 8d40 
  0x00007f0bf8626090: 0148 8904 | 1f0f 851a 

  0x00007f0bf8626098: ;   {metadata(method data for {method} {0x00000000181eedc0} 'invokeWithArguments' '([Ljava/lang/Object;)Ljava/lang/Object;' in 'java/lang/invoke/MethodHandle')}
  0x00007f0bf8626098: 0000 0048 | bf98 c1b4 | b90b 7f00 | 00ff 87f8 | 0000 00bf | 0000 0000 | e903 0000 | 008b 7a0c 
  0x00007f0bf86260b8: ;   {metadata(method data for {method} {0x00000000181eedc0} 'invokeWithArguments' '([Ljava/lang/Object;)Ljava/lang/Object;' in 'java/lang/invoke/MethodHandle')}
  0x00007f0bf86260b8: 48bb 98c1 | b4b9 0b7f | 0000 4883 | 8310 0100 

  0x00007f0bf86260c8: ;   {metadata(method data for {method} {0x00000000184775b8} 'genericMethodType' '(I)Ljava/lang/invoke/MethodType;' in 'java/lang/invoke/MethodType')}
  0x00007f0bf86260c8: 0001 48bb | b046 0fb9 | 0b7f 0000 | 8b83 9000 | 0000 83c0 | 0289 8390 | 0000 0025 | feff 1f00 
  0x00007f0bf86260e8: 85c0 0f84 | 9206 0000 

  0x00007f0bf86260f0: ;   {metadata(method data for {method} {0x00000000184775b8} 'genericMethodType' '(I)Ljava/lang/invoke/MethodType;' in 'java/lang/invoke/MethodType')}
  0x00007f0bf86260f0: 48bb b046 | 0fb9 0b7f | 0000 4883 | 83d8 0000 | 0001 488b | f7ba 0000 | 0000 0f1f 

  0x00007f0bf862610c: ;   {static_call}
  0x00007f0bf862610c: 4400 00e8 

  0x00007f0bf8626110: ; ImmutableOopMap {[104]=Oop [112]=Oop }
                      ;*invokestatic genericMethodType {reexecute=0 rethrow=0 return_oop=0}
                      ; - java.lang.invoke.MethodType::genericMethodType@2 (line 455)
                      ; - java.lang.invoke.MethodHandle::invokeWithArguments@10 (line 734)
  0x00007f0bf8626110: ec53 e907 

  0x00007f0bf8626114: ;   {post_call_nop}
  0x00007f0bf8626114: 0f1f 8400 | 0c02 0000 | 4889 4424 | 7848 3b00 

  0x00007f0bf8626124: ;   {metadata(method data for {method} {0x00000000181eedc0} 'invokeWithArguments' '([Ljava/lang/Object;)Ljava/lang/Object;' in 'java/lang/invoke/MethodHandle')}
  0x00007f0bf8626124: 488b f048 | bf98 c1b4 | b90b 7f00 | 008b 7608 | 41ba 0000 | 0018 4903 | f248 3bb7 | 2801 0000 
  0x00007f0bf8626144: 750d 4883 | 8730 0100 | 0001 e960 | 0000 0048 | 3bb7 3801 | 0000 750d | 4883 8740 | 0100 0001 
  0x00007f0bf8626164: e94a 0000 | 0048 83bf | 2801 0000 | 0075 1748 | 89b7 2801 | 0000 48c7 | 8730 0100 | 0001 0000 
  0x00007f0bf8626184: 00e9 2900 | 0000 4883 | bf38 0100 | 0000 7517 | 4889 b738 | 0100 0048 | c787 4001 | 0000 0100 
  0x00007f0bf86261a4: 0000 e908 | 0000 0048 | 8387 2001 | 0000 0148 

  0x00007f0bf86261b4: ;   {optimized virtual_call}
  0x00007f0bf86261b4: 8bf0 90e8 

  0x00007f0bf86261b8: ; ImmutableOopMap {[104]=Oop [112]=Oop [120]=Oop }
                      ;*invokevirtual invokers {reexecute=0 rethrow=0 return_oop=0}
                      ; - java.lang.invoke.MethodHandle::invokeWithArguments@15 (line 735)
  0x00007f0bf86261b8: 54fc f107 

  0x00007f0bf86261bc: ;   {post_call_nop}
  0x00007f0bf86261bc: 0f1f 8400 | b402 0001 

  0x00007f0bf86261c4: ; implicit exception: dispatches to 0x00007f0bf86267a8
  0x00007f0bf86261c4: 483b 0048 

  0x00007f0bf86261c8: ;   {metadata(method data for {method} {0x00000000181eedc0} 'invokeWithArguments' '([Ljava/lang/Object;)Ljava/lang/Object;' in 'java/lang/invoke/MethodHandle')}
  0x00007f0bf86261c8: 8bd0 48be | 98c1 b4b9 | 0b7f 0000 | 4883 8660 | 0100 0001 | ba00 0000 | 0048 8bf0 

  0x00007f0bf86261e4: ;   {optimized virtual_call}
  0x00007f0bf86261e4: 6666 90e8 

  0x00007f0bf86261e8: ; ImmutableOopMap {[104]=Oop [112]=Oop [120]=Oop }
                      ;*invokevirtual spreadInvoker {reexecute=0 rethrow=0 return_oop=0}
                      ; - java.lang.invoke.MethodHandle::invokeWithArguments@19 (line 735)
  0x00007f0bf86261e8: 3428 6601 

  0x00007f0bf86261ec: ;   {post_call_nop}
  0x00007f0bf86261ec: 0f1f 8400 | e402 0002 | 4889 8424 | 8000 0000 | 488b 7424 

  0x00007f0bf8626200: ;   {metadata(method data for {method} {0x00000000181eedc0} 'invokeWithArguments' '([Ljava/lang/Object;)Ljava/lang/Object;' in 'java/lang/invoke/MethodHandle')}
  0x00007f0bf8626200: 6848 ba98 | c1b4 b90b | 7f00 008b | 7608 41ba | 0000 0018 | 4903 f248 | 3bb2 8801 | 0000 750d 
  0x00007f0bf8626220: 4883 8290 | 0100 0001 | e960 0000 | 0048 3bb2 | 9801 0000 | 750d 4883 | 82a0 0100 | 0001 e94a 
  0x00007f0bf8626240: 0000 0048 | 83ba 8801 | 0000 0075 | 1748 89b2 | 8801 0000 | 48c7 8290 | 0100 0001 | 0000 00e9 
  0x00007f0bf8626260: 2900 0000 | 4883 ba98 | 0100 0000 | 7517 4889 | b298 0100 | 0048 c782 | a001 0000 | 0100 0000 
  0x00007f0bf8626280: e908 0000 | 0048 8382 | 8001 0000 

  0x00007f0bf862628c: ;   {metadata(method data for {method} {0x00000000184783e0} 'asType' '(Ljava/lang/invoke/MethodType;)Ljava/lang/invoke/MethodHandle;' in 'java/lang/invoke/MethodHandle')}
  0x00007f0bf862628c: 0148 ba38 | f824 b80b | 7f00 008b | b290 0000 | 0083 c602 | 89b2 9000 | 0000 81e6 | feff 1f00 
  0x00007f0bf86262ac: 85f6 0f84 | f904 0000 | 488b 7424 | 688b 5610 | 48c1 e203 | 488b 7c24 | 7848 3bfa 

  0x00007f0bf86262c8: ;   {metadata(method data for {method} {0x00000000184783e0} 'asType' '(Ljava/lang/invoke/MethodType;)Ljava/lang/invoke/MethodHandle;' in 'java/lang/invoke/MethodHandle')}
  0x00007f0bf86262c8: 48ba 38f8 | 24b8 0b7f | 0000 bbe8 | 0000 0074 | 05bb d800 | 0000 488b | 0c1a 488d | 4901 4889 
  0x00007f0bf86262e8: 0c1a 0f84 | a700 0000 

  0x00007f0bf86262f0: ;   {metadata(method data for {method} {0x00000000184783e0} 'asType' '(Ljava/lang/invoke/MethodType;)Ljava/lang/invoke/MethodHandle;' in 'java/lang/invoke/MethodHandle')}
  0x00007f0bf86262f0: 488b d648 | bb38 f824 | b80b 7f00 | 0048 8383 | f800 0000 | 0148 8bd7 | 488b de48 

  0x00007f0bf862630c: ;   {optimized virtual_call}
  0x00007f0bf862630c: 8bf3 90e8 

  0x00007f0bf8626310: ; ImmutableOopMap {[104]=Oop [112]=Oop [120]=Oop [128]=Oop }
                      ;*invokevirtual asTypeCached {reexecute=0 rethrow=0 return_oop=0}
                      ; - java.lang.invoke.MethodHandle::asType@12 (line 869)
                      ; - java.lang.invoke.MethodHandle::invokeWithArguments@24 (line 735)
  0x00007f0bf8626310: fc24 ef07 

  0x00007f0bf8626314: ;   {post_call_nop}
  0x00007f0bf8626314: 0f1f 8400 | 0c04 0003 

  0x00007f0bf862631c: ;   {metadata(method data for {method} {0x00000000184783e0} 'asType' '(Ljava/lang/invoke/MethodType;)Ljava/lang/invoke/MethodHandle;' in 'java/lang/invoke/MethodHandle')}
  0x00007f0bf862631c: 4885 c048 | ba38 f824 | b80b 7f00 | 00be 2801 | 0000 7405 | be38 0100 | 0048 8b3c | 3248 8d7f 
  0x00007f0bf862633c: 0148 893c | 320f 8410 | 0000 0048 | 8bf0 488b | 8424 8000 | 0000 e940 | 0000 0048 | 8b44 2478 
  0x00007f0bf862635c: 488b 7424 | 6848 8bd6 

  0x00007f0bf8626364: ;   {metadata(method data for {method} {0x00000000184783e0} 'asType' '(Ljava/lang/invoke/MethodType;)Ljava/lang/invoke/MethodHandle;' in 'java/lang/invoke/MethodHandle')}
  0x00007f0bf8626364: 48bf 38f8 | 24b8 0b7f | 0000 4883 | 8748 0100 | 0001 488b | d066 0f1f 

  0x00007f0bf862637c: ;   {optimized virtual_call}
  0x00007f0bf862637c: 4400 00e8 

  0x00007f0bf8626380: ; ImmutableOopMap {[112]=Oop [128]=Oop }
                      ;*invokevirtual setAsTypeCache {reexecute=0 rethrow=0 return_oop=0}
                      ; - java.lang.invoke.MethodHandle::asType@24 (line 873)
                      ; - java.lang.invoke.MethodHandle::invokeWithArguments@24 (line 735)
  0x00007f0bf8626380: 8c6a f207 

  0x00007f0bf8626384: ;   {post_call_nop}
  0x00007f0bf8626384: 0f1f 8400 | 7c04 0004 | 488b f048 | 8b84 2480 

  0x00007f0bf8626394: ;   {metadata(method data for {method} {0x00000000181eedc0} 'invokeWithArguments' '([Ljava/lang/Object;)Ljava/lang/Object;' in 'java/lang/invoke/MethodHandle')}
  0x00007f0bf8626394: 0000 0048 | bf98 c1b4 | b90b 7f00 | 0048 8dbf | e001 0000 | 4885 f675 | 0cf6 4708 | 0175 06f0 
  0x00007f0bf86263b4: 4883 4f08 

  0x00007f0bf86263b8: ;   {metadata(method data for {method} {0x0000000018209c78} 'invokeExact_MT' '(Ljava/lang/Object;Ljava/lang/Object;Ljava/lang/Object;Ljava/lang/Object;)Ljava/lang/Object;' in 'java/lang/invoke/Invokers$Holder')}
  0x00007f0bf86263b8: 0148 bfe0 | df0b b90b | 7f00 0048 | 8dbf 6802 | 0000 4885 | c075 0af6 | 0701 7505 | f048 830f 
  0x00007f0bf86263d8: ;   {metadata(method data for {method} {0x00000000181eedc0} 'invokeWithArguments' '([Ljava/lang/Object;)Ljava/lang/Object;' in 'java/lang/invoke/MethodHandle')}
  0x00007f0bf86263d8: 0148 bf98 | c1b4 b90b | 7f00 0048 | 8387 b001 

  0x00007f0bf86263e8: ;   {metadata(method data for {method} {0x0000000018209c78} 'invokeExact_MT' '(Ljava/lang/Object;Ljava/lang/Object;Ljava/lang/Object;Ljava/lang/Object;)Ljava/lang/Object;' in 'java/lang/invoke/Invokers$Holder')}
  0x00007f0bf86263e8: 0000 0148 | bfe0 df0b | b90b 7f00 | 008b 9f90 | 0000 0083 | c302 899f | 9000 0000 | 81e3 feff 
  0x00007f0bf8626408: 1f00 85db | 0f84 bc03 

  0x00007f0bf8626410: ;   {metadata(method data for {method} {0x0000000018209c78} 'invokeExact_MT' '(Ljava/lang/Object;Ljava/lang/Object;Ljava/lang/Object;Ljava/lang/Object;)Ljava/lang/Object;' in 'java/lang/invoke/Invokers$Holder')}
  0x00007f0bf8626410: 0000 48bf | e0df 0bb9 | 0b7f 0000 | 488d bf48 | 0100 0048 | 85c0 750c | f647 0801 | 7506 f048 
  0x00007f0bf8626430: 834f 0801 

  0x00007f0bf8626434: ;   {metadata(method data for {method} {0x0000000018209c78} 'invokeExact_MT' '(Ljava/lang/Object;Ljava/lang/Object;Ljava/lang/Object;Ljava/lang/Object;)Ljava/lang/Object;' in 'java/lang/invoke/Invokers$Holder')}
  0x00007f0bf8626434: 48bf e0df | 0bb9 0b7f | 0000 4883 | 8738 0100 

  0x00007f0bf8626444: ;   {metadata(method data for {method} {0x0000000018470068} 'checkExactType' '(Ljava/lang/invoke/MethodHandle;Ljava/lang/invoke/MethodType;)V' in 'java/lang/invoke/Invokers')}
  0x00007f0bf8626444: 0001 48bf | 2056 2ab8 | 0b7f 0000 | 8b9f 9000 | 0000 83c3 | 0289 9f90 | 0000 0081 | e3fe ff1f 
  0x00007f0bf8626464: 0085 db0f | 8482 0300 | 0048 3b00 

  0x00007f0bf8626470: ;   {metadata(method data for {method} {0x0000000018470068} 'checkExactType' '(Ljava/lang/invoke/MethodHandle;Ljava/lang/invoke/MethodType;)V' in 'java/lang/invoke/Invokers')}
  0x00007f0bf8626470: 488b f848 | bb20 562a | b80b 7f00 | 008b 7f08 | 41ba 0000 | 0018 4903 | fa48 3bbb | e000 0000 
  0x00007f0bf8626490: 750d 4883 | 83e8 0000 | 0001 e960 | 0000 0048 | 3bbb f000 | 0000 750d | 4883 83f8 | 0000 0001 
  0x00007f0bf86264b0: e94a 0000 | 0048 83bb | e000 0000 | 0075 1748 | 89bb e000 | 0000 48c7 | 83e8 0000 | 0001 0000 
  0x00007f0bf86264d0: 00e9 2900 | 0000 4883 | bbf0 0000 | 0000 7517 | 4889 bbf0 | 0000 0048 | c783 f800 | 0000 0100 
  0x00007f0bf86264f0: 0000 e908 | 0000 0048 | 8383 d800 | 0000 018b | 7810 48c1 

  0x00007f0bf8626504: ;   {oop(a 'java/lang/invoke/MethodType'{0x000000041b8016d0} = (Ljava/lang/invoke/MethodHandle;[Ljava/lang/Object;)Ljava/lang/Object;)}
  0x00007f0bf8626504: e703 48bb | d016 801b | 0400 0000 

  0x00007f0bf8626510: ;   {metadata(method data for {method} {0x0000000018470068} 'checkExactType' '(Ljava/lang/invoke/MethodHandle;Ljava/lang/invoke/MethodType;)V' in 'java/lang/invoke/Invokers')}
  0x00007f0bf8626510: 483b fb48 | bb20 562a | b80b 7f00 | 00ba 1801 | 0000 7505 | ba08 0100 | 0048 8b0c | 1348 8d49 
  0x00007f0bf8626530: 0148 890c | 130f 85dc 

  0x00007f0bf8626538: ;   {metadata(method data for {method} {0x0000000018209c78} 'invokeExact_MT' '(Ljava/lang/Object;Ljava/lang/Object;Ljava/lang/Object;Ljava/lang/Object;)Ljava/lang/Object;' in 'java/lang/invoke/Invokers$Holder')}
  0x00007f0bf8626538: 0100 0048 | bfe0 df0b | b90b 7f00 | 0048 8387 | 7001 0000 

  0x00007f0bf862654c: ;   {metadata(method data for {method} {0x000000001846ff60} 'checkCustomized' '(Ljava/lang/invoke/MethodHandle;)V' in 'java/lang/invoke/Invokers')}
  0x00007f0bf862654c: 0148 bf00 | 592a b80b | 7f00 008b | 9f90 0000 | 0083 c302 | 899f 9000 | 0000 81e3 | feff 1f00 
  0x00007f0bf862656c: 85db 0f84 | a102 0000 

  0x00007f0bf8626574: ;   {metadata(method data for {method} {0x000000001846ff60} 'checkCustomized' '(Ljava/lang/invoke/MethodHandle;)V' in 'java/lang/invoke/Invokers')}
  0x00007f0bf8626574: 48bf 0059 | 2ab8 0b7f | 0000 4883 | 87d8 0000 

  0x00007f0bf8626584: ;   {metadata(method data for {method} {0x00000000181f59a8} 'isCompileConstant' '(Ljava/lang/Object;)Z' in 'java/lang/invoke/MethodHandleImpl')}
  0x00007f0bf8626584: 0001 48bf | 2061 2ab8 | 0b7f 0000 | 8b9f 9000 | 0000 83c3 | 0289 9f90 | 0000 0081 | e3fe ff1f 
  0x00007f0bf86265a4: 0085 db0f | 8489 0200 

  0x00007f0bf86265ac: ;   {metadata(method data for {method} {0x000000001846ff60} 'checkCustomized' '(Ljava/lang/invoke/MethodHandle;)V' in 'java/lang/invoke/Invokers')}
  0x00007f0bf86265ac: 0048 bf00 | 592a b80b | 7f00 00ff | 87e8 0000 | 008b 7814 | 48c1 e703 

  0x00007f0bf86265c4: ; implicit exception: dispatches to 0x00007f0bf8626857
  0x00007f0bf86265c4: 8b7f 1c48 | c1e7 0348 

  0x00007f0bf86265cc: ;   {metadata(method data for {method} {0x000000001846ff60} 'checkCustomized' '(Ljava/lang/invoke/MethodHandle;)V' in 'java/lang/invoke/Invokers')}
  0x00007f0bf86265cc: 85ff 48bf | 0059 2ab8 | 0b7f 0000 | bb08 0100 | 0075 05bb | 1801 0000 | 488b 141f | 488d 5201 
  0x00007f0bf86265ec: 4889 141f | 4889 b424 | 8800 0000 | 0f85 2600 

  0x00007f0bf86265fc: ;   {metadata(method data for {method} {0x000000001846ff60} 'checkCustomized' '(Ljava/lang/invoke/MethodHandle;)V' in 'java/lang/invoke/Invokers')}
  0x00007f0bf86265fc: 0000 48bf | 0059 2ab8 | 0b7f 0000 | 4883 8728 | 0100 0001 | 488b f00f 

  0x00007f0bf8626614: ;   {static_call}
  0x00007f0bf8626614: 1f40 00e8 

  0x00007f0bf8626618: ; ImmutableOopMap {[112]=Oop [128]=Oop [136]=Oop }
                      ;*invokestatic maybeCustomize {reexecute=0 rethrow=0 return_oop=0}
                      ; - java.lang.invoke.Invokers::checkCustomized@19 (line 626)
                      ; - java.lang.invoke.Invokers$Holder::invokeExact_MT@14
                      ; - java.lang.invoke.MethodHandle::invokeWithArguments@28 (line 735)
  0x00007f0bf8626618: 6434 ed07 

  0x00007f0bf862661c: ;   {post_call_nop}
  0x00007f0bf862661c: 0f1f 8400 | 1407 0005 | 488b 5424 

  0x00007f0bf8626628: ;   {metadata(method data for {method} {0x0000000018209c78} 'invokeExact_MT' '(Ljava/lang/Object;Ljava/lang/Object;Ljava/lang/Object;Ljava/lang/Object;)Ljava/lang/Object;' in 'java/lang/invoke/Invokers$Holder')}
  0x00007f0bf8626628: 7048 b9e0 | df0b b90b | 7f00 0048 | 8d89 c801 | 0000 4885 | d275 0cf6 | 4118 0175 | 06f0 4883 
  0x00007f0bf8626648: 4918 0148 | 8b84 2480 

  0x00007f0bf8626650: ;   {metadata(method data for {method} {0x0000000018209c78} 'invokeExact_MT' '(Ljava/lang/Object;Ljava/lang/Object;Ljava/lang/Object;Ljava/lang/Object;)Ljava/lang/Object;' in 'java/lang/invoke/Invokers$Holder')}
  0x00007f0bf8626650: 0000 0048 | b9e0 df0b | b90b 7f00 | 008b 4008 | 41ba 0000 | 0018 4903 | c248 3b81 | a001 0000 
  0x00007f0bf8626670: 750d 4883 | 81a8 0100 | 0001 e960 | 0000 0048 | 3b81 b001 | 0000 750d | 4883 81b8 | 0100 0001 
  0x00007f0bf8626690: e94a 0000 | 0048 83b9 | a001 0000 | 0075 1748 | 8981 a001 | 0000 48c7 | 81a8 0100 | 0001 0000 
  0x00007f0bf86266b0: 00e9 2900 | 0000 4883 | b9b0 0100 | 0000 7517 | 4889 81b0 | 0100 0048 | c781 b801 | 0000 0100 
  0x00007f0bf86266d0: 0000 e908 | 0000 0048 | 8381 9801 | 0000 0148 | 8bda 488b | 9424 8800 | 0000 488b | cb48 8bb4 
  0x00007f0bf86266f0: 2480 0000 

  0x00007f0bf86266f4: ;   {optimized virtual_call}
  0x00007f0bf86266f4: 0066 90e8 

  0x00007f0bf86266f8: ; ImmutableOopMap {}
                      ;*invokevirtual invokeBasic {reexecute=0 rethrow=0 return_oop=0}
                      ; - java.lang.invoke.Invokers$Holder::invokeExact_MT@20
                      ; - java.lang.invoke.MethodHandle::invokeWithArguments@28 (line 735)
  0x00007f0bf86266f8: 843e 9907 

  0x00007f0bf86266fc: ;   {post_call_nop}
  0x00007f0bf86266fc: 0f1f 8400 | f407 0006 | 4881 c4a0 | 0000 005d 

  0x00007f0bf862670c: ;   {poll_return}
  0x00007f0bf862670c: 493b 6728 | 0f87 4601 | 0000 c348 | 89b4 2488 

  0x00007f0bf862671c: ;   {metadata(method data for {method} {0x0000000018470068} 'checkExactType' '(Ljava/lang/invoke/MethodHandle;Ljava/lang/invoke/MethodType;)V' in 'java/lang/invoke/Invokers')}
  0x00007f0bf862671c: 0000 0048 | bb20 562a | b80b 7f00 | 0048 8383 | 2801 0000 

  0x00007f0bf8626730: ;   {oop(a 'java/lang/invoke/MethodType'{0x000000041b8016d0} = (Ljava/lang/invoke/MethodHandle;[Ljava/lang/Object;)Ljava/lang/Object;)}
  0x00007f0bf8626730: 0148 bbd0 | 1680 1b04 | 0000 0048 | 8bf7 488b | d366 0f1f 

  0x00007f0bf8626744: ;   {static_call}
  0x00007f0bf8626744: 4400 00e8 

  0x00007f0bf8626748: ; ImmutableOopMap {[112]=Oop [128]=Oop [136]=Oop }
                      ;*invokestatic newWrongMethodTypeException {reexecute=0 rethrow=0 return_oop=0}
                      ; - java.lang.invoke.Invokers::checkExactType@12 (line 531)
                      ; - java.lang.invoke.Invokers$Holder::invokeExact_MT@10
                      ; - java.lang.invoke.MethodHandle::invokeWithArguments@28 (line 735)
  0x00007f0bf8626748: 947d 2807 

  0x00007f0bf862674c: ;   {post_call_nop}
  0x00007f0bf862674c: 0f1f 8400 | 4408 0007 

  0x00007f0bf8626754: ; implicit exception: dispatches to 0x00007f0bf8626872
  0x00007f0bf8626754: 483b 00e9 | 3801 0000 

  0x00007f0bf862675c: ;   {metadata({method} {0x00000000181eedc0} 'invokeWithArguments' '([Ljava/lang/Object;)Ljava/lang/Object;' in 'java/lang/invoke/MethodHandle')}
  0x00007f0bf862675c: 49ba c0ed | 1e18 0000 | 0000 4c89 | 5424 0848 | c704 24ff 

  0x00007f0bf8626770: ;   {runtime_call C1 Runtime counter_overflow_blob}
  0x00007f0bf8626770: ffff ffe8 

  0x00007f0bf8626774: ; ImmutableOopMap {rsi=Oop rdx=Oop [104]=Oop [112]=Oop }
                      ;*synchronization entry
                      ; - java.lang.invoke.MethodHandle::invokeWithArguments@-1 (line 734)
  0x00007f0bf8626774: 6875 3607 | e9f3 f8ff 

  0x00007f0bf862677c: ;   {runtime_call C1 Runtime throw_null_pointer_exception_blob}
  0x00007f0bf862677c: ffe8 5efa 

  0x00007f0bf8626780: ; ImmutableOopMap {rsi=Oop rdx=Oop [104]=Oop [112]=Oop }
                      ;*arraylength {reexecute=0 rethrow=0 return_oop=0}
                      ; - java.lang.invoke.MethodHandle::invokeWithArguments@9 (line 734)
                      ;   {metadata({method} {0x00000000184775b8} 'genericMethodType' '(I)Ljava/lang/invoke/MethodType;' in 'java/lang/invoke/MethodType')}
  0x00007f0bf8626780: 3507 49ba | b875 4718 | 0000 0000 | 4c89 5424 | 0848 c704 | 24ff ffff 

  0x00007f0bf8626798: ;   {runtime_call C1 Runtime counter_overflow_blob}
  0x00007f0bf8626798: ffe8 4275 

  0x00007f0bf862679c: ; ImmutableOopMap {[104]=Oop [112]=Oop }
                      ;*synchronization entry
                      ; - java.lang.invoke.MethodType::genericMethodType@-1 (line 455)
                      ; - java.lang.invoke.MethodHandle::invokeWithArguments@10 (line 734)
  0x00007f0bf862679c: 3607 e94d 

  0x00007f0bf86267a0: ;   {runtime_call C1 Runtime throw_null_pointer_exception_blob}
  0x00007f0bf86267a0: f9ff ffe8 

  0x00007f0bf86267a4: ; ImmutableOopMap {rax=Oop [104]=Oop [112]=Oop [120]=Oop }
                      ;*invokevirtual invokers {reexecute=0 rethrow=0 return_oop=0}
                      ; - java.lang.invoke.MethodHandle::invokeWithArguments@15 (line 735)
  0x00007f0bf86267a4: 38fa 3507 

  0x00007f0bf86267a8: ;   {runtime_call C1 Runtime throw_null_pointer_exception_blob}
  0x00007f0bf86267a8: e833 fa35 

  0x00007f0bf86267ac: ; ImmutableOopMap {rax=Oop [104]=Oop [112]=Oop [120]=Oop }
                      ;*invokevirtual spreadInvoker {reexecute=0 rethrow=0 return_oop=0}
                      ; - java.lang.invoke.MethodHandle::invokeWithArguments@19 (line 735)
                      ;   {metadata({method} {0x00000000184783e0} 'asType' '(Ljava/lang/invoke/MethodType;)Ljava/lang/invoke/MethodHandle;' in 'java/lang/invoke/MethodHandle')}
  0x00007f0bf86267ac: 0749 bae0 | 8347 1800 | 0000 004c | 8954 2408 | 48c7 0424 | ffff ffff 

  0x00007f0bf86267c4: ;   {runtime_call C1 Runtime counter_overflow_blob}
  0x00007f0bf86267c4: e817 7536 

  0x00007f0bf86267c8: ; ImmutableOopMap {rax=Oop [104]=Oop [112]=Oop [120]=Oop [128]=Oop }
                      ;*synchronization entry
                      ; - java.lang.invoke.MethodHandle::asType@-1 (line 865)
                      ; - java.lang.invoke.MethodHandle::invokeWithArguments@24 (line 735)
  0x00007f0bf86267c8: 07e9 e6fa 

  0x00007f0bf86267cc: ;   {metadata({method} {0x0000000018209c78} 'invokeExact_MT' '(Ljava/lang/Object;Ljava/lang/Object;Ljava/lang/Object;Ljava/lang/Object;)Ljava/lang/Object;' in 'java/lang/invoke/Invokers$Holder')}
  0x00007f0bf86267cc: ffff 49ba | 789c 2018 | 0000 0000 | 4c89 5424 | 0848 c704 | 24ff ffff 

  0x00007f0bf86267e4: ;   {runtime_call C1 Runtime counter_overflow_blob}
  0x00007f0bf86267e4: ffe8 f674 

  0x00007f0bf86267e8: ; ImmutableOopMap {rsi=Oop rax=Oop [112]=Oop [128]=Oop }
                      ;*synchronization entry
                      ; - java.lang.invoke.Invokers$Holder::invokeExact_MT@-1
                      ; - java.lang.invoke.MethodHandle::invokeWithArguments@28 (line 735)
  0x00007f0bf86267e8: 3607 e923 

  0x00007f0bf86267ec: ;   {metadata({method} {0x0000000018470068} 'checkExactType' '(Ljava/lang/invoke/MethodHandle;Ljava/lang/invoke/MethodType;)V' in 'java/lang/invoke/Invokers')}
  0x00007f0bf86267ec: fcff ff49 | ba68 0047 | 1800 0000 | 004c 8954 | 2408 48c7 | 0424 ffff 

  0x00007f0bf8626804: ;   {runtime_call C1 Runtime counter_overflow_blob}
  0x00007f0bf8626804: ffff e8d5 

  0x00007f0bf8626808: ; ImmutableOopMap {rsi=Oop rax=Oop [112]=Oop [128]=Oop }
                      ;*synchronization entry
                      ; - java.lang.invoke.Invokers::checkExactType@-1 (line 529)
                      ; - java.lang.invoke.Invokers$Holder::invokeExact_MT@10
                      ; - java.lang.invoke.MethodHandle::invokeWithArguments@28 (line 735)
  0x00007f0bf8626808: 7436 07e9 | 5dfc ffff 

  0x00007f0bf8626810: ;   {runtime_call C1 Runtime throw_null_pointer_exception_blob}
  0x00007f0bf8626810: e8cb f935 

  0x00007f0bf8626814: ; ImmutableOopMap {rsi=Oop rax=Oop [112]=Oop [128]=Oop }
                      ;*invokevirtual type {reexecute=0 rethrow=0 return_oop=0}
                      ; - java.lang.invoke.Invokers::checkExactType@1 (line 529)
                      ; - java.lang.invoke.Invokers$Holder::invokeExact_MT@10
                      ; - java.lang.invoke.MethodHandle::invokeWithArguments@28 (line 735)
                      ;   {metadata({method} {0x000000001846ff60} 'checkCustomized' '(Ljava/lang/invoke/MethodHandle;)V' in 'java/lang/invoke/Invokers')}
  0x00007f0bf8626814: 0749 ba60 | ff46 1800 | 0000 004c | 8954 2408 | 48c7 0424 | ffff ffff 

  0x00007f0bf862682c: ;   {runtime_call C1 Runtime counter_overflow_blob}
  0x00007f0bf862682c: e8af 7436 

  0x00007f0bf8626830: ; ImmutableOopMap {rsi=Oop rax=Oop [112]=Oop [128]=Oop }
                      ;*synchronization entry
                      ; - java.lang.invoke.Invokers::checkCustomized@-1 (line 622)
                      ; - java.lang.invoke.Invokers$Holder::invokeExact_MT@14
                      ; - java.lang.invoke.MethodHandle::invokeWithArguments@28 (line 735)
  0x00007f0bf8626830: 07e9 3efd 

  0x00007f0bf8626834: ;   {metadata({method} {0x00000000181f59a8} 'isCompileConstant' '(Ljava/lang/Object;)Z' in 'java/lang/invoke/MethodHandleImpl')}
  0x00007f0bf8626834: ffff 49ba | a859 1f18 | 0000 0000 | 4c89 5424 | 0848 c704 | 24ff ffff 

  0x00007f0bf862684c: ;   {runtime_call C1 Runtime counter_overflow_blob}
  0x00007f0bf862684c: ffe8 8e74 

  0x00007f0bf8626850: ; ImmutableOopMap {rsi=Oop rax=Oop [112]=Oop [128]=Oop }
                      ;*synchronization entry
                      ; - java.lang.invoke.MethodHandleImpl::isCompileConstant@-1 (line 625)
                      ; - java.lang.invoke.Invokers::checkCustomized@1 (line 622)
                      ; - java.lang.invoke.Invokers$Holder::invokeExact_MT@14
                      ; - java.lang.invoke.MethodHandle::invokeWithArguments@28 (line 735)
  0x00007f0bf8626850: 3607 e956 

  0x00007f0bf8626854: ;   {runtime_call C1 Runtime throw_null_pointer_exception_blob}
  0x00007f0bf8626854: fdff ffe8 

  0x00007f0bf8626858: ; ImmutableOopMap {rsi=Oop rax=Oop [112]=Oop [128]=Oop }
                      ;*getfield customized {reexecute=1 rethrow=0 return_oop=0}
                      ; - (reexecute) java.lang.invoke.Invokers::checkCustomized@12 (line 625)
                      ; - java.lang.invoke.Invokers$Holder::invokeExact_MT@14
                      ; - java.lang.invoke.MethodHandle::invokeWithArguments@28 (line 735)
  0x00007f0bf8626858: 84f9 3507 

  0x00007f0bf862685c: ;   {internal_word}
  0x00007f0bf862685c: 49ba 0c67 | 62f8 0b7f | 0000 4d89 | 9738 0500 

  0x00007f0bf862686c: ;   {runtime_call SafepointBlob}
  0x00007f0bf862686c: 00e9 eea2 

  0x00007f0bf8626870: ;   {runtime_call C1 Runtime throw_null_pointer_exception_blob}
  0x00007f0bf8626870: 2807 e869 

  0x00007f0bf8626874: ; ImmutableOopMap {rax=Oop [112]=Oop [128]=Oop [136]=Oop }
                      ;*athrow {reexecute=1 rethrow=0 return_oop=0}
                      ; - (reexecute) java.lang.invoke.Invokers::checkExactType@15 (line 531)
                      ; - java.lang.invoke.Invokers$Holder::invokeExact_MT@10
                      ; - java.lang.invoke.MethodHandle::invokeWithArguments@28 (line 735)
  0x00007f0bf8626874: f935 0749 | 8b87 e005 | 0000 49c7 | 87e0 0500 | 0000 0000 | 0049 c787 | e805 0000 | 0000 0000 
  0x00007f0bf8626894: 4881 c4a0 | 0000 005d 

  0x00007f0bf862689c: ;   {runtime_call C1 Runtime unwind_exception_blob}
  0x00007f0bf862689c: e93f ea35 | 07f4 f4f4 | f4f4 f4f4 
[Stub Code]
  0x00007f0bf86268a8: ;   {other}
  0x00007f0bf86268a8: 0f1f 4400 

  0x00007f0bf86268ac: ;   {static_stub}
  0x00007f0bf86268ac: 0048 bb00 | 0000 0000 

  0x00007f0bf86268b4: ;   {runtime_call nmethod}
  0x00007f0bf86268b4: 0000 00e9 | fbff ffff 

  0x00007f0bf86268bc: ;   {static_stub}
  0x00007f0bf86268bc: 48bb 0000 | 0000 0000 

  0x00007f0bf86268c4: ;   {runtime_call nmethod}
  0x00007f0bf86268c4: 0000 e9fb 

  0x00007f0bf86268c8: ;   {static_stub}
  0x00007f0bf86268c8: ffff ff48 | bb00 0000 | 0000 0000 

  0x00007f0bf86268d4: ;   {runtime_call nmethod}
  0x00007f0bf86268d4: 00e9 fbff 

  0x00007f0bf86268d8: ;   {static_stub}
  0x00007f0bf86268d8: ffff 48bb | 0000 0000 | 0000 0000 

  0x00007f0bf86268e4: ;   {runtime_call nmethod}
  0x00007f0bf86268e4: e9fb ffff 

  0x00007f0bf86268e8: ;   {static_stub}
  0x00007f0bf86268e8: ff48 bb00 | 0000 0000 

  0x00007f0bf86268f0: ;   {runtime_call nmethod}
  0x00007f0bf86268f0: 0000 00e9 | fbff ffff 

  0x00007f0bf86268f8: ;   {static_stub}
  0x00007f0bf86268f8: 48bb 0000 | 0000 0000 

  0x00007f0bf8626900: ;   {runtime_call nmethod}
  0x00007f0bf8626900: 0000 e9fb 

  0x00007f0bf8626904: ;   {static_stub}
  0x00007f0bf8626904: ffff ff48 | bb00 0000 | 0000 0000 

  0x00007f0bf8626910: ;   {runtime_call nmethod}
  0x00007f0bf8626910: 00e9 fbff 

  0x00007f0bf8626914: ;   {static_stub}
  0x00007f0bf8626914: ffff 48bb | 0000 0000 | 0000 0000 

  0x00007f0bf8626920: ;   {runtime_call nmethod}
  0x00007f0bf8626920: e9fb ffff 

  0x00007f0bf8626924: ;   {runtime_call C1 Runtime handle_exception_from_callee_blob}
  0x00007f0bf8626924: ffe8 362b 

  0x00007f0bf8626928: ;   {external_word}
  0x00007f0bf8626928: 3607 48bf | 28c7 0e17 | 0c7f 0000 | 4883 e4f0 

  0x00007f0bf8626938: ;   {runtime_call MacroAssembler::debug64(char*, long, long*)}
  0x00007f0bf8626938: e803 2552 

  0x00007f0bf862693c: ;   {section_word}
  0x00007f0bf862693c: 1ef4 49ba | 3e69 62f8 | 0b7f 0000 

  0x00007f0bf8626948: ;   {runtime_call DeoptimizationBlob}
  0x00007f0bf8626948: 4152 e991 

  0x00007f0bf862694c: ;   {section_word}
  0x00007f0bf862694c: 8928 0749 | ba4f 6962 | f80b 7f00 

  0x00007f0bf8626958: ;   {runtime_call DeoptimizationBlob}
  0x00007f0bf8626958: 0041 52e9 | 8089 2807 
[/MachCode]


---------------  P R O C E S S  ---------------

Threads class SMR info:
_java_thread_list=0x00007f0b710da340, length=17, elements={
0x00007f0c1002b810, 0x00007f0c101052c0, 0x00007f0c10106300, 0x00007f0c10107830,
0x00007f0c10109150, 0x00007f0c1010a9d0, 0x00007f0c1010c850, 0x00007f0c1010e240,
0x00007f0c10147040, 0x00007f0c10149640, 0x00007f0c10285b20, 0x00007f0c10290810,
0x00007f0b9417ae50, 0x00007f0b8c136280, 0x00007f0b9410da30, 0x00007f0b7c22d710,
0x00007f0b8cba7ef0
}

Java Threads: ( => current thread )
=>0x00007f0c1002b810 JavaThread "main"                              [_thread_in_native, id=148193, stack(0x00007f0c15d00000,0x00007f0c15e00000) (1024K)]
  0x00007f0c101052c0 JavaThread "Reference Handler"          daemon [_thread_blocked, id=148207, stack(0x00007f0be42fa000,0x00007f0be43fa000) (1024K)]
  0x00007f0c10106300 JavaThread "Finalizer"                  daemon [_thread_blocked, id=148208, stack(0x00007f0be43fb000,0x00007f0be44fb000) (1024K)]
  0x00007f0c10107830 JavaThread "Signal Dispatcher"          daemon [_thread_blocked, id=148209, stack(0x00007f0bd5f00000,0x00007f0bd6000000) (1024K)]
  0x00007f0c10109150 JavaThread "Service Thread"             daemon [_thread_blocked, id=148210, stack(0x00007f0bd5e00000,0x00007f0bd5f00000) (1024K)]
  0x00007f0c1010a9d0 JavaThread "Monitor Deflation Thread"   daemon [_thread_blocked, id=148211, stack(0x00007f0bd5d00000,0x00007f0bd5e00000) (1024K)]
  0x00007f0c1010c850 JavaThread "C2 CompilerThread0"         daemon [_thread_blocked, id=148212, stack(0x00007f0bd5c00000,0x00007f0bd5d00000) (1024K)]
  0x00007f0c1010e240 JavaThread "C1 CompilerThread0"         daemon [_thread_blocked, id=148213, stack(0x00007f0bd5b00000,0x00007f0bd5c00000) (1024K)]
  0x00007f0c10147040 JavaThread "Notification Thread"        daemon [_thread_blocked, id=148217, stack(0x00007f0bd5800000,0x00007f0bd5900000) (1024K)]
  0x00007f0c10149640 JavaThread "Common-Cleaner"             daemon [_thread_blocked, id=148218, stack(0x00007f0bd5700000,0x00007f0bd5800000) (1024K)]
  0x00007f0c10285b20 JavaThread "surefire-forkedjvm-stream-flusher" daemon [_thread_blocked, id=148220, stack(0x00007f0bd5500000,0x00007f0bd5600000) (1024K)]
  0x00007f0c10290810 JavaThread "surefire-forkedjvm-command-thread" daemon [_thread_in_native, id=148221, stack(0x00007f0bd5400000,0x00007f0bd5500000) (1024K)]
  0x00007f0b9417ae50 JavaThread "C1 CompilerThread1"         daemon [_thread_blocked, id=148252, stack(0x00007f0bd5600000,0x00007f0bd5700000) (1024K)]
  0x00007f0b8c136280 JavaThread "C1 CompilerThread2"         daemon [_thread_blocked, id=148253, stack(0x00007f0bd5a00000,0x00007f0bd5b00000) (1024K)]
  0x00007f0b9410da30 JavaThread "C2 CompilerThread1"         daemon [_thread_in_native, id=148261, stack(0x00007f0bd5900000,0x00007f0bd5a00000) (1024K)]
  0x00007f0b7c22d710 JavaThread "C2 CompilerThread2"         daemon [_thread_blocked, id=148262, stack(0x00007f0bd5000000,0x00007f0bd5100000) (1024K)]
  0x00007f0b8cba7ef0 JavaThread "C1 CompilerThread3"         daemon [_thread_blocked, id=148314, stack(0x00007f0bd4f00000,0x00007f0bd5000000) (1024K)]
Total: 17

Other Threads:
  0x00007f0c100fb340 VMThread "VM Thread"                           [id=148205, stack(0x00007f0be40f8000,0x00007f0be41f8000) (1024K)]
  0x00007f0c100ea9a0 WatcherThread "VM Periodic Task Thread"        [id=148203, stack(0x00007f0be41f9000,0x00007f0be42f9000) (1024K)]
  0x00007f0c10059d30 WorkerThread "GC Thread#0"                     [id=148194, stack(0x00007f0c14be3000,0x00007f0c14ce3000) (1024K)]
  0x00007f0bc4008d50 WorkerThread "GC Thread#1"                     [id=148227, stack(0x00007f0bd4e00000,0x00007f0bd4f00000) (1024K)]
  0x00007f0bc4009980 WorkerThread "GC Thread#2"                     [id=148228, stack(0x00007f0bd4cff000,0x00007f0bd4dff000) (1024K)]
  0x00007f0bc400a6c0 WorkerThread "GC Thread#3"                     [id=148229, stack(0x00007f0bd4bfe000,0x00007f0bd4cfe000) (1024K)]
  0x00007f0bc400b420 WorkerThread "GC Thread#4"                     [id=148230, stack(0x00007f0bd4afd000,0x00007f0bd4bfd000) (1024K)]
  0x00007f0bc400c1a0 WorkerThread "GC Thread#5"                     [id=148231, stack(0x00007f0bd49fc000,0x00007f0bd4afc000) (1024K)]
  0x00007f0bc400cf20 WorkerThread "GC Thread#6"                     [id=148232, stack(0x00007f0bd48fb000,0x00007f0bd49fb000) (1024K)]
  0x00007f0bc400dca0 WorkerThread "GC Thread#7"                     [id=148233, stack(0x00007f0bd47fa000,0x00007f0bd48fa000) (1024K)]
  0x00007f0bc400ea20 WorkerThread "GC Thread#8"                     [id=148234, stack(0x00007f0bd46f9000,0x00007f0bd47f9000) (1024K)]
  0x00007f0bc400f7a0 WorkerThread "GC Thread#9"                     [id=148235, stack(0x00007f0bd45f8000,0x00007f0bd46f8000) (1024K)]
  0x00007f0bc4010520 WorkerThread "GC Thread#10"                    [id=148236, stack(0x00007f0bd44f7000,0x00007f0bd45f7000) (1024K)]
  0x00007f0bc40112a0 WorkerThread "GC Thread#11"                    [id=148237, stack(0x00007f0bd43f6000,0x00007f0bd44f6000) (1024K)]
  0x00007f0bc4012020 WorkerThread "GC Thread#12"                    [id=148238, stack(0x00007f0bd42f5000,0x00007f0bd43f5000) (1024K)]
  0x00007f0c10072cf0 ConcurrentGCThread "G1 Main Marker"            [id=148195, stack(0x00007f0c14ae2000,0x00007f0c14be2000) (1024K)]
  0x00007f0c10073ec0 WorkerThread "G1 Conc#0"                       [id=148196, stack(0x00007f0c149e1000,0x00007f0c14ae1000) (1024K)]
  0x00007f0bd8000cd0 WorkerThread "G1 Conc#1"                       [id=148259, stack(0x00007f0bd41f4000,0x00007f0bd42f4000) (1024K)]
  0x00007f0bd8001840 WorkerThread "G1 Conc#2"                       [id=148260, stack(0x00007f0bd40f3000,0x00007f0bd41f3000) (1024K)]
  0x00007f0c100da530 ConcurrentGCThread "G1 Refine#0"               [id=148197, stack(0x00007f0be45fd000,0x00007f0be46fd000) (1024K)]
  0x00007f0c100db720 ConcurrentGCThread "G1 Service"                [id=148198, stack(0x00007f0be44fc000,0x00007f0be45fc000) (1024K)]
Total: 21

Threads with active compile tasks:
C2 CompilerThread1  18900 9073       4       com.dylibso.chicory.cranelift.CraneliftMachineFuncGroup_0::func_4051 (6118 bytes)
Total: 1

VM state: not at safepoint (normal execution)

VM Mutex/Monitor currently owned by a thread: None

Heap address: 0x0000000418000000, size: 16000 MB, Compressed Oops mode: Zero based, Oop shift amount: 3

CDS archive(s) mapped at: [0x0000000018000000-0x0000000018d8c000-0x0000000018d8c000), size 14204928, SharedBaseAddress: 0x0000000018000000, ArchiveRelocationMode: 1.
Compressed class space mapped at: 0x0000000019000000-0x0000000059000000, reserved size: 1073741824
UseCompressedClassPointers 1, UseCompactObjectHeaders 0
Narrow klass pointer bits 32, Max shift 3
Narrow klass base: 0x0000000018000000, Narrow klass shift: 0
Encoding Range: [0x0000000018000000 - 0x0000000118000000), (4294967296 bytes)
Klass Range:    [0x0000000018001000 - 0x0000000059000000), (1090514944 bytes)
Klass ID Range:  [4096 - 1090519033) (1090514937)
Protection zone: [0x0000000018000000 - 0x0000000018001000), (4096 bytes)

GC Precious Log:
 CardTable entry size: 512
 Card Set container configuration: InlinePtr #cards 4 size 8 Array Of Cards #cards 64 size 144 Howl #buckets 8 coarsen threshold 14745 Howl Bitmap #cards 2048 size 272 coarsen threshold 1843 Card regions per heap region 1 cards per card region 16384
 CPUs: 16 total, 16 available
 Memory: 63992M
 Large Page Support: Disabled
 NUMA Support: Disabled
 Compressed Oops: Enabled (Zero based)
 Heap Region Size: 8M
 Heap Min Capacity: 8M
 Heap Initial Capacity: 1000M
 Heap Max Capacity: 16000M
 Pre-touch: Disabled
 Parallel Workers: 13
 Concurrent Workers: 3
 Concurrent Refinement Workers: 13
 Periodic GC: Disabled

Heap:
 garbage-first heap   total reserved 16384000K, committed 335872K, used 84614K [0x0000000418000000, 0x0000000800000000)
  region size 8192K, 5 young (40960K), 2 survivors (16384K)

Heap Regions: E=young(eden), S=young(survivor), O=old, HS=humongous(starts), HC=humongous(continues), CS=collection set, F=free, TAMS=top-at-mark-start, PB=parsable bottom
|   0|0x0000000418000000, 0x0000000418000000, 0x0000000418800000|  0%| F|  |TAMS 0x0000000418000000| PB 0x0000000418000000| Untracked |  0
|   1|0x0000000418800000, 0x0000000419000000, 0x0000000419000000|100%| O|  |TAMS 0x0000000418800000| PB 0x0000000418800000| Untracked |  0
|   2|0x0000000419000000, 0x0000000419800000, 0x0000000419800000|100%| O|  |TAMS 0x0000000419000000| PB 0x0000000419000000| Untracked |  0
|   3|0x0000000419800000, 0x000000041a000000, 0x000000041a000000|100%| O|  |TAMS 0x0000000419800000| PB 0x0000000419800000| Untracked |  0
|   4|0x000000041a000000, 0x000000041a800000, 0x000000041a800000|100%| O|  |TAMS 0x000000041a000000| PB 0x000000041a000000| Untracked |  0
|   5|0x000000041a800000, 0x000000041b000000, 0x000000041b000000|100%| O|  |TAMS 0x000000041a800000| PB 0x000000041a800000| Untracked |  0
|   6|0x000000041b000000, 0x000000041b38cdc0, 0x000000041b800000| 44%| O|  |TAMS 0x000000041b000000| PB 0x000000041b000000| Untracked |  0
|   7|0x000000041b800000, 0x000000041bb49200, 0x000000041c000000| 41%| O|  |TAMS 0x000000041b800000| PB 0x000000041b800000| Untracked |  0
|   8|0x000000041c000000, 0x000000041c000000, 0x000000041c800000|  0%| F|  |TAMS 0x000000041c000000| PB 0x000000041c000000| Untracked |  0
|   9|0x000000041c800000, 0x000000041c800000, 0x000000041d000000|  0%| F|  |TAMS 0x000000041c800000| PB 0x000000041c800000| Untracked |  0
|  10|0x000000041d000000, 0x000000041d000000, 0x000000041d800000|  0%| F|  |TAMS 0x000000041d000000| PB 0x000000041d000000| Untracked |  0
|  11|0x000000041d800000, 0x000000041d800000, 0x000000041e000000|  0%| F|  |TAMS 0x000000041d800000| PB 0x000000041d800000| Untracked |  0
|  12|0x000000041e000000, 0x000000041e000000, 0x000000041e800000|  0%| F|  |TAMS 0x000000041e000000| PB 0x000000041e000000| Untracked |  0
|  13|0x000000041e800000, 0x000000041ebcba90, 0x000000041f000000| 47%| S|CS|TAMS 0x000000041e800000| PB 0x000000041e800000| Complete |  0
|  14|0x000000041f000000, 0x000000041f800000, 0x000000041f800000|100%| S|CS|TAMS 0x000000041f000000| PB 0x000000041f000000| Complete |  0
|  15|0x000000041f800000, 0x000000041f800000, 0x0000000420000000|  0%| F|  |TAMS 0x000000041f800000| PB 0x000000041f800000| Untracked |  0
|  16|0x0000000420000000, 0x0000000420000000, 0x0000000420800000|  0%| F|  |TAMS 0x0000000420000000| PB 0x0000000420000000| Untracked |  0
|  17|0x0000000420800000, 0x0000000420800000, 0x0000000421000000|  0%| F|  |TAMS 0x0000000420800000| PB 0x0000000420800000| Untracked |  0
|  18|0x0000000421000000, 0x0000000421000000, 0x0000000421800000|  0%| F|  |TAMS 0x0000000421000000| PB 0x0000000421000000| Untracked |  0
|  19|0x0000000421800000, 0x0000000421800000, 0x0000000422000000|  0%| F|  |TAMS 0x0000000421800000| PB 0x0000000421800000| Untracked |  0
|  20|0x0000000422000000, 0x0000000422000000, 0x0000000422800000|  0%| F|  |TAMS 0x0000000422000000| PB 0x0000000422000000| Untracked |  0
|  21|0x0000000422800000, 0x0000000422800000, 0x0000000423000000|  0%| F|  |TAMS 0x0000000422800000| PB 0x0000000422800000| Untracked |  0
|  22|0x0000000423000000, 0x0000000423000000, 0x0000000423800000|  0%| F|  |TAMS 0x0000000423000000| PB 0x0000000423000000| Untracked |  0
|  23|0x0000000423800000, 0x0000000423800000, 0x0000000424000000|  0%| F|  |TAMS 0x0000000423800000| PB 0x0000000423800000| Untracked |  0
|  24|0x0000000424000000, 0x0000000424000000, 0x0000000424800000|  0%| F|  |TAMS 0x0000000424000000| PB 0x0000000424000000| Untracked |  0
|  25|0x0000000424800000, 0x0000000424800000, 0x0000000425000000|  0%| F|  |TAMS 0x0000000424800000| PB 0x0000000424800000| Untracked |  0
|  26|0x0000000425000000, 0x0000000425000000, 0x0000000425800000|  0%| F|  |TAMS 0x0000000425000000| PB 0x0000000425000000| Untracked |  0
|  27|0x0000000425800000, 0x0000000425800000, 0x0000000426000000|  0%| F|  |TAMS 0x0000000425800000| PB 0x0000000425800000| Untracked |  0
|  28|0x0000000426000000, 0x0000000426000000, 0x0000000426800000|  0%| F|  |TAMS 0x0000000426000000| PB 0x0000000426000000| Untracked |  0
|  29|0x0000000426800000, 0x0000000426800000, 0x0000000427000000|  0%| F|  |TAMS 0x0000000426800000| PB 0x0000000426800000| Untracked |  0
|  30|0x0000000427000000, 0x0000000427000000, 0x0000000427800000|  0%| F|  |TAMS 0x0000000427000000| PB 0x0000000427000000| Untracked |  0
|  31|0x0000000427800000, 0x0000000427800000, 0x0000000428000000|  0%| F|  |TAMS 0x0000000427800000| PB 0x0000000427800000| Untracked |  0
|  32|0x0000000428000000, 0x0000000428000000, 0x0000000428800000|  0%| F|  |TAMS 0x0000000428000000| PB 0x0000000428000000| Untracked |  0
|  33|0x0000000428800000, 0x0000000428800000, 0x0000000429000000|  0%| F|  |TAMS 0x0000000428800000| PB 0x0000000428800000| Untracked |  0
|  34|0x0000000429000000, 0x0000000429000000, 0x0000000429800000|  0%| F|  |TAMS 0x0000000429000000| PB 0x0000000429000000| Untracked |  0
|  35|0x0000000429800000, 0x0000000429800000, 0x000000042a000000|  0%| F|  |TAMS 0x0000000429800000| PB 0x0000000429800000| Untracked |  0
|  36|0x000000042a000000, 0x000000042a000000, 0x000000042a800000|  0%| F|  |TAMS 0x000000042a000000| PB 0x000000042a000000| Untracked |  0
|  37|0x000000042a800000, 0x000000042ae43c90, 0x000000042b000000| 78%| E|  |TAMS 0x000000042a800000| PB 0x000000042a800000| Complete |  0
| 121|0x0000000454800000, 0x0000000455000000, 0x0000000455000000|100%| E|CS|TAMS 0x0000000454800000| PB 0x0000000454800000| Complete |  0
|1998|0x00000007ff000000, 0x00000007ff800000, 0x00000007ff800000|100%| O|  |TAMS 0x00000007ff000000| PB 0x00000007ff000000| Untracked |  0
|1999|0x00000007ff800000, 0x0000000800000000, 0x0000000800000000|100%| E|CS|TAMS 0x00000007ff800000| PB 0x00000007ff800000| Complete |  0

Card table byte_map: [0x00007f0bf4580000,0x00007f0bf64c0000] _byte_map_base: 0x00007f0bf24c0000

Marking Bits: (CMBitMap*) 0x00007f0c1005aa80
 Bits: [0x00007f0be4a00000, 0x00007f0bf4400000)

Polling page: 0x00007f0c17953000

Metaspace:
Metaspace        used 35876K, committed 36800K, reserved 1114112K
 class space     used 2279K, committed 2688K, reserved 1048576K

Usage:
  Non-class:     32.81 MB used.
      Class:      2.23 MB used.
       Both:     35.04 MB used.

Virtual space:
  Non-class space:       64.00 MB reserved,      33.31 MB ( 52%) committed,  1 nodes.
      Class space:        1.00 GB reserved,       2.62 MB ( <1%) committed,  1 nodes.
             Both:        1.06 GB reserved,      35.94 MB (  3%) committed. 

Chunk freelists:
   Non-Class:  14.20 MB
       Class:  13.39 MB
        Both:  27.59 MB

MaxMetaspaceSize: unlimited
CompressedClassSpaceSize: 1.00 GB
Initial GC threshold: 21.00 MB
Current GC threshold: 58.38 MB
CDS: on
 - commit_granule_bytes: 65536.
 - commit_granule_words: 8192.
 - virtual_space_node_default_size: 8388608.
 - enlarge_chunks_in_place: 1.
UseCompressedClassPointers 1, UseCompactObjectHeaders 0
Narrow klass pointer bits 32, Max shift 3
Narrow klass base: 0x0000000018000000, Narrow klass shift: 0
Encoding Range: [0x0000000018000000 - 0x0000000118000000), (4294967296 bytes)
Klass Range:    [0x0000000018001000 - 0x0000000059000000), (1090514944 bytes)
Klass ID Range:  [4096 - 1090519033) (1090514937)
Protection zone: [0x0000000018000000 - 0x0000000018001000), (4096 bytes)


Internal statistics:

num_allocs_failed_limit: 24.
num_arena_births: 1370.
num_arena_deaths: 0.
num_vsnodes_births: 2.
num_vsnodes_deaths: 0.
num_space_committed: 558.
num_space_uncommitted: 0.
num_chunks_returned_to_freelist: 24.
num_chunks_taken_from_freelist: 2618.
num_chunk_merges: 24.
num_chunk_splits: 1792.
num_chunks_enlarged: 1173.
num_inconsistent_stats: 0.

CodeHeap 'non-profiled nmethods': size=119172Kb used=7701Kb max_used=7701Kb free=111470Kb
 bounds [0x00007f0bfff9f000, 0x00007f0c0072f000, 0x00007f0c07400000]
CodeHeap 'profiled nmethods': size=119164Kb used=29904Kb max_used=29904Kb free=89259Kb
 bounds [0x00007f0bf8400000, 0x00007f0bfa220000, 0x00007f0bff85f000]
CodeHeap 'non-nmethods': size=7424Kb used=4263Kb max_used=4333Kb free=3160Kb
 bounds [0x00007f0bff85f000, 0x00007f0bffc9f000, 0x00007f0bfff9f000]
CodeCache: size=245760Kb, used=41868Kb, max_used=41938Kb, free=203889Kb
 total_blobs=9856, nmethods=8209, adapters=634, full_count=0
Compilation: enabled, stopped_count=0, restarted_count=0

Compilation events (20 events):
Event: 18.792 Thread 0x00007f0b9417ae50 nmethod 9134 0x00007f0bf866c288 code [0x00007f0bf866c380, 0x00007f0bf866f3c8]
Event: 18.793 Thread 0x00007f0b8cba7ef0 nmethod 9133 0x00007f0bf8708d88 code [0x00007f0bf8708e80, 0x00007f0bf870b480]
Event: 18.806 Thread 0x00007f0c1010c850 nmethod 9128 0x00007f0c000cc788 code [0x00007f0c000cc880, 0x00007f0c000ce9f8]
Event: 18.806 Thread 0x00007f0c1010c850 9135       4       java.lang.invoke.MethodHandle::bindArgumentL (10 bytes)
Event: 18.812 Thread 0x00007f0c1010c850 nmethod 9135 0x00007f0c000efc08 code [0x00007f0c000efd00, 0x00007f0c000f0520]
Event: 18.812 Thread 0x00007f0c1010c850 9129       4       jdk.internal.classfile.impl.SplitConstantPool::fieldRefEntry (72 bytes)
Event: 18.820 Thread 0x00007f0c1010e240 9138       3       java.lang.Class::arrayContentsEq (70 bytes)
Event: 18.820 Thread 0x00007f0b8cba7ef0 9137       3       java.lang.Class::getDeclaredMethod (42 bytes)
Event: 18.820 Thread 0x00007f0c1010e240 nmethod 9138 0x00007f0bf8582988 code [0x00007f0bf8582a80, 0x00007f0bf8582e70]
Event: 18.820 Thread 0x00007f0b8cba7ef0 nmethod 9137 0x00007f0bf8597408 code [0x00007f0bf8597500, 0x00007f0bf8597c50]
Event: 18.840 Thread 0x00007f0c1010c850 nmethod 9129 0x00007f0c000b9108 code [0x00007f0c000b9220, 0x00007f0c000bbd60]
Event: 18.840 Thread 0x00007f0c1010c850 9139       4       java.util.ImmutableCollections$MapN::get (35 bytes)
Event: 18.848 Thread 0x00007f0b7c22d710 nmethod 9120 0x00007f0c00726a88 code [0x00007f0c00726b80, 0x00007f0c00729ee0]
Event: 18.849 Thread 0x00007f0b7c22d710 9136       4       java.lang.StringLatin1$CharsSpliterator::estimateSize (11 bytes)
Event: 18.849 Thread 0x00007f0c1010c850 nmethod 9139 0x00007f0c00190608 code [0x00007f0c00190700, 0x00007f0c00191118]
Event: 18.849 Thread 0x00007f0b7c22d710 nmethod 9136 0x00007f0c0009c988 code [0x00007f0c0009ca80, 0x00007f0c0009cb00]
Event: 18.850 Thread 0x00007f0c1010e240 9141       3       java.util.AbstractList$SubList$1::nextIndex (18 bytes)
Event: 18.850 Thread 0x00007f0b8c136280 9140       3       java.util.AbstractList$SubList$1::hasNext (20 bytes)
Event: 18.851 Thread 0x00007f0c1010e240 nmethod 9141 0x00007f0bf84ecb88 code [0x00007f0bf84ecc80, 0x00007f0bf84ece68]
Event: 18.851 Thread 0x00007f0b8c136280 nmethod 9140 0x00007f0bf84ae508 code [0x00007f0bf84ae600, 0x00007f0bf84ae8a8]

GC Heap Usage History (20 events):
Event: 12.621 {heap Before GC invocations=22 (full 0):
 garbage-first heap   total reserved 16384000K, committed 335872K, used 246341K [0x0000000418000000, 0x0000000800000000)
  region size 8192K, 24 young (196608K), 1 survivors (8192K)
}
Event: 12.623 {heap After GC invocations=23 (full 0):
 garbage-first heap   total reserved 16384000K, committed 335872K, used 58258K [0x0000000418000000, 0x0000000800000000)
  region size 8192K, 1 young (8192K), 1 survivors (8192K)
}
Event: 13.093 {heap Before GC invocations=23 (full 0):
 garbage-first heap   total reserved 16384000K, committed 335872K, used 238482K [0x0000000418000000, 0x0000000800000000)
  region size 8192K, 24 young (196608K), 1 survivors (8192K)
}
Event: 13.096 {heap After GC invocations=24 (full 0):
 garbage-first heap   total reserved 16384000K, committed 335872K, used 59836K [0x0000000418000000, 0x0000000800000000)
  region size 8192K, 1 young (8192K), 1 survivors (8192K)
}
Event: 13.829 {heap Before GC invocations=24 (full 0):
 garbage-first heap   total reserved 16384000K, committed 335872K, used 248252K [0x0000000418000000, 0x0000000800000000)
  region size 8192K, 24 young (196608K), 1 survivors (8192K)
}
Event: 13.834 {heap After GC invocations=25 (full 0):
 garbage-first heap   total reserved 16384000K, committed 335872K, used 60919K [0x0000000418000000, 0x0000000800000000)
  region size 8192K, 1 young (8192K), 1 survivors (8192K)
}
Event: 14.637 {heap Before GC invocations=25 (full 0):
 garbage-first heap   total reserved 16384000K, committed 335872K, used 249335K [0x0000000418000000, 0x0000000800000000)
  region size 8192K, 24 young (196608K), 1 survivors (8192K)
}
Event: 14.645 {heap After GC invocations=26 (full 0):
 garbage-first heap   total reserved 16384000K, committed 335872K, used 63519K [0x0000000418000000, 0x0000000800000000)
  region size 8192K, 1 young (8192K), 1 survivors (8192K)
}
Event: 15.541 {heap Before GC invocations=26 (full 0):
 garbage-first heap   total reserved 16384000K, committed 335872K, used 251935K [0x0000000418000000, 0x0000000800000000)
  region size 8192K, 24 young (196608K), 1 survivors (8192K)
}
Event: 15.552 {heap After GC invocations=27 (full 0):
 garbage-first heap   total reserved 16384000K, committed 335872K, used 66846K [0x0000000418000000, 0x0000000800000000)
  region size 8192K, 2 young (16384K), 2 survivors (16384K)
}
Event: 16.055 {heap Before GC invocations=27 (full 0):
 garbage-first heap   total reserved 16384000K, committed 335872K, used 238878K [0x0000000418000000, 0x0000000800000000)
  region size 8192K, 24 young (196608K), 2 survivors (16384K)
}
Event: 16.062 {heap After GC invocations=28 (full 0):
 garbage-first heap   total reserved 16384000K, committed 335872K, used 66718K [0x0000000418000000, 0x0000000800000000)
  region size 8192K, 2 young (16384K), 2 survivors (16384K)
}
Event: 16.832 {heap Before GC invocations=28 (full 0):
 garbage-first heap   total reserved 16384000K, committed 335872K, used 246942K [0x0000000418000000, 0x0000000800000000)
  region size 8192K, 24 young (196608K), 2 survivors (16384K)
}
Event: 16.841 {heap After GC invocations=29 (full 0):
 garbage-first heap   total reserved 16384000K, committed 335872K, used 68170K [0x0000000418000000, 0x0000000800000000)
  region size 8192K, 2 young (16384K), 2 survivors (16384K)
}
Event: 17.350 {heap Before GC invocations=29 (full 0):
 garbage-first heap   total reserved 16384000K, committed 335872K, used 174666K [0x0000000418000000, 0x0000000800000000)
  region size 8192K, 16 young (131072K), 2 survivors (16384K)
}
Event: 17.357 {heap After GC invocations=30 (full 0):
 garbage-first heap   total reserved 16384000K, committed 335872K, used 68549K [0x0000000418000000, 0x0000000800000000)
  region size 8192K, 2 young (16384K), 2 survivors (16384K)
}
Event: 17.983 {heap Before GC invocations=31 (full 0):
 garbage-first heap   total reserved 16384000K, committed 278528K, used 207813K [0x0000000418000000, 0x0000000800000000)
  region size 8192K, 20 young (163840K), 2 survivors (16384K)
}
Event: 17.992 {heap After GC invocations=32 (full 0):
 garbage-first heap   total reserved 16384000K, committed 278528K, used 68584K [0x0000000418000000, 0x0000000800000000)
  region size 8192K, 2 young (16384K), 2 survivors (16384K)
}
Event: 18.762 {heap Before GC invocations=32 (full 0):
 garbage-first heap   total reserved 16384000K, committed 278528K, used 216040K [0x0000000418000000, 0x0000000800000000)
  region size 8192K, 20 young (163840K), 2 survivors (16384K)
}
Event: 18.779 {heap After GC invocations=33 (full 0):
 garbage-first heap   total reserved 16384000K, committed 335872K, used 68230K [0x0000000418000000, 0x0000000800000000)
  region size 8192K, 2 young (16384K), 2 survivors (16384K)
}

Metaspace Usage History (20 events):
Event: 12.621 {metaspace Before GC invocations=22 (full 0):
 Metaspace       used 32899K, committed 33472K, reserved 1114112K
  class space    used 1774K, committed 2048K, reserved 1048576K
}
Event: 12.623 {metaspace After GC invocations=23 (full 0):
 Metaspace       used 32899K, committed 33472K, reserved 1114112K
  class space    used 1774K, committed 2048K, reserved 1048576K
}
Event: 13.093 {metaspace Before GC invocations=23 (full 0):
 Metaspace       used 32925K, committed 33536K, reserved 1114112K
  class space    used 1775K, committed 2048K, reserved 1048576K
}
Event: 13.096 {metaspace After GC invocations=24 (full 0):
 Metaspace       used 32925K, committed 33536K, reserved 1114112K
  class space    used 1775K, committed 2048K, reserved 1048576K
}
Event: 13.829 {metaspace Before GC invocations=24 (full 0):
 Metaspace       used 33307K, committed 33920K, reserved 1114112K
  class space    used 1811K, committed 2112K, reserved 1048576K
}
Event: 13.834 {metaspace After GC invocations=25 (full 0):
 Metaspace       used 33307K, committed 33920K, reserved 1114112K
  class space    used 1811K, committed 2112K, reserved 1048576K
}
Event: 14.637 {metaspace Before GC invocations=25 (full 0):
 Metaspace       used 33728K, committed 34496K, reserved 1114112K
  class space    used 1853K, committed 2176K, reserved 1048576K
}
Event: 14.645 {metaspace After GC invocations=26 (full 0):
 Metaspace       used 33728K, committed 34496K, reserved 1114112K
  class space    used 1853K, committed 2176K, reserved 1048576K
}
Event: 15.541 {metaspace Before GC invocations=26 (full 0):
 Metaspace       used 34019K, committed 34752K, reserved 1114112K
  class space    used 1869K, committed 2176K, reserved 1048576K
}
Event: 15.552 {metaspace After GC invocations=27 (full 0):
 Metaspace       used 34019K, committed 34752K, reserved 1114112K
  class space    used 1869K, committed 2176K, reserved 1048576K
}
Event: 16.055 {metaspace Before GC invocations=27 (full 0):
 Metaspace       used 34235K, committed 34944K, reserved 1114112K
  class space    used 1914K, committed 2240K, reserved 1048576K
}
Event: 16.062 {metaspace After GC invocations=28 (full 0):
 Metaspace       used 34235K, committed 34944K, reserved 1114112K
  class space    used 1914K, committed 2240K, reserved 1048576K
}
Event: 16.832 {metaspace Before GC invocations=28 (full 0):
 Metaspace       used 35014K, committed 35840K, reserved 1114112K
  class space    used 2074K, committed 2432K, reserved 1048576K
}
Event: 16.841 {metaspace After GC invocations=29 (full 0):
 Metaspace       used 35014K, committed 35840K, reserved 1114112K
  class space    used 2074K, committed 2432K, reserved 1048576K
}
Event: 17.350 {metaspace Before GC invocations=29 (full 0):
 Metaspace       used 35061K, committed 35840K, reserved 1114112K
  class space    used 2075K, committed 2432K, reserved 1048576K
}
Event: 17.357 {metaspace After GC invocations=30 (full 0):
 Metaspace       used 35061K, committed 35840K, reserved 1114112K
  class space    used 2075K, committed 2432K, reserved 1048576K
}
Event: 17.983 {metaspace Before GC invocations=31 (full 0):
 Metaspace       used 35543K, committed 36480K, reserved 1114112K
  class space    used 2203K, committed 2624K, reserved 1048576K
}
Event: 17.992 {metaspace After GC invocations=32 (full 0):
 Metaspace       used 35543K, committed 36480K, reserved 1114112K
  class space    used 2203K, committed 2624K, reserved 1048576K
}
Event: 18.762 {metaspace Before GC invocations=32 (full 0):
 Metaspace       used 35810K, committed 36736K, reserved 1114112K
  class space    used 2258K, committed 2688K, reserved 1048576K
}
Event: 18.779 {metaspace After GC invocations=33 (full 0):
 Metaspace       used 35810K, committed 36736K, reserved 1114112K
  class space    used 2258K, committed 2688K, reserved 1048576K
}

Dll operation events (9 events):
Event: 0.002 Loaded shared library /home/andreatp/.sdkman/candidates/java/25-tem/lib/libjava.so
Event: 0.021 Loaded shared library /home/andreatp/.sdkman/candidates/java/25-tem/lib/libsimdsort.so
Event: 0.031 Loaded shared library /home/andreatp/.sdkman/candidates/java/25-tem/lib/libnio.so
Event: 0.033 Loaded shared library /home/andreatp/.sdkman/candidates/java/25-tem/lib/libzip.so
Event: 0.070 Loaded shared library /home/andreatp/.sdkman/candidates/java/25-tem/lib/libmanagement.so
Event: 0.071 Loaded shared library /home/andreatp/.sdkman/candidates/java/25-tem/lib/libmanagement_ext.so
Event: 0.090 Loaded shared library /home/andreatp/.sdkman/candidates/java/25-tem/lib/libjimage.so
Event: 6.312 Loaded shared library /home/andreatp/.sdkman/candidates/java/25-tem/lib/libnet.so
Event: 7.273 Loaded shared library /home/andreatp/.sdkman/candidates/java/25-tem/lib/libsyslookup.so

Deoptimization events (20 events):
Event: 18.053 Thread 0x00007f0c1002b810 Uncommon trap: trap_request=0xffffff45 fr.pc=0x00007f0c001bfb98 relative=0x0000000000000118
Event: 18.053 Thread 0x00007f0c1002b810 Uncommon trap: reason=unstable_if action=reinterpret pc=0x00007f0c001bfb98 method=com.dylibso.chicory.wasm.Validator.getLocalType(I)Lcom/dylibso/chicory/wasm/types/ValType; @ 10 c2
Event: 18.053 Thread 0x00007f0c1002b810 DEOPT PACKING pc=0x00007f0c001bfb98 sp=0x00007f0c15dfc880
Event: 18.053 Thread 0x00007f0c1002b810 DEOPT UNPACKING pc=0x00007f0bff9910f9 sp=0x00007f0c15dfc838 mode 2
Event: 18.323 Thread 0x00007f0c1002b810 Uncommon trap: trap_request=0xffffffde fr.pc=0x00007f0c0047aea8 relative=0x0000000000001628
Event: 18.323 Thread 0x00007f0c1002b810 Uncommon trap: reason=class_check action=maybe_recompile pc=0x00007f0c0047aea8 method=com.dylibso.chicory.runtime.Instance.initialize(Z)Lcom/dylibso/chicory/runtime/Instance; @ 173 c2
Event: 18.323 Thread 0x00007f0c1002b810 DEOPT PACKING pc=0x00007f0c0047aea8 sp=0x00007f0c15dfcf30
Event: 18.323 Thread 0x00007f0c1002b810 DEOPT UNPACKING pc=0x00007f0bff9910f9 sp=0x00007f0c15dfced0 mode 2
Event: 18.345 Thread 0x00007f0c1002b810 Uncommon trap: trap_request=0xffffff45 fr.pc=0x00007f0c001c4f00 relative=0x0000000000000180
Event: 18.346 Thread 0x00007f0c1002b810 Uncommon trap: reason=unstable_if action=reinterpret pc=0x00007f0c001c4f00 method=com.dylibso.chicory.wasm.Validator.setLocal(I)V @ 10 c2
Event: 18.346 Thread 0x00007f0c1002b810 DEOPT PACKING pc=0x00007f0c001c4f00 sp=0x00007f0c15dfc880
Event: 18.346 Thread 0x00007f0c1002b810 DEOPT UNPACKING pc=0x00007f0bff9910f9 sp=0x00007f0c15dfc848 mode 2
Event: 18.672 Thread 0x00007f0c1002b810 Uncommon trap: trap_request=0xffffff45 fr.pc=0x00007f0c006cfd3c relative=0x0000000000003f9c
Event: 18.672 Thread 0x00007f0c1002b810 Uncommon trap: reason=unstable_if action=reinterpret pc=0x00007f0c006cfd3c method=com.dylibso.chicory.cranelift.CraneliftMachineFuncGroup_0.func_3874(IIILcom/dylibso/chicory/runtime/Memory;Lcom/dylibso/chicory/runtime/Instance;)V @ 248 c2
Event: 18.672 Thread 0x00007f0c1002b810 DEOPT PACKING pc=0x00007f0c006cfd3c sp=0x00007f0c15dfb250
Event: 18.672 Thread 0x00007f0c1002b810 DEOPT UNPACKING pc=0x00007f0bff9910f9 sp=0x00007f0c15dfb278 mode 2
Event: 18.723 Thread 0x00007f0c1002b810 Uncommon trap: trap_request=0xffffffde fr.pc=0x00007f0c0047aea8 relative=0x0000000000001628
Event: 18.723 Thread 0x00007f0c1002b810 Uncommon trap: reason=class_check action=maybe_recompile pc=0x00007f0c0047aea8 method=com.dylibso.chicory.runtime.Instance.initialize(Z)Lcom/dylibso/chicory/runtime/Instance; @ 173 c2
Event: 18.723 Thread 0x00007f0c1002b810 DEOPT PACKING pc=0x00007f0c0047aea8 sp=0x00007f0c15dfcf30
Event: 18.723 Thread 0x00007f0c1002b810 DEOPT UNPACKING pc=0x00007f0bff9910f9 sp=0x00007f0c15dfced0 mode 2

Classes loaded (20 events):
Event: 8.737 Loading class java/lang/StackTraceElement$HashedModules
Event: 8.737 Loading class java/lang/StackTraceElement$HashedModules done
Event: 8.738 Loading class java/util/AbstractList$RandomAccessSubList
Event: 8.738 Loading class java/util/AbstractList$SubList
Event: 8.738 Loading class java/util/AbstractList$SubList done
Event: 8.738 Loading class java/util/AbstractList$RandomAccessSubList done
Event: 8.738 Loading class java/util/AbstractList$SubList$1
Event: 8.738 Loading class java/util/AbstractList$SubList$1 done
Event: 8.741 Loading class java/io/PrintWriter
Event: 8.742 Loading class java/io/PrintWriter done
Event: 8.742 Loading class java/lang/Throwable$WrappedPrintWriter
Event: 8.742 Loading class java/lang/Throwable$PrintStreamOrWriter
Event: 8.742 Loading class java/lang/Throwable$PrintStreamOrWriter done
Event: 8.742 Loading class java/lang/Throwable$WrappedPrintWriter done
Event: 17.475 Loading class java/lang/invoke/BoundMethodHandle$Species_LLLLLLLL
Event: 17.475 Loading class java/lang/invoke/BoundMethodHandle$Species_LLLLLLLL done
Event: 17.934 Loading class java/lang/invoke/BoundMethodHandle$Species_LLLLLLLLL
Event: 17.934 Loading class java/lang/invoke/BoundMethodHandle$Species_LLLLLLLLL done
Event: 17.938 Loading class java/lang/invoke/BoundMethodHandle$Species_LLLLLLLLLL
Event: 17.938 Loading class java/lang/invoke/BoundMethodHandle$Species_LLLLLLLLLL done

Classes unloaded (0 events):
No events

Classes redefined (0 events):
No events

Internal exceptions (20 events):
Event: 17.476 Thread 0x00007f0c1002b810 Exception <a 'java/lang/NoSuchMethodError'{0x0000000426847dd8}: 'java.lang.Object java.lang.invoke.DirectMethodHandle$Holder.invokeStatic(java.lang.Object, java.lang.Object, java.lang.Object, java.lang.Object, java.lang.Object, java.lang.Object, java.lang.Object, java.lang.Object, java.lang.Object, java.lang.Object, java.lang.Object)'> (0x0000000426847dd8) 
thrown [src/hotspot/share/interpreter/linkResolver.cpp, line 803]
Event: 17.478 Thread 0x00007f0c1002b810 Exception <a 'java/lang/ArrayIndexOutOfBoundsException'{0x000000042686ce90}: Index 1 out of bounds for length 1> (0x000000042686ce90) 
thrown [src/hotspot/share/interpreter/interpreterRuntime.cpp, line 420]
Event: 17.478 Thread 0x00007f0c1002b810 Exception <a 'java/lang/ArrayIndexOutOfBoundsException'{0x0000000426881878}: Index 1 out of bounds for length 1> (0x0000000426881878) 
thrown [src/hotspot/share/interpreter/interpreterRuntime.cpp, line 420]
Event: 17.479 Thread 0x00007f0c1002b810 Exception <a 'java/lang/ArrayIndexOutOfBoundsException'{0x0000000426896098}: Index 1 out of bounds for length 1> (0x0000000426896098) 
thrown [src/hotspot/share/interpreter/interpreterRuntime.cpp, line 420]
Event: 17.479 Thread 0x00007f0c1002b810 Exception <a 'java/lang/ArrayIndexOutOfBoundsException'{0x00000004268aa8b8}: Index 1 out of bounds for length 1> (0x00000004268aa8b8) 
thrown [src/hotspot/share/interpreter/interpreterRuntime.cpp, line 420]
Event: 17.479 Thread 0x00007f0c1002b810 Exception <a 'java/lang/ArrayIndexOutOfBoundsException'{0x00000004268bf0d8}: Index 1 out of bounds for length 1> (0x00000004268bf0d8) 
thrown [src/hotspot/share/interpreter/interpreterRuntime.cpp, line 420]
Event: 17.480 Thread 0x00007f0c1002b810 Exception <a 'java/lang/ArrayIndexOutOfBoundsException'{0x00000004268d38f8}: Index 1 out of bounds for length 1> (0x00000004268d38f8) 
thrown [src/hotspot/share/interpreter/interpreterRuntime.cpp, line 420]
Event: 17.480 Thread 0x00007f0c1002b810 Exception <a 'java/lang/ArrayIndexOutOfBoundsException'{0x00000004268e8118}: Index 1 out of bounds for length 1> (0x00000004268e8118) 
thrown [src/hotspot/share/interpreter/interpreterRuntime.cpp, line 420]
Event: 17.480 Thread 0x00007f0c1002b810 Exception <a 'java/lang/ArrayIndexOutOfBoundsException'{0x00000004268fc998}: Index 1 out of bounds for length 1> (0x00000004268fc998) 
thrown [src/hotspot/share/interpreter/interpreterRuntime.cpp, line 420]
Event: 17.926 Thread 0x00007f0c1002b810 Exception <a 'java/lang/NoSuchMethodError'{0x000000041f735fc0}: 'void java.lang.invoke.DirectMethodHandle$Holder.invokeStaticInit(java.lang.Object, java.lang.Object, java.lang.Object, java.lang.Object, java.lang.Object, long, float, double, int, int)'> (0x000000041f735fc0) 
thrown [src/hotspot/share/interpreter/linkResolver.cpp, line 803]
Event: 17.927 Thread 0x00007f0c1002b810 Exception <a 'java/lang/NoSuchMethodError'{0x000000041f746ec0}: 'void java.lang.invoke.DelegatingMethodHandle$Holder.reinvoke_L(java.lang.Object, java.lang.Object, java.lang.Object, java.lang.Object, java.lang.Object, long, float, double, int, int)'> (0x000000041f746ec0) 
thrown [src/hotspot/share/interpreter/linkResolver.cpp, line 803]
Event: 17.929 Thread 0x00007f0c1002b810 Exception <a 'java/lang/NoSuchMethodError'{0x000000041f792b48}: 'double java.lang.invoke.DirectMethodHandle$Holder.invokeStaticInit(java.lang.Object, java.lang.Object, java.lang.Object, java.lang.Object, java.lang.Object, long, float, double, int, int)'> (0x000000041f792b48) 
thrown [src/hotspot/share/interpreter/linkResolver.cpp, line 803]
Event: 17.929 Thread 0x00007f0c1002b810 Exception <a 'java/lang/NoSuchMethodError'{0x000000041f7a3a48}: 'double java.lang.invoke.DelegatingMethodHandle$Holder.reinvoke_L(java.lang.Object, java.lang.Object, java.lang.Object, java.lang.Object, java.lang.Object, long, float, double, int, int)'> (0x000000041f7a3a48) 
thrown [src/hotspot/share/interpreter/linkResolver.cpp, line 803]
Event: 17.932 Thread 0x00007f0c1002b810 Implicit null exception at 0x00007f0c00567e69 to 0x00007f0c005699a0
Event: 17.933 Thread 0x00007f0c1002b810 Exception <a 'java/lang/NoSuchMethodError'{0x000000041e8a9940}: 'java.lang.Object java.lang.invoke.Invokers$Holder.invoker(java.lang.Object, java.lang.Object, java.lang.Object, java.lang.Object, java.lang.Object, java.lang.Object, java.lang.Object, java.lang.Object, java.lang.Object)'> (0x000000041e8a9940) 
thrown [src/hotspot/share/interpreter/linkResolver.cpp, line 803]
Event: 17.933 Thread 0x00007f0c1002b810 Implicit null exception at 0x00007f0c005947fe to 0x00007f0c00594bb8
Event: 17.935 Thread 0x00007f0c1002b810 Exception <a 'java/lang/NoSuchMethodError'{0x000000041e8f8158}: 'java.lang.Object java.lang.invoke.DirectMethodHandle$Holder.invokeStatic(java.lang.Object, java.lang.Object, java.lang.Object, java.lang.Object, java.lang.Object, java.lang.Object, java.lang.Object, java.lang.Object, java.lang.Object, java.lang.Object, java.lang.Object, java.lang.Object)'> (0x000000041e8f8158) 
thrown [src/hotspot/share/interpreter/linkResolver.cpp, line 803]
Event: 17.940 Thread 0x00007f0c1002b810 Exception <a 'java/lang/NoSuchMethodError'{0x000000041e979858}: 'java.lang.Object java.lang.invoke.DirectMethodHandle$Holder.invokeStatic(java.lang.Object, java.lang.Object, java.lang.Object, java.lang.Object, java.lang.Object, java.lang.Object, java.lang.Object, java.lang.Object, java.lang.Object, java.lang.Object, java.lang.Object, java.lang.Object, java.lang.Object)'> (0x000000041e979858) 
thrown [src/hotspot/share/interpreter/linkResolver.cpp, line 803]
Event: 18.024 Thread 0x00007f0c1002b810 Exception <a 'java/lang/NoSuchMethodError'{0x00000007ffb63eb0}: 'long java.lang.invoke.DirectMethodHandle$Holder.invokeStaticInit(java.lang.Object, java.lang.Object, java.lang.Object, java.lang.Object, java.lang.Object, long, float, double, int, int)'> (0x00000007ffb63eb0) 
thrown [src/hotspot/share/interpreter/linkResolver.cpp, line 803]
Event: 18.025 Thread 0x00007f0c1002b810 Exception <a 'java/lang/NoSuchMethodError'{0x00000007ffb77968}: 'long java.lang.invoke.DelegatingMethodHandle$Holder.reinvoke_L(java.lang.Object, java.lang.Object, java.lang.Object, java.lang.Object, java.lang.Object, long, float, double, int, int)'> (0x00000007ffb77968) 
thrown [src/hotspot/share/interpreter/linkResolver.cpp, line 803]

VM Operations (20 events):
Event: 14.637 Executing safepoint VM operation: G1CollectForAllocation (G1 Evacuation Pause)
Event: 14.645 Executing safepoint VM operation: G1CollectForAllocation (G1 Evacuation Pause) done
Event: 15.541 Executing safepoint VM operation: G1CollectForAllocation (G1 Evacuation Pause)
Event: 15.552 Executing safepoint VM operation: G1CollectForAllocation (G1 Evacuation Pause) done
Event: 16.055 Executing safepoint VM operation: G1CollectForAllocation (G1 Evacuation Pause)
Event: 16.062 Executing safepoint VM operation: G1CollectForAllocation (G1 Evacuation Pause) done
Event: 16.262 Executing non-safepoint VM operation: HandshakeAllThreads (Deoptimize)
Event: 16.262 Executing non-safepoint VM operation: HandshakeAllThreads (Deoptimize) done
Event: 16.832 Executing safepoint VM operation: G1CollectForAllocation (G1 Evacuation Pause)
Event: 16.841 Executing safepoint VM operation: G1CollectForAllocation (G1 Evacuation Pause) done
Event: 17.350 Executing safepoint VM operation: G1TryInitiateConcMark (CodeCache GC Threshold)
Event: 17.357 Executing safepoint VM operation: G1TryInitiateConcMark (CodeCache GC Threshold) done
Event: 17.400 Executing safepoint VM operation: G1PauseRemark
Event: 17.408 Executing safepoint VM operation: G1PauseRemark done
Event: 17.431 Executing safepoint VM operation: G1PauseCleanup
Event: 17.431 Executing safepoint VM operation: G1PauseCleanup done
Event: 17.983 Executing safepoint VM operation: G1CollectForAllocation (G1 Evacuation Pause)
Event: 17.992 Executing safepoint VM operation: G1CollectForAllocation (G1 Evacuation Pause) done
Event: 18.762 Executing safepoint VM operation: G1CollectForAllocation (G1 Evacuation Pause)
Event: 18.779 Executing safepoint VM operation: G1CollectForAllocation (G1 Evacuation Pause) done

Memory protections (20 events):
Event: 6.133 Protecting memory [0x00007f0bd5600000,0x00007f0bd5604000] with protection modes 0
Event: 6.135 Protecting memory [0x00007f0bd5a00000,0x00007f0bd5a04000] with protection modes 0
Event: 6.135 Protecting memory [0x00007f0bd5200000,0x00007f0bd5204000] with protection modes 0
Event: 6.135 Protecting memory [0x00007f0bd5900000,0x00007f0bd5904000] with protection modes 0
Event: 6.173 Protecting memory [0x00007f0bd5000000,0x00007f0bd5004000] with protection modes 0
Event: 6.205 Protecting memory [0x00007f0bd5100000,0x00007f0bd5104000] with protection modes 0
Event: 6.205 Protecting memory [0x00007f0bd5300000,0x00007f0bd5304000] with protection modes 0
Event: 7.262 Protecting memory [0x00007f0bd5900000,0x00007f0bd5904000] with protection modes 0
Event: 7.348 Protecting memory [0x00007f0bd5000000,0x00007f0bd5004000] with protection modes 0
Event: 8.289 Protecting memory [0x00007f0bd5100000,0x00007f0bd5104000] with protection modes 0
Event: 9.244 Protecting memory [0x00007f0bd5300000,0x00007f0bd5304000] with protection modes 0
Event: 9.249 Protecting memory [0x00007f0bd4f00000,0x00007f0bd4f04000] with protection modes 0
Event: 11.174 Protecting memory [0x00007f0bd5300000,0x00007f0bd5304000] with protection modes 0
Event: 11.195 Protecting memory [0x00007f0bd4f00000,0x00007f0bd4f04000] with protection modes 0
Event: 13.637 Protecting memory [0x00007f0bd5100000,0x00007f0bd5104000] with protection modes 0
Event: 13.637 Protecting memory [0x00007f0bd5300000,0x00007f0bd5304000] with protection modes 0
Event: 13.769 Protecting memory [0x00007f0bd4f00000,0x00007f0bd4f04000] with protection modes 0
Event: 13.769 Protecting memory [0x00007f0bb7f00000,0x00007f0bb7f04000] with protection modes 0
Event: 13.770 Protecting memory [0x00007f0ba9f00000,0x00007f0ba9f04000] with protection modes 0
Event: 15.701 Protecting memory [0x00007f0bd4f00000,0x00007f0bd4f04000] with protection modes 0

Nmethod flushes (20 events):
Event: 17.407 Thread 0x00007f0c100fb340 flushing  nmethod 0x00007f0bf881a188
Event: 17.407 Thread 0x00007f0c100fb340 flushing  nmethod 0x00007f0bf881ac08
Event: 17.407 Thread 0x00007f0c100fb340 flushing  nmethod 0x00007f0bf881bf08
Event: 17.407 Thread 0x00007f0c100fb340 flushing  nmethod 0x00007f0bf884c288
Event: 17.407 Thread 0x00007f0c100fb340 flushing  nmethod 0x00007f0bf884c988
Event: 17.407 Thread 0x00007f0c100fb340 flushing  nmethod 0x00007f0bf884d008
Event: 17.407 Thread 0x00007f0c100fb340 flushing  nmethod 0x00007f0bf884d588
Event: 17.407 Thread 0x00007f0c100fb340 flushing  nmethod 0x00007f0bf884dd88
Event: 17.407 Thread 0x00007f0c100fb340 flushing  nmethod 0x00007f0bf884f408
Event: 17.407 Thread 0x00007f0c100fb340 flushing  nmethod 0x00007f0bf8882888
Event: 17.407 Thread 0x00007f0c100fb340 flushing  nmethod 0x00007f0bf8882b88
Event: 17.407 Thread 0x00007f0c100fb340 flushing  nmethod 0x00007f0bf8882f08
Event: 17.407 Thread 0x00007f0c100fb340 flushing  nmethod 0x00007f0bf8883688
Event: 17.407 Thread 0x00007f0c100fb340 flushing  nmethod 0x00007f0bf8884688
Event: 17.407 Thread 0x00007f0c100fb340 flushing  nmethod 0x00007f0bf8888208
Event: 17.407 Thread 0x00007f0c100fb340 flushing  nmethod 0x00007f0bf8888688
Event: 17.407 Thread 0x00007f0c100fb340 flushing  nmethod 0x00007f0bf8888e88
Event: 17.407 Thread 0x00007f0c100fb340 flushing  nmethod 0x00007f0bf888a088
Event: 17.407 Thread 0x00007f0c100fb340 flushing  nmethod 0x00007f0bf888d908
Event: 17.407 Thread 0x00007f0c100fb340 flushing  nmethod 0x00007f0bf888e188

Events (20 events):
Event: 9.249 Thread 0x00007f0c1010e240 Thread added: 0x00007f0b9823e690
Event: 9.705 Thread 0x00007f0b9823e690 Thread exited: 0x00007f0b9823e690
Event: 9.709 Thread 0x00007f0b9823aa90 Thread exited: 0x00007f0b9823aa90
Event: 11.174 Thread 0x00007f0b8c136280 Thread added: 0x00007f0b7cdc7ea0
Event: 11.195 Thread 0x00007f0b9417ae50 Thread added: 0x00007f0b8c854630
Event: 11.869 Thread 0x00007f0b8c854630 Thread exited: 0x00007f0b8c854630
Event: 11.885 Thread 0x00007f0b7cdc7ea0 Thread exited: 0x00007f0b7cdc7ea0
Event: 12.410 Thread 0x00007f0b909cf660 Thread exited: 0x00007f0b909cf660
Event: 13.637 Thread 0x00007f0b9410da30 Thread added: 0x00007f0b90c55c00
Event: 13.637 Thread 0x00007f0b9410da30 Thread added: 0x00007f0b90c56a50
Event: 13.769 Thread 0x00007f0b90c56a50 Thread added: 0x00007f0b781e6100
Event: 13.769 Thread 0x00007f0b90c56a50 Thread added: 0x00007f0b781e6f00
Event: 13.770 Thread 0x00007f0b90c56a50 Thread added: 0x00007f0b780b4360
Event: 14.879 Thread 0x00007f0b8c1371c0 Thread exited: 0x00007f0b8c1371c0
Event: 15.454 Thread 0x00007f0b780b4360 Thread exited: 0x00007f0b780b4360
Event: 15.579 Thread 0x00007f0b781e6f00 Thread exited: 0x00007f0b781e6f00
Event: 15.591 Thread 0x00007f0b781e6100 Thread exited: 0x00007f0b781e6100
Event: 15.701 Thread 0x00007f0b9417ae50 Thread added: 0x00007f0b8cba7ef0
Event: 18.142 Thread 0x00007f0b90c56a50 Thread exited: 0x00007f0b90c56a50
Event: 18.314 Thread 0x00007f0b90c55c00 Thread exited: 0x00007f0b90c55c00


Dynamic libraries:
18000000-18001000 ---p 00000000 00:00 0 
18001000-18d8c000 rw-p 00001000 00:24 62088005                           /home/andreatp/.sdkman/candidates/java/25-tem/lib/server/classes.jsa
18d8c000-19000000 ---p 00000000 00:00 0 
19000000-19040000 rw-p 00000000 00:00 0 
19040000-19140000 rw-p 00000000 00:00 0 
19140000-19180000 rw-p 00000000 00:00 0 
19180000-192a0000 rw-p 00000000 00:00 0 
192a0000-59000000 ---p 00000000 00:00 0 
418000000-42b000000 rw-p 00000000 00:00 0 
42b000000-454800000 ---p 00000000 00:00 0 
454800000-455000000 rw-p 00000000 00:00 0 
455000000-7ff000000 ---p 00000000 00:00 0 
7ff000000-7ff800000 rw-p 00000000 00:00 0 
7ff800000-7ff921000 rw-p 00dbf000 00:24 62088005                         /home/andreatp/.sdkman/candidates/java/25-tem/lib/server/classes.jsa
7ff921000-800000000 rw-p 00000000 00:00 0 
5575bc77d000-5575bc77e000 r--p 00000000 00:24 62087964                   /home/andreatp/.sdkman/candidates/java/25-tem/bin/java
5575bc77e000-5575bc77f000 r-xp 00001000 00:24 62087964                   /home/andreatp/.sdkman/candidates/java/25-tem/bin/java
5575bc77f000-5575bc780000 r--p 00002000 00:24 62087964                   /home/andreatp/.sdkman/candidates/java/25-tem/bin/java
5575bc780000-5575bc781000 r--p 00002000 00:24 62087964                   /home/andreatp/.sdkman/candidates/java/25-tem/bin/java
5575bc781000-5575bc782000 rw-p 00003000 00:24 62087964                   /home/andreatp/.sdkman/candidates/java/25-tem/bin/java
5575ef9f6000-5575efa3f000 rw-p 00000000 00:00 0                          [heap]
7f0b24000000-7f0b251d5000 rw-p 00000000 00:00 0 
7f0b251d5000-7f0b28000000 ---p 00000000 00:00 0 
7f0b28000000-7f0b28ffb000 rw-p 00000000 00:00 0 
7f0b28ffb000-7f0b2c000000 ---p 00000000 00:00 0 
7f0b2c000000-7f0b2c021000 rw-p 00000000 00:00 0 
7f0b2c021000-7f0b30000000 ---p 00000000 00:00 0 
7f0b30000000-7f0b31831000 rw-p 00000000 00:00 0 
7f0b31831000-7f0b34000000 ---p 00000000 00:00 0 
7f0b34000000-7f0b34076000 rw-p 00000000 00:00 0 
7f0b34076000-7f0b38000000 ---p 00000000 00:00 0 
7f0b38000000-7f0b38037000 rw-p 00000000 00:00 0 
7f0b38037000-7f0b3c000000 ---p 00000000 00:00 0 
7f0b3c000000-7f0b3c078000 rw-p 00000000 00:00 0 
7f0b3c078000-7f0b40000000 ---p 00000000 00:00 0 
7f0b40000000-7f0b40021000 rw-p 00000000 00:00 0 
7f0b40021000-7f0b44000000 ---p 00000000 00:00 0 
7f0b44000000-7f0b44024000 rw-p 00000000 00:00 0 
7f0b44024000-7f0b48000000 ---p 00000000 00:00 0 
7f0b48000000-7f0b48021000 rw-p 00000000 00:00 0 
7f0b48021000-7f0b4c000000 ---p 00000000 00:00 0 
7f0b4c000000-7f0b4c021000 rw-p 00000000 00:00 0 
7f0b4c021000-7f0b50000000 ---p 00000000 00:00 0 
7f0b50000000-7f0b50021000 rw-p 00000000 00:00 0 
7f0b50021000-7f0b54000000 ---p 00000000 00:00 0 
7f0b54000000-7f0b54021000 rw-p 00000000 00:00 0 
7f0b54021000-7f0b58000000 ---p 00000000 00:00 0 
7f0b58000000-7f0b58022000 rw-p 00000000 00:00 0 
7f0b58022000-7f0b5c000000 ---p 00000000 00:00 0 
7f0b5c000000-7f0b5c021000 rw-p 00000000 00:00 0 
7f0b5c021000-7f0b60000000 ---p 00000000 00:00 0 
7f0b60000000-7f0b60021000 rw-p 00000000 00:00 0 
7f0b60021000-7f0b64000000 ---p 00000000 00:00 0 
7f0b64000000-7f0b665a3000 rw-p 00000000 00:00 0 
7f0b665a3000-7f0b68000000 ---p 00000000 00:00 0 
7f0b68000000-7f0b692e5000 rw-p 00000000 00:00 0 
7f0b692e5000-7f0b6c000000 ---p 00000000 00:00 0 
7f0b6c000000-7f0b6d993000 rw-p 00000000 00:00 0 
7f0b6d993000-7f0b70000000 ---p 00000000 00:00 0 
7f0b70000000-7f0b71e50000 rw-p 00000000 00:00 0 
7f0b71e50000-7f0b74000000 ---p 00000000 00:00 0 
7f0b74000000-7f0b74021000 rw-p 00000000 00:00 0 
7f0b74021000-7f0b78000000 ---p 00000000 00:00 0 
7f0b78000000-7f0b79300000 rw-p 00000000 00:00 0 
7f0b79300000-7f0b7c000000 ---p 00000000 00:00 0 
7f0b7c000000-7f0b7dcbb000 rw-p 00000000 00:00 0 
7f0b7dcbb000-7f0b80000000 ---p 00000000 00:00 0 
7f0b80000000-7f0b80021000 rw-p 00000000 00:00 0 
7f0b80021000-7f0b84000000 ---p 00000000 00:00 0 
7f0b84000000-7f0b84021000 rw-p 00000000 00:00 0 
7f0b84021000-7f0b88000000 ---p 00000000 00:00 0 
7f0b88000000-7f0b88021000 rw-p 00000000 00:00 0 
7f0b88021000-7f0b8c000000 ---p 00000000 00:00 0 
7f0b8c000000-7f0b8cc84000 rw-p 00000000 00:00 0 
7f0b8cc84000-7f0b90000000 ---p 00000000 00:00 0 
7f0b90000000-7f0b92258000 rw-p 00000000 00:00 0 
7f0b92258000-7f0b94000000 ---p 00000000 00:00 0 
7f0b94000000-7f0b95ff9000 rw-p 00000000 00:00 0 
7f0b95ff9000-7f0b98000000 ---p 00000000 00:00 0 
7f0b98000000-7f0b9925e000 rw-p 00000000 00:00 0 
7f0b9925e000-7f0b9c000000 ---p 00000000 00:00 0 
7f0b9c000000-7f0b9c03d000 rw-p 00000000 00:00 0 
7f0b9c03d000-7f0ba0000000 ---p 00000000 00:00 0 
7f0ba0000000-7f0ba0021000 rw-p 00000000 00:00 0 
7f0ba0021000-7f0ba4000000 ---p 00000000 00:00 0 
7f0ba4000000-7f0ba4021000 rw-p 00000000 00:00 0 
7f0ba4021000-7f0ba8000000 ---p 00000000 00:00 0 
7f0ba9f00000-7f0ba9f04000 ---p 00000000 00:00 0 
7f0ba9f04000-7f0baa000000 rw-p 00000000 00:00 0 
7f0baa000000-7f0bb7e70000 r--p 00000000 00:24 16857077                   /usr/lib/locale/locale-archive
7f0bb7f00000-7f0bb7f04000 ---p 00000000 00:00 0 
7f0bb7f04000-7f0bb8000000 rw-p 00000000 00:00 0 
7f0bb8000000-7f0bb8400000 rw-p 00000000 00:00 0 
7f0bb8400000-7f0bb8fc0000 rw-p 00000000 00:00 0 
7f0bb8fc0000-7f0bb9100000 rw-p 00000000 00:00 0 
7f0bb9100000-7f0bb91c0000 rw-p 00000000 00:00 0 
7f0bb91c0000-7f0bb9720000 rw-p 00000000 00:00 0 
7f0bb9720000-7f0bb9800000 rw-p 00000000 00:00 0 
7f0bb9800000-7f0bb9940000 rw-p 00000000 00:00 0 
7f0bb9940000-7f0bb9a60000 rw-p 00000000 00:00 0 
7f0bb9a60000-7f0bb9ae0000 rw-p 00000000 00:00 0 
7f0bb9ae0000-7f0bb9b80000 rw-p 00000000 00:00 0 
7f0bb9b80000-7f0bb9c00000 ---p 00000000 00:00 0 
7f0bb9c00000-7f0bb9f20000 rw-p 00000000 00:00 0 
7f0bb9f20000-7f0bba1d0000 rw-p 00000000 00:00 0 
7f0bba1d0000-7f0bbc000000 ---p 00000000 00:00 0 
7f0bbc000000-7f0bbc021000 rw-p 00000000 00:00 0 
7f0bbc021000-7f0bc0000000 ---p 00000000 00:00 0 
7f0bc0000000-7f0bc0021000 rw-p 00000000 00:00 0 
7f0bc0021000-7f0bc4000000 ---p 00000000 00:00 0 
7f0bc4000000-7f0bc4037000 rw-p 00000000 00:00 0 
7f0bc4037000-7f0bc8000000 ---p 00000000 00:00 0 
7f0bc8000000-7f0bc8021000 rw-p 00000000 00:00 0 
7f0bc8021000-7f0bcc000000 ---p 00000000 00:00 0 
7f0bcc000000-7f0bcc021000 rw-p 00000000 00:00 0 
7f0bcc021000-7f0bd0000000 ---p 00000000 00:00 0 
7f0bd0000000-7f0bd0021000 rw-p 00000000 00:00 0 
7f0bd0021000-7f0bd4000000 ---p 00000000 00:00 0 
7f0bd40f2000-7f0bd40f3000 ---p 00000000 00:00 0 
7f0bd40f3000-7f0bd41f3000 rw-p 00000000 00:00 0 
7f0bd41f3000-7f0bd41f4000 ---p 00000000 00:00 0 
7f0bd41f4000-7f0bd42f4000 rw-p 00000000 00:00 0 
7f0bd42f4000-7f0bd42f5000 ---p 00000000 00:00 0 
7f0bd42f5000-7f0bd43f5000 rw-p 00000000 00:00 0 
7f0bd43f5000-7f0bd43f6000 ---p 00000000 00:00 0 
7f0bd43f6000-7f0bd44f6000 rw-p 00000000 00:00 0 
7f0bd44f6000-7f0bd44f7000 ---p 00000000 00:00 0 
7f0bd44f7000-7f0bd45f7000 rw-p 00000000 00:00 0 
7f0bd45f7000-7f0bd45f8000 ---p 00000000 00:00 0 
7f0bd45f8000-7f0bd46f8000 rw-p 00000000 00:00 0 
7f0bd46f8000-7f0bd46f9000 ---p 00000000 00:00 0 
7f0bd46f9000-7f0bd47f9000 rw-p 00000000 00:00 0 
7f0bd47f9000-7f0bd47fa000 ---p 00000000 00:00 0 
7f0bd47fa000-7f0bd48fa000 rw-p 00000000 00:00 0 
7f0bd48fa000-7f0bd48fb000 ---p 00000000 00:00 0 
7f0bd48fb000-7f0bd49fb000 rw-p 00000000 00:00 0 
7f0bd49fb000-7f0bd49fc000 ---p 00000000 00:00 0 
7f0bd49fc000-7f0bd4afc000 rw-p 00000000 00:00 0 
7f0bd4afc000-7f0bd4afd000 ---p 00000000 00:00 0 
7f0bd4afd000-7f0bd4bfd000 rw-p 00000000 00:00 0 
7f0bd4bfd000-7f0bd4bfe000 ---p 00000000 00:00 0 
7f0bd4bfe000-7f0bd4cfe000 rw-p 00000000 00:00 0 
7f0bd4cfe000-7f0bd4cff000 ---p 00000000 00:00 0 
7f0bd4cff000-7f0bd4dff000 rw-p 00000000 00:00 0 
7f0bd4dff000-7f0bd4e00000 ---p 00000000 00:00 0 
7f0bd4e00000-7f0bd4f00000 rw-p 00000000 00:00 0 
7f0bd4f00000-7f0bd4f04000 ---p 00000000 00:00 0 
7f0bd4f04000-7f0bd5000000 rw-p 00000000 00:00 0 
7f0bd5000000-7f0bd5004000 ---p 00000000 00:00 0 
7f0bd5004000-7f0bd5100000 rw-p 00000000 00:00 0 
7f0bd5100000-7f0bd5104000 ---p 00000000 00:00 0 
7f0bd5104000-7f0bd5200000 rw-p 00000000 00:00 0 
7f0bd5200000-7f0bd5204000 ---p 00000000 00:00 0 
7f0bd5204000-7f0bd5300000 rw-p 00000000 00:00 0 
7f0bd5300000-7f0bd5304000 ---p 00000000 00:00 0 
7f0bd5304000-7f0bd5400000 rw-p 00000000 00:00 0 
7f0bd5400000-7f0bd5404000 ---p 00000000 00:00 0 
7f0bd5404000-7f0bd5500000 rw-p 00000000 00:00 0 
7f0bd5500000-7f0bd5504000 ---p 00000000 00:00 0 
7f0bd5504000-7f0bd5600000 rw-p 00000000 00:00 0 
7f0bd5600000-7f0bd5604000 ---p 00000000 00:00 0 
7f0bd5604000-7f0bd5700000 rw-p 00000000 00:00 0 
7f0bd5700000-7f0bd5704000 ---p 00000000 00:00 0 
7f0bd5704000-7f0bd5800000 rw-p 00000000 00:00 0 
7f0bd5800000-7f0bd5804000 ---p 00000000 00:00 0 
7f0bd5804000-7f0bd5900000 rw-p 00000000 00:00 0 
7f0bd5900000-7f0bd5904000 ---p 00000000 00:00 0 
7f0bd5904000-7f0bd5a00000 rw-p 00000000 00:00 0 
7f0bd5a00000-7f0bd5a04000 ---p 00000000 00:00 0 
7f0bd5a04000-7f0bd5b00000 rw-p 00000000 00:00 0 
7f0bd5b00000-7f0bd5b04000 ---p 00000000 00:00 0 
7f0bd5b04000-7f0bd5c00000 rw-p 00000000 00:00 0 
7f0bd5c00000-7f0bd5c04000 ---p 00000000 00:00 0 
7f0bd5c04000-7f0bd5d00000 rw-p 00000000 00:00 0 
7f0bd5d00000-7f0bd5d04000 ---p 00000000 00:00 0 
7f0bd5d04000-7f0bd5e00000 rw-p 00000000 00:00 0 
7f0bd5e00000-7f0bd5e04000 ---p 00000000 00:00 0 
7f0bd5e04000-7f0bd5f00000 rw-p 00000000 00:00 0 
7f0bd5f00000-7f0bd5f04000 ---p 00000000 00:00 0 
7f0bd5f04000-7f0bd6000000 rw-p 00000000 00:00 0 
7f0bd6000000-7f0bd8021000 rw-p 00000000 00:00 0 
7f0bd8021000-7f0bdc000000 ---p 00000000 00:00 0 
7f0bdc000000-7f0bdc021000 rw-p 00000000 00:00 0 
7f0bdc021000-7f0be0000000 ---p 00000000 00:00 0 
7f0be0000000-7f0be0021000 rw-p 00000000 00:00 0 
7f0be0021000-7f0be4000000 ---p 00000000 00:00 0 
7f0be4007000-7f0be400e000 r--s 00000000 00:24 17059797                   /usr/lib64/gconv/gconv-modules.cache
7f0be400e000-7f0be4018000 r-xp 00000000 00:00 0 
7f0be4018000-7f0be401e000 r-xp 00000000 00:00 0 
7f0be401e000-7f0be40f7000 r-xp 00000000 00:00 0 
7f0be40f7000-7f0be40f8000 ---p 00000000 00:00 0 
7f0be40f8000-7f0be41f8000 rw-p 00000000 00:00 0 
7f0be41f8000-7f0be41f9000 ---p 00000000 00:00 0 
7f0be41f9000-7f0be42f9000 rw-p 00000000 00:00 0 
7f0be42f9000-7f0be42fa000 ---p 00000000 00:00 0 
7f0be42fa000-7f0be42fe000 ---p 00000000 00:00 0 
7f0be42fe000-7f0be43fa000 rw-p 00000000 00:00 0 
7f0be43fa000-7f0be43fb000 ---p 00000000 00:00 0 
7f0be43fb000-7f0be43ff000 ---p 00000000 00:00 0 
7f0be43ff000-7f0be44fb000 rw-p 00000000 00:00 0 
7f0be44fb000-7f0be44fc000 ---p 00000000 00:00 0 
7f0be44fc000-7f0be45fc000 rw-p 00000000 00:00 0 
7f0be45fc000-7f0be45fd000 ---p 00000000 00:00 0 
7f0be45fd000-7f0be46fd000 rw-p 00000000 00:00 0 
7f0be46fd000-7f0be4ec0000 rw-p 00000000 00:00 0 
7f0be4ec0000-7f0be5920000 ---p 00000000 00:00 0 
7f0be5920000-7f0be5940000 rw-p 00000000 00:00 0 
7f0be5940000-7f0bf43c0000 ---p 00000000 00:00 0 
7f0bf43c0000-7f0bf4400000 rw-p 00000000 00:00 0 
7f0bf4400000-7f0bf4401000 r-xp 00000000 00:00 0 
7f0bf4401000-7f0bf447f000 r-xp 00000000 00:00 0 
7f0bf447f000-7f0bf4618000 rw-p 00000000 00:00 0 
7f0bf4618000-7f0bf4764000 ---p 00000000 00:00 0 
7f0bf4764000-7f0bf4768000 rw-p 00000000 00:00 0 
7f0bf4768000-7f0bf64b8000 ---p 00000000 00:00 0 
7f0bf64b8000-7f0bf6558000 rw-p 00000000 00:00 0 
7f0bf6558000-7f0bf66a4000 ---p 00000000 00:00 0 
7f0bf66a4000-7f0bf66a8000 rw-p 00000000 00:00 0 
7f0bf66a8000-7f0bf83f8000 ---p 00000000 00:00 0 
7f0bf83f8000-7f0bf8400000 rw-p 00000000 00:00 0 
7f0bf8400000-7f0bfa220000 rwxp 00000000 00:00 0 
7f0bfa220000-7f0bff85f000 ---p 00000000 00:00 0 
7f0bff85f000-7f0bffc9f000 rwxp 00000000 00:00 0 
7f0bffc9f000-7f0bfff9f000 ---p 00000000 00:00 0 
7f0bfff9f000-7f0c0072f000 rwxp 00000000 00:00 0 
7f0c0072f000-7f0c07400000 ---p 00000000 00:00 0 
7f0c07400000-7f0c0ff14000 r--s 00000000 00:24 62088042                   /home/andreatp/.sdkman/candidates/java/25-tem/lib/modules
7f0c0ff14000-7f0c0ff3d000 r-xp 00000000 00:00 0 
7f0c0ff3d000-7f0c0ff3e000 r--p 00000000 00:24 62088018                   /home/andreatp/.sdkman/candidates/java/25-tem/lib/libsimdsort.so
7f0c0ff3e000-7f0c0ff77000 r-xp 00001000 00:24 62088018                   /home/andreatp/.sdkman/candidates/java/25-tem/lib/libsimdsort.so
7f0c0ff77000-7f0c0ff7d000 r--p 0003a000 00:24 62088018                   /home/andreatp/.sdkman/candidates/java/25-tem/lib/libsimdsort.so
7f0c0ff7d000-7f0c0ff7e000 r--p 0003f000 00:24 62088018                   /home/andreatp/.sdkman/candidates/java/25-tem/lib/libsimdsort.so
7f0c0ff7e000-7f0c0ff7f000 rw-p 00040000 00:24 62088018                   /home/andreatp/.sdkman/candidates/java/25-tem/lib/libsimdsort.so
7f0c0ff7f000-7f0c11476000 rw-p 00000000 00:00 0 
7f0c11476000-7f0c14000000 ---p 00000000 00:00 0 
7f0c14000000-7f0c1401d000 r-xp 00000000 00:00 0 
7f0c1401d000-7f0c1401f000 r--p 00000000 00:24 62087985                   /home/andreatp/.sdkman/candidates/java/25-tem/lib/libzip.so
7f0c1401f000-7f0c14031000 r-xp 00002000 00:24 62087985                   /home/andreatp/.sdkman/candidates/java/25-tem/lib/libzip.so
7f0c14031000-7f0c14039000 r--p 00014000 00:24 62087985                   /home/andreatp/.sdkman/candidates/java/25-tem/lib/libzip.so
7f0c14039000-7f0c1403a000 r--p 0001b000 00:24 62087985                   /home/andreatp/.sdkman/candidates/java/25-tem/lib/libzip.so
7f0c1403a000-7f0c1403b000 rw-p 0001c000 00:24 62087985                   /home/andreatp/.sdkman/candidates/java/25-tem/lib/libzip.so
7f0c1403b000-7f0c149e0000 rw-p 00000000 00:00 0 
7f0c149e0000-7f0c149e1000 ---p 00000000 00:00 0 
7f0c149e1000-7f0c14ae1000 rw-p 00000000 00:00 0 
7f0c14ae1000-7f0c14ae2000 ---p 00000000 00:00 0 
7f0c14ae2000-7f0c14be2000 rw-p 00000000 00:00 0 
7f0c14be2000-7f0c14be3000 ---p 00000000 00:00 0 
7f0c14be3000-7f0c14ce3000 rw-p 00000000 00:00 0 
7f0c14ce3000-7f0c15b3e000 rw-p 00000000 00:00 0 
7f0c15b3e000-7f0c15c17000 ---p 00000000 00:00 0 
7f0c15c17000-7f0c15c54000 rw-p 00000000 00:00 0 
7f0c15c54000-7f0c15d00000 ---p 00000000 00:00 0 
7f0c15d00000-7f0c15d04000 ---p 00000000 00:00 0 
7f0c15d04000-7f0c15e00000 rw-p 00000000 00:00 0 
7f0c15e00000-7f0c160e2000 r--p 00000000 00:24 62088004                   /home/andreatp/.sdkman/candidates/java/25-tem/lib/server/libjvm.so
7f0c160e2000-7f0c170e2000 r-xp 002e2000 00:24 62088004                   /home/andreatp/.sdkman/candidates/java/25-tem/lib/server/libjvm.so
7f0c170e2000-7f0c173f2000 r--p 012e2000 00:24 62088004                   /home/andreatp/.sdkman/candidates/java/25-tem/lib/server/libjvm.so
7f0c173f2000-7f0c174dd000 r--p 015f2000 00:24 62088004                   /home/andreatp/.sdkman/candidates/java/25-tem/lib/server/libjvm.so
7f0c174dd000-7f0c17508000 rw-p 016dd000 00:24 62088004                   /home/andreatp/.sdkman/candidates/java/25-tem/lib/server/libjvm.so
7f0c17508000-7f0c17584000 rw-p 00000000 00:00 0 
7f0c17584000-7f0c17585000 r-xp 00000000 00:00 0 
7f0c17585000-7f0c1758b000 r-xp 00000000 00:00 0 
7f0c1758b000-7f0c1758d000 r--p 00000000 00:24 62088016                   /home/andreatp/.sdkman/candidates/java/25-tem/lib/libmanagement_ext.so
7f0c1758d000-7f0c17590000 r-xp 00002000 00:24 62088016                   /home/andreatp/.sdkman/candidates/java/25-tem/lib/libmanagement_ext.so
7f0c17590000-7f0c17591000 r--p 00005000 00:24 62088016                   /home/andreatp/.sdkman/candidates/java/25-tem/lib/libmanagement_ext.so
7f0c17591000-7f0c17592000 r--p 00006000 00:24 62088016                   /home/andreatp/.sdkman/candidates/java/25-tem/lib/libmanagement_ext.so
7f0c17592000-7f0c17593000 rw-p 00007000 00:24 62088016                   /home/andreatp/.sdkman/candidates/java/25-tem/lib/libmanagement_ext.so
7f0c17593000-7f0c17596000 r--p 00000000 00:24 62088001                   /home/andreatp/.sdkman/candidates/java/25-tem/lib/libnet.so
7f0c17596000-7f0c1759e000 r-xp 00003000 00:24 62088001                   /home/andreatp/.sdkman/candidates/java/25-tem/lib/libnet.so
7f0c1759e000-7f0c175a0000 r--p 0000b000 00:24 62088001                   /home/andreatp/.sdkman/candidates/java/25-tem/lib/libnet.so
7f0c175a0000-7f0c175a1000 r--p 0000c000 00:24 62088001                   /home/andreatp/.sdkman/candidates/java/25-tem/lib/libnet.so
7f0c175a1000-7f0c175a2000 rw-p 0000d000 00:24 62088001                   /home/andreatp/.sdkman/candidates/java/25-tem/lib/libnet.so
7f0c175a2000-7f0c175aa000 r--p 00000000 00:24 62088041                   /home/andreatp/.sdkman/candidates/java/25-tem/lib/libnio.so
7f0c175aa000-7f0c175b3000 r-xp 00008000 00:24 62088041                   /home/andreatp/.sdkman/candidates/java/25-tem/lib/libnio.so
7f0c175b3000-7f0c175b7000 r--p 00011000 00:24 62088041                   /home/andreatp/.sdkman/candidates/java/25-tem/lib/libnio.so
7f0c175b7000-7f0c175b8000 r--p 00015000 00:24 62088041                   /home/andreatp/.sdkman/candidates/java/25-tem/lib/libnio.so
7f0c175b8000-7f0c175b9000 rw-p 00016000 00:24 62088041                   /home/andreatp/.sdkman/candidates/java/25-tem/lib/libnio.so
7f0c175b9000-7f0c17601000 rw-p 00000000 00:00 0 
7f0c17601000-7f0c17607000 ---p 00000000 00:00 0 
7f0c17607000-7f0c17615000 r--p 00000000 00:24 62087993                   /home/andreatp/.sdkman/candidates/java/25-tem/lib/libjava.so
7f0c17615000-7f0c17623000 r-xp 0000e000 00:24 62087993                   /home/andreatp/.sdkman/candidates/java/25-tem/lib/libjava.so
7f0c17623000-7f0c17628000 r--p 0001c000 00:24 62087993                   /home/andreatp/.sdkman/candidates/java/25-tem/lib/libjava.so
7f0c17628000-7f0c17629000 r--p 00021000 00:24 62087993                   /home/andreatp/.sdkman/candidates/java/25-tem/lib/libjava.so
7f0c17629000-7f0c1762a000 rw-p 00022000 00:24 62087993                   /home/andreatp/.sdkman/candidates/java/25-tem/lib/libjava.so
7f0c1762a000-7f0c1762b000 rw-p 00000000 00:00 0 
7f0c1762b000-7f0c1762f000 r--p 00000000 00:24 62087996                   /home/andreatp/.sdkman/candidates/java/25-tem/lib/libjimage.so
7f0c1762f000-7f0c17647000 r-xp 00004000 00:24 62087996                   /home/andreatp/.sdkman/candidates/java/25-tem/lib/libjimage.so
7f0c17647000-7f0c1764d000 r--p 0001c000 00:24 62087996                   /home/andreatp/.sdkman/candidates/java/25-tem/lib/libjimage.so
7f0c1764d000-7f0c1764f000 r--p 00021000 00:24 62087996                   /home/andreatp/.sdkman/candidates/java/25-tem/lib/libjimage.so
7f0c1764f000-7f0c17650000 rw-p 00023000 00:24 62087996                   /home/andreatp/.sdkman/candidates/java/25-tem/lib/libjimage.so
7f0c17650000-7f0c176cd000 r-xp 00000000 00:24 16857124                   /usr/lib64/libm.so.6
7f0c176cd000-7f0c1773d000 r--p 0007d000 00:24 16857124                   /usr/lib64/libm.so.6
7f0c1773d000-7f0c1773e000 r--p 000ec000 00:24 16857124                   /usr/lib64/libm.so.6
7f0c1773e000-7f0c1773f000 rw-p 000ed000 00:24 16857124                   /usr/lib64/libm.so.6
7f0c1773f000-7f0c17740000 r-xp 00000000 00:24 16857132                   /usr/lib64/librt.so.1
7f0c17740000-7f0c17741000 r--p 00001000 00:24 16857132                   /usr/lib64/librt.so.1
7f0c17741000-7f0c17742000 r--p 00001000 00:24 16857132                   /usr/lib64/librt.so.1
7f0c17742000-7f0c17745000 rw-p 00000000 00:00 0 
7f0c17745000-7f0c17746000 r-xp 00000000 00:24 16857130                   /usr/lib64/libpthread.so.0
7f0c17746000-7f0c17747000 r--p 00001000 00:24 16857130                   /usr/lib64/libpthread.so.0
7f0c17747000-7f0c17748000 r--p 00001000 00:24 16857130                   /usr/lib64/libpthread.so.0
7f0c17748000-7f0c17749000 rw-p 00000000 00:00 0 
7f0c17749000-7f0c1774a000 r-xp 00000000 00:24 16857123                   /usr/lib64/libdl.so.2
7f0c1774a000-7f0c1774b000 r--p 00001000 00:24 16857123                   /usr/lib64/libdl.so.2
7f0c1774b000-7f0c1774c000 r--p 00001000 00:24 16857123                   /usr/lib64/libdl.so.2
7f0c1774c000-7f0c1774d000 rw-p 00000000 00:00 0 
7f0c1774d000-7f0c178bb000 r-xp 00000000 00:24 16857122                   /usr/lib64/libc.so.6
7f0c178bb000-7f0c17930000 r--p 0016e000 00:24 16857122                   /usr/lib64/libc.so.6
7f0c17930000-7f0c17934000 r--p 001e2000 00:24 16857122                   /usr/lib64/libc.so.6
7f0c17934000-7f0c17936000 rw-p 001e6000 00:24 16857122                   /usr/lib64/libc.so.6
7f0c17936000-7f0c1793e000 rw-p 00000000 00:00 0 
7f0c1793e000-7f0c1793f000 r-xp 00000000 00:00 0 
7f0c1793f000-7f0c17940000 r--p 00000000 00:24 62087997                   /home/andreatp/.sdkman/candidates/java/25-tem/lib/libsyslookup.so
7f0c17940000-7f0c17941000 r-xp 00001000 00:24 62087997                   /home/andreatp/.sdkman/candidates/java/25-tem/lib/libsyslookup.so
7f0c17941000-7f0c17942000 r--p 00002000 00:24 62087997                   /home/andreatp/.sdkman/candidates/java/25-tem/lib/libsyslookup.so
7f0c17942000-7f0c17943000 r--p 00002000 00:24 62087997                   /home/andreatp/.sdkman/candidates/java/25-tem/lib/libsyslookup.so
7f0c17943000-7f0c17944000 rw-p 00003000 00:24 62087997                   /home/andreatp/.sdkman/candidates/java/25-tem/lib/libsyslookup.so
7f0c17944000-7f0c17947000 r--p 00000000 00:24 62088022                   /home/andreatp/.sdkman/candidates/java/25-tem/lib/libmanagement.so
7f0c17947000-7f0c17948000 r-xp 00003000 00:24 62088022                   /home/andreatp/.sdkman/candidates/java/25-tem/lib/libmanagement.so
7f0c17948000-7f0c17949000 r--p 00004000 00:24 62088022                   /home/andreatp/.sdkman/candidates/java/25-tem/lib/libmanagement.so
7f0c17949000-7f0c1794a000 r--p 00004000 00:24 62088022                   /home/andreatp/.sdkman/candidates/java/25-tem/lib/libmanagement.so
7f0c1794a000-7f0c1794b000 rw-p 00005000 00:24 62088022                   /home/andreatp/.sdkman/candidates/java/25-tem/lib/libmanagement.so
7f0c1794b000-7f0c17953000 rw-s 00000000 00:2b 7381                       /tmp/hsperfdata_andreatp/148191
7f0c17953000-7f0c17954000 ---p 00000000 00:00 0 
7f0c17954000-7f0c17955000 r--p 00000000 00:00 0 
7f0c17955000-7f0c17956000 ---p 00000000 00:00 0 
7f0c17956000-7f0c17959000 r--p 00000000 00:24 62088010                   /home/andreatp/.sdkman/candidates/java/25-tem/lib/libjli.so
7f0c17959000-7f0c1796a000 r-xp 00003000 00:24 62088010                   /home/andreatp/.sdkman/candidates/java/25-tem/lib/libjli.so
7f0c1796a000-7f0c17971000 r--p 00014000 00:24 62088010                   /home/andreatp/.sdkman/candidates/java/25-tem/lib/libjli.so
7f0c17971000-7f0c17972000 r--p 0001a000 00:24 62088010                   /home/andreatp/.sdkman/candidates/java/25-tem/lib/libjli.so
7f0c17972000-7f0c17973000 rw-p 0001b000 00:24 62088010                   /home/andreatp/.sdkman/candidates/java/25-tem/lib/libjli.so
7f0c17973000-7f0c17975000 rw-p 00000000 00:00 0 
7f0c17975000-7f0c17979000 r--p 00000000 00:00 0                          [vvar]
7f0c17979000-7f0c1797b000 r--p 00000000 00:00 0                          [vvar_vclock]
7f0c1797b000-7f0c1797d000 r-xp 00000000 00:00 0                          [vdso]
7f0c1797d000-7f0c179a7000 r-xp 00000000 00:24 16857119                   /usr/lib64/ld-linux-x86-64.so.2
7f0c179a7000-7f0c179b2000 r--p 0002a000 00:24 16857119                   /usr/lib64/ld-linux-x86-64.so.2
7f0c179b2000-7f0c179b4000 r--p 00035000 00:24 16857119                   /usr/lib64/ld-linux-x86-64.so.2
7f0c179b4000-7f0c179b5000 rw-p 00037000 00:24 16857119                   /usr/lib64/ld-linux-x86-64.so.2
7f0c179b5000-7f0c179b6000 rw-p 00000000 00:00 0 
7ffcc82b2000-7ffcc82d4000 rw-p 00000000 00:00 0                          [stack]
ffffffffff600000-ffffffffff601000 --xp 00000000 00:00 0                  [vsyscall]
Total number of mappings: 342

JVMTI agents: none


VM Arguments:
jvm_args: --enable-preview --enable-native-access=ALL-UNNAMED 
java_command: /home/andreatp/workspace/chicory2/cranelift-compiler/target/surefire/surefirebooter-20260311191306710_3.jar /home/andreatp/workspace/chicory2/cranelift-compiler/target/surefire 2026-03-11T19-13-06_619-jvmRun1 surefire-20260311191306710_1tmp surefire_0-20260311191306710_2tmp
java_class_path (initial): /home/andreatp/workspace/chicory2/cranelift-compiler/target/surefire/surefirebooter-20260311191306710_3.jar
Launcher Type: SUN_STANDARD

[Global flags]
     intx CICompilerCount                          = 12                                        {product} {ergonomic}
     uint ConcGCThreads                            = 3                                         {product} {ergonomic}
     uint G1ConcRefinementThreads                  = 13                                        {product} {ergonomic}
   size_t G1HeapRegionSize                         = 8388608                                   {product} {ergonomic}
   size_t InitialHeapSize                          = 1048576000                                {product} {ergonomic}
   size_t MarkStackSize                            = 4194304                                   {product} {ergonomic}
   size_t MarkStackSizeMax                         = 536870912                                 {product} {ergonomic}
   size_t MaxHeapSize                              = 16777216000                               {product} {ergonomic}
   size_t MaxNewSize                               = 10066329600                               {product} {ergonomic}
   size_t MinHeapDeltaBytes                        = 8388608                                   {product} {ergonomic}
   size_t MinHeapSize                              = 8388608                                   {product} {ergonomic}
    uintx NonNMethodCodeHeapSize                   = 7602176                                {pd product} {ergonomic}
    uintx NonProfiledCodeHeapSize                  = 122032128                              {pd product} {ergonomic}
    uintx ProfiledCodeHeapSize                     = 122023936                              {pd product} {ergonomic}
    uintx ReservedCodeCacheSize                    = 251658240                              {pd product} {ergonomic}
     bool SegmentedCodeCache                       = true                                      {product} {ergonomic}
   size_t SoftMaxHeapSize                          = 16777216000                            {manageable} {ergonomic}
     bool UseCompressedOops                        = true                           {product lp64_product} {ergonomic}
     bool UseG1GC                                  = true                                      {product} {ergonomic}

Logging:
Log output configuration:
 #0: stdout all=warning uptime,level,tags foldmultilines=false
 #1: stderr all=off uptime,level,tags foldmultilines=false

Release file:
IMPLEMENTOR="Eclipse Adoptium"
IMPLEMENTOR_VERSION="Temurin-25+36"
JAVA_RUNTIME_VERSION="25+36-LTS"
JAVA_VERSION="25"
JAVA_VERSION_DATE="2025-09-16"
LIBC="gnu"
MODULES="java.base java.compiler java.datatransfer java.xml java.prefs java.desktop java.instrument java.logging java.management java.security.sasl java.naming java.rmi java.management.rmi java.net.http java.scripting java.security.jgss java.transaction.xa java.sql java.sql.rowset java.xml.crypto java.se java.smartcardio jdk.accessibility jdk.internal.jvmstat jdk.attach jdk.charsets jdk.internal.opt jdk.zipfs jdk.compiler jdk.crypto.cryptoki jdk.crypto.ec jdk.dynalink jdk.internal.ed jdk.editpad jdk.internal.vm.ci jdk.graal.compiler jdk.graal.compiler.management jdk.hotspot.agent jdk.httpserver jdk.incubator.vector jdk.internal.le jdk.internal.md jdk.jartool jdk.javadoc jdk.jcmd jdk.management jdk.management.agent jdk.jconsole jdk.jdeps jdk.jdwp.agent jdk.jdi jdk.jfr jdk.jlink jdk.jpackage jdk.jshell jdk.jsobject jdk.jstatd jdk.localedata jdk.management.jfr jdk.naming.dns jdk.naming.rmi jdk.net jdk.nio.mapmode jdk.sctp jdk.security.auth jdk.security.jgss jdk.unsupported jdk.unsupported.desktop jdk.xml.dom"
OS_ARCH="x86_64"
OS_NAME="Linux"
SOURCE=".:git:ef82ae723551"
BUILD_SOURCE="git:b7337f50fb2a765519e79674ae790c2a7450149e"
BUILD_SOURCE_REPO="https://github.com/adoptium/temurin-build.git"
SOURCE_REPO="https://github.com/adoptium/jdk.git"
FULL_VERSION="25+36-LTS"
SEMANTIC_VERSION="25+36"
BUILD_INFO="OS: Linux Version: 6.8.0-1031-azure"
JVM_VARIANT="Hotspot"
JVM_VERSION="25+36-LTS"
IMAGE_TYPE="JDK"

Environment Variables:
JAVA_HOME=/home/andreatp/.sdkman/candidates/java/current
PATH=/home/andreatp/.jbang/bin:/home/andreatp/Downloads/google-cloud-sdk/bin:/home/andreatp/.pyenv/shims:/home/andreatp/.pyenv/bin:/home/andreatp/.nvm/versions/node/v24.2.0/bin:/home/andreatp/.sdkman/candidates/visualvm/current/bin:/home/andreatp/.sdkman/candidates/sbt/current/bin:/home/andreatp/.sdkman/candidates/maven/current/bin:/home/andreatp/.sdkman/candidates/jbang/current/bin:/home/andreatp/.sdkman/candidates/java/current/bin:/home/andreatp/.sdkman/candidates/gradle/current/bin:/home/andreatp/.local/share/swiftly/bin:/home/andreatp/.local/bin:/home/andreatp/.cargo/bin:/usr/local/bin:/usr/bin:/var/lib/snapd/snap/bin:/home/andreatp/.rvm/bin:/usr/local/go/bin:/home/andreatp/.wasmtime/bin:/home/andreatp/.cargo/bin:/home/andreatp/.rvm/bin
USERNAME=andreatp
SHELL=/usr/bin/zsh
DISPLAY=:0
LANG=en_US.UTF-8
TERM=dumb

Active Locale:
LC_ALL=en_US.UTF-8
LC_COLLATE=en_US.UTF-8
LC_CTYPE=en_US.UTF-8
LC_MESSAGES=en_US.UTF-8
LC_MONETARY=en_US.UTF-8
LC_NUMERIC=en_US.UTF-8
LC_TIME=en_US.UTF-8

Signal Handlers:
   SIGSEGV: crash_handler in libjvm.so, mask=11100100010111111101111111111110, flags=SA_RESTART|SA_SIGINFO, unblocked
    SIGBUS: crash_handler in libjvm.so, mask=11100100010111111101111111111110, flags=SA_RESTART|SA_SIGINFO, unblocked
    SIGFPE: crash_handler in libjvm.so, mask=11100100010111111101111111111110, flags=SA_RESTART|SA_SIGINFO, unblocked
   SIGPIPE: javaSignalHandler in libjvm.so, mask=11100100010111111101111111111110, flags=SA_RESTART|SA_SIGINFO, blocked
   SIGXFSZ: javaSignalHandler in libjvm.so, mask=11100100010111111101111111111110, flags=SA_RESTART|SA_SIGINFO, blocked
    SIGILL: crash_handler in libjvm.so, mask=11100100010111111101111111111110, flags=SA_RESTART|SA_SIGINFO, unblocked
   SIGUSR2: SR_handler in libjvm.so, mask=00000000000000000000000000000000, flags=SA_RESTART|SA_SIGINFO, blocked
    SIGHUP: UserHandler in libjvm.so, mask=11100100010111111101111111111110, flags=SA_RESTART|SA_SIGINFO, blocked
    SIGINT: UserHandler in libjvm.so, mask=11100100010111111101111111111110, flags=SA_RESTART|SA_SIGINFO, blocked
   SIGTERM: UserHandler in libjvm.so, mask=11100100010111111101111111111110, flags=SA_RESTART|SA_SIGINFO, blocked
   SIGQUIT: UserHandler in libjvm.so, mask=11100100010111111101111111111110, flags=SA_RESTART|SA_SIGINFO, blocked
   SIGTRAP: crash_handler in libjvm.so, mask=11100100010111111101111111111110, flags=SA_RESTART|SA_SIGINFO, unblocked


Compilation memory statistics disabled.

Periodic native trim disabled

---------------  S Y S T E M  ---------------

OS:
Fedora release 42 (Adams)
uname: Linux 6.18.8-100.fc42.x86_64 #1 SMP PREEMPT_DYNAMIC Fri Jan 30 19:22:23 UTC 2026 x86_64
OS uptime: 0 days 9:14 hours
libc: glibc 2.41 NPTL 2.41 
rlimit (soft/hard): STACK 12500k/infinity , CORE infinity/infinity , NPROC 255769/255769 , NOFILE 524288/524288 , AS infinity/infinity , CPU infinity/infinity , DATA infinity/infinity , FSIZE infinity/infinity , MEMLOCK 8192k/8192k
load average: 4.67 4.72 3.37

/proc/meminfo:
MemTotal:       65528664 kB
MemFree:        13060088 kB
MemAvailable:   38841404 kB
Buffers:           15960 kB
Cached:         30312064 kB
SwapCached:            0 kB
Active:         27512772 kB
Inactive:       17954244 kB
Active(anon):   20382216 kB
Inactive(anon):        0 kB
Active(file):    7130556 kB
Inactive(file): 17954244 kB
Unevictable:     3950684 kB
Mlocked:            5816 kB
SwapTotal:       8388604 kB
SwapFree:        8388604 kB
Zswap:                 0 kB
Zswapped:              0 kB
Dirty:             28872 kB
Writeback:             0 kB
AnonPages:      19090108 kB
Mapped:          2308780 kB
Shmem:           5238332 kB
KReclaimable:    1423844 kB
Slab:            2227028 kB
SReclaimable:    1423844 kB
SUnreclaim:       803184 kB
KernelStack:       59888 kB
PageTables:       225808 kB
SecPageTables:      4188 kB
NFS_Unstable:          0 kB
Bounce:                0 kB
WritebackTmp:          0 kB
CommitLimit:    41152936 kB
Committed_AS:   112152168 kB
VmallocTotal:   34359738367 kB
VmallocUsed:      190980 kB
VmallocChunk:          0 kB
Percpu:            15360 kB
HardwareCorrupted:     0 kB
AnonHugePages:         0 kB
ShmemHugePages:  3874816 kB
ShmemPmdMapped:        0 kB
FileHugePages:         0 kB
FilePmdMapped:         0 kB
CmaTotal:              0 kB
CmaFree:               0 kB
Unaccepted:            0 kB
Balloon:               0 kB
HugePages_Total:       0
HugePages_Free:        0
HugePages_Rsvd:        0
HugePages_Surp:        0
Hugepagesize:       2048 kB
Hugetlb:               0 kB
DirectMap4k:      452032 kB
DirectMap2M:    16021504 kB
DirectMap1G:    51380224 kB

/sys/kernel/mm/transparent_hugepage/enabled: always [madvise] never
/sys/kernel/mm/transparent_hugepage/hpage_pmd_size: 2097152
/sys/kernel/mm/transparent_hugepage/shmem_enabled: always within_size advise [never] deny force
/sys/kernel/mm/transparent_hugepage/defrag (defrag/compaction efforts parameter): always defer defer+madvise [madvise] never

Process Memory:
Virtual Size: 21407348K (peak: 21407444K)
Resident Set Size: 638388K (peak: 1630284K) (anon: 611544K, file: 26812K, shmem: 32K)
Swapped out: 0K
C-Heap outstanding allocations: 162656K, retained: 214951K
glibc malloc tunables: (default)

/proc/sys/kernel/threads-max (system-wide limit on the number of threads): 511538
/proc/sys/vm/max_map_count (maximum number of memory map areas a process may have): 1048576
/proc/sys/vm/swappiness (control to define how aggressively the kernel swaps out anonymous memory): 60
/proc/sys/kernel/pid_max (system-wide limit on number of process identifiers): 4194304

container information not found.
Steal ticks since vm start: 0
Steal ticks percentage since vm start:  0.000

CPU: total 16 (initial active 16) (8 cores per cpu, 2 threads per core) family 6 model 141 stepping 1 microcode 0x58, cx8, cmov, fxsr, ht, mmx, 3dnowpref, sse, sse2, sse3, ssse3, sse4.1, sse4.2, popcnt, lzcnt, tsc, tscinvbit, avx, avx2, aes, erms, clmul, bmi1, bmi2, adx, avx512f, avx512dq, avx512cd, avx512bw, avx512vl, sha, fma, vzeroupper, avx512_vpopcntdq, avx512_vpclmulqdq, avx512_vaes, avx512_vnni, clflush, clflushopt, clwb, avx512_vbmi2, avx512_vbmi, rdtscp, rdpid, fsrm, gfni, avx512_bitalg, f16c, pku, ospke, cet_ibt, cet_ss, avx512_ifma
CPU Model and flags from /proc/cpuinfo:
model name	: 11th Gen Intel(R) Core(TM) i7-11850H @ 2.50GHz
flags		: fpu vme de pse tsc msr pae mce cx8 apic sep mtrr pge mca cmov pat pse36 clflush dts acpi mmx fxsr sse sse2 ss ht tm pbe syscall nx pdpe1gb rdtscp lm constant_tsc art arch_perfmon pebs bts rep_good nopl xtopology nonstop_tsc cpuid aperfmperf tsc_known_freq pni pclmulqdq dtes64 monitor ds_cpl vmx smx est tm2 ssse3 sdbg fma cx16 xtpr pdcm pcid sse4_1 sse4_2 x2apic movbe popcnt tsc_deadline_timer aes xsave avx f16c rdrand lahf_lm abm 3dnowprefetch cpuid_fault epb cat_l2 cdp_l2 ssbd ibrs ibpb stibp ibrs_enhanced tpr_shadow flexpriority ept vpid ept_ad fsgsbase tsc_adjust bmi1 avx2 smep bmi2 erms invpcid rdt_a avx512f avx512dq rdseed adx smap avx512ifma clflushopt clwb intel_pt avx512cd sha_ni avx512bw avx512vl xsaveopt xsavec xgetbv1 xsaves split_lock_detect user_shstk dtherm ida arat pln pts hwp hwp_notify hwp_act_window hwp_epp hwp_pkg_req vnmi avx512vbmi umip pku ospke avx512_vbmi2 gfni vaes vpclmulqdq avx512_vnni avx512_bitalg avx512_vpopcntdq rdpid movdiri movdir64b fsrm avx512_vp2intersect md_clear ibt flush_l1d arch_capabilities

Online cpus: 0-15
Offline cpus: 
BIOS frequency limitation: <Not Available>
Frequency switch latency (ns): 0
Available cpu frequencies: <Not Available>
Current governor: powersave
Core performance/turbo boost: <Not Available>

Memory: 4k page, physical 65528664k(38841404k free), swap 8388604k(8388604k free)
Page Sizes: 4k

vm_info: OpenJDK 64-Bit Server VM (25+36-LTS) for linux-amd64 JRE (25+36-LTS), built on 2025-09-16T00:00:00Z with gcc 14.2.0

END.
