#
# A fatal error has been detected by the Java Runtime Environment:
#
#  SIGSEGV (0xb) at pc=0x00007f33e1b79034, pid=145913, tid=145915
#
# JRE version: OpenJDK Runtime Environment Temurin-25+36 (25.0+36) (build 25+36-LTS)
# Java VM: OpenJDK 64-Bit Server VM Temurin-25+36 (25+36-LTS, mixed mode, sharing, tiered, compressed oops, compressed class ptrs, g1 gc, linux-amd64)
# Problematic frame:
# C  0x00007f33e1b79034
#
# Core dump will be written. Default location: Core dumps may be processed with "/usr/lib/systemd/systemd-coredump %P %u %g %s %t %c %h %d %F" (or dumping to /home/andreatp/workspace/chicory2/cranelift-compiler/core.145913)
#
# If you would like to submit a bug report, please visit:
#   https://github.com/adoptium/adoptium-support/issues
# The crash happened outside the Java Virtual Machine in native code.
# See problematic frame for where to report the bug.
#

---------------  S U M M A R Y ------------

Command Line: --enable-preview --enable-native-access=ALL-UNNAMED /home/andreatp/workspace/chicory2/cranelift-compiler/target/surefire/surefirebooter-20260311190546695_3.jar /home/andreatp/workspace/chicory2/cranelift-compiler/target/surefire 2026-03-11T19-05-46_622-jvmRun1 surefire-20260311190546695_1tmp surefire_0-20260311190546695_2tmp

Host: 11th Gen Intel(R) Core(TM) i7-11850H @ 2.50GHz, 16 cores, 62G, Fedora release 42 (Adams)
Time: Wed Mar 11 19:06:02 2026 WET elapsed time: 15.886693 seconds (0d 0h 0m 15s)

---------------  T H R E A D  ---------------

Current thread (0x00007f342402b810):  JavaThread "main"             [_thread_in_native, id=145915, stack(0x00007f342ba11000,0x00007f342bb11000) (1024K)]

Stack: [0x00007f342ba11000,0x00007f342bb11000],  sp=0x00007f342bb0d390,  free space=1008k
Native frames: (J=compiled Java code, j=interpreted, Vv=VM code, C=native code)
C  0x00007f33e1b79034
v  ~RuntimeStub::nep_invoker_blob 0x00007f3413ba779d
j  java.lang.invoke.LambdaForm$MH+0x000000002c1ae400.invoke(Ljava/lang/Object;JJJ)V+12 java.base@25
j  java.lang.invoke.LambdaForm$MH+0x000000002c1b8800.invokeExact_MT(Ljava/lang/Object;JJJLjava/lang/Object;)V+23 java.base@25
j  jdk.internal.foreign.abi.DowncallStub+0x000000002c1ae800.invoke(Ljava/lang/foreign/SegmentAllocator;Ljava/lang/foreign/MemorySegment;Ljava/lang/foreign/MemorySegment;Ljava/lang/foreign/MemorySegment;)V+113 java.base@25
j  java.lang.invoke.DirectMethodHandle$Holder.invokeStatic(Ljava/lang/Object;Ljava/lang/Object;Ljava/lang/Object;Ljava/lang/Object;Ljava/lang/Object;)V+16 java.base@25
j  java.lang.invoke.LambdaForm$MH+0x000000002c1b8000.invoke(Ljava/lang/Object;Ljava/lang/Object;Ljava/lang/Object;)Ljava/lang/Object;+76 java.base@25
J 7675 c1 java.lang.invoke.LambdaForm$MH+0x000000002c1b5800.invoke(Ljava/lang/Object;Ljava/lang/Object;Ljava/lang/Object;)Ljava/lang/Object; java.base@25 (56 bytes) @ 0x00007f340dcbf874 [0x00007f340dcbee00+0x0000000000000a74]
J 9073 c1 java.lang.invoke.MethodHandle.invokeWithArguments([Ljava/lang/Object;)Ljava/lang/Object; java.base@25 (32 bytes) @ 0x00007f340c6092fc [0x00007f340c608c00+0x00000000000006fc]
J 8991 c1 com.dylibso.chicory.cranelift.compiler.NativeMachine.call(I[J)[J (669 bytes) @ 0x00007f340e18bf04 [0x00007f340e186900+0x0000000000005604]
J 5989 c2 com.dylibso.chicory.runtime.Instance$Exports$$Lambda+0x000000002c12a940.apply([J)[J (13 bytes) @ 0x00007f341438f67c [0x00007f341438f400+0x000000000000027c]
j  com.dylibso.chicory.test.gen.SpecV1MemoryGrowTest.lambda$test4$0(Lcom/dylibso/chicory/runtime/ExportFunction;)V+7
j  com.dylibso.chicory.test.gen.SpecV1MemoryGrowTest$$Lambda+0x000000002c298690.execute()V+4
J 7232 c1 org.junit.jupiter.api.AssertThrows.assertThrows(Ljava/lang/Class;Lorg/junit/jupiter/api/function/Executable;Ljava/lang/Object;)Ljava/lang/Throwable; (85 bytes) @ 0x00007f340db7787c [0x00007f340db77780+0x00000000000000fc]
J 7230 c1 org.junit.jupiter.api.Assertions.assertThrows(Ljava/lang/Class;Lorg/junit/jupiter/api/function/Executable;)Ljava/lang/Throwable; (6 bytes) @ 0x00007f340db7751c [0x00007f340db77480+0x000000000000009c]
j  com.dylibso.chicory.test.gen.SpecV1MemoryGrowTest.test4()V+20
J 8294 c2 java.lang.invoke.LambdaForm$DMH+0x000000002c0fc000.invokeVirtual(Ljava/lang/Object;Ljava/lang/Object;)V java.base@25 (14 bytes) @ 0x00007f34146017c0 [0x00007f3414601780+0x0000000000000040]
J 8293 c2 java.lang.invoke.LambdaForm$MH+0x000000002c0fc800.invoke(Ljava/lang/Object;Ljava/lang/Object;)Ljava/lang/Object; java.base@25 (36 bytes) @ 0x00007f3414601af4 [0x00007f3414601a80+0x0000000000000074]
J 8168 c2 org.junit.platform.commons.util.ReflectionUtils.invokeMethod(Ljava/lang/reflect/Method;Ljava/lang/Object;[Ljava/lang/Object;)Ljava/lang/Object; (55 bytes) @ 0x00007f341459d40c [0x00007f341459cc00+0x000000000000080c]
J 8264 c2 org.junit.jupiter.engine.execution.InvocationInterceptorChain.invoke(Lorg/junit/jupiter/api/extension/InvocationInterceptor$Invocation;Lorg/junit/jupiter/engine/extension/ExtensionRegistry;Lorg/junit/jupiter/engine/execution/InvocationInterceptorChain$InterceptorCall;)Ljava/lang/Object; (35 bytes) @ 0x00007f34145d1648 [0x00007f34145d0380+0x00000000000012c8]
J 8290 c2 org.junit.platform.engine.support.hierarchical.Node.around(Lorg/junit/platform/engine/support/hierarchical/EngineExecutionContext;Lorg/junit/platform/engine/support/hierarchical/Node$Invocation;)V (8 bytes) @ 0x00007f34145e1ba0 [0x00007f34145e0d00+0x0000000000000ea0]
J 8336 c2 org.junit.platform.engine.support.hierarchical.NodeTestTask.executeRecursively()V (35 bytes) @ 0x00007f34145ed4a0 [0x00007f34145ed080+0x0000000000000420]
J 8177 c2 org.junit.platform.engine.support.hierarchical.SameThreadHierarchicalTestExecutorService$$Lambda+0x000000002c0e3100.accept(Ljava/lang/Object;)V (10 bytes) @ 0x00007f34145db07c [0x00007f34145d83a0+0x0000000000002cdc]
J 2406 c2 java.util.ArrayList.forEach(Ljava/util/function/Consumer;)V java.base@25 (74 bytes) @ 0x00007f341409c264 [0x00007f341409c180+0x00000000000000e4]
j  org.junit.platform.engine.support.hierarchical.SameThreadHierarchicalTestExecutorService.invokeAll(Ljava/util/List;)V+6
J 8290 c2 org.junit.platform.engine.support.hierarchical.Node.around(Lorg/junit/platform/engine/support/hierarchical/EngineExecutionContext;Lorg/junit/platform/engine/support/hierarchical/Node$Invocation;)V (8 bytes) @ 0x00007f34145e2350 [0x00007f34145e0d00+0x0000000000001650]
J 8336 c2 org.junit.platform.engine.support.hierarchical.NodeTestTask.executeRecursively()V (35 bytes) @ 0x00007f34145ed670 [0x00007f34145ed080+0x00000000000005f0]
J 8177 c2 org.junit.platform.engine.support.hierarchical.SameThreadHierarchicalTestExecutorService$$Lambda+0x000000002c0e3100.accept(Ljava/lang/Object;)V (10 bytes) @ 0x00007f34145db07c [0x00007f34145d83a0+0x0000000000002cdc]
J 2406 c2 java.util.ArrayList.forEach(Ljava/util/function/Consumer;)V java.base@25 (74 bytes) @ 0x00007f341409c264 [0x00007f341409c180+0x00000000000000e4]
j  org.junit.platform.engine.support.hierarchical.SameThreadHierarchicalTestExecutorService.invokeAll(Ljava/util/List;)V+6
j  org.junit.platform.engine.support.hierarchical.NodeTestTask.lambda$executeRecursively$6()V+116
j  org.junit.platform.engine.support.hierarchical.NodeTestTask$$Lambda+0x000000002c0e25c0.execute()V+4
j  org.junit.platform.engine.support.hierarchical.ThrowableCollector.execute(Lorg/junit/platform/engine/support/hierarchical/ThrowableCollector$Executable;)V+1
j  org.junit.platform.engine.support.hierarchical.NodeTestTask.lambda$executeRecursively$8(Lorg/junit/platform/engine/support/hierarchical/EngineExecutionContext;)V+15
j  org.junit.platform.engine.support.hierarchical.NodeTestTask$$Lambda+0x000000002c0e2390.invoke(Lorg/junit/platform/engine/support/hierarchical/EngineExecutionContext;)V+5
j  org.junit.platform.engine.support.hierarchical.Node.around(Lorg/junit/platform/engine/support/hierarchical/EngineExecutionContext;Lorg/junit/platform/engine/support/hierarchical/Node$Invocation;)V+2
j  org.junit.platform.engine.support.hierarchical.NodeTestTask.lambda$executeRecursively$9()V+14
j  org.junit.platform.engine.support.hierarchical.NodeTestTask$$Lambda+0x000000002c0e2160.execute()V+4
j  org.junit.platform.engine.support.hierarchical.ThrowableCollector.execute(Lorg/junit/platform/engine/support/hierarchical/ThrowableCollector$Executable;)V+1
j  org.junit.platform.engine.support.hierarchical.NodeTestTask.executeRecursively()V+31
j  org.junit.platform.engine.support.hierarchical.NodeTestTask.execute()V+55
j  org.junit.platform.engine.support.hierarchical.SameThreadHierarchicalTestExecutorService.submit(Lorg/junit/platform/engine/support/hierarchical/HierarchicalTestExecutorService$TestTask;)Ljava/util/concurrent/Future;+1
j  org.junit.platform.engine.support.hierarchical.HierarchicalTestExecutor.execute()Ljava/util/concurrent/Future;+74
j  org.junit.platform.engine.support.hierarchical.HierarchicalTestEngine.execute(Lorg/junit/platform/engine/ExecutionRequest;)V+31
j  org.junit.platform.launcher.core.EngineExecutionOrchestrator.executeEngine(Lorg/junit/platform/engine/TestDescriptor;Lorg/junit/platform/engine/EngineExecutionListener;Lorg/junit/platform/engine/ConfigurationParameters;Lorg/junit/platform/engine/TestEngine;Lorg/junit/platform/engine/OutputDirectoryCreator;Lorg/junit/platform/launcher/core/DiscoveryIssueNotifier;Lorg/junit/platform/engine/support/store/NamespacedHierarchicalStore;)V+24
j  org.junit.platform.launcher.core.EngineExecutionOrchestrator.failOrExecuteEngine(Lorg/junit/platform/launcher/core/LauncherDiscoveryResult;Lorg/junit/platform/engine/EngineExecutionListener;Lorg/junit/platform/engine/TestEngine;Lorg/junit/platform/engine/support/store/NamespacedHierarchicalStore;)V+124
j  org.junit.platform.launcher.core.EngineExecutionOrchestrator.execute(Lorg/junit/platform/launcher/core/LauncherDiscoveryResult;Lorg/junit/platform/engine/EngineExecutionListener;Lorg/junit/platform/engine/support/store/NamespacedHierarchicalStore;)V+68
j  org.junit.platform.launcher.core.EngineExecutionOrchestrator.execute(Lorg/junit/platform/launcher/core/InternalTestPlan;Lorg/junit/platform/engine/EngineExecutionListener;Lorg/junit/platform/launcher/TestExecutionListener;Lorg/junit/platform/engine/support/store/NamespacedHierarchicalStore;)V+57
j  org.junit.platform.launcher.core.EngineExecutionOrchestrator.lambda$execute$0(Lorg/junit/platform/launcher/core/InternalTestPlan;Lorg/junit/platform/engine/support/store/NamespacedHierarchicalStore;Lorg/junit/platform/launcher/TestExecutionListener;)V+7
j  org.junit.platform.launcher.core.EngineExecutionOrchestrator$$Lambda+0x000000002c0d16e0.accept(Ljava/lang/Object;)V+16
j  org.junit.platform.launcher.core.EngineExecutionOrchestrator.withInterceptedStreams(Lorg/junit/platform/engine/ConfigurationParameters;Lorg/junit/platform/launcher/core/ListenerRegistry;Ljava/util/function/Consumer;)V+51
j  org.junit.platform.launcher.core.EngineExecutionOrchestrator.execute(Lorg/junit/platform/launcher/core/InternalTestPlan;Lorg/junit/platform/engine/support/store/NamespacedHierarchicalStore;[Lorg/junit/platform/launcher/TestExecutionListener;)V+26
j  org.junit.platform.launcher.core.DefaultLauncher.execute(Lorg/junit/platform/launcher/core/InternalTestPlan;[Lorg/junit/platform/launcher/TestExecutionListener;)V+12
j  org.junit.platform.launcher.core.DefaultLauncher.execute(Lorg/junit/platform/launcher/LauncherDiscoveryRequest;[Lorg/junit/platform/launcher/TestExecutionListener;)V+34
j  org.junit.platform.launcher.core.DelegatingLauncher.execute(Lorg/junit/platform/launcher/LauncherDiscoveryRequest;[Lorg/junit/platform/launcher/TestExecutionListener;)V+6
j  org.junit.platform.launcher.core.InterceptingLauncher.lambda$execute$1(Lorg/junit/platform/launcher/LauncherDiscoveryRequest;[Lorg/junit/platform/launcher/TestExecutionListener;)Ljava/lang/Object;+3
j  org.junit.platform.launcher.core.InterceptingLauncher$$Lambda+0x000000002c0d14b0.proceed()Ljava/lang/Object;+12
j  org.junit.platform.launcher.core.ClasspathAlignmentCheckingLauncherInterceptor.intercept(Lorg/junit/platform/launcher/LauncherInterceptor$Invocation;)Ljava/lang/Object;+1
j  org.junit.platform.launcher.core.InterceptingLauncher.execute(Lorg/junit/platform/launcher/LauncherDiscoveryRequest;[Lorg/junit/platform/launcher/TestExecutionListener;)V+12
j  org.junit.platform.launcher.core.DelegatingLauncher.execute(Lorg/junit/platform/launcher/LauncherDiscoveryRequest;[Lorg/junit/platform/launcher/TestExecutionListener;)V+6
j  org.apache.maven.surefire.junitplatform.LauncherAdapter.executeWithoutCancellationToken(Lorg/junit/platform/launcher/LauncherDiscoveryRequest;[Lorg/junit/platform/launcher/TestExecutionListener;)V+6
j  org.apache.maven.surefire.junitplatform.LauncherAdapter.execute(Lorg/junit/platform/launcher/LauncherDiscoveryRequest;[Lorg/junit/platform/launcher/TestExecutionListener;)V+10
j  org.apache.maven.surefire.junitplatform.JUnitPlatformProvider.execute(Lorg/apache/maven/surefire/junitplatform/LauncherAdapter;Lorg/apache/maven/surefire/api/util/TestsToRun;Lorg/apache/maven/surefire/junitplatform/RunListenerAdapter;)V+61
j  org.apache.maven.surefire.junitplatform.JUnitPlatformProvider.invokeAllTests(Lorg/apache/maven/surefire/junitplatform/LauncherAdapter;Lorg/apache/maven/surefire/api/util/TestsToRun;Lorg/apache/maven/surefire/junitplatform/RunListenerAdapter;)V+36
j  org.apache.maven.surefire.junitplatform.JUnitPlatformProvider.invoke(Ljava/lang/Object;)Lorg/apache/maven/surefire/api/suite/RunResult;+144
j  org.apache.maven.surefire.booter.ForkedBooter.runSuitesInProcess()V+8
j  org.apache.maven.surefire.booter.ForkedBooter.execute()V+1
j  org.apache.maven.surefire.booter.ForkedBooter.run(Lorg/apache/maven/surefire/booter/ForkedBooter;[Ljava/lang/String;)V+27
j  org.apache.maven.surefire.booter.ForkedBooter.main([Ljava/lang/String;)V+10
v  ~StubRoutines::call_stub 0x00007f341385ffa6
V  [libjvm.so+0xa21400]  JavaCalls::call_helper(JavaValue*, methodHandle const&, JavaCallArguments*, JavaThread*)+0x2b0
V  [libjvm.so+0xaeae76]  jni_invoke_static(JNIEnv_*, JavaValue*, _jobject*, JNICallType, _jmethodID*, JNI_ArgumentPusher*, JavaThread*) [clone .constprop.1]+0x396
V  [libjvm.so+0xaedd31]  jni_CallStaticVoidMethod+0x161
C  [libjli.so+0xa73a]  invokeStaticMainWithArgs+0x4a
C  [libjli.so+0xb7c0]  JavaMain+0xeb0
C  [libjli.so+0xed49]  ThreadJavaMain+0x9
C  [libc.so.6+0x71f14]  start_thread+0x2e4
Java frames: (J=compiled Java code, j=interpreted, Vv=VM code)
v  ~RuntimeStub::nep_invoker_blob 0x00007f3413ba7764
j  java.lang.invoke.LambdaForm$MH+0x000000002c1ae400.invoke(Ljava/lang/Object;JJJ)V+12 java.base@25
j  java.lang.invoke.LambdaForm$MH+0x000000002c1b8800.invokeExact_MT(Ljava/lang/Object;JJJLjava/lang/Object;)V+23 java.base@25
j  jdk.internal.foreign.abi.DowncallStub+0x000000002c1ae800.invoke(Ljava/lang/foreign/SegmentAllocator;Ljava/lang/foreign/MemorySegment;Ljava/lang/foreign/MemorySegment;Ljava/lang/foreign/MemorySegment;)V+113 java.base@25
j  java.lang.invoke.DirectMethodHandle$Holder.invokeStatic(Ljava/lang/Object;Ljava/lang/Object;Ljava/lang/Object;Ljava/lang/Object;Ljava/lang/Object;)V+16 java.base@25
j  java.lang.invoke.LambdaForm$MH+0x000000002c1b8000.invoke(Ljava/lang/Object;Ljava/lang/Object;Ljava/lang/Object;)Ljava/lang/Object;+76 java.base@25
J 7675 c1 java.lang.invoke.LambdaForm$MH+0x000000002c1b5800.invoke(Ljava/lang/Object;Ljava/lang/Object;Ljava/lang/Object;)Ljava/lang/Object; java.base@25 (56 bytes) @ 0x00007f340dcbf874 [0x00007f340dcbee00+0x0000000000000a74]
J 9073 c1 java.lang.invoke.MethodHandle.invokeWithArguments([Ljava/lang/Object;)Ljava/lang/Object; java.base@25 (32 bytes) @ 0x00007f340c6092fc [0x00007f340c608c00+0x00000000000006fc]
J 8991 c1 com.dylibso.chicory.cranelift.compiler.NativeMachine.call(I[J)[J (669 bytes) @ 0x00007f340e18bf04 [0x00007f340e186900+0x0000000000005604]
J 5989 c2 com.dylibso.chicory.runtime.Instance$Exports$$Lambda+0x000000002c12a940.apply([J)[J (13 bytes) @ 0x00007f341438f67c [0x00007f341438f400+0x000000000000027c]
j  com.dylibso.chicory.test.gen.SpecV1MemoryGrowTest.lambda$test4$0(Lcom/dylibso/chicory/runtime/ExportFunction;)V+7
j  com.dylibso.chicory.test.gen.SpecV1MemoryGrowTest$$Lambda+0x000000002c298690.execute()V+4
J 7232 c1 org.junit.jupiter.api.AssertThrows.assertThrows(Ljava/lang/Class;Lorg/junit/jupiter/api/function/Executable;Ljava/lang/Object;)Ljava/lang/Throwable; (85 bytes) @ 0x00007f340db7787c [0x00007f340db77780+0x00000000000000fc]
J 7230 c1 org.junit.jupiter.api.Assertions.assertThrows(Ljava/lang/Class;Lorg/junit/jupiter/api/function/Executable;)Ljava/lang/Throwable; (6 bytes) @ 0x00007f340db7751c [0x00007f340db77480+0x000000000000009c]
j  com.dylibso.chicory.test.gen.SpecV1MemoryGrowTest.test4()V+20
J 8294 c2 java.lang.invoke.LambdaForm$DMH+0x000000002c0fc000.invokeVirtual(Ljava/lang/Object;Ljava/lang/Object;)V java.base@25 (14 bytes) @ 0x00007f34146017c0 [0x00007f3414601780+0x0000000000000040]
J 8293 c2 java.lang.invoke.LambdaForm$MH+0x000000002c0fc800.invoke(Ljava/lang/Object;Ljava/lang/Object;)Ljava/lang/Object; java.base@25 (36 bytes) @ 0x00007f3414601af4 [0x00007f3414601a80+0x0000000000000074]
J 8168 c2 org.junit.platform.commons.util.ReflectionUtils.invokeMethod(Ljava/lang/reflect/Method;Ljava/lang/Object;[Ljava/lang/Object;)Ljava/lang/Object; (55 bytes) @ 0x00007f341459d40c [0x00007f341459cc00+0x000000000000080c]
J 8264 c2 org.junit.jupiter.engine.execution.InvocationInterceptorChain.invoke(Lorg/junit/jupiter/api/extension/InvocationInterceptor$Invocation;Lorg/junit/jupiter/engine/extension/ExtensionRegistry;Lorg/junit/jupiter/engine/execution/InvocationInterceptorChain$InterceptorCall;)Ljava/lang/Object; (35 bytes) @ 0x00007f34145d1648 [0x00007f34145d0380+0x00000000000012c8]
J 8290 c2 org.junit.platform.engine.support.hierarchical.Node.around(Lorg/junit/platform/engine/support/hierarchical/EngineExecutionContext;Lorg/junit/platform/engine/support/hierarchical/Node$Invocation;)V (8 bytes) @ 0x00007f34145e1ba0 [0x00007f34145e0d00+0x0000000000000ea0]
J 8336 c2 org.junit.platform.engine.support.hierarchical.NodeTestTask.executeRecursively()V (35 bytes) @ 0x00007f34145ed4a0 [0x00007f34145ed080+0x0000000000000420]
J 8177 c2 org.junit.platform.engine.support.hierarchical.SameThreadHierarchicalTestExecutorService$$Lambda+0x000000002c0e3100.accept(Ljava/lang/Object;)V (10 bytes) @ 0x00007f34145db07c [0x00007f34145d83a0+0x0000000000002cdc]
J 2406 c2 java.util.ArrayList.forEach(Ljava/util/function/Consumer;)V java.base@25 (74 bytes) @ 0x00007f341409c264 [0x00007f341409c180+0x00000000000000e4]
j  org.junit.platform.engine.support.hierarchical.SameThreadHierarchicalTestExecutorService.invokeAll(Ljava/util/List;)V+6
J 8290 c2 org.junit.platform.engine.support.hierarchical.Node.around(Lorg/junit/platform/engine/support/hierarchical/EngineExecutionContext;Lorg/junit/platform/engine/support/hierarchical/Node$Invocation;)V (8 bytes) @ 0x00007f34145e2350 [0x00007f34145e0d00+0x0000000000001650]
J 8336 c2 org.junit.platform.engine.support.hierarchical.NodeTestTask.executeRecursively()V (35 bytes) @ 0x00007f34145ed670 [0x00007f34145ed080+0x00000000000005f0]
J 8177 c2 org.junit.platform.engine.support.hierarchical.SameThreadHierarchicalTestExecutorService$$Lambda+0x000000002c0e3100.accept(Ljava/lang/Object;)V (10 bytes) @ 0x00007f34145db07c [0x00007f34145d83a0+0x0000000000002cdc]
J 2406 c2 java.util.ArrayList.forEach(Ljava/util/function/Consumer;)V java.base@25 (74 bytes) @ 0x00007f341409c264 [0x00007f341409c180+0x00000000000000e4]
j  org.junit.platform.engine.support.hierarchical.SameThreadHierarchicalTestExecutorService.invokeAll(Ljava/util/List;)V+6
j  org.junit.platform.engine.support.hierarchical.NodeTestTask.lambda$executeRecursively$6()V+116
j  org.junit.platform.engine.support.hierarchical.NodeTestTask$$Lambda+0x000000002c0e25c0.execute()V+4
j  org.junit.platform.engine.support.hierarchical.ThrowableCollector.execute(Lorg/junit/platform/engine/support/hierarchical/ThrowableCollector$Executable;)V+1
j  org.junit.platform.engine.support.hierarchical.NodeTestTask.lambda$executeRecursively$8(Lorg/junit/platform/engine/support/hierarchical/EngineExecutionContext;)V+15
j  org.junit.platform.engine.support.hierarchical.NodeTestTask$$Lambda+0x000000002c0e2390.invoke(Lorg/junit/platform/engine/support/hierarchical/EngineExecutionContext;)V+5
j  org.junit.platform.engine.support.hierarchical.Node.around(Lorg/junit/platform/engine/support/hierarchical/EngineExecutionContext;Lorg/junit/platform/engine/support/hierarchical/Node$Invocation;)V+2
j  org.junit.platform.engine.support.hierarchical.NodeTestTask.lambda$executeRecursively$9()V+14
j  org.junit.platform.engine.support.hierarchical.NodeTestTask$$Lambda+0x000000002c0e2160.execute()V+4
j  org.junit.platform.engine.support.hierarchical.ThrowableCollector.execute(Lorg/junit/platform/engine/support/hierarchical/ThrowableCollector$Executable;)V+1
j  org.junit.platform.engine.support.hierarchical.NodeTestTask.executeRecursively()V+31
j  org.junit.platform.engine.support.hierarchical.NodeTestTask.execute()V+55
j  org.junit.platform.engine.support.hierarchical.SameThreadHierarchicalTestExecutorService.submit(Lorg/junit/platform/engine/support/hierarchical/HierarchicalTestExecutorService$TestTask;)Ljava/util/concurrent/Future;+1
j  org.junit.platform.engine.support.hierarchical.HierarchicalTestExecutor.execute()Ljava/util/concurrent/Future;+74
j  org.junit.platform.engine.support.hierarchical.HierarchicalTestEngine.execute(Lorg/junit/platform/engine/ExecutionRequest;)V+31
j  org.junit.platform.launcher.core.EngineExecutionOrchestrator.executeEngine(Lorg/junit/platform/engine/TestDescriptor;Lorg/junit/platform/engine/EngineExecutionListener;Lorg/junit/platform/engine/ConfigurationParameters;Lorg/junit/platform/engine/TestEngine;Lorg/junit/platform/engine/OutputDirectoryCreator;Lorg/junit/platform/launcher/core/DiscoveryIssueNotifier;Lorg/junit/platform/engine/support/store/NamespacedHierarchicalStore;)V+24
j  org.junit.platform.launcher.core.EngineExecutionOrchestrator.failOrExecuteEngine(Lorg/junit/platform/launcher/core/LauncherDiscoveryResult;Lorg/junit/platform/engine/EngineExecutionListener;Lorg/junit/platform/engine/TestEngine;Lorg/junit/platform/engine/support/store/NamespacedHierarchicalStore;)V+124
j  org.junit.platform.launcher.core.EngineExecutionOrchestrator.execute(Lorg/junit/platform/launcher/core/LauncherDiscoveryResult;Lorg/junit/platform/engine/EngineExecutionListener;Lorg/junit/platform/engine/support/store/NamespacedHierarchicalStore;)V+68
j  org.junit.platform.launcher.core.EngineExecutionOrchestrator.execute(Lorg/junit/platform/launcher/core/InternalTestPlan;Lorg/junit/platform/engine/EngineExecutionListener;Lorg/junit/platform/launcher/TestExecutionListener;Lorg/junit/platform/engine/support/store/NamespacedHierarchicalStore;)V+57
j  org.junit.platform.launcher.core.EngineExecutionOrchestrator.lambda$execute$0(Lorg/junit/platform/launcher/core/InternalTestPlan;Lorg/junit/platform/engine/support/store/NamespacedHierarchicalStore;Lorg/junit/platform/launcher/TestExecutionListener;)V+7
j  org.junit.platform.launcher.core.EngineExecutionOrchestrator$$Lambda+0x000000002c0d16e0.accept(Ljava/lang/Object;)V+16
j  org.junit.platform.launcher.core.EngineExecutionOrchestrator.withInterceptedStreams(Lorg/junit/platform/engine/ConfigurationParameters;Lorg/junit/platform/launcher/core/ListenerRegistry;Ljava/util/function/Consumer;)V+51
j  org.junit.platform.launcher.core.EngineExecutionOrchestrator.execute(Lorg/junit/platform/launcher/core/InternalTestPlan;Lorg/junit/platform/engine/support/store/NamespacedHierarchicalStore;[Lorg/junit/platform/launcher/TestExecutionListener;)V+26
j  org.junit.platform.launcher.core.DefaultLauncher.execute(Lorg/junit/platform/launcher/core/InternalTestPlan;[Lorg/junit/platform/launcher/TestExecutionListener;)V+12
j  org.junit.platform.launcher.core.DefaultLauncher.execute(Lorg/junit/platform/launcher/LauncherDiscoveryRequest;[Lorg/junit/platform/launcher/TestExecutionListener;)V+34
j  org.junit.platform.launcher.core.DelegatingLauncher.execute(Lorg/junit/platform/launcher/LauncherDiscoveryRequest;[Lorg/junit/platform/launcher/TestExecutionListener;)V+6
j  org.junit.platform.launcher.core.InterceptingLauncher.lambda$execute$1(Lorg/junit/platform/launcher/LauncherDiscoveryRequest;[Lorg/junit/platform/launcher/TestExecutionListener;)Ljava/lang/Object;+3
j  org.junit.platform.launcher.core.InterceptingLauncher$$Lambda+0x000000002c0d14b0.proceed()Ljava/lang/Object;+12
j  org.junit.platform.launcher.core.ClasspathAlignmentCheckingLauncherInterceptor.intercept(Lorg/junit/platform/launcher/LauncherInterceptor$Invocation;)Ljava/lang/Object;+1
j  org.junit.platform.launcher.core.InterceptingLauncher.execute(Lorg/junit/platform/launcher/LauncherDiscoveryRequest;[Lorg/junit/platform/launcher/TestExecutionListener;)V+12
j  org.junit.platform.launcher.core.DelegatingLauncher.execute(Lorg/junit/platform/launcher/LauncherDiscoveryRequest;[Lorg/junit/platform/launcher/TestExecutionListener;)V+6
j  org.apache.maven.surefire.junitplatform.LauncherAdapter.executeWithoutCancellationToken(Lorg/junit/platform/launcher/LauncherDiscoveryRequest;[Lorg/junit/platform/launcher/TestExecutionListener;)V+6
j  org.apache.maven.surefire.junitplatform.LauncherAdapter.execute(Lorg/junit/platform/launcher/LauncherDiscoveryRequest;[Lorg/junit/platform/launcher/TestExecutionListener;)V+10
j  org.apache.maven.surefire.junitplatform.JUnitPlatformProvider.execute(Lorg/apache/maven/surefire/junitplatform/LauncherAdapter;Lorg/apache/maven/surefire/api/util/TestsToRun;Lorg/apache/maven/surefire/junitplatform/RunListenerAdapter;)V+61
j  org.apache.maven.surefire.junitplatform.JUnitPlatformProvider.invokeAllTests(Lorg/apache/maven/surefire/junitplatform/LauncherAdapter;Lorg/apache/maven/surefire/api/util/TestsToRun;Lorg/apache/maven/surefire/junitplatform/RunListenerAdapter;)V+36
j  org.apache.maven.surefire.junitplatform.JUnitPlatformProvider.invoke(Ljava/lang/Object;)Lorg/apache/maven/surefire/api/suite/RunResult;+144
j  org.apache.maven.surefire.booter.ForkedBooter.runSuitesInProcess()V+8
j  org.apache.maven.surefire.booter.ForkedBooter.execute()V+1
j  org.apache.maven.surefire.booter.ForkedBooter.run(Lorg/apache/maven/surefire/booter/ForkedBooter;[Ljava/lang/String;)V+27
j  org.apache.maven.surefire.booter.ForkedBooter.main([Ljava/lang/String;)V+10
v  ~StubRoutines::call_stub 0x00007f341385ffa6

siginfo: si_signo: 11 (SIGSEGV), si_code: 2 (SEGV_ACCERR), si_addr: 0x00007f3424fa4e60

Registers:
RAX=0x00007f33c50a1420, RBX=0x00007f33c50a1420, RCX=0x00007f3424ccdb30, RDX=0x00007f3424f94e60
RSP=0x00007f342bb0d390, RBP=0x00007f342bb0d390, RSI=0x00007f3424ccdb30, RDI=0x00007f3424f94e60
R8 =0x000000041b8062f8, R9 =0x00000007ffcac5d0, R10=0x00007f33e1b79030, R11=0x00007f34142d1100
R12=0x0000000000000000, R13=0x00007f342bb0d3b8, R14=0x00007f342bb0d480, R15=0x00007f342402b810
RIP=0x00007f33e1b79034, EFLAGS=0x0000000000010287, CSGSFS=0x002b000000000033, ERR=0x0000000000000006
  TRAPNO=0x000000000000000e

XMM[0]=0x0000000000000000 0x0000000000000000
XMM[1]=0x0000000000000000 0x83100e7483100e74
XMM[2]=0x0000000000000000 0x0000000000000000
XMM[3]=0x0000000000000000 0x00000004850c98f0
XMM[4]=0x0000000000000000 0x0000000000000001
XMM[5]=0x0000000000000000 0x0000000083100e74
XMM[6]=0x0000000000000000 0x000000048506f2a8
XMM[7]=0x0000000000000000 0x0000000083100516
XMM[8]=0x060001edb32cd937 0xf852d974a2c147d2
XMM[9]=0xef207f96ef207f96 0xef207f96bc93d830
XMM[10]=0x0000000000000000 0x00000000cd73589a
XMM[11]=0x546f9f27546f9f27 0x546f9f2711037757
XMM[12]=0x0000000000000000 0x00000000bc93d830
XMM[13]=0x0000000000000000 0x0000000000000000
XMM[14]=0x0000000000000000 0x000000000000fff9
XMM[15]=0x0000000000000000 0x00000000fffc1a07
  MXCSR=0x00001fbf


Register to memory mapping:

RAX={method} {0x00007f33c50a1420} 'linkToNative' '(JJJLjava/lang/Object;)V' in 'java/lang/invoke/MethodHandle'
RBX={method} {0x00007f33c50a1420} 'linkToNative' '(JJJLjava/lang/Object;)V' in 'java/lang/invoke/MethodHandle'
RCX=0x00007f3424ccdb30 points into unknown readable memory: 0x00007f3424f94e80 | 80 4e f9 24 34 7f 00 00
RDX=0x00007f3424f94e60 points into unknown readable memory: 0x0000000000000002 | 02 00 00 00 00 00 00 00
RSP=0x00007f342bb0d390 is pointing into the stack for thread: 0x00007f342402b810
RBP=0x00007f342bb0d390 is pointing into the stack for thread: 0x00007f342402b810
RSI=0x00007f3424ccdb30 points into unknown readable memory: 0x00007f3424f94e80 | 80 4e f9 24 34 7f 00 00
RDI=0x00007f3424f94e60 points into unknown readable memory: 0x0000000000000002 | 02 00 00 00 00 00 00 00
R8 =0x000000041b8062f8 is an oop: jdk.internal.foreign.abi.NativeEntryPoint 
{0x000000041b8062f8} - klass: 'jdk/internal/foreign/abi/NativeEntryPoint' - flags: 

 - ---- fields (total size 3 words):
 - private final 'methodType' 'Ljava/lang/invoke/MethodType;' @12  a 'java/lang/invoke/MethodType'{0x000000041b800210} = (JJJ)V (0x83700042)
 - private final 'downcallStubAddress' 'J' @16  139861646014304 (0x00007f3413ba7760)
R9 =0x00000007ffcac5d0 is an oop: jdk.internal.foreign.NativeMemorySegmentImpl 
{0x00000007ffcac5d0} - klass: 'jdk/internal/foreign/NativeMemorySegmentImpl' - flags: 

 - ---- fields (total size 5 words):
 - final 'readOnly' 'Z' @12  false (0x00)
 - final 'length' 'J' @16  0 (0x0000000000000000)
 - final 'scope' 'Ljdk/internal/foreign/MemorySessionImpl;' @24  a 'jdk/internal/foreign/SharedSession'{0x00000007ffcac558} (0xfff958ab)
 - final 'min' 'J' @32  139861935345248 (0x00007f3424f94e60)
R10=0x00007f33e1b79030 points into unknown readable memory: 0x000087c7e5894855 | 55 48 89 e5 c7 87 00 00
R11=0x00007f34142d1100 is at entry_point+0 in (nmethod*)0x00007f34142d1008
Compiled method (n/a) 15891 4673     n 0       java.lang.invoke.MethodHandle::linkToNative(JJJL)V (native)
 total in heap  [0x00007f34142d1008,0x00007f34142d1108] = 256
 main code      [0x00007f34142d1100,0x00007f34142d1107] = 7
 stub code      [0x00007f34142d1107,0x00007f34142d1108] = 1
R12=0x0 is null
R13=0x00007f342bb0d3b8 is pointing into the stack for thread: 0x00007f342402b810
R14=0x00007f342bb0d480 is pointing into the stack for thread: 0x00007f342402b810
R15=0x00007f342402b810 is a thread

Top of Stack: (sp=0x00007f342bb0d390)
0x00007f342bb0d390:   00007f342bb0d3a0 00007f3413ba779d   ...+4....w..4...
0x00007f342bb0d3a0:   00007f342bb0d438 00007f3413867438   8..+4...8t..4...
0x00007f342bb0d3b0:   00007f3413867438 000000041b8062f8   8t..4....b......
0x00007f342bb0d3c0:   00007f3424ccdb30 0000000000000000   0..$4...........
0x00007f342bb0d3d0:   00007f3424f94e60 0000000000000000   `N.$4...........
0x00007f342bb0d3e0:   00007f33e1b79030 0000000000000000   0...3...........
0x00007f342bb0d3f0:   fffffffffffffff7 00007f33c59e5654   ........TV..3...
0x00007f342bb0d400:   0000000000000009 00007f33c59e5800   .........X..3...
0x00007f342bb0d410:   0000000000000000 000000041b806260   ........`b......
0x00007f342bb0d420:   00007f33c59e5660 fffffffffffffff0   `V..3...........
0x00007f342bb0d430:   00007f342bb0d450 00007f342bb0d4d0   P..+4......+4...
0x00007f342bb0d440:   00007f3413867438 000000041b8062f8   8t..4....b......
0x00007f342bb0d450:   00007f3424ccdb30 0000000000000000   0..$4...........
0x00007f342bb0d460:   00007f3424f94e60 0000000000000000   `N.$4...........
0x00007f342bb0d470:   00007f33e1b79030 0000000000000000   0...3...........
0x00007f342bb0d480:   000000041b805fb8 fffffffffffffff7   ._..............
0x00007f342bb0d490:   00007f33c59f5e9f 0000000000000009   .^..3...........
0x00007f342bb0d4a0:   00007f33c59f6068 0000000000000000   h`..3...........
0x00007f342bb0d4b0:   000000041b83f428 00007f33c59f5eb0   (........^..3...
0x00007f342bb0d4c0:   fffffffffffffff0 00007f342bb0d4e0   ...........+4...
0x00007f342bb0d4d0:   00007f342bb0d568 00007f3413867438   h..+4...8t..4...
0x00007f342bb0d4e0:   000000041b800210 00007f3424ccdb30   ........0..$4...
0x00007f342bb0d4f0:   0000000000000000 00007f3424f94e60   ........`N.$4...
0x00007f342bb0d500:   0000000000000000 00007f33e1b79030   ........0...3...
0x00007f342bb0d510:   0000000000000000 000000041b805fb8   ........._......
0x00007f342bb0d520:   fffffffffffffff7 00007f33c59e60a9   .........`..3...
0x00007f342bb0d530:   000000000000000f 00007f33c59e6288   .........b..3...
0x00007f342bb0d540:   0000000000000000 000000041b805ee0   .........^......
0x00007f342bb0d550:   00007f33c59e5f38 ffffffffffffffef   8_..3...........
0x00007f342bb0d560:   00007f342bb0d5c0 00007f342bb0d630   ...+4...0..+4...
0x00007f342bb0d570:   00007f3413867438 0000000418803e60   8t..4...`>......
0x00007f342bb0d580:   0000000418802378 00000007ffcac558   x#......X.......

Instructions: (pc=0x00007f33e1b79034)
  0x00007f33e1b78f34:   00 00 00 00 00 00 00 00 00 00 00 00 00 00 00 00
  0x00007f33e1b78f44:   00 00 00 00 00 00 00 00 00 00 00 00 00 00 00 00
  0x00007f33e1b78f54:   00 00 00 00 00 00 00 00 00 00 00 00 00 00 00 00
  0x00007f33e1b78f64:   00 00 00 00 00 00 00 00 00 00 00 00 00 00 00 00
  0x00007f33e1b78f74:   00 00 00 00 00 00 00 00 00 00 00 00 00 00 00 00
  0x00007f33e1b78f84:   00 00 00 00 00 00 00 00 00 00 00 00 00 00 00 00
  0x00007f33e1b78f94:   00 00 00 00 00 00 00 00 00 00 00 00 00 00 00 00
  0x00007f33e1b78fa4:   00 00 00 00 00 00 00 00 00 00 00 00 00 00 00 00
  0x00007f33e1b78fb4:   00 00 00 00 00 00 00 00 00 00 00 00 00 00 00 00
  0x00007f33e1b78fc4:   00 00 00 00 00 00 00 00 00 00 00 00 00 00 00 00
  0x00007f33e1b78fd4:   00 00 00 00 00 00 00 00 00 00 00 00 00 00 00 00
  0x00007f33e1b78fe4:   00 00 00 00 00 00 00 00 00 00 00 00 00 00 00 00
  0x00007f33e1b78ff4:   00 00 00 00 00 00 00 00 00 00 00 00 55 48 89 e5
  0x00007f33e1b79004:   8b 07 48 89 ec 5d c3 00 00 00 00 00 55 48 89 e5
  0x00007f33e1b79014:   c7 07 02 00 00 00 48 89 ec 5d c3 00 55 48 89 e5
  0x00007f33e1b79024:   8b 87 00 00 01 00 48 89 ec 5d c3 00 55 48 89 e5
=>0x00007f33e1b79034:   c7 87 00 00 01 00 03 00 00 00 48 89 ec 5d c3 00
  0x00007f33e1b79044:   00 00 00 00 00 00 00 00 00 00 00 00 55 48 89 e5
  0x00007f33e1b79054:   48 83 ec 10 4c 89 24 24 89 56 24 4c 8b 8e d0 00
  0x00007f33e1b79064:   00 00 49 89 f4 4c 89 e7 41 ff d1 4c 89 e6 4c 8b
  0x00007f33e1b79074:   8e e0 00 00 00 4c 8b 24 24 48 83 c4 10 48 89 ec
  0x00007f33e1b79084:   5d c3 00 00 00 00 00 00 00 00 00 00 55 48 89 e5
  0x00007f33e1b79094:   8b 86 d8 00 00 00 48 89 ec 5d c3 00 00 00 00 00
  0x00007f33e1b790a4:   00 00 00 00 00 00 00 00 00 00 00 00 00 00 00 00
  0x00007f33e1b790b4:   00 00 00 00 00 00 00 00 00 00 00 00 00 00 00 00
  0x00007f33e1b790c4:   00 00 00 00 00 00 00 00 00 00 00 00 00 00 00 00
  0x00007f33e1b790d4:   00 00 00 00 00 00 00 00 00 00 00 00 00 00 00 00
  0x00007f33e1b790e4:   00 00 00 00 00 00 00 00 00 00 00 00 00 00 00 00
  0x00007f33e1b790f4:   00 00 00 00 00 00 00 00 00 00 00 00 00 00 00 00
  0x00007f33e1b79104:   00 00 00 00 00 00 00 00 00 00 00 00 00 00 00 00
  0x00007f33e1b79114:   00 00 00 00 00 00 00 00 00 00 00 00 00 00 00 00
  0x00007f33e1b79124:   00 00 00 00 00 00 00 00 00 00 00 00 00 00 00 00


Stack slot to memory mapping:

stack at sp + 0 slots: 0x00007f342bb0d3a0 is pointing into the stack for thread: 0x00007f342402b810
stack at sp + 1 slots: 0x00007f3413ba779d is at code_begin+61 in 
[CodeBlob kind:6 (0x00007f3413ba7708)]
Framesize: 2
Runtime Stub (0x00007f3413ba7708): nep_invoker_blob
--------------------------------------------------------------------------------
Decoding CodeBlob, name: nep_invoker_blob, at  [0x00007f3413ba7760, 0x00007f3413ba7848]  232 bytes
[MachCode]
  0x00007f3413ba7760: 5548 8bec | c5f8 7749 | 89af 9004 | 0000 49ba | 6477 ba13 | 347f 0000 | 4d89 9788 | 0400 0049 
  0x00007f3413ba7780: 89a7 8004 | 0000 41c7 | 872c 0500 | 0004 0000 | 004c 8bd6 | 488b f148 | 8bfa 41ff | d2c5 f877 
  0x00007f3413ba77a0: 41c7 872c | 0500 0005 | 0000 00f0 | 8344 24c0 | 0049 3b6f | 280f 874d | 0000 0041 | 83bf 2805 
  0x00007f3413ba77c0: 0000 000f | 853f 0000 | 0041 c787 | 2c05 0000 | 0800 0000 | 4183 bfa8 | 0500 0002 | 0f84 4400 
  0x00007f3413ba77e0: 0000 49c7 | 8780 0400 | 0000 0000 | 0049 c787 | 9004 0000 | 0000 0000 | 49c7 8788 | 0400 0000 
  0x00007f3413ba7800: 0000 00c5 | f877 c9c3 | 498b ffc5 | f877 4c8b | e448 83ec | 0048 83e4 | f0e8 5251 | a918 498b 
  0x00007f3413ba7820: e44d 33e4 | eba3 c5f8 | 774c 8be4 | 4883 ec00 | 4883 e4f0 | e8d7 62fa | 1849 8be4 | 4d33 e4eb 
  0x00007f3413ba7840: a1f4 f4f4 | f4f4 f4f4 
[/MachCode]
--------------------------------------------------------------------------------
stack at sp + 2 slots: 0x00007f342bb0d438 is pointing into the stack for thread: 0x00007f342402b810
stack at sp + 3 slots: 0x00007f3413867438 is at code_begin+1272 in an Interpreter codelet
return entry points  [0x00007f3413866f40, 0x00007f3413867bb8]  3192 bytes
stack at sp + 4 slots: 0x00007f3413867438 is at code_begin+1272 in an Interpreter codelet
return entry points  [0x00007f3413866f40, 0x00007f3413867bb8]  3192 bytes
stack at sp + 5 slots: 0x000000041b8062f8 is an oop: jdk.internal.foreign.abi.NativeEntryPoint 
{0x000000041b8062f8} - klass: 'jdk/internal/foreign/abi/NativeEntryPoint' - flags: 

 - ---- fields (total size 3 words):
 - private final 'methodType' 'Ljava/lang/invoke/MethodType;' @12  a 'java/lang/invoke/MethodType'{0x000000041b800210} = (JJJ)V (0x83700042)
 - private final 'downcallStubAddress' 'J' @16  139861646014304 (0x00007f3413ba7760)
stack at sp + 6 slots: 0x00007f3424ccdb30 points into unknown readable memory: 0x00007f3424f94e80 | 80 4e f9 24 34 7f 00 00
stack at sp + 7 slots: 0x0 is null

Lock stack of current Java thread (top to bottom):

--------------------------------------------------------------------------------
Decoding CodeBlob, name: nep_invoker_blob, at  [0x00007f3413ba7760, 0x00007f3413ba7848]  232 bytes
[MachCode]
  0x00007f3413ba7760: 5548 8bec | c5f8 7749 | 89af 9004 | 0000 49ba | 6477 ba13 | 347f 0000 | 4d89 9788 | 0400 0049 
  0x00007f3413ba7780: 89a7 8004 | 0000 41c7 | 872c 0500 | 0004 0000 | 004c 8bd6 | 488b f148 | 8bfa 41ff | d2c5 f877 
  0x00007f3413ba77a0: 41c7 872c | 0500 0005 | 0000 00f0 | 8344 24c0 | 0049 3b6f | 280f 874d | 0000 0041 | 83bf 2805 
  0x00007f3413ba77c0: 0000 000f | 853f 0000 | 0041 c787 | 2c05 0000 | 0800 0000 | 4183 bfa8 | 0500 0002 | 0f84 4400 
  0x00007f3413ba77e0: 0000 49c7 | 8780 0400 | 0000 0000 | 0049 c787 | 9004 0000 | 0000 0000 | 49c7 8788 | 0400 0000 
  0x00007f3413ba7800: 0000 00c5 | f877 c9c3 | 498b ffc5 | f877 4c8b | e448 83ec | 0048 83e4 | f0e8 5251 | a918 498b 
  0x00007f3413ba7820: e44d 33e4 | eba3 c5f8 | 774c 8be4 | 4883 ec00 | 4883 e4f0 | e8d7 62fa | 1849 8be4 | 4d33 e4eb 
  0x00007f3413ba7840: a1f4 f4f4 | f4f4 f4f4 
[/MachCode]
--------------------------------------------------------------------------------


Compiled method (c1) 15896 7675       3       java.lang.invoke.LambdaForm$MH/0x000000002c1b5800::invoke (56 bytes)
 total in heap  [0x00007f340dcbed08,0x00007f340dcbfad0] = 3528
 main code      [0x00007f340dcbee00,0x00007f340dcbfa40] = 3136
 stub code      [0x00007f340dcbfa40,0x00007f340dcbfac8] = 136
 oops           [0x00007f340dcbfac8,0x00007f340dcbfad0] = 8
 mutable data [0x00007f33a0290a00,0x00007f33a0290b08] = 264
 relocation     [0x00007f33a0290a00,0x00007f33a0290ae0] = 224
 metadata       [0x00007f33a0290ae0,0x00007f33a0290b08] = 40
 immutable data [0x00007f33a02906e0,0x00007f33a02909f0] = 784
 dependencies   [0x00007f33a02906e0,0x00007f33a02906f0] = 16
 nul chk table  [0x00007f33a02906f0,0x00007f33a0290728] = 56
 scopes pcs     [0x00007f33a0290728,0x00007f33a02908a8] = 384
 scopes data    [0x00007f33a02908a8,0x00007f33a02909f0] = 328

[Constant Pool (empty)]

[MachCode]
[Verified Entry Point]
  # {method} {0x00007f33c59f3f60} 'invoke' '(Ljava/lang/Object;Ljava/lang/Object;Ljava/lang/Object;)Ljava/lang/Object;' in 'java/lang/invoke/LambdaForm$MH+0x000000002c1b5800'
  # parm0:    rsi:rsi   = 'java/lang/Object'
  # parm1:    rdx:rdx   = 'java/lang/Object'
  # parm2:    rcx:rcx   = 'java/lang/Object'
  #           [sp+0xb0]  (sp of caller)
  0x00007f340dcbee00: 8984 2400 | c0fe ff55 | 4881 eca0 | 0000 0090 | 4181 7f20 | 0500 0000 

  0x00007f340dcbee18: ;   {runtime_call Stub::method_entry_barrier}
  0x00007f340dcbee18: 7405 e8a1 

  0x00007f340dcbee1c: ;   {metadata(method data for {method} {0x00007f33c59f3f60} 'invoke' '(Ljava/lang/Object;Ljava/lang/Object;Ljava/lang/Object;)Ljava/lang/Object;' in 'java/lang/invoke/LambdaForm$MH+0x000000002c1b5800')}
  0x00007f340dcbee1c: 87bd 0548 | bf00 20ea | c533 7f00 | 0048 8dbf | f002 0000 | 4885 f675 | 0cf6 0701 | 7548 f048 
  0x00007f340dcbee3c: 830f 01eb | 418b 5e08 | 41ba 0000 | 002b 4903 | da4c 8bd3 | 4833 1f48 | f7c3 fcff | ffff 7426 
  0x00007f340dcbee5c: f6c3 0275 | 2148 f707 | feff ffff | 7415 498b | da48 331f | 48f7 c3fc | ffff ff74 | 0948 830f 
  0x00007f340dcbee7c: 02eb 0348 | 891f 4885 | d275 0ef6 | 4710 0175 | 4ef0 4883 | 4f10 01eb | 468b 5a08 | 41ba 0000 
  0x00007f340dcbee9c: 002b 4903 | da4c 8bd3 | 4833 5f10 | 48f7 c3fc | ffff ff74 | 2af6 c302 | 7525 48f7 | 4710 feff 
  0x00007f340dcbeebc: ffff 7417 | 498b da48 | 335f 1048 | f7c3 fcff | ffff 740b | 4883 4f10 | 02eb 0448 

  0x00007f340dcbeed8: ;   {metadata(method data for {method} {0x00007f33c59f3f60} 'invoke' '(Ljava/lang/Object;Ljava/lang/Object;Ljava/lang/Object;)Ljava/lang/Object;' in 'java/lang/invoke/LambdaForm$MH+0x000000002c1b5800')}
  0x00007f340dcbeed8: 895f 1048 | bf00 20ea | c533 7f00 | 008b 9f90 | 0000 0083 | c302 899f | 9000 0000 | 81e3 fe07 
  0x00007f340dcbeef8: 0000 85db | 0f84 f109 | 0000 4889 | 5424 6048 | 8974 2458 

  0x00007f340dcbef0c: ;   {metadata(method data for {method} {0x00007f33c59f3f60} 'invoke' '(Ljava/lang/Object;Ljava/lang/Object;Ljava/lang/Object;)Ljava/lang/Object;' in 'java/lang/invoke/LambdaForm$MH+0x000000002c1b5800')}
  0x00007f340dcbef0c: 48bf 0020 | eac5 337f | 0000 488d | bfe8 0000 | 0048 85c9 | 750e f647 | 0801 754e | f048 834f 
  0x00007f340dcbef2c: 0801 eb46 | 8b59 0841 | ba00 0000 | 2b49 03da | 4c8b d348 | 335f 0848 | f7c3 fcff | ffff 742a 
  0x00007f340dcbef4c: f6c3 0275 | 2548 f747 | 08fe ffff | ff74 1749 | 8bda 4833 | 5f08 48f7 | c3fc ffff | ff74 0b48 
  0x00007f340dcbef6c: 834f 0802 | eb04 4889 

  0x00007f340dcbef74: ;   {metadata(method data for {method} {0x00007f33c59f3f60} 'invoke' '(Ljava/lang/Object;Ljava/lang/Object;Ljava/lang/Object;)Ljava/lang/Object;' in 'java/lang/invoke/LambdaForm$MH+0x000000002c1b5800')}
  0x00007f340dcbef74: 5f08 48bf | 0020 eac5 | 337f 0000 | 4883 87d8 | 0000 0001 | 488b f1ba | 0200 0000 | 4889 4c24 
  0x00007f340dcbef94: ;   {static_call}
  0x00007f340dcbef94: 5066 90e8 

  0x00007f340dcbef98: ; ImmutableOopMap {[80]=Oop [88]=Oop [96]=Oop }
                      ;*invokestatic checkSpreadArgument {reexecute=0 rethrow=0 return_oop=0}
                      ; - java.lang.invoke.LambdaForm$MH/0x000000002c1b5800::invoke@2
  0x00007f340dcbef98: 6428 9c06 

  0x00007f340dcbef9c: ;   {post_call_nop}
  0x00007f340dcbef9c: 0f1f 8400 | 9402 0000 | 488b 4c24 | 5048 85c9 

  0x00007f340dcbefac: ;   {metadata(method data for {method} {0x00007f33c59f3f60} 'invoke' '(Ljava/lang/Object;Ljava/lang/Object;Ljava/lang/Object;)Ljava/lang/Object;' in 'java/lang/invoke/LambdaForm$MH+0x000000002c1b5800')}
  0x00007f340dcbefac: 48bf 0020 | eac5 337f | 0000 750c | 808f f900 | 0000 01e9 | a700 0000 | 8b59 0841 | ba00 0000 
  0x00007f340dcbefcc: 2b49 03da | 483b 9f08 | 0100 0075 | 0d48 8387 | 1001 0000 | 01e9 6000 | 0000 483b | 9f18 0100 
  0x00007f340dcbefec: 0075 0d48 | 8387 2001 | 0000 01e9 | 4a00 0000 | 4883 bf08 | 0100 0000 | 7517 4889 | 9f08 0100 
  0x00007f340dcbf00c: 0048 c787 | 1001 0000 | 0100 0000 | e929 0000 | 0048 83bf | 1801 0000 | 0075 1748 | 899f 1801 
  0x00007f340dcbf02c: 0000 48c7 | 8720 0100 | 0001 0000 | 00e9 0800 | 0000 4883 | 8700 0100 

  0x00007f340dcbf044: ;   {metadata('java/lang/Object'[])}
  0x00007f340dcbf044: 0001 48bb | e01f 172b | 0000 0000 | 8b79 0841 | ba00 0000 | 2b49 03fa | 483b 5f38 | 0f85 ae08 
  0x00007f340dcbf064: 0000 e900 | 0000 0048 | 8bd1 837a | 0c00 0f86 | af08 0000 | 8b7a 1048 | c1e7 0383 | 7a0c 010f 
  0x00007f340dcbf084: 86b0 0800 | 008b 5a14 | 48c1 e303 | 488b 7424 | 5848 85f6 

  0x00007f340dcbf098: ;   {metadata(method data for {method} {0x00007f33c59f3f60} 'invoke' '(Ljava/lang/Object;Ljava/lang/Object;Ljava/lang/Object;)Ljava/lang/Object;' in 'java/lang/invoke/LambdaForm$MH+0x000000002c1b5800')}
  0x00007f340dcbf098: 48b8 0020 | eac5 337f | 0000 750c | 8088 2901 | 0000 01e9 | a600 0000 | 8b4e 0841 | ba00 0000 
  0x00007f340dcbf0b8: 2b49 03ca | 483b 8838 | 0100 0075 | 0d48 8380 | 4001 0000 | 01e9 6000 | 0000 483b | 8848 0100 
  0x00007f340dcbf0d8: 0075 0d48 | 8380 5001 | 0000 01e9 | 4a00 0000 | 4883 b838 | 0100 0000 | 7517 4889 | 8838 0100 
  0x00007f340dcbf0f8: 0048 c780 | 4001 0000 | 0100 0000 | e929 0000 | 0048 83b8 | 4801 0000 | 0075 1748 | 8988 4801 
  0x00007f340dcbf118: 0000 48c7 | 8050 0100 | 0001 0000 | 00e9 0800 | 0000 4883 | 8030 0100 

  0x00007f340dcbf130: ;   {metadata('java/lang/invoke/BoundMethodHandle$Species_L')}
  0x00007f340dcbf130: 0001 48b9 | c0ac 322b | 0000 0000 | 8b56 0841 | ba00 0000 | 2b49 03d2 | 483b ca0f | 85fa 0700 
  0x00007f340dcbf150: 00e9 0000 | 0000 488b | d68b 5220 | 48c1 e203 | 488b 7424 | 6048 85f6 

  0x00007f340dcbf168: ;   {metadata(method data for {method} {0x00007f33c59f3f60} 'invoke' '(Ljava/lang/Object;Ljava/lang/Object;Ljava/lang/Object;)Ljava/lang/Object;' in 'java/lang/invoke/LambdaForm$MH+0x000000002c1b5800')}
  0x00007f340dcbf168: 48b9 0020 | eac5 337f | 0000 750c | 8089 5901 | 0000 01e9 | a800 0000 | 448b 4608 | 41ba 0000 
  0x00007f340dcbf188: 002b 4d03 | c24c 3b81 | 6801 0000 | 750d 4883 | 8170 0100 | 0001 e960 | 0000 004c | 3b81 7801 
  0x00007f340dcbf1a8: 0000 750d | 4883 8180 | 0100 0001 | e94a 0000 | 0048 83b9 | 6801 0000 | 0075 174c | 8981 6801 
  0x00007f340dcbf1c8: 0000 48c7 | 8170 0100 | 0001 0000 | 00e9 2900 | 0000 4883 | b978 0100 | 0000 7517 | 4c89 8178 
  0x00007f340dcbf1e8: 0100 0048 | c781 8001 | 0000 0100 | 0000 e908 | 0000 0048 | 8381 6001 

  0x00007f340dcbf200: ;   {metadata('java/lang/invoke/MethodHandle')}
  0x00007f340dcbf200: 0000 0149 | b890 e51e | 2b00 0000 | 008b 4e08 | 41ba 0000 | 002b 4903 | ca4c 3b41 | 380f 8536 
  0x00007f340dcbf220: 0700 00e9 | 0000 0000 | 488b c648 

  0x00007f340dcbf22c: ;   {metadata(method data for {method} {0x00007f33c59f3f60} 'invoke' '(Ljava/lang/Object;Ljava/lang/Object;Ljava/lang/Object;)Ljava/lang/Object;' in 'java/lang/invoke/LambdaForm$MH+0x000000002c1b5800')}
  0x00007f340dcbf22c: 85d2 48be | 0020 eac5 | 337f 0000 | 750c 808e | 8901 0000 | 01e9 a700 | 0000 448b | 4208 41ba 
  0x00007f340dcbf24c: 0000 002b | 4d03 c24c | 3b86 9801 | 0000 750d | 4883 86a0 | 0100 0001 | e960 0000 | 004c 3b86 
  0x00007f340dcbf26c: a801 0000 | 750d 4883 | 86b0 0100 | 0001 e94a | 0000 0048 | 83be 9801 | 0000 0075 | 174c 8986 
  0x00007f340dcbf28c: 9801 0000 | 48c7 86a0 | 0100 0001 | 0000 00e9 | 2900 0000 | 4883 bea8 | 0100 0000 | 7517 4c89 
  0x00007f340dcbf2ac: 86a8 0100 | 0048 c786 | b001 0000 | 0100 0000 | e908 0000 | 0048 8386 | 9001 0000 

  0x00007f340dcbf2c8: ;   {metadata('java/lang/invoke/MethodType')}
  0x00007f340dcbf2c8: 0149 b860 | f81e 2b00 | 0000 008b | 4a08 41ba | 0000 002b | 4903 ca4c | 3bc1 0f85 | 7a06 0000 
  0x00007f340dcbf2e8: e900 0000 | 0048 8bca 

  0x00007f340dcbf2f0: ;   {metadata(method data for {method} {0x00007f33c59f3f60} 'invoke' '(Ljava/lang/Object;Ljava/lang/Object;Ljava/lang/Object;)Ljava/lang/Object;' in 'java/lang/invoke/LambdaForm$MH+0x000000002c1b5800')}
  0x00007f340dcbf2f0: 48ba 0020 | eac5 337f | 0000 488d | 92d0 0100 | 0048 85c0 | 750e f642 | 0801 754f | f048 834a 
  0x00007f340dcbf310: 0801 eb47 | 8b70 0841 | ba00 0000 | 2b49 03f2 | 4c8b d648 | 3372 0848 | f7c6 fcff | ffff 742b 
  0x00007f340dcbf330: 40f6 c602 | 7525 48f7 | 4208 feff | ffff 7417 | 498b f248 | 3372 0848 | f7c6 fcff | ffff 740b 
  0x00007f340dcbf350: 4883 4a08 | 02eb 0448 | 8972 0848 | 85c9 750c | f642 1801 | 7506 f048 | 834a 1801 

  0x00007f340dcbf36c: ;   {metadata(method data for {method} {0x00007f33c59f3f60} 'invoke' '(Ljava/lang/Object;Ljava/lang/Object;Ljava/lang/Object;)Ljava/lang/Object;' in 'java/lang/invoke/LambdaForm$MH+0x000000002c1b5800')}
  0x00007f340dcbf36c: 48ba 0020 | eac5 337f | 0000 4883 | 82c0 0100 

  0x00007f340dcbf37c: ;   {metadata(method data for {method} {0x000000002b470010} 'checkGenericType' '(Ljava/lang/invoke/MethodHandle;Ljava/lang/invoke/MethodType;)Ljava/lang/invoke/MethodHandle;' in 'java/lang/invoke/Invokers')}
  0x00007f340dcbf37c: 0001 48ba | 606a b1c5 | 337f 0000 | 8bb2 9000 | 0000 83c6 | 0289 b290 | 0000 0081 | e6fe ff1f 
  0x00007f340dcbf39c: 0085 f60f | 84c6 0500 | 0048 3b00 

  0x00007f340dcbf3a8: ;   {metadata(method data for {method} {0x000000002b470010} 'checkGenericType' '(Ljava/lang/invoke/MethodHandle;Ljava/lang/invoke/MethodType;)Ljava/lang/invoke/MethodHandle;' in 'java/lang/invoke/Invokers')}
  0x00007f340dcbf3a8: 488b d048 | be60 6ab1 | c533 7f00 | 008b 5208 | 41ba 0000 | 002b 4903 | d248 3b96 | e000 0000 
  0x00007f340dcbf3c8: 750d 4883 | 86e8 0000 | 0001 e960 | 0000 0048 | 3b96 f000 | 0000 750d | 4883 86f8 | 0000 0001 
  0x00007f340dcbf3e8: e94a 0000 | 0048 83be | e000 0000 | 0075 1748 | 8996 e000 | 0000 48c7 | 86e8 0000 | 0001 0000 
  0x00007f340dcbf408: 00e9 2900 | 0000 4883 | bef0 0000 | 0000 7517 | 4889 96f0 | 0000 0048 | c786 f800 | 0000 0100 
  0x00007f340dcbf428: 0000 e908 | 0000 0048 | 8386 d800 

  0x00007f340dcbf434: ;   {metadata(method data for {method} {0x000000002b4783e0} 'asType' '(Ljava/lang/invoke/MethodType;)Ljava/lang/invoke/MethodHandle;' in 'java/lang/invoke/MethodHandle')}
  0x00007f340dcbf434: 0000 0148 | ba08 fd24 | c433 7f00 | 008b b290 | 0000 0083 | c602 89b2 | 9000 0000 | 81e6 feff 
  0x00007f340dcbf454: 1f00 85f6 | 0f84 3305 | 0000 8b50 | 1048 c1e2 | 0348 3bca 

  0x00007f340dcbf468: ;   {metadata(method data for {method} {0x000000002b4783e0} 'asType' '(Ljava/lang/invoke/MethodType;)Ljava/lang/invoke/MethodHandle;' in 'java/lang/invoke/MethodHandle')}
  0x00007f340dcbf468: 48ba 08fd | 24c4 337f | 0000 bee8 | 0000 0074 | 05be d800 | 0000 4c8b | 0432 4d8d | 4001 4c89 
  0x00007f340dcbf488: 0432 4889 | 9c24 8000 | 0000 4889 | 7c24 780f | 8497 0000 | 0048 8bd0 

  0x00007f340dcbf4a0: ;   {metadata(method data for {method} {0x000000002b4783e0} 'asType' '(Ljava/lang/invoke/MethodType;)Ljava/lang/invoke/MethodHandle;' in 'java/lang/invoke/MethodHandle')}
  0x00007f340dcbf4a0: 48be 08fd | 24c4 337f | 0000 4883 | 86f8 0000 | 0001 488b | d148 8bf0 | 4889 4c24 | 7048 8944 
  0x00007f340dcbf4c0: 2468 0f1f 

  0x00007f340dcbf4c4: ;   {optimized virtual_call}
  0x00007f340dcbf4c4: 4400 00e8 

  0x00007f340dcbf4c8: ; ImmutableOopMap {[104]=Oop [112]=Oop [120]=Oop [128]=Oop }
                      ;*invokevirtual asTypeCached {reexecute=0 rethrow=0 return_oop=0}
                      ; - java.lang.invoke.MethodHandle::asType@12 (line 869)
                      ; - java.lang.invoke.Invokers::checkGenericType@2 (line 541)
                      ; - java.lang.invoke.LambdaForm$MH/0x000000002c1b5800::invoke@37
  0x00007f340dcbf4c8: 14e6 be05 

  0x00007f340dcbf4cc: ;   {post_call_nop}
  0x00007f340dcbf4cc: 0f1f 8400 | c407 0001 

  0x00007f340dcbf4d4: ;   {metadata(method data for {method} {0x000000002b4783e0} 'asType' '(Ljava/lang/invoke/MethodType;)Ljava/lang/invoke/MethodHandle;' in 'java/lang/invoke/MethodHandle')}
  0x00007f340dcbf4d4: 4885 c048 | ba08 fd24 | c433 7f00 | 00be 3801 | 0000 7505 | be28 0100 | 0048 8b3c | 3248 8d7f 
  0x00007f340dcbf4f4: 0148 893c | 320f 8535 | 0000 0048 | 8b4c 2470 | 488b 4424 | 6848 8bd0 

  0x00007f340dcbf50c: ;   {metadata(method data for {method} {0x000000002b4783e0} 'asType' '(Ljava/lang/invoke/MethodType;)Ljava/lang/invoke/MethodHandle;' in 'java/lang/invoke/MethodHandle')}
  0x00007f340dcbf50c: 48be 08fd | 24c4 337f | 0000 4883 | 8648 0100 | 0001 488b | d148 8bf0 

  0x00007f340dcbf524: ;   {optimized virtual_call}
  0x00007f340dcbf524: 6666 90e8 

  0x00007f340dcbf528: ; ImmutableOopMap {[120]=Oop [128]=Oop }
                      ;*invokevirtual setAsTypeCache {reexecute=0 rethrow=0 return_oop=0}
                      ; - java.lang.invoke.MethodHandle::asType@24 (line 873)
                      ; - java.lang.invoke.Invokers::checkGenericType@2 (line 541)
                      ; - java.lang.invoke.LambdaForm$MH/0x000000002c1b5800::invoke@37
  0x00007f340dcbf528: b4e5 be05 

  0x00007f340dcbf52c: ;   {post_call_nop}
  0x00007f340dcbf52c: 0f1f 8400 | 2408 0002 

  0x00007f340dcbf534: ;   {metadata(method data for {method} {0x00007f33c59f3f60} 'invoke' '(Ljava/lang/Object;Ljava/lang/Object;Ljava/lang/Object;)Ljava/lang/Object;' in 'java/lang/invoke/LambdaForm$MH+0x000000002c1b5800')}
  0x00007f340dcbf534: 48be 0020 | eac5 337f | 0000 488d | b6f0 0100 | 0048 85c0 | 750c f606 | 0175 49f0 | 4883 0e01 
  0x00007f340dcbf554: eb42 8b78 | 0841 ba00 | 0000 2b49 | 03fa 4c8b | d748 333e | 48f7 c7fc | ffff ff74 | 2740 f6c7 
  0x00007f340dcbf574: 0275 2148 | f706 feff | ffff 7415 | 498b fa48 | 333e 48f7 | c7fc ffff | ff74 0948 | 830e 02eb 
  0x00007f340dcbf594: 0348 893e 

  0x00007f340dcbf598: ;   {metadata(method data for {method} {0x00007f33c59f3f60} 'invoke' '(Ljava/lang/Object;Ljava/lang/Object;Ljava/lang/Object;)Ljava/lang/Object;' in 'java/lang/invoke/LambdaForm$MH+0x000000002c1b5800')}
  0x00007f340dcbf598: 48be 0020 | eac5 337f | 0000 488d | b610 0200 | 0048 85c0 | 750e f646 | 0801 754f | f048 834e 
  0x00007f340dcbf5b8: 0801 eb47 | 8b78 0841 | ba00 0000 | 2b49 03fa | 4c8b d748 | 337e 0848 | f7c7 fcff | ffff 742b 
  0x00007f340dcbf5d8: 40f6 c702 | 7525 48f7 | 4608 feff | ffff 7417 | 498b fa48 | 337e 0848 | f7c7 fcff | ffff 740b 
  0x00007f340dcbf5f8: 4883 4e08 | 02eb 0448 

  0x00007f340dcbf600: ;   {metadata(method data for {method} {0x00007f33c59f3f60} 'invoke' '(Ljava/lang/Object;Ljava/lang/Object;Ljava/lang/Object;)Ljava/lang/Object;' in 'java/lang/invoke/LambdaForm$MH+0x000000002c1b5800')}
  0x00007f340dcbf600: 897e 0848 | be00 20ea | c533 7f00 | 0048 8386 | 0002 0000 

  0x00007f340dcbf614: ;   {metadata(method data for {method} {0x000000002b46ff60} 'checkCustomized' '(Ljava/lang/invoke/MethodHandle;)V' in 'java/lang/invoke/Invokers')}
  0x00007f340dcbf614: 0148 be28 | 762a c433 | 7f00 008b | be90 0000 | 0083 c702 | 89be 9000 | 0000 81e7 | feff 1f00 
  0x00007f340dcbf634: 85ff 0f84 | 7603 0000 

  0x00007f340dcbf63c: ;   {metadata(method data for {method} {0x000000002b46ff60} 'checkCustomized' '(Ljava/lang/invoke/MethodHandle;)V' in 'java/lang/invoke/Invokers')}
  0x00007f340dcbf63c: 48be 2876 | 2ac4 337f | 0000 4883 | 86d8 0000 

  0x00007f340dcbf64c: ;   {metadata(method data for {method} {0x000000002b1f59a8} 'isCompileConstant' '(Ljava/lang/Object;)Z' in 'java/lang/invoke/MethodHandleImpl')}
  0x00007f340dcbf64c: 0001 48be | e878 2ac4 | 337f 0000 | 8bbe 9000 | 0000 83c7 | 0289 be90 | 0000 0081 | e7fe ff1f 
  0x00007f340dcbf66c: 0085 ff0f | 845e 0300 

  0x00007f340dcbf674: ;   {metadata(method data for {method} {0x000000002b46ff60} 'checkCustomized' '(Ljava/lang/invoke/MethodHandle;)V' in 'java/lang/invoke/Invokers')}
  0x00007f340dcbf674: 0048 be28 | 762a c433 | 7f00 00ff | 86e8 0000 | 008b 7014 | 48c1 e603 

  0x00007f340dcbf68c: ; implicit exception: dispatches to 0x00007f340dcbf9f9
  0x00007f340dcbf68c: 8b76 1c48 | c1e6 0348 

  0x00007f340dcbf694: ;   {metadata(method data for {method} {0x000000002b46ff60} 'checkCustomized' '(Ljava/lang/invoke/MethodHandle;)V' in 'java/lang/invoke/Invokers')}
  0x00007f340dcbf694: 85f6 48be | 2876 2ac4 | 337f 0000 | bf18 0100 | 0074 05bf | 0801 0000 | 488b 1c3e | 488d 5b01 
  0x00007f340dcbf6b4: 4889 1c3e | 0f84 0d00 | 0000 4889 | 8424 8800 | 0000 e931 

  0x00007f340dcbf6c8: ;   {metadata(method data for {method} {0x000000002b46ff60} 'checkCustomized' '(Ljava/lang/invoke/MethodHandle;)V' in 'java/lang/invoke/Invokers')}
  0x00007f340dcbf6c8: 0000 0048 | be28 762a | c433 7f00 | 0048 8386 | 2801 0000 | 0148 8bf0 | 4889 8424 | 8800 0000 
  0x00007f340dcbf6e8: 0f1f 8000 

  0x00007f340dcbf6ec: ;   {static_call}
  0x00007f340dcbf6ec: 0000 00e8 

  0x00007f340dcbf6f0: ; ImmutableOopMap {[120]=Oop [128]=Oop [136]=Oop }
                      ;*invokestatic maybeCustomize {reexecute=0 rethrow=0 return_oop=0}
                      ; - java.lang.invoke.Invokers::checkCustomized@19 (line 626)
                      ; - java.lang.invoke.LambdaForm$MH/0x000000002c1b5800::invoke@44
  0x00007f340dcbf6f0: 0c11 8706 

  0x00007f340dcbf6f4: ;   {post_call_nop}
  0x00007f340dcbf6f4: 0f1f 8400 | ec09 0003 | 488b 8424 | 8800 0000 | 488b 9c24 | 8000 0000 | 488b 7c24 

  0x00007f340dcbf710: ;   {metadata(method data for {method} {0x00007f33c59f3f60} 'invoke' '(Ljava/lang/Object;Ljava/lang/Object;Ljava/lang/Object;)Ljava/lang/Object;' in 'java/lang/invoke/LambdaForm$MH+0x000000002c1b5800')}
  0x00007f340dcbf710: 7848 ba00 | 20ea c533 | 7f00 0048 | 8d92 5802 | 0000 4885 | ff75 0ef6 | 4208 0175 | 4ef0 4883 
  0x00007f340dcbf730: 4a08 01eb | 468b 4f08 | 41ba 0000 | 002b 4903 | ca4c 8bd1 | 4833 4a08 | 48f7 c1fc | ffff ff74 
  0x00007f340dcbf750: 2af6 c102 | 7525 48f7 | 4208 feff | ffff 7417 | 498b ca48 | 334a 0848 | f7c1 fcff | ffff 740b 
  0x00007f340dcbf770: 4883 4a08 | 02eb 0448 | 894a 0848 | 85db 750e | f642 1801 | 754e f048 | 834a 1801 | eb46 8b4b 
  0x00007f340dcbf790: 0841 ba00 | 0000 2b49 | 03ca 4c8b | d148 334a | 1848 f7c1 | fcff ffff | 742a f6c1 | 0275 2548 
  0x00007f340dcbf7b0: f742 18fe | ffff ff74 | 1749 8bca | 4833 4a18 | 48f7 c1fc | ffff ff74 | 0b48 834a | 1802 eb04 
  0x00007f340dcbf7d0: 4889 4a18 

  0x00007f340dcbf7d4: ;   {metadata(method data for {method} {0x00007f33c59f3f60} 'invoke' '(Ljava/lang/Object;Ljava/lang/Object;Ljava/lang/Object;)Ljava/lang/Object;' in 'java/lang/invoke/LambdaForm$MH+0x000000002c1b5800')}
  0x00007f340dcbf7d4: 488b d048 | b900 20ea | c533 7f00 | 008b 5208 | 41ba 0000 | 002b 4903 | d248 3b91 | 3002 0000 
  0x00007f340dcbf7f4: 750d 4883 | 8138 0200 | 0001 e960 | 0000 0048 | 3b91 4002 | 0000 750d | 4883 8148 | 0200 0001 
  0x00007f340dcbf814: e94a 0000 | 0048 83b9 | 3002 0000 | 0075 1748 | 8991 3002 | 0000 48c7 | 8138 0200 | 0001 0000 
  0x00007f340dcbf834: 00e9 2900 | 0000 4883 | b940 0200 | 0000 7517 | 4889 9140 | 0200 0048 | c781 4802 | 0000 0100 
  0x00007f340dcbf854: 0000 e908 | 0000 0048 | 8381 2802 | 0000 0148 | 8bd7 488b | cb48 8bf0 

  0x00007f340dcbf86c: ;   {optimized virtual_call}
  0x00007f340dcbf86c: 6666 90e8 

  0x00007f340dcbf870: ; ImmutableOopMap {}
                      ;*invokevirtual invokeBasic {reexecute=0 rethrow=0 return_oop=0}
                      ; - java.lang.invoke.LambdaForm$MH/0x000000002c1b5800::invoke@52
  0x00007f340dcbf870: 0cb3 2f06 

  0x00007f340dcbf874: ;   {post_call_nop}
  0x00007f340dcbf874: 0f1f 8400 | 6c0b 0004 

  0x00007f340dcbf87c: ;   {metadata(method data for {method} {0x00007f33c59f3f60} 'invoke' '(Ljava/lang/Object;Ljava/lang/Object;Ljava/lang/Object;)Ljava/lang/Object;' in 'java/lang/invoke/LambdaForm$MH+0x000000002c1b5800')}
  0x00007f340dcbf87c: 48be 0020 | eac5 337f | 0000 488d | b678 0200 | 0048 85c0 | 750c f606 | 0175 49f0 | 4883 0e01 
  0x00007f340dcbf89c: eb42 8b78 | 0841 ba00 | 0000 2b49 | 03fa 4c8b | d748 333e | 48f7 c7fc | ffff ff74 | 2740 f6c7 
  0x00007f340dcbf8bc: 0275 2148 | f706 feff | ffff 7415 | 498b fa48 | 333e 48f7 | c7fc ffff | ff74 0948 | 830e 02eb 
  0x00007f340dcbf8dc: 0348 893e | 4881 c4a0 | 0000 005d 

  0x00007f340dcbf8e8: ;   {poll_return}
  0x00007f340dcbf8e8: 493b 6728 | 0f87 0c01 

  0x00007f340dcbf8f0: ;   {metadata({method} {0x00007f33c59f3f60} 'invoke' '(Ljava/lang/Object;Ljava/lang/Object;Ljava/lang/Object;)Ljava/lang/Object;' in 'java/lang/invoke/LambdaForm$MH+0x000000002c1b5800')}
  0x00007f340dcbf8f0: 0000 c349 | ba60 3f9f | c533 7f00 | 004c 8954 | 2408 48c7 | 0424 ffff 

  0x00007f340dcbf908: ;   {runtime_call C1 Runtime counter_overflow_blob}
  0x00007f340dcbf908: ffff e8d1 

  0x00007f340dcbf90c: ; ImmutableOopMap {rsi=Oop rdx=Oop rcx=Oop }
                      ;*synchronization entry
                      ; - java.lang.invoke.LambdaForm$MH/0x000000002c1b5800::invoke@-1
  0x00007f340dcbf90c: e3cc 05e9 | eef5 ffff | 4889 0c24 

  0x00007f340dcbf918: ;   {runtime_call C1 Runtime throw_class_cast_exception_blob}
  0x00007f340dcbf918: e8c3 9bcc 

  0x00007f340dcbf91c: ; ImmutableOopMap {[88]=Oop [96]=Oop }
                      ;*checkcast {reexecute=0 rethrow=0 return_oop=0}
                      ; - java.lang.invoke.LambdaForm$MH/0x000000002c1b5800::invoke@6
                      ;   {runtime_call C1 Runtime throw_null_pointer_exception_blob}
  0x00007f340dcbf91c: 05e8 be68 

  0x00007f340dcbf920: ; ImmutableOopMap {rdx=Oop [88]=Oop [96]=Oop }
                      ;*aaload {reexecute=0 rethrow=0 return_oop=0}
                      ; - java.lang.invoke.LambdaForm$MH/0x000000002c1b5800::invoke@12
                      ;   {runtime_call C1 Runtime throw_null_pointer_exception_blob}
  0x00007f340dcbf920: cc05 e8b9 

  0x00007f340dcbf924: ; ImmutableOopMap {rdx=Oop [88]=Oop [96]=Oop }
                      ;*aaload {reexecute=0 rethrow=0 return_oop=0}
                      ; - java.lang.invoke.LambdaForm$MH/0x000000002c1b5800::invoke@12
  0x00007f340dcbf924: 68cc 0548 | c704 2400 | 0000 0048 | 8954 2408 

  0x00007f340dcbf934: ;   {runtime_call C1 Runtime throw_range_check_failed_blob}
  0x00007f340dcbf934: e8a7 5fcc 

  0x00007f340dcbf938: ; ImmutableOopMap {rdx=Oop [88]=Oop [96]=Oop }
                      ;*aaload {reexecute=0 rethrow=0 return_oop=0}
                      ; - java.lang.invoke.LambdaForm$MH/0x000000002c1b5800::invoke@12
  0x00007f340dcbf938: 0548 c704 | 2401 0000 | 0048 8954 

  0x00007f340dcbf944: ;   {runtime_call C1 Runtime throw_range_check_failed_blob}
  0x00007f340dcbf944: 2408 e895 

  0x00007f340dcbf948: ; ImmutableOopMap {rdx=Oop rdi=Oop [88]=Oop [96]=Oop }
                      ;*aaload {reexecute=0 rethrow=0 return_oop=0}
                      ; - java.lang.invoke.LambdaForm$MH/0x000000002c1b5800::invoke@16
  0x00007f340dcbf948: 5fcc 0548 

  0x00007f340dcbf94c: ;   {runtime_call C1 Runtime throw_class_cast_exception_blob}
  0x00007f340dcbf94c: 8934 24e8 

  0x00007f340dcbf950: ; ImmutableOopMap {rdi=Oop rbx=Oop [96]=Oop }
                      ;*checkcast {reexecute=0 rethrow=0 return_oop=0}
                      ; - java.lang.invoke.LambdaForm$MH/0x000000002c1b5800::invoke@20
  0x00007f340dcbf950: 8c9b cc05 

  0x00007f340dcbf954: ;   {runtime_call C1 Runtime throw_null_pointer_exception_blob}
  0x00007f340dcbf954: e887 68cc 

  0x00007f340dcbf958: ; ImmutableOopMap {rdi=Oop rbx=Oop [96]=Oop }
                      ;*getfield argL0 {reexecute=1 rethrow=0 return_oop=0}
                      ; - (reexecute) java.lang.invoke.LambdaForm$MH/0x000000002c1b5800::invoke@23
  0x00007f340dcbf958: 0548 8934 

  0x00007f340dcbf95c: ;   {runtime_call C1 Runtime throw_class_cast_exception_blob}
  0x00007f340dcbf95c: 24e8 7e9b 

  0x00007f340dcbf960: ; ImmutableOopMap {rdi=Oop rbx=Oop rdx=Oop }
                      ;*checkcast {reexecute=0 rethrow=0 return_oop=0}
                      ; - java.lang.invoke.LambdaForm$MH/0x000000002c1b5800::invoke@29
  0x00007f340dcbf960: cc05 4889 

  0x00007f340dcbf964: ;   {runtime_call C1 Runtime throw_class_cast_exception_blob}
  0x00007f340dcbf964: 1424 e875 

  0x00007f340dcbf968: ; ImmutableOopMap {rdi=Oop rbx=Oop rax=Oop }
                      ;*checkcast {reexecute=0 rethrow=0 return_oop=0}
                      ; - java.lang.invoke.LambdaForm$MH/0x000000002c1b5800::invoke@34
                      ;   {metadata({method} {0x000000002b470010} 'checkGenericType' '(Ljava/lang/invoke/MethodHandle;Ljava/lang/invoke/MethodType;)Ljava/lang/invoke/MethodHandle;' in 'java/lang/invoke/Invokers')}
  0x00007f340dcbf968: 9bcc 0549 | ba10 0047 | 2b00 0000 | 004c 8954 | 2408 48c7 | 0424 ffff 

  0x00007f340dcbf980: ;   {runtime_call C1 Runtime counter_overflow_blob}
  0x00007f340dcbf980: ffff e859 

  0x00007f340dcbf984: ; ImmutableOopMap {rdi=Oop rbx=Oop rax=Oop rcx=Oop }
                      ;*synchronization entry
                      ; - java.lang.invoke.Invokers::checkGenericType@-1 (line 541)
                      ; - java.lang.invoke.LambdaForm$MH/0x000000002c1b5800::invoke@37
  0x00007f340dcbf984: e3cc 05e9 | 19fa ffff 

  0x00007f340dcbf98c: ;   {runtime_call C1 Runtime throw_null_pointer_exception_blob}
  0x00007f340dcbf98c: e84f 68cc 

  0x00007f340dcbf990: ; ImmutableOopMap {rdi=Oop rbx=Oop rax=Oop rcx=Oop }
                      ;*invokevirtual asType {reexecute=0 rethrow=0 return_oop=0}
                      ; - java.lang.invoke.Invokers::checkGenericType@2 (line 541)
                      ; - java.lang.invoke.LambdaForm$MH/0x000000002c1b5800::invoke@37
                      ;   {metadata({method} {0x000000002b4783e0} 'asType' '(Ljava/lang/invoke/MethodType;)Ljava/lang/invoke/MethodHandle;' in 'java/lang/invoke/MethodHandle')}
  0x00007f340dcbf990: 0549 bae0 | 8347 2b00 | 0000 004c | 8954 2408 | 48c7 0424 | ffff ffff 

  0x00007f340dcbf9a8: ;   {runtime_call C1 Runtime counter_overflow_blob}
  0x00007f340dcbf9a8: e833 e3cc 

  0x00007f340dcbf9ac: ; ImmutableOopMap {rdi=Oop rbx=Oop rax=Oop rcx=Oop }
                      ;*synchronization entry
                      ; - java.lang.invoke.MethodHandle::asType@-1 (line 865)
                      ; - java.lang.invoke.Invokers::checkGenericType@2 (line 541)
                      ; - java.lang.invoke.LambdaForm$MH/0x000000002c1b5800::invoke@37
  0x00007f340dcbf9ac: 05e9 acfa 

  0x00007f340dcbf9b0: ;   {metadata({method} {0x000000002b46ff60} 'checkCustomized' '(Ljava/lang/invoke/MethodHandle;)V' in 'java/lang/invoke/Invokers')}
  0x00007f340dcbf9b0: ffff 49ba | 60ff 462b | 0000 0000 | 4c89 5424 | 0848 c704 | 24ff ffff 

  0x00007f340dcbf9c8: ;   {runtime_call C1 Runtime counter_overflow_blob}
  0x00007f340dcbf9c8: ffe8 12e3 

  0x00007f340dcbf9cc: ; ImmutableOopMap {rax=Oop [120]=Oop [128]=Oop }
                      ;*synchronization entry
                      ; - java.lang.invoke.Invokers::checkCustomized@-1 (line 622)
                      ; - java.lang.invoke.LambdaForm$MH/0x000000002c1b5800::invoke@44
  0x00007f340dcbf9cc: cc05 e969 

  0x00007f340dcbf9d0: ;   {metadata({method} {0x000000002b1f59a8} 'isCompileConstant' '(Ljava/lang/Object;)Z' in 'java/lang/invoke/MethodHandleImpl')}
  0x00007f340dcbf9d0: fcff ff49 | baa8 591f | 2b00 0000 | 004c 8954 | 2408 48c7 | 0424 ffff 

  0x00007f340dcbf9e8: ;   {runtime_call C1 Runtime counter_overflow_blob}
  0x00007f340dcbf9e8: ffff e8f1 

  0x00007f340dcbf9ec: ; ImmutableOopMap {rax=Oop [120]=Oop [128]=Oop }
                      ;*synchronization entry
                      ; - java.lang.invoke.MethodHandleImpl::isCompileConstant@-1 (line 625)
                      ; - java.lang.invoke.Invokers::checkCustomized@1 (line 622)
                      ; - java.lang.invoke.LambdaForm$MH/0x000000002c1b5800::invoke@44
  0x00007f340dcbf9ec: e2cc 05e9 | 81fc ffff 

  0x00007f340dcbf9f4: ;   {runtime_call C1 Runtime throw_null_pointer_exception_blob}
  0x00007f340dcbf9f4: e8e7 67cc 

  0x00007f340dcbf9f8: ; ImmutableOopMap {rax=Oop [120]=Oop [128]=Oop }
                      ;*getfield form {reexecute=1 rethrow=0 return_oop=0}
                      ; - (reexecute) java.lang.invoke.Invokers::checkCustomized@9 (line 625)
                      ; - java.lang.invoke.LambdaForm$MH/0x000000002c1b5800::invoke@44
                      ;   {runtime_call C1 Runtime throw_null_pointer_exception_blob}
  0x00007f340dcbf9f8: 05e8 e267 

  0x00007f340dcbf9fc: ; ImmutableOopMap {rax=Oop [120]=Oop [128]=Oop }
                      ;*getfield customized {reexecute=1 rethrow=0 return_oop=0}
                      ; - (reexecute) java.lang.invoke.Invokers::checkCustomized@12 (line 625)
                      ; - java.lang.invoke.LambdaForm$MH/0x000000002c1b5800::invoke@44
                      ;   {internal_word}
  0x00007f340dcbf9fc: cc05 49ba | e8f8 cb0d | 347f 0000 | 4d89 9738 

  0x00007f340dcbfa0c: ;   {runtime_call SafepointBlob}
  0x00007f340dcbfa0c: 0500 00e9 | 4c11 bf05 | 498b 87e0 | 0500 0049 | c787 e005 | 0000 0000 | 0000 49c7 | 87e8 0500 
  0x00007f340dcbfa2c: 0000 0000 | 0048 81c4 | a000 0000 

  0x00007f340dcbfa38: ;   {runtime_call C1 Runtime unwind_exception_blob}
  0x00007f340dcbfa38: 5de9 a24d | cc05 f4f4 
[Stub Code]
  0x00007f340dcbfa40: ;   {static_stub}
  0x00007f340dcbfa40: 48bb 0000 | 0000 0000 

  0x00007f340dcbfa48: ;   {runtime_call nmethod}
  0x00007f340dcbfa48: 0000 e9fb 

  0x00007f340dcbfa4c: ;   {static_stub}
  0x00007f340dcbfa4c: ffff ff48 | bb00 0000 | 0000 0000 

  0x00007f340dcbfa58: ;   {runtime_call nmethod}
  0x00007f340dcbfa58: 00e9 fbff 

  0x00007f340dcbfa5c: ;   {static_stub}
  0x00007f340dcbfa5c: ffff 48bb | 0000 0000 | 0000 0000 

  0x00007f340dcbfa68: ;   {runtime_call nmethod}
  0x00007f340dcbfa68: e9fb ffff 

  0x00007f340dcbfa6c: ;   {static_stub}
  0x00007f340dcbfa6c: ff48 bb00 | 0000 0000 

  0x00007f340dcbfa74: ;   {runtime_call nmethod}
  0x00007f340dcbfa74: 0000 00e9 | fbff ffff 

  0x00007f340dcbfa7c: ;   {static_stub}
  0x00007f340dcbfa7c: 48bb 0000 | 0000 0000 

  0x00007f340dcbfa84: ;   {runtime_call nmethod}
  0x00007f340dcbfa84: 0000 e9fb 

  0x00007f340dcbfa88: ;   {runtime_call C1 Runtime handle_exception_from_callee_blob}
  0x00007f340dcbfa88: ffff ffe8 | 5094 cc05 

  0x00007f340dcbfa90: ;   {external_word}
  0x00007f340dcbfa90: 48bf 28c7 | ee2c 347f | 0000 4883 

  0x00007f340dcbfa9c: ;   {runtime_call MacroAssembler::debug64(char*, long, long*)}
  0x00007f340dcbfa9c: e4f0 e89d | 93c8 1ef4 
[Deopt Handler Code]
  0x00007f340dcbfaa4: ;   {section_word}
  0x00007f340dcbfaa4: 49ba a4fa | cb0d 347f | 0000 4152 

  0x00007f340dcbfab0: ;   {runtime_call DeoptimizationBlob}
  0x00007f340dcbfab0: e92b f8be 

  0x00007f340dcbfab4: ;   {section_word}
  0x00007f340dcbfab4: 0549 bab5 | facb 0d34 | 7f00 0041 

  0x00007f340dcbfac0: ;   {runtime_call DeoptimizationBlob}
  0x00007f340dcbfac0: 52e9 1af8 | be05 f4f4 
[/MachCode]


Compiled method (c1) 15912 9073       3       java.lang.invoke.MethodHandle::invokeWithArguments (32 bytes)
 total in heap  [0x00007f340c608b08,0x00007f340c609568] = 2656
 main code      [0x00007f340c608c00,0x00007f340c6094a8] = 2216
 stub code      [0x00007f340c6094a8,0x00007f340c609560] = 184
 oops           [0x00007f340c609560,0x00007f340c609568] = 8
 mutable data [0x00007f338447a800,0x00007f338447a960] = 352
 relocation     [0x00007f338447a800,0x00007f338447a910] = 272
 metadata       [0x00007f338447a910,0x00007f338447a960] = 80
 immutable data [0x00007f3384465fd0,0x00007f33844662c8] = 760
 dependencies   [0x00007f3384465fd0,0x00007f3384465fe8] = 24
 nul chk table  [0x00007f3384465fe8,0x00007f3384466020] = 56
 scopes pcs     [0x00007f3384466020,0x00007f3384466190] = 368
 scopes data    [0x00007f3384466190,0x00007f33844662c8] = 312

[Constant Pool (empty)]

[MachCode]
[Instructions begin]
  0x00007f340c608c00: 6666 660f | 1f84 0000 | 0000 0066 | 6666 9066 | 6690 448b | 5608 443b 

  0x00007f340c608c18: ;   {runtime_call Shared Runtime ic_miss_blob}
  0x00007f340c608c18: 5008 0f85 | c049 2a07 
[Verified Entry Point]
  0x00007f340c608c20: 8984 2400 | c0fe ff55 | 4881 eca0 | 0000 0090 | 4181 7f20 | 0500 0000 

  0x00007f340c608c38: ;   {runtime_call Stub::method_entry_barrier}
  0x00007f340c608c38: 7405 e881 | e928 0748 | 8974 2468 | 4889 5424 

  0x00007f340c608c48: ;   {metadata(method data for {method} {0x000000002b1eedc0} 'invokeWithArguments' '([Ljava/lang/Object;)Ljava/lang/Object;' in 'java/lang/invoke/MethodHandle')}
  0x00007f340c608c48: 7048 bfe0 | bfb4 c533 | 7f00 008b | 9f90 0000 | 0083 c302 | 899f 9000 | 0000 81e3 | fe07 0000 
  0x00007f340c608c68: 85db 0f84 | ec06 0000 

  0x00007f340c608c70: ;   {metadata(method data for {method} {0x000000002b1eedc0} 'invokeWithArguments' '([Ljava/lang/Object;)Ljava/lang/Object;' in 'java/lang/invoke/MethodHandle')}
  0x00007f340c608c70: 4885 d248 | bfe0 bfb4 | c533 7f00 | 00bb d800 | 0000 7505 | bbe8 0000 | 0048 8b04 | 1f48 8d40 
  0x00007f340c608c90: 0148 8904 | 1f0f 851a 

  0x00007f340c608c98: ;   {metadata(method data for {method} {0x000000002b1eedc0} 'invokeWithArguments' '([Ljava/lang/Object;)Ljava/lang/Object;' in 'java/lang/invoke/MethodHandle')}
  0x00007f340c608c98: 0000 0048 | bfe0 bfb4 | c533 7f00 | 00ff 87f8 | 0000 00bf | 0000 0000 | e903 0000 | 008b 7a0c 
  0x00007f340c608cb8: ;   {metadata(method data for {method} {0x000000002b1eedc0} 'invokeWithArguments' '([Ljava/lang/Object;)Ljava/lang/Object;' in 'java/lang/invoke/MethodHandle')}
  0x00007f340c608cb8: 48bb e0bf | b4c5 337f | 0000 4883 | 8310 0100 

  0x00007f340c608cc8: ;   {metadata(method data for {method} {0x000000002b4775b8} 'genericMethodType' '(I)Ljava/lang/invoke/MethodType;' in 'java/lang/invoke/MethodType')}
  0x00007f340c608cc8: 0001 48bb | 3058 0fc5 | 337f 0000 | 8b83 9000 | 0000 83c0 | 0289 8390 | 0000 0025 | feff 1f00 
  0x00007f340c608ce8: 85c0 0f84 | 9206 0000 

  0x00007f340c608cf0: ;   {metadata(method data for {method} {0x000000002b4775b8} 'genericMethodType' '(I)Ljava/lang/invoke/MethodType;' in 'java/lang/invoke/MethodType')}
  0x00007f340c608cf0: 48bb 3058 | 0fc5 337f | 0000 4883 | 83d8 0000 | 0001 488b | f7ba 0000 | 0000 0f1f 

  0x00007f340c608d0c: ;   {static_call}
  0x00007f340c608d0c: 4400 00e8 

  0x00007f340c608d10: ; ImmutableOopMap {[104]=Oop [112]=Oop }
                      ;*invokestatic genericMethodType {reexecute=0 rethrow=0 return_oop=0}
                      ; - java.lang.invoke.MethodType::genericMethodType@2 (line 455)
                      ; - java.lang.invoke.MethodHandle::invokeWithArguments@10 (line 734)
  0x00007f340c608d10: 6cb5 ed07 

  0x00007f340c608d14: ;   {post_call_nop}
  0x00007f340c608d14: 0f1f 8400 | 0c02 0000 | 4889 4424 | 7848 3b00 

  0x00007f340c608d24: ;   {metadata(method data for {method} {0x000000002b1eedc0} 'invokeWithArguments' '([Ljava/lang/Object;)Ljava/lang/Object;' in 'java/lang/invoke/MethodHandle')}
  0x00007f340c608d24: 488b f048 | bfe0 bfb4 | c533 7f00 | 008b 7608 | 41ba 0000 | 002b 4903 | f248 3bb7 | 2801 0000 
  0x00007f340c608d44: 750d 4883 | 8730 0100 | 0001 e960 | 0000 0048 | 3bb7 3801 | 0000 750d | 4883 8740 | 0100 0001 
  0x00007f340c608d64: e94a 0000 | 0048 83bf | 2801 0000 | 0075 1748 | 89b7 2801 | 0000 48c7 | 8730 0100 | 0001 0000 
  0x00007f340c608d84: 00e9 2900 | 0000 4883 | bf38 0100 | 0000 7517 | 4889 b738 | 0100 0048 | c787 4001 | 0000 0100 
  0x00007f340c608da4: 0000 e908 | 0000 0048 | 8387 2001 | 0000 0148 

  0x00007f340c608db4: ;   {optimized virtual_call}
  0x00007f340c608db4: 8bf0 90e8 

  0x00007f340c608db8: ; ImmutableOopMap {[104]=Oop [112]=Oop [120]=Oop }
                      ;*invokevirtual invokers {reexecute=0 rethrow=0 return_oop=0}
                      ; - java.lang.invoke.MethodHandle::invokeWithArguments@15 (line 735)
  0x00007f340c608db8: 543a f707 

  0x00007f340c608dbc: ;   {post_call_nop}
  0x00007f340c608dbc: 0f1f 8400 | b402 0001 

  0x00007f340c608dc4: ; implicit exception: dispatches to 0x00007f340c6093a8
  0x00007f340c608dc4: 483b 0048 

  0x00007f340c608dc8: ;   {metadata(method data for {method} {0x000000002b1eedc0} 'invokeWithArguments' '([Ljava/lang/Object;)Ljava/lang/Object;' in 'java/lang/invoke/MethodHandle')}
  0x00007f340c608dc8: 8bd0 48be | e0bf b4c5 | 337f 0000 | 4883 8660 | 0100 0001 | ba00 0000 | 0048 8bf0 

  0x00007f340c608de4: ;   {optimized virtual_call}
  0x00007f340c608de4: 6666 90e8 

  0x00007f340c608de8: ; ImmutableOopMap {[104]=Oop [112]=Oop [120]=Oop }
                      ;*invokevirtual spreadInvoker {reexecute=0 rethrow=0 return_oop=0}
                      ; - java.lang.invoke.MethodHandle::invokeWithArguments@19 (line 735)
  0x00007f340c608de8: 3447 6601 

  0x00007f340c608dec: ;   {post_call_nop}
  0x00007f340c608dec: 0f1f 8400 | e402 0002 | 4889 8424 | 8000 0000 | 488b 7424 

  0x00007f340c608e00: ;   {metadata(method data for {method} {0x000000002b1eedc0} 'invokeWithArguments' '([Ljava/lang/Object;)Ljava/lang/Object;' in 'java/lang/invoke/MethodHandle')}
  0x00007f340c608e00: 6848 bae0 | bfb4 c533 | 7f00 008b | 7608 41ba | 0000 002b | 4903 f248 | 3bb2 8801 | 0000 750d 
  0x00007f340c608e20: 4883 8290 | 0100 0001 | e960 0000 | 0048 3bb2 | 9801 0000 | 750d 4883 | 82a0 0100 | 0001 e94a 
  0x00007f340c608e40: 0000 0048 | 83ba 8801 | 0000 0075 | 1748 89b2 | 8801 0000 | 48c7 8290 | 0100 0001 | 0000 00e9 
  0x00007f340c608e60: 2900 0000 | 4883 ba98 | 0100 0000 | 7517 4889 | b298 0100 | 0048 c782 | a001 0000 | 0100 0000 
  0x00007f340c608e80: e908 0000 | 0048 8382 | 8001 0000 

  0x00007f340c608e8c: ;   {metadata(method data for {method} {0x000000002b4783e0} 'asType' '(Ljava/lang/invoke/MethodType;)Ljava/lang/invoke/MethodHandle;' in 'java/lang/invoke/MethodHandle')}
  0x00007f340c608e8c: 0148 ba08 | fd24 c433 | 7f00 008b | b290 0000 | 0083 c602 | 89b2 9000 | 0000 81e6 | feff 1f00 
  0x00007f340c608eac: 85f6 0f84 | f904 0000 | 488b 7424 | 688b 5610 | 48c1 e203 | 488b 7c24 | 7848 3bfa 

  0x00007f340c608ec8: ;   {metadata(method data for {method} {0x000000002b4783e0} 'asType' '(Ljava/lang/invoke/MethodType;)Ljava/lang/invoke/MethodHandle;' in 'java/lang/invoke/MethodHandle')}
  0x00007f340c608ec8: 48ba 08fd | 24c4 337f | 0000 bbe8 | 0000 0074 | 05bb d800 | 0000 488b | 0c1a 488d | 4901 4889 
  0x00007f340c608ee8: 0c1a 0f84 | a700 0000 

  0x00007f340c608ef0: ;   {metadata(method data for {method} {0x000000002b4783e0} 'asType' '(Ljava/lang/invoke/MethodType;)Ljava/lang/invoke/MethodHandle;' in 'java/lang/invoke/MethodHandle')}
  0x00007f340c608ef0: 488b d648 | bb08 fd24 | c433 7f00 | 0048 8383 | f800 0000 | 0148 8bd7 | 488b de48 

  0x00007f340c608f0c: ;   {optimized virtual_call}
  0x00007f340c608f0c: 8bf3 90e8 

  0x00007f340c608f10: ; ImmutableOopMap {[104]=Oop [112]=Oop [120]=Oop [128]=Oop }
                      ;*invokevirtual asTypeCached {reexecute=0 rethrow=0 return_oop=0}
                      ; - java.lang.invoke.MethodHandle::asType@12 (line 869)
                      ; - java.lang.invoke.MethodHandle::invokeWithArguments@24 (line 735)
  0x00007f340c608f10: 7c34 f307 

  0x00007f340c608f14: ;   {post_call_nop}
  0x00007f340c608f14: 0f1f 8400 | 0c04 0003 

  0x00007f340c608f1c: ;   {metadata(method data for {method} {0x000000002b4783e0} 'asType' '(Ljava/lang/invoke/MethodType;)Ljava/lang/invoke/MethodHandle;' in 'java/lang/invoke/MethodHandle')}
  0x00007f340c608f1c: 4885 c048 | ba08 fd24 | c433 7f00 | 00be 2801 | 0000 7405 | be38 0100 | 0048 8b3c | 3248 8d7f 
  0x00007f340c608f3c: 0148 893c | 320f 8410 | 0000 0048 | 8bf0 488b | 8424 8000 | 0000 e940 | 0000 0048 | 8b44 2478 
  0x00007f340c608f5c: 488b 7424 | 6848 8bd6 

  0x00007f340c608f64: ;   {metadata(method data for {method} {0x000000002b4783e0} 'asType' '(Ljava/lang/invoke/MethodType;)Ljava/lang/invoke/MethodHandle;' in 'java/lang/invoke/MethodHandle')}
  0x00007f340c608f64: 48bf 08fd | 24c4 337f | 0000 4883 | 8748 0100 | 0001 488b | d066 0f1f 

  0x00007f340c608f7c: ;   {optimized virtual_call}
  0x00007f340c608f7c: 4400 00e8 

  0x00007f340c608f80: ; ImmutableOopMap {[112]=Oop [128]=Oop }
                      ;*invokevirtual setAsTypeCache {reexecute=0 rethrow=0 return_oop=0}
                      ; - java.lang.invoke.MethodHandle::asType@24 (line 873)
                      ; - java.lang.invoke.MethodHandle::invokeWithArguments@24 (line 735)
  0x00007f340c608f80: 8cd0 f707 

  0x00007f340c608f84: ;   {post_call_nop}
  0x00007f340c608f84: 0f1f 8400 | 7c04 0004 | 488b f048 | 8b84 2480 

  0x00007f340c608f94: ;   {metadata(method data for {method} {0x000000002b1eedc0} 'invokeWithArguments' '([Ljava/lang/Object;)Ljava/lang/Object;' in 'java/lang/invoke/MethodHandle')}
  0x00007f340c608f94: 0000 0048 | bfe0 bfb4 | c533 7f00 | 0048 8dbf | e001 0000 | 4885 f675 | 0cf6 4708 | 0175 06f0 
  0x00007f340c608fb4: 4883 4f08 

  0x00007f340c608fb8: ;   {metadata(method data for {method} {0x000000002b209c78} 'invokeExact_MT' '(Ljava/lang/Object;Ljava/lang/Object;Ljava/lang/Object;Ljava/lang/Object;)Ljava/lang/Object;' in 'java/lang/invoke/Invokers$Holder')}
  0x00007f340c608fb8: 0148 bfa0 | d30b c533 | 7f00 0048 | 8dbf 6802 | 0000 4885 | c075 0af6 | 0701 7505 | f048 830f 
  0x00007f340c608fd8: ;   {metadata(method data for {method} {0x000000002b1eedc0} 'invokeWithArguments' '([Ljava/lang/Object;)Ljava/lang/Object;' in 'java/lang/invoke/MethodHandle')}
  0x00007f340c608fd8: 0148 bfe0 | bfb4 c533 | 7f00 0048 | 8387 b001 

  0x00007f340c608fe8: ;   {metadata(method data for {method} {0x000000002b209c78} 'invokeExact_MT' '(Ljava/lang/Object;Ljava/lang/Object;Ljava/lang/Object;Ljava/lang/Object;)Ljava/lang/Object;' in 'java/lang/invoke/Invokers$Holder')}
  0x00007f340c608fe8: 0000 0148 | bfa0 d30b | c533 7f00 | 008b 9f90 | 0000 0083 | c302 899f | 9000 0000 | 81e3 feff 
  0x00007f340c609008: 1f00 85db | 0f84 bc03 

  0x00007f340c609010: ;   {metadata(method data for {method} {0x000000002b209c78} 'invokeExact_MT' '(Ljava/lang/Object;Ljava/lang/Object;Ljava/lang/Object;Ljava/lang/Object;)Ljava/lang/Object;' in 'java/lang/invoke/Invokers$Holder')}
  0x00007f340c609010: 0000 48bf | a0d3 0bc5 | 337f 0000 | 488d bf48 | 0100 0048 | 85c0 750c | f647 0801 | 7506 f048 
  0x00007f340c609030: 834f 0801 

  0x00007f340c609034: ;   {metadata(method data for {method} {0x000000002b209c78} 'invokeExact_MT' '(Ljava/lang/Object;Ljava/lang/Object;Ljava/lang/Object;Ljava/lang/Object;)Ljava/lang/Object;' in 'java/lang/invoke/Invokers$Holder')}
  0x00007f340c609034: 48bf a0d3 | 0bc5 337f | 0000 4883 | 8738 0100 

  0x00007f340c609044: ;   {metadata(method data for {method} {0x000000002b470068} 'checkExactType' '(Ljava/lang/invoke/MethodHandle;Ljava/lang/invoke/MethodType;)V' in 'java/lang/invoke/Invokers')}
  0x00007f340c609044: 0001 48bf | 7872 2ac4 | 337f 0000 | 8b9f 9000 | 0000 83c3 | 0289 9f90 | 0000 0081 | e3fe ff1f 
  0x00007f340c609064: 0085 db0f | 8482 0300 | 0048 3b00 

  0x00007f340c609070: ;   {metadata(method data for {method} {0x000000002b470068} 'checkExactType' '(Ljava/lang/invoke/MethodHandle;Ljava/lang/invoke/MethodType;)V' in 'java/lang/invoke/Invokers')}
  0x00007f340c609070: 488b f848 | bb78 722a | c433 7f00 | 008b 7f08 | 41ba 0000 | 002b 4903 | fa48 3bbb | e000 0000 
  0x00007f340c609090: 750d 4883 | 83e8 0000 | 0001 e960 | 0000 0048 | 3bbb f000 | 0000 750d | 4883 83f8 | 0000 0001 
  0x00007f340c6090b0: e94a 0000 | 0048 83bb | e000 0000 | 0075 1748 | 89bb e000 | 0000 48c7 | 83e8 0000 | 0001 0000 
  0x00007f340c6090d0: 00e9 2900 | 0000 4883 | bbf0 0000 | 0000 7517 | 4889 bbf0 | 0000 0048 | c783 f800 | 0000 0100 
  0x00007f340c6090f0: 0000 e908 | 0000 0048 | 8383 d800 | 0000 018b | 7810 48c1 

  0x00007f340c609104: ;   {oop(a 'java/lang/invoke/MethodType'{0x0000000418079db8} = (Ljava/lang/invoke/MethodHandle;[Ljava/lang/Object;)Ljava/lang/Object;)}
  0x00007f340c609104: e703 48bb | b89d 0718 | 0400 0000 

  0x00007f340c609110: ;   {metadata(method data for {method} {0x000000002b470068} 'checkExactType' '(Ljava/lang/invoke/MethodHandle;Ljava/lang/invoke/MethodType;)V' in 'java/lang/invoke/Invokers')}
  0x00007f340c609110: 483b fb48 | bb78 722a | c433 7f00 | 00ba 1801 | 0000 7505 | ba08 0100 | 0048 8b0c | 1348 8d49 
  0x00007f340c609130: 0148 890c | 130f 85dc 

  0x00007f340c609138: ;   {metadata(method data for {method} {0x000000002b209c78} 'invokeExact_MT' '(Ljava/lang/Object;Ljava/lang/Object;Ljava/lang/Object;Ljava/lang/Object;)Ljava/lang/Object;' in 'java/lang/invoke/Invokers$Holder')}
  0x00007f340c609138: 0100 0048 | bfa0 d30b | c533 7f00 | 0048 8387 | 7001 0000 

  0x00007f340c60914c: ;   {metadata(method data for {method} {0x000000002b46ff60} 'checkCustomized' '(Ljava/lang/invoke/MethodHandle;)V' in 'java/lang/invoke/Invokers')}
  0x00007f340c60914c: 0148 bf28 | 762a c433 | 7f00 008b | 9f90 0000 | 0083 c302 | 899f 9000 | 0000 81e3 | feff 1f00 
  0x00007f340c60916c: 85db 0f84 | a102 0000 

  0x00007f340c609174: ;   {metadata(method data for {method} {0x000000002b46ff60} 'checkCustomized' '(Ljava/lang/invoke/MethodHandle;)V' in 'java/lang/invoke/Invokers')}
  0x00007f340c609174: 48bf 2876 | 2ac4 337f | 0000 4883 | 87d8 0000 

  0x00007f340c609184: ;   {metadata(method data for {method} {0x000000002b1f59a8} 'isCompileConstant' '(Ljava/lang/Object;)Z' in 'java/lang/invoke/MethodHandleImpl')}
  0x00007f340c609184: 0001 48bf | e878 2ac4 | 337f 0000 | 8b9f 9000 | 0000 83c3 | 0289 9f90 | 0000 0081 | e3fe ff1f 
  0x00007f340c6091a4: 0085 db0f | 8489 0200 

  0x00007f340c6091ac: ;   {metadata(method data for {method} {0x000000002b46ff60} 'checkCustomized' '(Ljava/lang/invoke/MethodHandle;)V' in 'java/lang/invoke/Invokers')}
  0x00007f340c6091ac: 0048 bf28 | 762a c433 | 7f00 00ff | 87e8 0000 | 008b 7814 | 48c1 e703 

  0x00007f340c6091c4: ; implicit exception: dispatches to 0x00007f340c609457
  0x00007f340c6091c4: 8b7f 1c48 | c1e7 0348 

  0x00007f340c6091cc: ;   {metadata(method data for {method} {0x000000002b46ff60} 'checkCustomized' '(Ljava/lang/invoke/MethodHandle;)V' in 'java/lang/invoke/Invokers')}
  0x00007f340c6091cc: 85ff 48bf | 2876 2ac4 | 337f 0000 | bb08 0100 | 0075 05bb | 1801 0000 | 488b 141f | 488d 5201 
  0x00007f340c6091ec: 4889 141f | 4889 b424 | 8800 0000 | 0f85 2600 

  0x00007f340c6091fc: ;   {metadata(method data for {method} {0x000000002b46ff60} 'checkCustomized' '(Ljava/lang/invoke/MethodHandle;)V' in 'java/lang/invoke/Invokers')}
  0x00007f340c6091fc: 0000 48bf | 2876 2ac4 | 337f 0000 | 4883 8728 | 0100 0001 | 488b f00f 

  0x00007f340c609214: ;   {static_call}
  0x00007f340c609214: 1f40 00e8 

  0x00007f340c609218: ; ImmutableOopMap {[112]=Oop [128]=Oop [136]=Oop }
                      ;*invokestatic maybeCustomize {reexecute=0 rethrow=0 return_oop=0}
                      ; - java.lang.invoke.Invokers::checkCustomized@19 (line 626)
                      ; - java.lang.invoke.Invokers$Holder::invokeExact_MT@14
                      ; - java.lang.invoke.MethodHandle::invokeWithArguments@28 (line 735)
  0x00007f340c609218: e475 f207 

  0x00007f340c60921c: ;   {post_call_nop}
  0x00007f340c60921c: 0f1f 8400 | 1407 0005 | 488b 5424 

  0x00007f340c609228: ;   {metadata(method data for {method} {0x000000002b209c78} 'invokeExact_MT' '(Ljava/lang/Object;Ljava/lang/Object;Ljava/lang/Object;Ljava/lang/Object;)Ljava/lang/Object;' in 'java/lang/invoke/Invokers$Holder')}
  0x00007f340c609228: 7048 b9a0 | d30b c533 | 7f00 0048 | 8d89 c801 | 0000 4885 | d275 0cf6 | 4118 0175 | 06f0 4883 
  0x00007f340c609248: 4918 0148 | 8b84 2480 

  0x00007f340c609250: ;   {metadata(method data for {method} {0x000000002b209c78} 'invokeExact_MT' '(Ljava/lang/Object;Ljava/lang/Object;Ljava/lang/Object;Ljava/lang/Object;)Ljava/lang/Object;' in 'java/lang/invoke/Invokers$Holder')}
  0x00007f340c609250: 0000 0048 | b9a0 d30b | c533 7f00 | 008b 4008 | 41ba 0000 | 002b 4903 | c248 3b81 | a001 0000 
  0x00007f340c609270: 750d 4883 | 81a8 0100 | 0001 e960 | 0000 0048 | 3b81 b001 | 0000 750d | 4883 81b8 | 0100 0001 
  0x00007f340c609290: e94a 0000 | 0048 83b9 | a001 0000 | 0075 1748 | 8981 a001 | 0000 48c7 | 81a8 0100 | 0001 0000 
  0x00007f340c6092b0: 00e9 2900 | 0000 4883 | b9b0 0100 | 0000 7517 | 4889 81b0 | 0100 0048 | c781 b801 | 0000 0100 
  0x00007f340c6092d0: 0000 e908 | 0000 0048 | 8381 9801 | 0000 0148 | 8bda 488b | 9424 8800 | 0000 488b | cb48 8bb4 
  0x00007f340c6092f0: 2480 0000 

  0x00007f340c6092f4: ;   {optimized virtual_call}
  0x00007f340c6092f4: 0066 90e8 

  0x00007f340c6092f8: ; ImmutableOopMap {}
                      ;*invokevirtual invokeBasic {reexecute=0 rethrow=0 return_oop=0}
                      ; - java.lang.invoke.Invokers$Holder::invokeExact_MT@20
                      ; - java.lang.invoke.MethodHandle::invokeWithArguments@28 (line 735)
  0x00007f340c6092f8: 8418 9b07 

  0x00007f340c6092fc: ;   {post_call_nop}
  0x00007f340c6092fc: 0f1f 8400 | f407 0006 | 4881 c4a0 | 0000 005d 

  0x00007f340c60930c: ;   {poll_return}
  0x00007f340c60930c: 493b 6728 | 0f87 4601 | 0000 c348 | 89b4 2488 

  0x00007f340c60931c: ;   {metadata(method data for {method} {0x000000002b470068} 'checkExactType' '(Ljava/lang/invoke/MethodHandle;Ljava/lang/invoke/MethodType;)V' in 'java/lang/invoke/Invokers')}
  0x00007f340c60931c: 0000 0048 | bb78 722a | c433 7f00 | 0048 8383 | 2801 0000 

  0x00007f340c609330: ;   {oop(a 'java/lang/invoke/MethodType'{0x0000000418079db8} = (Ljava/lang/invoke/MethodHandle;[Ljava/lang/Object;)Ljava/lang/Object;)}
  0x00007f340c609330: 0148 bbb8 | 9d07 1804 | 0000 0048 | 8bf7 488b | d366 0f1f 

  0x00007f340c609344: ;   {static_call}
  0x00007f340c609344: 4400 00e8 

  0x00007f340c609348: ; ImmutableOopMap {[112]=Oop [128]=Oop [136]=Oop }
                      ;*invokestatic newWrongMethodTypeException {reexecute=0 rethrow=0 return_oop=0}
                      ; - java.lang.invoke.Invokers::checkExactType@12 (line 531)
                      ; - java.lang.invoke.Invokers$Holder::invokeExact_MT@10
                      ; - java.lang.invoke.MethodHandle::invokeWithArguments@28 (line 735)
  0x00007f340c609348: 9451 2a07 

  0x00007f340c60934c: ;   {post_call_nop}
  0x00007f340c60934c: 0f1f 8400 | 4408 0007 

  0x00007f340c609354: ; implicit exception: dispatches to 0x00007f340c609472
  0x00007f340c609354: 483b 00e9 | 3801 0000 

  0x00007f340c60935c: ;   {metadata({method} {0x000000002b1eedc0} 'invokeWithArguments' '([Ljava/lang/Object;)Ljava/lang/Object;' in 'java/lang/invoke/MethodHandle')}
  0x00007f340c60935c: 49ba c0ed | 1e2b 0000 | 0000 4c89 | 5424 0848 | c704 24ff 

  0x00007f340c609370: ;   {runtime_call C1 Runtime counter_overflow_blob}
  0x00007f340c609370: ffff ffe8 

  0x00007f340c609374: ; ImmutableOopMap {rsi=Oop rdx=Oop [104]=Oop [112]=Oop }
                      ;*synchronization entry
                      ; - java.lang.invoke.MethodHandle::invokeWithArguments@-1 (line 734)
  0x00007f340c609374: 6849 3807 | e9f3 f8ff 

  0x00007f340c60937c: ;   {runtime_call C1 Runtime throw_null_pointer_exception_blob}
  0x00007f340c60937c: ffe8 5ece 

  0x00007f340c609380: ; ImmutableOopMap {rsi=Oop rdx=Oop [104]=Oop [112]=Oop }
                      ;*arraylength {reexecute=0 rethrow=0 return_oop=0}
                      ; - java.lang.invoke.MethodHandle::invokeWithArguments@9 (line 734)
                      ;   {metadata({method} {0x000000002b4775b8} 'genericMethodType' '(I)Ljava/lang/invoke/MethodType;' in 'java/lang/invoke/MethodType')}
  0x00007f340c609380: 3707 49ba | b875 472b | 0000 0000 | 4c89 5424 | 0848 c704 | 24ff ffff 

  0x00007f340c609398: ;   {runtime_call C1 Runtime counter_overflow_blob}
  0x00007f340c609398: ffe8 4249 

  0x00007f340c60939c: ; ImmutableOopMap {[104]=Oop [112]=Oop }
                      ;*synchronization entry
                      ; - java.lang.invoke.MethodType::genericMethodType@-1 (line 455)
                      ; - java.lang.invoke.MethodHandle::invokeWithArguments@10 (line 734)
  0x00007f340c60939c: 3807 e94d 

  0x00007f340c6093a0: ;   {runtime_call C1 Runtime throw_null_pointer_exception_blob}
  0x00007f340c6093a0: f9ff ffe8 

  0x00007f340c6093a4: ; ImmutableOopMap {rax=Oop [104]=Oop [112]=Oop [120]=Oop }
                      ;*invokevirtual invokers {reexecute=0 rethrow=0 return_oop=0}
                      ; - java.lang.invoke.MethodHandle::invokeWithArguments@15 (line 735)
  0x00007f340c6093a4: 38ce 3707 

  0x00007f340c6093a8: ;   {runtime_call C1 Runtime throw_null_pointer_exception_blob}
  0x00007f340c6093a8: e833 ce37 

  0x00007f340c6093ac: ; ImmutableOopMap {rax=Oop [104]=Oop [112]=Oop [120]=Oop }
                      ;*invokevirtual spreadInvoker {reexecute=0 rethrow=0 return_oop=0}
                      ; - java.lang.invoke.MethodHandle::invokeWithArguments@19 (line 735)
                      ;   {metadata({method} {0x000000002b4783e0} 'asType' '(Ljava/lang/invoke/MethodType;)Ljava/lang/invoke/MethodHandle;' in 'java/lang/invoke/MethodHandle')}
  0x00007f340c6093ac: 0749 bae0 | 8347 2b00 | 0000 004c | 8954 2408 | 48c7 0424 | ffff ffff 

  0x00007f340c6093c4: ;   {runtime_call C1 Runtime counter_overflow_blob}
  0x00007f340c6093c4: e817 4938 

  0x00007f340c6093c8: ; ImmutableOopMap {rax=Oop [104]=Oop [112]=Oop [120]=Oop [128]=Oop }
                      ;*synchronization entry
                      ; - java.lang.invoke.MethodHandle::asType@-1 (line 865)
                      ; - java.lang.invoke.MethodHandle::invokeWithArguments@24 (line 735)
  0x00007f340c6093c8: 07e9 e6fa 

  0x00007f340c6093cc: ;   {metadata({method} {0x000000002b209c78} 'invokeExact_MT' '(Ljava/lang/Object;Ljava/lang/Object;Ljava/lang/Object;Ljava/lang/Object;)Ljava/lang/Object;' in 'java/lang/invoke/Invokers$Holder')}
  0x00007f340c6093cc: ffff 49ba | 789c 202b | 0000 0000 | 4c89 5424 | 0848 c704 | 24ff ffff 

  0x00007f340c6093e4: ;   {runtime_call C1 Runtime counter_overflow_blob}
  0x00007f340c6093e4: ffe8 f648 

  0x00007f340c6093e8: ; ImmutableOopMap {rsi=Oop rax=Oop [112]=Oop [128]=Oop }
                      ;*synchronization entry
                      ; - java.lang.invoke.Invokers$Holder::invokeExact_MT@-1
                      ; - java.lang.invoke.MethodHandle::invokeWithArguments@28 (line 735)
  0x00007f340c6093e8: 3807 e923 

  0x00007f340c6093ec: ;   {metadata({method} {0x000000002b470068} 'checkExactType' '(Ljava/lang/invoke/MethodHandle;Ljava/lang/invoke/MethodType;)V' in 'java/lang/invoke/Invokers')}
  0x00007f340c6093ec: fcff ff49 | ba68 0047 | 2b00 0000 | 004c 8954 | 2408 48c7 | 0424 ffff 

  0x00007f340c609404: ;   {runtime_call C1 Runtime counter_overflow_blob}
  0x00007f340c609404: ffff e8d5 

  0x00007f340c609408: ; ImmutableOopMap {rsi=Oop rax=Oop [112]=Oop [128]=Oop }
                      ;*synchronization entry
                      ; - java.lang.invoke.Invokers::checkExactType@-1 (line 529)
                      ; - java.lang.invoke.Invokers$Holder::invokeExact_MT@10
                      ; - java.lang.invoke.MethodHandle::invokeWithArguments@28 (line 735)
  0x00007f340c609408: 4838 07e9 | 5dfc ffff 

  0x00007f340c609410: ;   {runtime_call C1 Runtime throw_null_pointer_exception_blob}
  0x00007f340c609410: e8cb cd37 

  0x00007f340c609414: ; ImmutableOopMap {rsi=Oop rax=Oop [112]=Oop [128]=Oop }
                      ;*invokevirtual type {reexecute=0 rethrow=0 return_oop=0}
                      ; - java.lang.invoke.Invokers::checkExactType@1 (line 529)
                      ; - java.lang.invoke.Invokers$Holder::invokeExact_MT@10
                      ; - java.lang.invoke.MethodHandle::invokeWithArguments@28 (line 735)
                      ;   {metadata({method} {0x000000002b46ff60} 'checkCustomized' '(Ljava/lang/invoke/MethodHandle;)V' in 'java/lang/invoke/Invokers')}
  0x00007f340c609414: 0749 ba60 | ff46 2b00 | 0000 004c | 8954 2408 | 48c7 0424 | ffff ffff 

  0x00007f340c60942c: ;   {runtime_call C1 Runtime counter_overflow_blob}
  0x00007f340c60942c: e8af 4838 

  0x00007f340c609430: ; ImmutableOopMap {rsi=Oop rax=Oop [112]=Oop [128]=Oop }
                      ;*synchronization entry
                      ; - java.lang.invoke.Invokers::checkCustomized@-1 (line 622)
                      ; - java.lang.invoke.Invokers$Holder::invokeExact_MT@14
                      ; - java.lang.invoke.MethodHandle::invokeWithArguments@28 (line 735)
  0x00007f340c609430: 07e9 3efd 

  0x00007f340c609434: ;   {metadata({method} {0x000000002b1f59a8} 'isCompileConstant' '(Ljava/lang/Object;)Z' in 'java/lang/invoke/MethodHandleImpl')}
  0x00007f340c609434: ffff 49ba | a859 1f2b | 0000 0000 | 4c89 5424 | 0848 c704 | 24ff ffff 

  0x00007f340c60944c: ;   {runtime_call C1 Runtime counter_overflow_blob}
  0x00007f340c60944c: ffe8 8e48 

  0x00007f340c609450: ; ImmutableOopMap {rsi=Oop rax=Oop [112]=Oop [128]=Oop }
                      ;*synchronization entry
                      ; - java.lang.invoke.MethodHandleImpl::isCompileConstant@-1 (line 625)
                      ; - java.lang.invoke.Invokers::checkCustomized@1 (line 622)
                      ; - java.lang.invoke.Invokers$Holder::invokeExact_MT@14
                      ; - java.lang.invoke.MethodHandle::invokeWithArguments@28 (line 735)
  0x00007f340c609450: 3807 e956 

  0x00007f340c609454: ;   {runtime_call C1 Runtime throw_null_pointer_exception_blob}
  0x00007f340c609454: fdff ffe8 

  0x00007f340c609458: ; ImmutableOopMap {rsi=Oop rax=Oop [112]=Oop [128]=Oop }
                      ;*getfield customized {reexecute=1 rethrow=0 return_oop=0}
                      ; - (reexecute) java.lang.invoke.Invokers::checkCustomized@12 (line 625)
                      ; - java.lang.invoke.Invokers$Holder::invokeExact_MT@14
                      ; - java.lang.invoke.MethodHandle::invokeWithArguments@28 (line 735)
  0x00007f340c609458: 84cd 3707 

  0x00007f340c60945c: ;   {internal_word}
  0x00007f340c60945c: 49ba 0c93 | 600c 347f | 0000 4d89 | 9738 0500 

  0x00007f340c60946c: ;   {runtime_call SafepointBlob}
  0x00007f340c60946c: 00e9 ee76 

  0x00007f340c609470: ;   {runtime_call C1 Runtime throw_null_pointer_exception_blob}
  0x00007f340c609470: 2a07 e869 

  0x00007f340c609474: ; ImmutableOopMap {rax=Oop [112]=Oop [128]=Oop [136]=Oop }
                      ;*athrow {reexecute=1 rethrow=0 return_oop=0}
                      ; - (reexecute) java.lang.invoke.Invokers::checkExactType@15 (line 531)
                      ; - java.lang.invoke.Invokers$Holder::invokeExact_MT@10
                      ; - java.lang.invoke.MethodHandle::invokeWithArguments@28 (line 735)
  0x00007f340c609474: cd37 0749 | 8b87 e005 | 0000 49c7 | 87e0 0500 | 0000 0000 | 0049 c787 | e805 0000 | 0000 0000 
  0x00007f340c609494: 4881 c4a0 | 0000 005d 

  0x00007f340c60949c: ;   {runtime_call C1 Runtime unwind_exception_blob}
  0x00007f340c60949c: e93f b337 | 07f4 f4f4 | f4f4 f4f4 
[Stub Code]
  0x00007f340c6094a8: ;   {other}
  0x00007f340c6094a8: 0f1f 4400 

  0x00007f340c6094ac: ;   {static_stub}
  0x00007f340c6094ac: 0048 bb00 | 0000 0000 

  0x00007f340c6094b4: ;   {runtime_call nmethod}
  0x00007f340c6094b4: 0000 00e9 | fbff ffff 

  0x00007f340c6094bc: ;   {static_stub}
  0x00007f340c6094bc: 48bb 0000 | 0000 0000 

  0x00007f340c6094c4: ;   {runtime_call nmethod}
  0x00007f340c6094c4: 0000 e9fb 

  0x00007f340c6094c8: ;   {static_stub}
  0x00007f340c6094c8: ffff ff48 | bb00 0000 | 0000 0000 

  0x00007f340c6094d4: ;   {runtime_call nmethod}
  0x00007f340c6094d4: 00e9 fbff 

  0x00007f340c6094d8: ;   {static_stub}
  0x00007f340c6094d8: ffff 48bb | 0000 0000 | 0000 0000 

  0x00007f340c6094e4: ;   {runtime_call nmethod}
  0x00007f340c6094e4: e9fb ffff 

  0x00007f340c6094e8: ;   {static_stub}
  0x00007f340c6094e8: ff48 bb00 | 0000 0000 

  0x00007f340c6094f0: ;   {runtime_call nmethod}
  0x00007f340c6094f0: 0000 00e9 | fbff ffff 

  0x00007f340c6094f8: ;   {static_stub}
  0x00007f340c6094f8: 48bb 0000 | 0000 0000 

  0x00007f340c609500: ;   {runtime_call nmethod}
  0x00007f340c609500: 0000 e9fb 

  0x00007f340c609504: ;   {static_stub}
  0x00007f340c609504: ffff ff48 | bb00 0000 | 0000 0000 

  0x00007f340c609510: ;   {runtime_call nmethod}
  0x00007f340c609510: 00e9 fbff 

  0x00007f340c609514: ;   {static_stub}
  0x00007f340c609514: ffff 48bb | 0000 0000 | 0000 0000 

  0x00007f340c609520: ;   {runtime_call nmethod}
  0x00007f340c609520: e9fb ffff 

  0x00007f340c609524: ;   {runtime_call C1 Runtime handle_exception_from_callee_blob}
  0x00007f340c609524: ffe8 b6f9 

  0x00007f340c609528: ;   {external_word}
  0x00007f340c609528: 3707 48bf | 28c7 ee2c | 347f 0000 | 4883 e4f0 

  0x00007f340c609538: ;   {runtime_call MacroAssembler::debug64(char*, long, long*)}
  0x00007f340c609538: e803 f933 

  0x00007f340c60953c: ;   {section_word}
  0x00007f340c60953c: 20f4 49ba | 3e95 600c | 347f 0000 

  0x00007f340c609548: ;   {runtime_call DeoptimizationBlob}
  0x00007f340c609548: 4152 e991 

  0x00007f340c60954c: ;   {section_word}
  0x00007f340c60954c: 5d2a 0749 | ba4f 9560 | 0c34 7f00 

  0x00007f340c609558: ;   {runtime_call DeoptimizationBlob}
  0x00007f340c609558: 0041 52e9 | 805d 2a07 
[/MachCode]


---------------  P R O C E S S  ---------------

Threads class SMR info:
_java_thread_list=0x00007f33785f9f10, length=17, elements={
0x00007f342402b810, 0x00007f34241052c0, 0x00007f3424106300, 0x00007f3424107830,
0x00007f3424109150, 0x00007f342410a9d0, 0x00007f342410c850, 0x00007f342410e240,
0x00007f3424146fa0, 0x00007f3424149590, 0x00007f3424286000, 0x00007f3424290d00,
0x00007f33a001da70, 0x00007f33a001ebd0, 0x00007f33a422e4f0, 0x00007f33a41e09d0,
0x00007f338405f130
}

Java Threads: ( => current thread )
=>0x00007f342402b810 JavaThread "main"                              [_thread_in_native, id=145915, stack(0x00007f342ba11000,0x00007f342bb11000) (1024K)]
  0x00007f34241052c0 JavaThread "Reference Handler"          daemon [_thread_blocked, id=145929, stack(0x00007f33e3dff000,0x00007f33e3eff000) (1024K)]
  0x00007f3424106300 JavaThread "Finalizer"                  daemon [_thread_blocked, id=145930, stack(0x00007f33e3f00000,0x00007f33e4000000) (1024K)]
  0x00007f3424107830 JavaThread "Signal Dispatcher"          daemon [_thread_blocked, id=145931, stack(0x00007f33e3bfd000,0x00007f33e3cfd000) (1024K)]
  0x00007f3424109150 JavaThread "Service Thread"             daemon [_thread_blocked, id=145932, stack(0x00007f33e3afd000,0x00007f33e3bfd000) (1024K)]
  0x00007f342410a9d0 JavaThread "Monitor Deflation Thread"   daemon [_thread_blocked, id=145934, stack(0x00007f33e39fd000,0x00007f33e3afd000) (1024K)]
  0x00007f342410c850 JavaThread "C2 CompilerThread0"         daemon [_thread_blocked, id=145935, stack(0x00007f33e38fd000,0x00007f33e39fd000) (1024K)]
  0x00007f342410e240 JavaThread "C1 CompilerThread0"         daemon [_thread_blocked, id=145936, stack(0x00007f33e37fd000,0x00007f33e38fd000) (1024K)]
  0x00007f3424146fa0 JavaThread "Notification Thread"        daemon [_thread_blocked, id=145938, stack(0x00007f33e35fd000,0x00007f33e36fd000) (1024K)]
  0x00007f3424149590 JavaThread "Common-Cleaner"             daemon [_thread_blocked, id=145939, stack(0x00007f33e34fd000,0x00007f33e35fd000) (1024K)]
  0x00007f3424286000 JavaThread "surefire-forkedjvm-stream-flusher" daemon [_thread_blocked, id=145943, stack(0x00007f33e30fd000,0x00007f33e31fd000) (1024K)]
  0x00007f3424290d00 JavaThread "surefire-forkedjvm-command-thread" daemon [_thread_in_native, id=145944, stack(0x00007f33e2ffd000,0x00007f33e30fd000) (1024K)]
  0x00007f33a001da70 JavaThread "C1 CompilerThread1"         daemon [_thread_blocked, id=146028, stack(0x00007f33e36fd000,0x00007f33e37fd000) (1024K)]
  0x00007f33a001ebd0 JavaThread "C1 CompilerThread2"         daemon [_thread_blocked, id=146029, stack(0x00007f33e31fd000,0x00007f33e32fd000) (1024K)]
  0x00007f33a422e4f0 JavaThread "C2 CompilerThread1"         daemon [_thread_blocked, id=146030, stack(0x00007f33e2efd000,0x00007f33e2ffd000) (1024K)]
  0x00007f33a41e09d0 JavaThread "C1 CompilerThread3"         daemon [_thread_blocked, id=146031, stack(0x00007f33e32fd000,0x00007f33e33fd000) (1024K)]
  0x00007f338405f130 JavaThread "C2 CompilerThread2"         daemon [_thread_in_native, id=146037, stack(0x00007f33e33fd000,0x00007f33e34fd000) (1024K)]
Total: 17

Other Threads:
  0x00007f34240fb340 VMThread "VM Thread"                           [id=145928, stack(0x00007f33f80f8000,0x00007f33f81f8000) (1024K)]
  0x00007f34240ea9a0 WatcherThread "VM Periodic Task Thread"        [id=145925, stack(0x00007f33e3cfe000,0x00007f33e3dfe000) (1024K)]
  0x00007f3424059d30 WorkerThread "GC Thread#0"                     [id=145916, stack(0x00007f3428951000,0x00007f3428a51000) (1024K)]
  0x00007f33dc00a060 WorkerThread "GC Thread#1"                     [id=145950, stack(0x00007f33e29fd000,0x00007f33e2afd000) (1024K)]
  0x00007f33dc00ab20 WorkerThread "GC Thread#2"                     [id=145951, stack(0x00007f33e28fc000,0x00007f33e29fc000) (1024K)]
  0x00007f33dc00b6f0 WorkerThread "GC Thread#3"                     [id=145952, stack(0x00007f33e27fb000,0x00007f33e28fb000) (1024K)]
  0x00007f33dc00c420 WorkerThread "GC Thread#4"                     [id=145953, stack(0x00007f33e26fa000,0x00007f33e27fa000) (1024K)]
  0x00007f33dc00d1a0 WorkerThread "GC Thread#5"                     [id=145954, stack(0x00007f33e25f9000,0x00007f33e26f9000) (1024K)]
  0x00007f33dc00df20 WorkerThread "GC Thread#6"                     [id=145955, stack(0x00007f33e24f8000,0x00007f33e25f8000) (1024K)]
  0x00007f33dc00eca0 WorkerThread "GC Thread#7"                     [id=145956, stack(0x00007f33e23f7000,0x00007f33e24f7000) (1024K)]
  0x00007f33dc00fa20 WorkerThread "GC Thread#8"                     [id=145957, stack(0x00007f33e22f6000,0x00007f33e23f6000) (1024K)]
  0x00007f33dc0107a0 WorkerThread "GC Thread#9"                     [id=145958, stack(0x00007f33e21f5000,0x00007f33e22f5000) (1024K)]
  0x00007f33dc011520 WorkerThread "GC Thread#10"                    [id=145959, stack(0x00007f33e20f4000,0x00007f33e21f4000) (1024K)]
  0x00007f33dc0122a0 WorkerThread "GC Thread#11"                    [id=145960, stack(0x00007f33e1ff3000,0x00007f33e20f3000) (1024K)]
  0x00007f33dc013020 WorkerThread "GC Thread#12"                    [id=145961, stack(0x00007f33e1ef2000,0x00007f33e1ff2000) (1024K)]
  0x00007f3424072cf0 ConcurrentGCThread "G1 Main Marker"            [id=145917, stack(0x00007f3428850000,0x00007f3428950000) (1024K)]
  0x00007f3424073ec0 WorkerThread "G1 Conc#0"                       [id=145918, stack(0x00007f342874f000,0x00007f342884f000) (1024K)]
  0x00007f33ec000cd0 WorkerThread "G1 Conc#1"                       [id=146035, stack(0x00007f33e1df1000,0x00007f33e1ef1000) (1024K)]
  0x00007f33ec001840 WorkerThread "G1 Conc#2"                       [id=146036, stack(0x00007f33e1cf0000,0x00007f33e1df0000) (1024K)]
  0x00007f34240da530 ConcurrentGCThread "G1 Refine#0"               [id=145919, stack(0x00007f33f82fa000,0x00007f33f83fa000) (1024K)]
  0x00007f34240db720 ConcurrentGCThread "G1 Service"                [id=145920, stack(0x00007f33f81f9000,0x00007f33f82f9000) (1024K)]
Total: 21

Threads with active compile tasks:
C2 CompilerThread2  15925 9080       4       com.dylibso.chicory.cranelift.CraneliftMachineFuncGroup_0::func_4051 (6118 bytes)
Total: 1

VM state: not at safepoint (normal execution)

VM Mutex/Monitor currently owned by a thread: None

Heap address: 0x0000000418000000, size: 16000 MB, Compressed Oops mode: Zero based, Oop shift amount: 3

CDS archive(s) mapped at: [0x000000002b000000-0x000000002bd8c000-0x000000002bd8c000), size 14204928, SharedBaseAddress: 0x000000002b000000, ArchiveRelocationMode: 1.
Compressed class space mapped at: 0x000000002c000000-0x000000006c000000, reserved size: 1073741824
UseCompressedClassPointers 1, UseCompactObjectHeaders 0
Narrow klass pointer bits 32, Max shift 3
Narrow klass base: 0x000000002b000000, Narrow klass shift: 0
Encoding Range: [0x000000002b000000 - 0x000000012b000000), (4294967296 bytes)
Klass Range:    [0x000000002b001000 - 0x000000006c000000), (1090514944 bytes)
Klass ID Range:  [4096 - 1090519033) (1090514937)
Protection zone: [0x000000002b000000 - 0x000000002b001000), (4096 bytes)

GC Precious Log:
 CardTable entry size: 512
 Card Set container configuration: InlinePtr #cards 4 size 8 Array Of Cards #cards 64 size 144 Howl #buckets 8 coarsen threshold 14745 Howl Bitmap #cards 2048 size 272 coarsen threshold 1843 Card regions per heap region 1 cards per card region 16384
 CPUs: 16 total, 16 available
 Memory: 63992M
 Large Page Support: Disabled
 NUMA Support: Disabled
 Compressed Oops: Enabled (Zero based)
 Heap Region Size: 8M
 Heap Min Capacity: 8M
 Heap Initial Capacity: 1000M
 Heap Max Capacity: 16000M
 Pre-touch: Disabled
 Parallel Workers: 13
 Concurrent Workers: 3
 Concurrent Refinement Workers: 13
 Periodic GC: Disabled

Heap:
 garbage-first heap   total reserved 16384000K, committed 245760K, used 75387K [0x0000000418000000, 0x0000000800000000)
  region size 8192K, 4 young (32768K), 2 survivors (16384K)

Heap Regions: E=young(eden), S=young(survivor), O=old, HS=humongous(starts), HC=humongous(continues), CS=collection set, F=free, TAMS=top-at-mark-start, PB=parsable bottom
|   0|0x0000000418000000, 0x00000004187a5368, 0x0000000418800000| 95%| O|  |TAMS 0x0000000418000000| PB 0x0000000418000000| Untracked |  0
|   1|0x0000000418800000, 0x0000000419000000, 0x0000000419000000|100%| O|  |TAMS 0x0000000418800000| PB 0x0000000418800000| Untracked |  0
|   2|0x0000000419000000, 0x0000000419800000, 0x0000000419800000|100%| O|  |TAMS 0x0000000419000000| PB 0x0000000419000000| Untracked |  0
|   3|0x0000000419800000, 0x000000041a000000, 0x000000041a000000|100%| O|  |TAMS 0x0000000419800000| PB 0x0000000419800000| Untracked |  0
|   4|0x000000041a000000, 0x000000041a800000, 0x000000041a800000|100%| O|  |TAMS 0x000000041a000000| PB 0x000000041a000000| Untracked |  0
|   5|0x000000041a800000, 0x000000041b000000, 0x000000041b000000|100%| O|  |TAMS 0x000000041a800000| PB 0x000000041a800000| Untracked |  0
|   6|0x000000041b000000, 0x000000041b4be100, 0x000000041b800000| 59%| O|  |TAMS 0x000000041b000000| PB 0x000000041b000000| Untracked |  0
|   7|0x000000041b800000, 0x000000041b9176e0, 0x000000041c000000| 13%| O|  |TAMS 0x000000041b800000| PB 0x000000041b800000| Untracked |  0
|   8|0x000000041c000000, 0x000000041c000000, 0x000000041c800000|  0%| F|  |TAMS 0x000000041c000000| PB 0x000000041c000000| Untracked |  0
|   9|0x000000041c800000, 0x000000041c800000, 0x000000041d000000|  0%| F|  |TAMS 0x000000041c800000| PB 0x000000041c800000| Untracked |  0
|  10|0x000000041d000000, 0x000000041d000000, 0x000000041d800000|  0%| F|  |TAMS 0x000000041d000000| PB 0x000000041d000000| Untracked |  0
|  11|0x000000041d800000, 0x000000041d800000, 0x000000041e000000|  0%| F|  |TAMS 0x000000041d800000| PB 0x000000041d800000| Untracked |  0
|  12|0x000000041e000000, 0x000000041e424350, 0x000000041e800000| 51%| S|CS|TAMS 0x000000041e000000| PB 0x000000041e000000| Complete |  0
|  13|0x000000041e800000, 0x000000041f000000, 0x000000041f000000|100%| S|CS|TAMS 0x000000041e800000| PB 0x000000041e800000| Complete |  0
|  14|0x000000041f000000, 0x000000041f000000, 0x000000041f800000|  0%| F|  |TAMS 0x000000041f000000| PB 0x000000041f000000| Untracked |  0
|  15|0x000000041f800000, 0x000000041f800000, 0x0000000420000000|  0%| F|  |TAMS 0x000000041f800000| PB 0x000000041f800000| Untracked |  0
|  16|0x0000000420000000, 0x0000000420000000, 0x0000000420800000|  0%| F|  |TAMS 0x0000000420000000| PB 0x0000000420000000| Untracked |  0
|  17|0x0000000420800000, 0x0000000420800000, 0x0000000421000000|  0%| F|  |TAMS 0x0000000420800000| PB 0x0000000420800000| Untracked |  0
|  18|0x0000000421000000, 0x0000000421000000, 0x0000000421800000|  0%| F|  |TAMS 0x0000000421000000| PB 0x0000000421000000| Untracked |  0
|  19|0x0000000421800000, 0x0000000421800000, 0x0000000422000000|  0%| F|  |TAMS 0x0000000421800000| PB 0x0000000421800000| Untracked |  0
|  20|0x0000000422000000, 0x0000000422000000, 0x0000000422800000|  0%| F|  |TAMS 0x0000000422000000| PB 0x0000000422000000| Untracked |  0
|  21|0x0000000422800000, 0x0000000422800000, 0x0000000423000000|  0%| F|  |TAMS 0x0000000422800000| PB 0x0000000422800000| Untracked |  0
|  22|0x0000000423000000, 0x0000000423000000, 0x0000000423800000|  0%| F|  |TAMS 0x0000000423000000| PB 0x0000000423000000| Untracked |  0
|  23|0x0000000423800000, 0x0000000423800000, 0x0000000424000000|  0%| F|  |TAMS 0x0000000423800000| PB 0x0000000423800000| Untracked |  0
|  24|0x0000000424000000, 0x0000000424000000, 0x0000000424800000|  0%| F|  |TAMS 0x0000000424000000| PB 0x0000000424000000| Untracked |  0
|  25|0x0000000424800000, 0x0000000424800000, 0x0000000425000000|  0%| F|  |TAMS 0x0000000424800000| PB 0x0000000424800000| Untracked |  0
|  26|0x0000000425000000, 0x0000000425000000, 0x0000000425800000|  0%| F|  |TAMS 0x0000000425000000| PB 0x0000000425000000| Untracked |  0
|  27|0x0000000425800000, 0x0000000425800000, 0x0000000426000000|  0%| F|  |TAMS 0x0000000425800000| PB 0x0000000425800000| Untracked |  0
| 218|0x0000000485000000, 0x000000048528b598, 0x0000000485800000| 31%| E|  |TAMS 0x0000000485000000| PB 0x0000000485000000| Complete |  0
|1999|0x00000007ff800000, 0x0000000800000000, 0x0000000800000000|100%| E|CS|TAMS 0x00000007ff800000| PB 0x00000007ff800000| Complete |  0

Card table byte_map: [0x00007f340a4c0000,0x00007f340c400000] _byte_map_base: 0x00007f3408400000

Marking Bits: (CMBitMap*) 0x00007f342405aa80
 Bits: [0x00007f33faa00000, 0x00007f340a400000)

Polling page: 0x00007f342d5cc000

Metaspace:
Metaspace        used 35846K, committed 36800K, reserved 1114112K
 class space     used 2275K, committed 2688K, reserved 1048576K

Usage:
  Non-class:     32.78 MB used.
      Class:      2.22 MB used.
       Both:     35.01 MB used.

Virtual space:
  Non-class space:       64.00 MB reserved,      33.31 MB ( 52%) committed,  1 nodes.
      Class space:        1.00 GB reserved,       2.62 MB ( <1%) committed,  1 nodes.
             Both:        1.06 GB reserved,      35.94 MB (  3%) committed. 

Chunk freelists:
   Non-Class:  14.23 MB
       Class:  13.39 MB
        Both:  27.62 MB

MaxMetaspaceSize: unlimited
CompressedClassSpaceSize: 1.00 GB
Initial GC threshold: 21.00 MB
Current GC threshold: 59.00 MB
CDS: on
 - commit_granule_bytes: 65536.
 - commit_granule_words: 8192.
 - virtual_space_node_default_size: 8388608.
 - enlarge_chunks_in_place: 1.
UseCompressedClassPointers 1, UseCompactObjectHeaders 0
Narrow klass pointer bits 32, Max shift 3
Narrow klass base: 0x000000002b000000, Narrow klass shift: 0
Encoding Range: [0x000000002b000000 - 0x000000012b000000), (4294967296 bytes)
Klass Range:    [0x000000002b001000 - 0x000000006c000000), (1090514944 bytes)
Klass ID Range:  [4096 - 1090519033) (1090514937)
Protection zone: [0x000000002b000000 - 0x000000002b001000), (4096 bytes)


Internal statistics:

num_allocs_failed_limit: 26.
num_arena_births: 1358.
num_arena_deaths: 0.
num_vsnodes_births: 2.
num_vsnodes_deaths: 0.
num_space_committed: 558.
num_space_uncommitted: 0.
num_chunks_returned_to_freelist: 26.
num_chunks_taken_from_freelist: 2631.
num_chunk_merges: 26.
num_chunk_splits: 1792.
num_chunks_enlarged: 1145.
num_inconsistent_stats: 0.

CodeHeap 'non-profiled nmethods': size=119172Kb used=7627Kb max_used=7674Kb free=111544Kb
 bounds [0x00007f3413f9f000, 0x00007f341472f000, 0x00007f341b400000]
CodeHeap 'profiled nmethods': size=119164Kb used=29715Kb max_used=29753Kb free=89448Kb
 bounds [0x00007f340c400000, 0x00007f340e230000, 0x00007f341385f000]
CodeHeap 'non-nmethods': size=7424Kb used=4261Kb max_used=4353Kb free=3163Kb
 bounds [0x00007f341385f000, 0x00007f3413cbf000, 0x00007f3413f9f000]
CodeCache: size=245760Kb, used=41603Kb, max_used=41780Kb, free=204155Kb
 total_blobs=9826, nmethods=8181, adapters=630, full_count=0
Compilation: enabled, stopped_count=0, restarted_count=0

Compilation events (20 events):
Event: 15.820 Thread 0x00007f33a001ebd0 nmethod 9114 0x00007f340c58e808 code [0x00007f340c58e900, 0x00007f340c58ec38]
Event: 15.821 Thread 0x00007f342410e240 9116       3       java.util.Set::of (9 bytes)
Event: 15.821 Thread 0x00007f342410e240 nmethod 9116 0x00007f340c415788 code [0x00007f340c415880, 0x00007f340c415dc0]
Event: 15.821 Thread 0x00007f33a001da70 nmethod 9115 0x00007f340c460288 code [0x00007f340c460380, 0x00007f340c4628e8]
Event: 15.824 Thread 0x00007f33a001ebd0 9120       3       com.dylibso.chicory.runtime.ByteBufferMemory::growImpl (64 bytes)
Event: 15.824 Thread 0x00007f33a001da70 9118   !   3       com.dylibso.chicory.runtime.ByteBufferMemory::grow (33 bytes)
Event: 15.825 Thread 0x00007f342410e240 9119       3       com.dylibso.chicory.runtime.ByteBufferMemory::shared (8 bytes)
Event: 15.825 Thread 0x00007f33a41e09d0 9121       3       com.dylibso.chicory.runtime.ByteBufferMemory::maximumPages (14 bytes)
Event: 15.825 Thread 0x00007f342410e240 nmethod 9119 0x00007f340c4df608 code [0x00007f340c4df700, 0x00007f340c4df8a8]
Event: 15.825 Thread 0x00007f33a41e09d0 nmethod 9121 0x00007f340c49a908 code [0x00007f340c49aa00, 0x00007f340c49ac68]
Event: 15.825 Thread 0x00007f33a001da70 nmethod 9118 0x00007f340c646f08 code [0x00007f340c647000, 0x00007f340c6474b0]
Event: 15.825 Thread 0x00007f33a001ebd0 nmethod 9120 0x00007f340c590f08 code [0x00007f340c591000, 0x00007f340c5916f8]
Event: 15.838 Thread 0x00007f33a001ebd0 9122       3       com.dylibso.chicory.wabt.Wat2WasmModuleMachineFuncGroup_0::func_1238 (250 bytes)
Event: 15.838 Thread 0x00007f33a001da70 9123       3       com.dylibso.chicory.wabt.Wat2WasmModuleMachineFuncGroup_0::func_39 (280 bytes)
Event: 15.840 Thread 0x00007f33a001ebd0 nmethod 9122 0x00007f340c650288 code [0x00007f340c650380, 0x00007f340c652980]
Event: 15.840 Thread 0x00007f33a001da70 nmethod 9123 0x00007f340c804e08 code [0x00007f340c804f00, 0x00007f340c807f48]
Event: 15.865 Thread 0x00007f33a001da70 9127       3       java.lang.Class::arrayContentsEq (70 bytes)
Event: 15.865 Thread 0x00007f33a001ebd0 9126       3       java.lang.Class::getDeclaredMethod (42 bytes)
Event: 15.866 Thread 0x00007f33a001da70 nmethod 9127 0x00007f340c646408 code [0x00007f340c646500, 0x00007f340c6468f0]
Event: 15.866 Thread 0x00007f33a001ebd0 nmethod 9126 0x00007f340c4ea808 code [0x00007f340c4ea900, 0x00007f340c4eb050]

GC Heap Usage History (20 events):
Event: 11.670 {heap Before GC invocations=25 (full 0):
 garbage-first heap   total reserved 16384000K, committed 294912K, used 221651K [0x0000000418000000, 0x0000000800000000)
  region size 8192K, 21 young (172032K), 1 survivors (8192K)
}
Event: 11.672 {heap After GC invocations=26 (full 0):
 garbage-first heap   total reserved 16384000K, committed 294912K, used 58231K [0x0000000418000000, 0x0000000800000000)
  region size 8192K, 1 young (8192K), 1 survivors (8192K)
}
Event: 12.205 {heap Before GC invocations=26 (full 0):
 garbage-first heap   total reserved 16384000K, committed 294912K, used 222071K [0x0000000418000000, 0x0000000800000000)
  region size 8192K, 21 young (172032K), 1 survivors (8192K)
}
Event: 12.208 {heap After GC invocations=27 (full 0):
 garbage-first heap   total reserved 16384000K, committed 294912K, used 58755K [0x0000000418000000, 0x0000000800000000)
  region size 8192K, 1 young (8192K), 1 survivors (8192K)
}
Event: 12.674 {heap Before GC invocations=27 (full 0):
 garbage-first heap   total reserved 16384000K, committed 294912K, used 222595K [0x0000000418000000, 0x0000000800000000)
  region size 8192K, 21 young (172032K), 1 survivors (8192K)
}
Event: 12.679 {heap After GC invocations=28 (full 0):
 garbage-first heap   total reserved 16384000K, committed 294912K, used 60656K [0x0000000418000000, 0x0000000800000000)
  region size 8192K, 1 young (8192K), 1 survivors (8192K)
}
Event: 13.084 {heap Before GC invocations=28 (full 0):
 garbage-first heap   total reserved 16384000K, committed 294912K, used 224496K [0x0000000418000000, 0x0000000800000000)
  region size 8192K, 21 young (172032K), 1 survivors (8192K)
}
Event: 13.092 {heap After GC invocations=29 (full 0):
 garbage-first heap   total reserved 16384000K, committed 294912K, used 62947K [0x0000000418000000, 0x0000000800000000)
  region size 8192K, 2 young (16384K), 2 survivors (16384K)
}
Event: 13.550 {heap Before GC invocations=29 (full 0):
 garbage-first heap   total reserved 16384000K, committed 294912K, used 218595K [0x0000000418000000, 0x0000000800000000)
  region size 8192K, 21 young (172032K), 2 survivors (16384K)
}
Event: 13.556 {heap After GC invocations=30 (full 0):
 garbage-first heap   total reserved 16384000K, committed 294912K, used 64150K [0x0000000418000000, 0x0000000800000000)
  region size 8192K, 2 young (16384K), 2 survivors (16384K)
}
Event: 13.985 {heap Before GC invocations=30 (full 0):
 garbage-first heap   total reserved 16384000K, committed 294912K, used 219798K [0x0000000418000000, 0x0000000800000000)
  region size 8192K, 21 young (172032K), 2 survivors (16384K)
}
Event: 13.990 {heap After GC invocations=31 (full 0):
 garbage-first heap   total reserved 16384000K, committed 294912K, used 64706K [0x0000000418000000, 0x0000000800000000)
  region size 8192K, 2 young (16384K), 2 survivors (16384K)
}
Event: 14.439 {heap Before GC invocations=31 (full 0):
 garbage-first heap   total reserved 16384000K, committed 294912K, used 220354K [0x0000000418000000, 0x0000000800000000)
  region size 8192K, 21 young (172032K), 2 survivors (16384K)
}
Event: 14.446 {heap After GC invocations=32 (full 0):
 garbage-first heap   total reserved 16384000K, committed 360448K, used 66719K [0x0000000418000000, 0x0000000800000000)
  region size 8192K, 2 young (16384K), 2 survivors (16384K)
}
Event: 14.920 {heap Before GC invocations=32 (full 0):
 garbage-first heap   total reserved 16384000K, committed 360448K, used 197791K [0x0000000418000000, 0x0000000800000000)
  region size 8192K, 19 young (155648K), 2 survivors (16384K)
}
Event: 14.926 {heap After GC invocations=33 (full 0):
 garbage-first heap   total reserved 16384000K, committed 360448K, used 66216K [0x0000000418000000, 0x0000000800000000)
  region size 8192K, 2 young (16384K), 2 survivors (16384K)
}
Event: 15.416 {heap Before GC invocations=34 (full 0):
 garbage-first heap   total reserved 16384000K, committed 245760K, used 189096K [0x0000000418000000, 0x0000000800000000)
  region size 8192K, 18 young (147456K), 2 survivors (16384K)
}
Event: 15.422 {heap After GC invocations=35 (full 0):
 garbage-first heap   total reserved 16384000K, committed 245760K, used 67565K [0x0000000418000000, 0x0000000800000000)
  region size 8192K, 2 young (16384K), 2 survivors (16384K)
}
Event: 15.855 {heap Before GC invocations=35 (full 0):
 garbage-first heap   total reserved 16384000K, committed 245760K, used 190445K [0x0000000418000000, 0x0000000800000000)
  region size 8192K, 18 young (147456K), 2 survivors (16384K)
}
Event: 15.861 {heap After GC invocations=36 (full 0):
 garbage-first heap   total reserved 16384000K, committed 245760K, used 67195K [0x0000000418000000, 0x0000000800000000)
  region size 8192K, 2 young (16384K), 2 survivors (16384K)
}

Metaspace Usage History (20 events):
Event: 11.670 {metaspace Before GC invocations=25 (full 0):
 Metaspace       used 32919K, committed 33536K, reserved 1114112K
  class space    used 1775K, committed 2048K, reserved 1048576K
}
Event: 11.672 {metaspace After GC invocations=26 (full 0):
 Metaspace       used 32919K, committed 33536K, reserved 1114112K
  class space    used 1775K, committed 2048K, reserved 1048576K
}
Event: 12.205 {metaspace Before GC invocations=26 (full 0):
 Metaspace       used 33230K, committed 33856K, reserved 1114112K
  class space    used 1806K, committed 2112K, reserved 1048576K
}
Event: 12.208 {metaspace After GC invocations=27 (full 0):
 Metaspace       used 33230K, committed 33856K, reserved 1114112K
  class space    used 1806K, committed 2112K, reserved 1048576K
}
Event: 12.674 {metaspace Before GC invocations=27 (full 0):
 Metaspace       used 33600K, committed 34304K, reserved 1114112K
  class space    used 1847K, committed 2176K, reserved 1048576K
}
Event: 12.679 {metaspace After GC invocations=28 (full 0):
 Metaspace       used 33600K, committed 34304K, reserved 1114112K
  class space    used 1847K, committed 2176K, reserved 1048576K
}
Event: 13.084 {metaspace Before GC invocations=28 (full 0):
 Metaspace       used 33895K, committed 34624K, reserved 1114112K
  class space    used 1859K, committed 2176K, reserved 1048576K
}
Event: 13.092 {metaspace After GC invocations=29 (full 0):
 Metaspace       used 33895K, committed 34624K, reserved 1114112K
  class space    used 1859K, committed 2176K, reserved 1048576K
}
Event: 13.550 {metaspace Before GC invocations=29 (full 0):
 Metaspace       used 34144K, committed 34880K, reserved 1114112K
  class space    used 1886K, committed 2240K, reserved 1048576K
}
Event: 13.556 {metaspace After GC invocations=30 (full 0):
 Metaspace       used 34144K, committed 34880K, reserved 1114112K
  class space    used 1886K, committed 2240K, reserved 1048576K
}
Event: 13.985 {metaspace Before GC invocations=30 (full 0):
 Metaspace       used 34377K, committed 35136K, reserved 1114112K
  class space    used 1949K, committed 2304K, reserved 1048576K
}
Event: 13.990 {metaspace After GC invocations=31 (full 0):
 Metaspace       used 34377K, committed 35136K, reserved 1114112K
  class space    used 1949K, committed 2304K, reserved 1048576K
}
Event: 14.439 {metaspace Before GC invocations=31 (full 0):
 Metaspace       used 35030K, committed 35840K, reserved 1114112K
  class space    used 2074K, committed 2432K, reserved 1048576K
}
Event: 14.446 {metaspace After GC invocations=32 (full 0):
 Metaspace       used 35030K, committed 35840K, reserved 1114112K
  class space    used 2074K, committed 2432K, reserved 1048576K
}
Event: 14.920 {metaspace Before GC invocations=32 (full 0):
 Metaspace       used 35168K, committed 36096K, reserved 1114112K
  class space    used 2097K, committed 2496K, reserved 1048576K
}
Event: 14.926 {metaspace After GC invocations=33 (full 0):
 Metaspace       used 35168K, committed 36096K, reserved 1114112K
  class space    used 2097K, committed 2496K, reserved 1048576K
}
Event: 15.416 {metaspace Before GC invocations=34 (full 0):
 Metaspace       used 35637K, committed 36544K, reserved 1114112K
  class space    used 2226K, committed 2624K, reserved 1048576K
}
Event: 15.422 {metaspace After GC invocations=35 (full 0):
 Metaspace       used 35637K, committed 36544K, reserved 1114112K
  class space    used 2226K, committed 2624K, reserved 1048576K
}
Event: 15.855 {metaspace Before GC invocations=35 (full 0):
 Metaspace       used 35837K, committed 36800K, reserved 1114112K
  class space    used 2272K, committed 2688K, reserved 1048576K
}
Event: 15.861 {metaspace After GC invocations=36 (full 0):
 Metaspace       used 35837K, committed 36800K, reserved 1114112K
  class space    used 2272K, committed 2688K, reserved 1048576K
}

Dll operation events (9 events):
Event: 0.002 Loaded shared library /home/andreatp/.sdkman/candidates/java/25-tem/lib/libjava.so
Event: 0.017 Loaded shared library /home/andreatp/.sdkman/candidates/java/25-tem/lib/libsimdsort.so
Event: 0.026 Loaded shared library /home/andreatp/.sdkman/candidates/java/25-tem/lib/libnio.so
Event: 0.028 Loaded shared library /home/andreatp/.sdkman/candidates/java/25-tem/lib/libzip.so
Event: 0.060 Loaded shared library /home/andreatp/.sdkman/candidates/java/25-tem/lib/libmanagement.so
Event: 0.061 Loaded shared library /home/andreatp/.sdkman/candidates/java/25-tem/lib/libmanagement_ext.so
Event: 0.076 Loaded shared library /home/andreatp/.sdkman/candidates/java/25-tem/lib/libjimage.so
Event: 5.659 Loaded shared library /home/andreatp/.sdkman/candidates/java/25-tem/lib/libnet.so
Event: 6.538 Loaded shared library /home/andreatp/.sdkman/candidates/java/25-tem/lib/libsyslookup.so

Deoptimization events (20 events):
Event: 15.316 Thread 0x00007f342402b810 Uncommon trap: trap_request=0xffffff45 fr.pc=0x00007f34141d1898 relative=0x0000000000000118
Event: 15.316 Thread 0x00007f342402b810 Uncommon trap: reason=unstable_if action=reinterpret pc=0x00007f34141d1898 method=com.dylibso.chicory.wasm.Validator.getLocalType(I)Lcom/dylibso/chicory/wasm/types/ValType; @ 10 c2
Event: 15.316 Thread 0x00007f342402b810 DEOPT PACKING pc=0x00007f34141d1898 sp=0x00007f342bb0d6d0
Event: 15.316 Thread 0x00007f342402b810 DEOPT UNPACKING pc=0x00007f34139910f9 sp=0x00007f342bb0d688 mode 2
Event: 15.525 Thread 0x00007f342402b810 Uncommon trap: trap_request=0xffffffde fr.pc=0x00007f34144a3ba8 relative=0x0000000000001628
Event: 15.525 Thread 0x00007f342402b810 Uncommon trap: reason=class_check action=maybe_recompile pc=0x00007f34144a3ba8 method=com.dylibso.chicory.runtime.Instance.initialize(Z)Lcom/dylibso/chicory/runtime/Instance; @ 173 c2
Event: 15.525 Thread 0x00007f342402b810 DEOPT PACKING pc=0x00007f34144a3ba8 sp=0x00007f342bb0dd80
Event: 15.525 Thread 0x00007f342402b810 DEOPT UNPACKING pc=0x00007f34139910f9 sp=0x00007f342bb0dd20 mode 2
Event: 15.546 Thread 0x00007f342402b810 Uncommon trap: trap_request=0xffffff45 fr.pc=0x00007f34141d7200 relative=0x0000000000000180
Event: 15.546 Thread 0x00007f342402b810 Uncommon trap: reason=unstable_if action=reinterpret pc=0x00007f34141d7200 method=com.dylibso.chicory.wasm.Validator.setLocal(I)V @ 10 c2
Event: 15.546 Thread 0x00007f342402b810 DEOPT PACKING pc=0x00007f34141d7200 sp=0x00007f342bb0d6d0
Event: 15.546 Thread 0x00007f342402b810 DEOPT UNPACKING pc=0x00007f34139910f9 sp=0x00007f342bb0d698 mode 2
Event: 15.768 Thread 0x00007f342402b810 Uncommon trap: trap_request=0xffffff45 fr.pc=0x00007f34146d423c relative=0x0000000000003f9c
Event: 15.768 Thread 0x00007f342402b810 Uncommon trap: reason=unstable_if action=reinterpret pc=0x00007f34146d423c method=com.dylibso.chicory.cranelift.CraneliftMachineFuncGroup_0.func_3874(IIILcom/dylibso/chicory/runtime/Memory;Lcom/dylibso/chicory/runtime/Instance;)V @ 248 c2
Event: 15.769 Thread 0x00007f342402b810 DEOPT PACKING pc=0x00007f34146d423c sp=0x00007f342bb0c0a0
Event: 15.769 Thread 0x00007f342402b810 DEOPT UNPACKING pc=0x00007f34139910f9 sp=0x00007f342bb0c0c8 mode 2
Event: 15.807 Thread 0x00007f342402b810 Uncommon trap: trap_request=0xffffffde fr.pc=0x00007f34144a3ba8 relative=0x0000000000001628
Event: 15.807 Thread 0x00007f342402b810 Uncommon trap: reason=class_check action=maybe_recompile pc=0x00007f34144a3ba8 method=com.dylibso.chicory.runtime.Instance.initialize(Z)Lcom/dylibso/chicory/runtime/Instance; @ 173 c2
Event: 15.807 Thread 0x00007f342402b810 DEOPT PACKING pc=0x00007f34144a3ba8 sp=0x00007f342bb0dd80
Event: 15.807 Thread 0x00007f342402b810 DEOPT UNPACKING pc=0x00007f34139910f9 sp=0x00007f342bb0dd20 mode 2

Classes loaded (20 events):
Event: 7.809 Loading class java/lang/StackTraceElement$HashedModules
Event: 7.809 Loading class java/lang/StackTraceElement$HashedModules done
Event: 7.810 Loading class java/util/AbstractList$RandomAccessSubList
Event: 7.810 Loading class java/util/AbstractList$SubList
Event: 7.810 Loading class java/util/AbstractList$SubList done
Event: 7.810 Loading class java/util/AbstractList$RandomAccessSubList done
Event: 7.810 Loading class java/util/AbstractList$SubList$1
Event: 7.810 Loading class java/util/AbstractList$SubList$1 done
Event: 7.813 Loading class java/io/PrintWriter
Event: 7.813 Loading class java/io/PrintWriter done
Event: 7.813 Loading class java/lang/Throwable$WrappedPrintWriter
Event: 7.813 Loading class java/lang/Throwable$PrintStreamOrWriter
Event: 7.813 Loading class java/lang/Throwable$PrintStreamOrWriter done
Event: 7.813 Loading class java/lang/Throwable$WrappedPrintWriter done
Event: 15.243 Loading class java/lang/invoke/BoundMethodHandle$Species_LLLLLLLL
Event: 15.243 Loading class java/lang/invoke/BoundMethodHandle$Species_LLLLLLLL done
Event: 15.244 Loading class java/lang/invoke/BoundMethodHandle$Species_LLLLLLLLL
Event: 15.244 Loading class java/lang/invoke/BoundMethodHandle$Species_LLLLLLLLL done
Event: 15.247 Loading class java/lang/invoke/BoundMethodHandle$Species_LLLLLLLLLL
Event: 15.247 Loading class java/lang/invoke/BoundMethodHandle$Species_LLLLLLLLLL done

Classes unloaded (0 events):
No events

Classes redefined (0 events):
No events

Internal exceptions (20 events):
Event: 14.847 Thread 0x00007f342402b810 Exception <a 'java/lang/NoSuchMethodError'{0x0000000427129368}: 'void java.lang.invoke.DirectMethodHandle$Holder.invokeSpecial(java.lang.Object, java.lang.Object, long, long)'> (0x0000000427129368) 
thrown [src/hotspot/share/interpreter/linkResolver.cpp, line 803]
Event: 14.847 Thread 0x00007f342402b810 Exception <a 'java/lang/NoSuchMethodError'{0x00000004271318b0}: 'void java.lang.invoke.Invokers$Holder.exactInvoker(java.lang.Object, java.lang.Object, long, long)'> (0x00000004271318b0) 
thrown [src/hotspot/share/interpreter/linkResolver.cpp, line 803]
Event: 14.847 Thread 0x00007f342402b810 Exception <a 'java/lang/NoSuchMethodError'{0x000000042713a4d0}: 'void java.lang.invoke.DelegatingMethodHandle$Holder.delegate(java.lang.Object, java.lang.Object, long, long)'> (0x000000042713a4d0) 
thrown [src/hotspot/share/interpreter/linkResolver.cpp, line 803]
Event: 14.849 Thread 0x00007f342402b810 Exception <a 'java/lang/ArrayIndexOutOfBoundsException'{0x00000004271ac660}: Index 1 out of bounds for length 1> (0x00000004271ac660) 
thrown [src/hotspot/share/interpreter/interpreterRuntime.cpp, line 420]
Event: 14.849 Thread 0x00007f342402b810 Exception <a 'java/lang/ArrayIndexOutOfBoundsException'{0x00000004271c1480}: Index 1 out of bounds for length 1> (0x00000004271c1480) 
thrown [src/hotspot/share/interpreter/interpreterRuntime.cpp, line 420]
Event: 14.850 Thread 0x00007f342402b810 Exception <a 'java/lang/ArrayIndexOutOfBoundsException'{0x00000004271d5c00}: Index 1 out of bounds for length 1> (0x00000004271d5c00) 
thrown [src/hotspot/share/interpreter/interpreterRuntime.cpp, line 420]
Event: 14.850 Thread 0x00007f342402b810 Exception <a 'java/lang/ArrayIndexOutOfBoundsException'{0x00000004271ea380}: Index 1 out of bounds for length 1> (0x00000004271ea380) 
thrown [src/hotspot/share/interpreter/interpreterRuntime.cpp, line 420]
Event: 14.860 Thread 0x00007f342402b810 Implicit null exception at 0x00007f3414689461 to 0x00007f341468d3f8
Event: 15.237 Thread 0x00007f342402b810 Exception <a 'java/lang/NoSuchMethodError'{0x0000000420139c78}: 'void java.lang.invoke.DirectMethodHandle$Holder.invokeStaticInit(java.lang.Object, java.lang.Object, java.lang.Object, java.lang.Object, java.lang.Object, long, float, double, int, int)'> (0x0000000420139c78) 
thrown [src/hotspot/share/interpreter/linkResolver.cpp, line 803]
Event: 15.237 Thread 0x00007f342402b810 Exception <a 'java/lang/NoSuchMethodError'{0x000000042014ab78}: 'void java.lang.invoke.DelegatingMethodHandle$Holder.reinvoke_L(java.lang.Object, java.lang.Object, java.lang.Object, java.lang.Object, java.lang.Object, long, float, double, int, int)'> (0x000000042014ab78) 
thrown [src/hotspot/share/interpreter/linkResolver.cpp, line 803]
Event: 15.239 Thread 0x00007f342402b810 Exception <a 'java/lang/NoSuchMethodError'{0x00000004201967e0}: 'double java.lang.invoke.DirectMethodHandle$Holder.invokeStaticInit(java.lang.Object, java.lang.Object, java.lang.Object, java.lang.Object, java.lang.Object, long, float, double, int, int)'> (0x00000004201967e0) 
thrown [src/hotspot/share/interpreter/linkResolver.cpp, line 803]
Event: 15.239 Thread 0x00007f342402b810 Exception <a 'java/lang/NoSuchMethodError'{0x00000004201a76e0}: 'double java.lang.invoke.DelegatingMethodHandle$Holder.reinvoke_L(java.lang.Object, java.lang.Object, java.lang.Object, java.lang.Object, java.lang.Object, long, float, double, int, int)'> (0x00000004201a76e0) 
thrown [src/hotspot/share/interpreter/linkResolver.cpp, line 803]
Event: 15.242 Thread 0x00007f342402b810 Implicit null exception at 0x00007f3414598f69 to 0x00007f341459aaa0
Event: 15.242 Thread 0x00007f342402b810 Exception <a 'java/lang/NoSuchMethodError'{0x000000042029d748}: 'java.lang.Object java.lang.invoke.Invokers$Holder.invoker(java.lang.Object, java.lang.Object, java.lang.Object, java.lang.Object, java.lang.Object, java.lang.Object, java.lang.Object, java.lang.Object, java.lang.Object)'> (0x000000042029d748) 
thrown [src/hotspot/share/interpreter/linkResolver.cpp, line 803]
Event: 15.242 Thread 0x00007f342402b810 Implicit null exception at 0x00007f34145bbafe to 0x00007f34145bbeb8
Event: 15.244 Thread 0x00007f342402b810 Exception <a 'java/lang/NoSuchMethodError'{0x00000004202e0a50}: 'java.lang.Object java.lang.invoke.DirectMethodHandle$Holder.invokeStatic(java.lang.Object, java.lang.Object, java.lang.Object, java.lang.Object, java.lang.Object, java.lang.Object, java.lang.Object, java.lang.Object, java.lang.Object, java.lang.Object, java.lang.Object)'> (0x00000004202e0a50) 
thrown [src/hotspot/share/interpreter/linkResolver.cpp, line 803]
Event: 15.245 Thread 0x00007f342402b810 Exception <a 'java/lang/NoSuchMethodError'{0x0000000420307f70}: 'java.lang.Object java.lang.invoke.DirectMethodHandle$Holder.invokeStatic(java.lang.Object, java.lang.Object, java.lang.Object, java.lang.Object, java.lang.Object, java.lang.Object, java.lang.Object, java.lang.Object, java.lang.Object, java.lang.Object, java.lang.Object, java.lang.Object)'> (0x0000000420307f70) 
thrown [src/hotspot/share/interpreter/linkResolver.cpp, line 803]
Event: 15.247 Thread 0x00007f342402b810 Exception <a 'java/lang/NoSuchMethodError'{0x0000000420389680}: 'java.lang.Object java.lang.invoke.DirectMethodHandle$Holder.invokeStatic(java.lang.Object, java.lang.Object, java.lang.Object, java.lang.Object, java.lang.Object, java.lang.Object, java.lang.Object, java.lang.Object, java.lang.Object, java.lang.Object, java.lang.Object, java.lang.Object, java.lang.Object)'> (0x0000000420389680) 
thrown [src/hotspot/share/interpreter/linkResolver.cpp, line 803]
Event: 15.300 Thread 0x00007f342402b810 Exception <a 'java/lang/NoSuchMethodError'{0x000000041fd74088}: 'long java.lang.invoke.DirectMethodHandle$Holder.invokeStaticInit(java.lang.Object, java.lang.Object, java.lang.Object, java.lang.Object, java.lang.Object, long, float, double, int, int)'> (0x000000041fd74088) 
thrown [src/hotspot/share/interpreter/linkResolver.cpp, line 803]
Event: 15.300 Thread 0x00007f342402b810 Exception <a 'java/lang/NoSuchMethodError'{0x000000041fd84f88}: 'long java.lang.invoke.DelegatingMethodHandle$Holder.reinvoke_L(java.lang.Object, java.lang.Object, java.lang.Object, java.lang.Object, java.lang.Object, long, float, double, int, int)'> (0x000000041fd84f88) 
thrown [src/hotspot/share/interpreter/linkResolver.cpp, line 803]

VM Operations (20 events):
Event: 13.084 Executing safepoint VM operation: G1CollectForAllocation (G1 Evacuation Pause)
Event: 13.092 Executing safepoint VM operation: G1CollectForAllocation (G1 Evacuation Pause) done
Event: 13.550 Executing safepoint VM operation: G1CollectForAllocation (G1 Evacuation Pause)
Event: 13.556 Executing safepoint VM operation: G1CollectForAllocation (G1 Evacuation Pause) done
Event: 13.980 Executing non-safepoint VM operation: HandshakeAllThreads (Deoptimize)
Event: 13.980 Executing non-safepoint VM operation: HandshakeAllThreads (Deoptimize) done
Event: 13.985 Executing safepoint VM operation: G1CollectForAllocation (G1 Evacuation Pause)
Event: 13.990 Executing safepoint VM operation: G1CollectForAllocation (G1 Evacuation Pause) done
Event: 14.439 Executing safepoint VM operation: G1CollectForAllocation (G1 Evacuation Pause)
Event: 14.446 Executing safepoint VM operation: G1CollectForAllocation (G1 Evacuation Pause) done
Event: 14.920 Executing safepoint VM operation: G1TryInitiateConcMark (CodeCache GC Threshold)
Event: 14.926 Executing safepoint VM operation: G1TryInitiateConcMark (CodeCache GC Threshold) done
Event: 14.969 Executing safepoint VM operation: G1PauseRemark
Event: 14.975 Executing safepoint VM operation: G1PauseRemark done
Event: 14.989 Executing safepoint VM operation: G1PauseCleanup
Event: 14.989 Executing safepoint VM operation: G1PauseCleanup done
Event: 15.416 Executing safepoint VM operation: G1CollectForAllocation (G1 Evacuation Pause)
Event: 15.423 Executing safepoint VM operation: G1CollectForAllocation (G1 Evacuation Pause) done
Event: 15.855 Executing safepoint VM operation: G1CollectForAllocation (G1 Evacuation Pause)
Event: 15.861 Executing safepoint VM operation: G1CollectForAllocation (G1 Evacuation Pause) done

Memory protections (20 events):
Event: 3.692 Protecting memory [0x00007f33e2efd000,0x00007f33e2f01000] with protection modes 0
Event: 3.692 Protecting memory [0x00007f33e31fd000,0x00007f33e3201000] with protection modes 0
Event: 5.492 Protecting memory [0x00007f33e36fd000,0x00007f33e3701000] with protection modes 0
Event: 5.492 Protecting memory [0x00007f33e31fd000,0x00007f33e3201000] with protection modes 0
Event: 5.493 Protecting memory [0x00007f33e2efd000,0x00007f33e2f01000] with protection modes 0
Event: 5.493 Protecting memory [0x00007f33e32fd000,0x00007f33e3301000] with protection modes 0
Event: 5.536 Protecting memory [0x00007f33e33fd000,0x00007f33e3401000] with protection modes 0
Event: 5.572 Protecting memory [0x00007f33e2dfd000,0x00007f33e2e01000] with protection modes 0
Event: 5.572 Protecting memory [0x00007f33e2cfd000,0x00007f33e2d01000] with protection modes 0
Event: 6.591 Protecting memory [0x00007f33e33fd000,0x00007f33e3401000] with protection modes 0
Event: 7.227 Protecting memory [0x00007f33e2dfd000,0x00007f33e2e01000] with protection modes 0
Event: 7.332 Protecting memory [0x00007f33e2cfd000,0x00007f33e2d01000] with protection modes 0
Event: 8.259 Protecting memory [0x00007f33e2bfd000,0x00007f33e2c01000] with protection modes 0
Event: 10.081 Protecting memory [0x00007f33e2bfd000,0x00007f33e2c01000] with protection modes 0
Event: 10.110 Protecting memory [0x00007f33e2afd000,0x00007f33e2b01000] with protection modes 0
Event: 10.110 Protecting memory [0x00007f33e1bef000,0x00007f33e1bf3000] with protection modes 0
Event: 12.852 Protecting memory [0x00007f33e2bfd000,0x00007f33e2c01000] with protection modes 0
Event: 12.852 Protecting memory [0x00007f33e2afd000,0x00007f33e2b01000] with protection modes 0
Event: 12.852 Protecting memory [0x00007f33e1bef000,0x00007f33e1bf3000] with protection modes 0
Event: 14.292 Protecting memory [0x00007f33e2bfd000,0x00007f33e2c01000] with protection modes 0

Nmethod flushes (20 events):
Event: 14.974 Thread 0x00007f34240fb340 flushing  nmethod 0x00007f340c7fc008
Event: 14.974 Thread 0x00007f34240fb340 flushing  nmethod 0x00007f340c7fc308
Event: 14.974 Thread 0x00007f34240fb340 flushing osr nmethod 0x00007f340c841a08
Event: 14.974 Thread 0x00007f34240fb340 flushing  nmethod 0x00007f340c841e08
Event: 14.974 Thread 0x00007f34240fb340 flushing  nmethod 0x00007f340c84b508
Event: 14.974 Thread 0x00007f34240fb340 flushing  nmethod 0x00007f340c87f808
Event: 14.974 Thread 0x00007f34240fb340 flushing  nmethod 0x00007f340c880108
Event: 14.974 Thread 0x00007f34240fb340 flushing  nmethod 0x00007f340c880408
Event: 14.974 Thread 0x00007f34240fb340 flushing  nmethod 0x00007f340c881108
Event: 14.974 Thread 0x00007f34240fb340 flushing  nmethod 0x00007f340c881988
Event: 14.974 Thread 0x00007f34240fb340 flushing  nmethod 0x00007f340c8b1808
Event: 14.974 Thread 0x00007f34240fb340 flushing  nmethod 0x00007f340c8b1b08
Event: 14.974 Thread 0x00007f34240fb340 flushing  nmethod 0x00007f340c8b2488
Event: 14.974 Thread 0x00007f34240fb340 flushing  nmethod 0x00007f340c8b3e88
Event: 14.974 Thread 0x00007f34240fb340 flushing  nmethod 0x00007f340c8b4308
Event: 14.974 Thread 0x00007f34240fb340 flushing  nmethod 0x00007f340c8b4608
Event: 14.974 Thread 0x00007f34240fb340 flushing  nmethod 0x00007f340c8b4908
Event: 14.974 Thread 0x00007f34240fb340 flushing  nmethod 0x00007f340c8b5208
Event: 14.974 Thread 0x00007f34240fb340 flushing  nmethod 0x00007f340c8b6708
Event: 14.974 Thread 0x00007f34240fb340 flushing  nmethod 0x00007f340c8b7888

Events (20 events):
Event: 7.227 Thread 0x00007f342410e240 Thread added: 0x00007f33a05bae70
Event: 7.332 Thread 0x00007f342410e240 Thread added: 0x00007f33a06f1830
Event: 8.259 Thread 0x00007f33a001da70 Thread added: 0x00007f33a48a0260
Event: 8.537 Thread 0x00007f33a48a0260 Thread exited: 0x00007f33a48a0260
Event: 10.081 Thread 0x00007f342410e240 Thread added: 0x00007f33a00930c0
Event: 10.110 Thread 0x00007f33a41e09d0 Thread added: 0x00007f33943bd160
Event: 10.110 Thread 0x00007f33a41e09d0 Thread added: 0x00007f33943be420
Event: 10.450 Thread 0x00007f33943be420 Thread exited: 0x00007f33943be420
Event: 11.184 Thread 0x00007f33943bd160 Thread exited: 0x00007f33943bd160
Event: 11.184 Thread 0x00007f33a00930c0 Thread exited: 0x00007f33a00930c0
Event: 12.852 Thread 0x00007f342410e240 Thread added: 0x00007f33a00e3ca0
Event: 12.852 Thread 0x00007f342410e240 Thread added: 0x00007f33a00e4c60
Event: 12.852 Thread 0x00007f342410e240 Thread added: 0x00007f33a0213a50
Event: 13.941 Thread 0x00007f33a0213a50 Thread exited: 0x00007f33a0213a50
Event: 13.982 Thread 0x00007f33a00e4c60 Thread exited: 0x00007f33a00e4c60
Event: 14.116 Thread 0x00007f33a00e3ca0 Thread exited: 0x00007f33a00e3ca0
Event: 14.292 Thread 0x00007f33a001da70 Thread added: 0x00007f33a45477a0
Event: 15.432 Thread 0x00007f33a45477a0 Thread exited: 0x00007f33a45477a0
Event: 15.547 Thread 0x00007f33a06f1830 Thread exited: 0x00007f33a06f1830
Event: 15.549 Thread 0x00007f33a05bae70 Thread exited: 0x00007f33a05bae70


Dynamic libraries:
2b000000-2b001000 ---p 00000000 00:00 0 
2b001000-2bd8c000 rw-p 00001000 00:24 62088005                           /home/andreatp/.sdkman/candidates/java/25-tem/lib/server/classes.jsa
2bd8c000-2c000000 ---p 00000000 00:00 0 
2c000000-2c040000 rw-p 00000000 00:00 0 
2c040000-2c140000 rw-p 00000000 00:00 0 
2c140000-2c180000 rw-p 00000000 00:00 0 
2c180000-2c2a0000 rw-p 00000000 00:00 0 
2c2a0000-6c000000 ---p 00000000 00:00 0 
418000000-426000000 rw-p 00000000 00:00 0 
426000000-485000000 ---p 00000000 00:00 0 
485000000-485800000 rw-p 00000000 00:00 0 
485800000-7ff800000 ---p 00000000 00:00 0 
7ff800000-7ff921000 rw-p 00dbf000 00:24 62088005                         /home/andreatp/.sdkman/candidates/java/25-tem/lib/server/classes.jsa
7ff921000-800000000 rw-p 00000000 00:00 0 
55b50dfbc000-55b50dfbd000 r--p 00000000 00:24 62087964                   /home/andreatp/.sdkman/candidates/java/25-tem/bin/java
55b50dfbd000-55b50dfbe000 r-xp 00001000 00:24 62087964                   /home/andreatp/.sdkman/candidates/java/25-tem/bin/java
55b50dfbe000-55b50dfbf000 r--p 00002000 00:24 62087964                   /home/andreatp/.sdkman/candidates/java/25-tem/bin/java
55b50dfbf000-55b50dfc0000 r--p 00002000 00:24 62087964                   /home/andreatp/.sdkman/candidates/java/25-tem/bin/java
55b50dfc0000-55b50dfc1000 rw-p 00003000 00:24 62087964                   /home/andreatp/.sdkman/candidates/java/25-tem/bin/java
55b50fc30000-55b50fc79000 rw-p 00000000 00:00 0                          [heap]
7f3330000000-7f3331c2e000 rw-p 00000000 00:00 0 
7f3331c2e000-7f3334000000 ---p 00000000 00:00 0 
7f3338000000-7f3339719000 rw-p 00000000 00:00 0 
7f3339719000-7f333c000000 ---p 00000000 00:00 0 
7f333c000000-7f333ce87000 rw-p 00000000 00:00 0 
7f333ce87000-7f3340000000 ---p 00000000 00:00 0 
7f3340000000-7f3340076000 rw-p 00000000 00:00 0 
7f3340076000-7f3344000000 ---p 00000000 00:00 0 
7f3344000000-7f3344021000 rw-p 00000000 00:00 0 
7f3344021000-7f3348000000 ---p 00000000 00:00 0 
7f3348000000-7f3348021000 rw-p 00000000 00:00 0 
7f3348021000-7f334c000000 ---p 00000000 00:00 0 
7f334c000000-7f334c021000 rw-p 00000000 00:00 0 
7f334c021000-7f3350000000 ---p 00000000 00:00 0 
7f3350000000-7f3350037000 rw-p 00000000 00:00 0 
7f3350037000-7f3354000000 ---p 00000000 00:00 0 
7f3354000000-7f3354021000 rw-p 00000000 00:00 0 
7f3354021000-7f3358000000 ---p 00000000 00:00 0 
7f3358000000-7f3358021000 rw-p 00000000 00:00 0 
7f3358021000-7f335c000000 ---p 00000000 00:00 0 
7f335c000000-7f335c021000 rw-p 00000000 00:00 0 
7f335c021000-7f3360000000 ---p 00000000 00:00 0 
7f3360000000-7f336002c000 rw-p 00000000 00:00 0 
7f336002c000-7f3364000000 ---p 00000000 00:00 0 
7f3364000000-7f3364021000 rw-p 00000000 00:00 0 
7f3364021000-7f3368000000 ---p 00000000 00:00 0 
7f3368000000-7f3368021000 rw-p 00000000 00:00 0 
7f3368021000-7f336c000000 ---p 00000000 00:00 0 
7f336c000000-7f336c021000 rw-p 00000000 00:00 0 
7f336c021000-7f3370000000 ---p 00000000 00:00 0 
7f3370000000-7f3371016000 rw-p 00000000 00:00 0 
7f3371016000-7f3374000000 ---p 00000000 00:00 0 
7f3374000000-7f3375124000 rw-p 00000000 00:00 0 
7f3375124000-7f3378000000 ---p 00000000 00:00 0 
7f3378000000-7f337a14f000 rw-p 00000000 00:00 0 
7f337a14f000-7f337c000000 ---p 00000000 00:00 0 
7f337c000000-7f337e157000 rw-p 00000000 00:00 0 
7f337e157000-7f3380000000 ---p 00000000 00:00 0 
7f3380000000-7f3380021000 rw-p 00000000 00:00 0 
7f3380021000-7f3384000000 ---p 00000000 00:00 0 
7f3384000000-7f33856ec000 rw-p 00000000 00:00 0 
7f33856ec000-7f3388000000 ---p 00000000 00:00 0 
7f3388000000-7f338a4a4000 rw-p 00000000 00:00 0 
7f338a4a4000-7f338c000000 ---p 00000000 00:00 0 
7f338c000000-7f338c021000 rw-p 00000000 00:00 0 
7f338c021000-7f3390000000 ---p 00000000 00:00 0 
7f3390000000-7f3391f9c000 rw-p 00000000 00:00 0 
7f3391f9c000-7f3394000000 ---p 00000000 00:00 0 
7f3394000000-7f3394b50000 rw-p 00000000 00:00 0 
7f3394b50000-7f3398000000 ---p 00000000 00:00 0 
7f3398000000-7f3398021000 rw-p 00000000 00:00 0 
7f3398021000-7f339c000000 ---p 00000000 00:00 0 
7f339c000000-7f339c021000 rw-p 00000000 00:00 0 
7f339c021000-7f33a0000000 ---p 00000000 00:00 0 
7f33a0000000-7f33a0b49000 rw-p 00000000 00:00 0 
7f33a0b49000-7f33a4000000 ---p 00000000 00:00 0 
7f33a4000000-7f33a4af8000 rw-p 00000000 00:00 0 
7f33a4af8000-7f33a8000000 ---p 00000000 00:00 0 
7f33a8000000-7f33a8021000 rw-p 00000000 00:00 0 
7f33a8021000-7f33ac000000 ---p 00000000 00:00 0 
7f33ac000000-7f33af061000 rw-p 00000000 00:00 0 
7f33af061000-7f33b0000000 ---p 00000000 00:00 0 
7f33b0000000-7f33b003d000 rw-p 00000000 00:00 0 
7f33b003d000-7f33b4000000 ---p 00000000 00:00 0 
7f33b6000000-7f33c3e70000 r--p 00000000 00:24 16857077                   /usr/lib/locale/locale-archive
7f33c4000000-7f33c4400000 rw-p 00000000 00:00 0 
7f33c4400000-7f33c4fc0000 rw-p 00000000 00:00 0 
7f33c4fc0000-7f33c5100000 rw-p 00000000 00:00 0 
7f33c5100000-7f33c51c0000 rw-p 00000000 00:00 0 
7f33c51c0000-7f33c5720000 rw-p 00000000 00:00 0 
7f33c5720000-7f33c5840000 rw-p 00000000 00:00 0 
7f33c5840000-7f33c5940000 rw-p 00000000 00:00 0 
7f33c5940000-7f33c5a60000 rw-p 00000000 00:00 0 
7f33c5a60000-7f33c5ae0000 rw-p 00000000 00:00 0 
7f33c5ae0000-7f33c5b80000 rw-p 00000000 00:00 0 
7f33c5b80000-7f33c5c00000 ---p 00000000 00:00 0 
7f33c5c00000-7f33c5f20000 rw-p 00000000 00:00 0 
7f33c5f20000-7f33c61d0000 rw-p 00000000 00:00 0 
7f33c61d0000-7f33c8000000 ---p 00000000 00:00 0 
7f33c8000000-7f33c8021000 rw-p 00000000 00:00 0 
7f33c8021000-7f33cc000000 ---p 00000000 00:00 0 
7f33cc000000-7f33cc021000 rw-p 00000000 00:00 0 
7f33cc021000-7f33d0000000 ---p 00000000 00:00 0 
7f33d0000000-7f33d0021000 rw-p 00000000 00:00 0 
7f33d0021000-7f33d4000000 ---p 00000000 00:00 0 
7f33d8000000-7f33d8021000 rw-p 00000000 00:00 0 
7f33d8021000-7f33dc000000 ---p 00000000 00:00 0 
7f33dc000000-7f33dc037000 rw-p 00000000 00:00 0 
7f33dc037000-7f33e0000000 ---p 00000000 00:00 0 
7f33e1b72000-7f33e1b79000 r--s 00000000 00:24 17059797                   /usr/lib64/gconv/gconv-modules.cache
7f33e1b79000-7f33e1b83000 r-xp 00000000 00:00 0 
7f33e1b83000-7f33e1b89000 r-xp 00000000 00:00 0 
7f33e1b89000-7f33e1bef000 r-xp 00000000 00:00 0 
7f33e1bef000-7f33e1bf3000 ---p 00000000 00:00 0 
7f33e1bf3000-7f33e1cef000 rw-p 00000000 00:00 0 
7f33e1cef000-7f33e1cf0000 ---p 00000000 00:00 0 
7f33e1cf0000-7f33e1df0000 rw-p 00000000 00:00 0 
7f33e1df0000-7f33e1df1000 ---p 00000000 00:00 0 
7f33e1df1000-7f33e1ef1000 rw-p 00000000 00:00 0 
7f33e1ef1000-7f33e1ef2000 ---p 00000000 00:00 0 
7f33e1ef2000-7f33e1ff2000 rw-p 00000000 00:00 0 
7f33e1ff2000-7f33e1ff3000 ---p 00000000 00:00 0 
7f33e1ff3000-7f33e20f3000 rw-p 00000000 00:00 0 
7f33e20f3000-7f33e20f4000 ---p 00000000 00:00 0 
7f33e20f4000-7f33e21f4000 rw-p 00000000 00:00 0 
7f33e21f4000-7f33e21f5000 ---p 00000000 00:00 0 
7f33e21f5000-7f33e22f5000 rw-p 00000000 00:00 0 
7f33e22f5000-7f33e22f6000 ---p 00000000 00:00 0 
7f33e22f6000-7f33e23f6000 rw-p 00000000 00:00 0 
7f33e23f6000-7f33e23f7000 ---p 00000000 00:00 0 
7f33e23f7000-7f33e24f7000 rw-p 00000000 00:00 0 
7f33e24f7000-7f33e24f8000 ---p 00000000 00:00 0 
7f33e24f8000-7f33e25f8000 rw-p 00000000 00:00 0 
7f33e25f8000-7f33e25f9000 ---p 00000000 00:00 0 
7f33e25f9000-7f33e26f9000 rw-p 00000000 00:00 0 
7f33e26f9000-7f33e26fa000 ---p 00000000 00:00 0 
7f33e26fa000-7f33e27fa000 rw-p 00000000 00:00 0 
7f33e27fa000-7f33e27fb000 ---p 00000000 00:00 0 
7f33e27fb000-7f33e28fb000 rw-p 00000000 00:00 0 
7f33e28fb000-7f33e28fc000 ---p 00000000 00:00 0 
7f33e28fc000-7f33e29fc000 rw-p 00000000 00:00 0 
7f33e29fc000-7f33e29fd000 ---p 00000000 00:00 0 
7f33e29fd000-7f33e2afd000 rw-p 00000000 00:00 0 
7f33e2afd000-7f33e2b01000 ---p 00000000 00:00 0 
7f33e2b01000-7f33e2bfd000 rw-p 00000000 00:00 0 
7f33e2bfd000-7f33e2c01000 ---p 00000000 00:00 0 
7f33e2c01000-7f33e2cfd000 rw-p 00000000 00:00 0 
7f33e2cfd000-7f33e2d01000 ---p 00000000 00:00 0 
7f33e2d01000-7f33e2dfd000 rw-p 00000000 00:00 0 
7f33e2dfd000-7f33e2e01000 ---p 00000000 00:00 0 
7f33e2e01000-7f33e2efd000 rw-p 00000000 00:00 0 
7f33e2efd000-7f33e2f01000 ---p 00000000 00:00 0 
7f33e2f01000-7f33e2ffd000 rw-p 00000000 00:00 0 
7f33e2ffd000-7f33e3001000 ---p 00000000 00:00 0 
7f33e3001000-7f33e30fd000 rw-p 00000000 00:00 0 
7f33e30fd000-7f33e3101000 ---p 00000000 00:00 0 
7f33e3101000-7f33e31fd000 rw-p 00000000 00:00 0 
7f33e31fd000-7f33e3201000 ---p 00000000 00:00 0 
7f33e3201000-7f33e32fd000 rw-p 00000000 00:00 0 
7f33e32fd000-7f33e3301000 ---p 00000000 00:00 0 
7f33e3301000-7f33e33fd000 rw-p 00000000 00:00 0 
7f33e33fd000-7f33e3401000 ---p 00000000 00:00 0 
7f33e3401000-7f33e34fd000 rw-p 00000000 00:00 0 
7f33e34fd000-7f33e3501000 ---p 00000000 00:00 0 
7f33e3501000-7f33e35fd000 rw-p 00000000 00:00 0 
7f33e35fd000-7f33e3601000 ---p 00000000 00:00 0 
7f33e3601000-7f33e36fd000 rw-p 00000000 00:00 0 
7f33e36fd000-7f33e3701000 ---p 00000000 00:00 0 
7f33e3701000-7f33e37fd000 rw-p 00000000 00:00 0 
7f33e37fd000-7f33e3801000 ---p 00000000 00:00 0 
7f33e3801000-7f33e38fd000 rw-p 00000000 00:00 0 
7f33e38fd000-7f33e3901000 ---p 00000000 00:00 0 
7f33e3901000-7f33e39fd000 rw-p 00000000 00:00 0 
7f33e39fd000-7f33e3a01000 ---p 00000000 00:00 0 
7f33e3a01000-7f33e3afd000 rw-p 00000000 00:00 0 
7f33e3afd000-7f33e3b01000 ---p 00000000 00:00 0 
7f33e3b01000-7f33e3bfd000 rw-p 00000000 00:00 0 
7f33e3bfd000-7f33e3c01000 ---p 00000000 00:00 0 
7f33e3c01000-7f33e3cfd000 rw-p 00000000 00:00 0 
7f33e3cfd000-7f33e3cfe000 ---p 00000000 00:00 0 
7f33e3cfe000-7f33e3dfe000 rw-p 00000000 00:00 0 
7f33e3dfe000-7f33e3dff000 ---p 00000000 00:00 0 
7f33e3dff000-7f33e3e03000 ---p 00000000 00:00 0 
7f33e3e03000-7f33e3eff000 rw-p 00000000 00:00 0 
7f33e3eff000-7f33e3f00000 ---p 00000000 00:00 0 
7f33e3f00000-7f33e3f04000 ---p 00000000 00:00 0 
7f33e3f04000-7f33e4000000 rw-p 00000000 00:00 0 
7f33e4000000-7f33e4021000 rw-p 00000000 00:00 0 
7f33e4021000-7f33e8000000 ---p 00000000 00:00 0 
7f33e8000000-7f33e8021000 rw-p 00000000 00:00 0 
7f33e8021000-7f33ec000000 ---p 00000000 00:00 0 
7f33ec000000-7f33ec021000 rw-p 00000000 00:00 0 
7f33ec021000-7f33f0000000 ---p 00000000 00:00 0 
7f33f0000000-7f33f0021000 rw-p 00000000 00:00 0 
7f33f0021000-7f33f4000000 ---p 00000000 00:00 0 
7f33f4000000-7f33f4021000 rw-p 00000000 00:00 0 
7f33f4021000-7f33f8000000 ---p 00000000 00:00 0 
7f33f8000000-7f33f80f7000 r-xp 00000000 00:00 0 
7f33f80f7000-7f33f80f8000 ---p 00000000 00:00 0 
7f33f80f8000-7f33f81f8000 rw-p 00000000 00:00 0 
7f33f81f8000-7f33f81f9000 ---p 00000000 00:00 0 
7f33f81f9000-7f33f82f9000 rw-p 00000000 00:00 0 
7f33f82f9000-7f33f82fa000 ---p 00000000 00:00 0 
7f33f82fa000-7f33f83fa000 rw-p 00000000 00:00 0 
7f33f83fa000-7f33fad80000 rw-p 00000000 00:00 0 
7f33fad80000-7f33fc540000 ---p 00000000 00:00 0 
7f33fc540000-7f33fc560000 rw-p 00000000 00:00 0 
7f33fc560000-7f340a3e0000 ---p 00000000 00:00 0 
7f340a3e0000-7f340a400000 rw-p 00000000 00:00 0 
7f340a400000-7f340a401000 r-xp 00000000 00:00 0 
7f340a401000-7f340a441000 r-xp 00000000 00:00 0 
7f340a441000-7f340a443000 r--p 00000000 00:24 62088016                   /home/andreatp/.sdkman/candidates/java/25-tem/lib/libmanagement_ext.so
7f340a443000-7f340a446000 r-xp 00002000 00:24 62088016                   /home/andreatp/.sdkman/candidates/java/25-tem/lib/libmanagement_ext.so
7f340a446000-7f340a447000 r--p 00005000 00:24 62088016                   /home/andreatp/.sdkman/candidates/java/25-tem/lib/libmanagement_ext.so
7f340a447000-7f340a448000 r--p 00006000 00:24 62088016                   /home/andreatp/.sdkman/candidates/java/25-tem/lib/libmanagement_ext.so
7f340a448000-7f340a449000 rw-p 00007000 00:24 62088016                   /home/andreatp/.sdkman/candidates/java/25-tem/lib/libmanagement_ext.so
7f340a449000-7f340a44b000 r--p 00000000 00:24 62087985                   /home/andreatp/.sdkman/candidates/java/25-tem/lib/libzip.so
7f340a44b000-7f340a45d000 r-xp 00002000 00:24 62087985                   /home/andreatp/.sdkman/candidates/java/25-tem/lib/libzip.so
7f340a45d000-7f340a465000 r--p 00014000 00:24 62087985                   /home/andreatp/.sdkman/candidates/java/25-tem/lib/libzip.so
7f340a465000-7f340a466000 r--p 0001b000 00:24 62087985                   /home/andreatp/.sdkman/candidates/java/25-tem/lib/libzip.so
7f340a466000-7f340a467000 rw-p 0001c000 00:24 62087985                   /home/andreatp/.sdkman/candidates/java/25-tem/lib/libzip.so
7f340a467000-7f340a46f000 r--p 00000000 00:24 62088041                   /home/andreatp/.sdkman/candidates/java/25-tem/lib/libnio.so
7f340a46f000-7f340a478000 r-xp 00008000 00:24 62088041                   /home/andreatp/.sdkman/candidates/java/25-tem/lib/libnio.so
7f340a478000-7f340a47c000 r--p 00011000 00:24 62088041                   /home/andreatp/.sdkman/candidates/java/25-tem/lib/libnio.so
7f340a47c000-7f340a47d000 r--p 00015000 00:24 62088041                   /home/andreatp/.sdkman/candidates/java/25-tem/lib/libnio.so
7f340a47d000-7f340a47e000 rw-p 00016000 00:24 62088041                   /home/andreatp/.sdkman/candidates/java/25-tem/lib/libnio.so
7f340a47e000-7f340a47f000 r--p 00000000 00:24 62088018                   /home/andreatp/.sdkman/candidates/java/25-tem/lib/libsimdsort.so
7f340a47f000-7f340a4b8000 r-xp 00001000 00:24 62088018                   /home/andreatp/.sdkman/candidates/java/25-tem/lib/libsimdsort.so
7f340a4b8000-7f340a4be000 r--p 0003a000 00:24 62088018                   /home/andreatp/.sdkman/candidates/java/25-tem/lib/libsimdsort.so
7f340a4be000-7f340a4bf000 r--p 0003f000 00:24 62088018                   /home/andreatp/.sdkman/candidates/java/25-tem/lib/libsimdsort.so
7f340a4bf000-7f340a4c0000 rw-p 00040000 00:24 62088018                   /home/andreatp/.sdkman/candidates/java/25-tem/lib/libsimdsort.so
7f340a4c0000-7f340a530000 rw-p 00000000 00:00 0 
7f340a530000-7f340a828000 ---p 00000000 00:00 0 
7f340a828000-7f340a82c000 rw-p 00000000 00:00 0 
7f340a82c000-7f340c3fc000 ---p 00000000 00:00 0 
7f340c3fc000-7f340c400000 rw-p 00000000 00:00 0 
7f340c400000-7f340e230000 rwxp 00000000 00:00 0 
7f340e230000-7f341385f000 ---p 00000000 00:00 0 
7f341385f000-7f3413cbf000 rwxp 00000000 00:00 0 
7f3413cbf000-7f3413f9f000 ---p 00000000 00:00 0 
7f3413f9f000-7f341472f000 rwxp 00000000 00:00 0 
7f341472f000-7f341b400000 ---p 00000000 00:00 0 
7f341b400000-7f3423f14000 r--s 00000000 00:24 62088042                   /home/andreatp/.sdkman/candidates/java/25-tem/lib/modules
7f3423f14000-7f3423f15000 r-xp 00000000 00:00 0 
7f3423f15000-7f3423f18000 r--p 00000000 00:24 62088001                   /home/andreatp/.sdkman/candidates/java/25-tem/lib/libnet.so
7f3423f18000-7f3423f20000 r-xp 00003000 00:24 62088001                   /home/andreatp/.sdkman/candidates/java/25-tem/lib/libnet.so
7f3423f20000-7f3423f22000 r--p 0000b000 00:24 62088001                   /home/andreatp/.sdkman/candidates/java/25-tem/lib/libnet.so
7f3423f22000-7f3423f23000 r--p 0000c000 00:24 62088001                   /home/andreatp/.sdkman/candidates/java/25-tem/lib/libnet.so
7f3423f23000-7f3423f24000 rw-p 0000d000 00:24 62088001                   /home/andreatp/.sdkman/candidates/java/25-tem/lib/libnet.so
7f3423f24000-7f34254d3000 rw-p 00000000 00:00 0 
7f34254d3000-7f3428000000 ---p 00000000 00:00 0 
7f3428000000-7f3428006000 r-xp 00000000 00:00 0 
7f3428006000-7f342874e000 rw-p 00000000 00:00 0 
7f342874e000-7f342874f000 ---p 00000000 00:00 0 
7f342874f000-7f342884f000 rw-p 00000000 00:00 0 
7f342884f000-7f3428850000 ---p 00000000 00:00 0 
7f3428850000-7f3428950000 rw-p 00000000 00:00 0 
7f3428950000-7f3428951000 ---p 00000000 00:00 0 
7f3428951000-7f3428a51000 rw-p 00000000 00:00 0 
7f3428a51000-7f3428bc0000 rw-p 00000000 00:00 0 
7f3428bc0000-7f3428eb8000 ---p 00000000 00:00 0 
7f3428eb8000-7f3428ebc000 rw-p 00000000 00:00 0 
7f3428ebc000-7f342aa8c000 ---p 00000000 00:00 0 
7f342aa8c000-7f342b82b000 rw-p 00000000 00:00 0 
7f342b82b000-7f342b904000 ---p 00000000 00:00 0 
7f342b904000-7f342b941000 rw-p 00000000 00:00 0 
7f342b941000-7f342b9ed000 ---p 00000000 00:00 0 
7f342b9ed000-7f342b9fb000 r--p 00000000 00:24 62087993                   /home/andreatp/.sdkman/candidates/java/25-tem/lib/libjava.so
7f342b9fb000-7f342ba09000 r-xp 0000e000 00:24 62087993                   /home/andreatp/.sdkman/candidates/java/25-tem/lib/libjava.so
7f342ba09000-7f342ba0e000 r--p 0001c000 00:24 62087993                   /home/andreatp/.sdkman/candidates/java/25-tem/lib/libjava.so
7f342ba0e000-7f342ba0f000 r--p 00021000 00:24 62087993                   /home/andreatp/.sdkman/candidates/java/25-tem/lib/libjava.so
7f342ba0f000-7f342ba10000 rw-p 00022000 00:24 62087993                   /home/andreatp/.sdkman/candidates/java/25-tem/lib/libjava.so
7f342ba10000-7f342ba11000 rw-p 00000000 00:00 0 
7f342ba11000-7f342ba15000 ---p 00000000 00:00 0 
7f342ba15000-7f342bb11000 rw-p 00000000 00:00 0 
7f342bb11000-7f342bb8e000 r-xp 00000000 00:24 16857124                   /usr/lib64/libm.so.6
7f342bb8e000-7f342bbfe000 r--p 0007d000 00:24 16857124                   /usr/lib64/libm.so.6
7f342bbfe000-7f342bbff000 r--p 000ec000 00:24 16857124                   /usr/lib64/libm.so.6
7f342bbff000-7f342bc00000 rw-p 000ed000 00:24 16857124                   /usr/lib64/libm.so.6
7f342bc00000-7f342bee2000 r--p 00000000 00:24 62088004                   /home/andreatp/.sdkman/candidates/java/25-tem/lib/server/libjvm.so
7f342bee2000-7f342cee2000 r-xp 002e2000 00:24 62088004                   /home/andreatp/.sdkman/candidates/java/25-tem/lib/server/libjvm.so
7f342cee2000-7f342d1f2000 r--p 012e2000 00:24 62088004                   /home/andreatp/.sdkman/candidates/java/25-tem/lib/server/libjvm.so
7f342d1f2000-7f342d2dd000 r--p 015f2000 00:24 62088004                   /home/andreatp/.sdkman/candidates/java/25-tem/lib/server/libjvm.so
7f342d2dd000-7f342d308000 rw-p 016dd000 00:24 62088004                   /home/andreatp/.sdkman/candidates/java/25-tem/lib/server/libjvm.so
7f342d308000-7f342d38d000 rw-p 00000000 00:00 0 
7f342d38d000-7f342d393000 ---p 00000000 00:00 0 
7f342d393000-7f342d397000 r--p 00000000 00:24 62087996                   /home/andreatp/.sdkman/candidates/java/25-tem/lib/libjimage.so
7f342d397000-7f342d3af000 r-xp 00004000 00:24 62087996                   /home/andreatp/.sdkman/candidates/java/25-tem/lib/libjimage.so
7f342d3af000-7f342d3b5000 r--p 0001c000 00:24 62087996                   /home/andreatp/.sdkman/candidates/java/25-tem/lib/libjimage.so
7f342d3b5000-7f342d3b7000 r--p 00021000 00:24 62087996                   /home/andreatp/.sdkman/candidates/java/25-tem/lib/libjimage.so
7f342d3b7000-7f342d3b8000 rw-p 00023000 00:24 62087996                   /home/andreatp/.sdkman/candidates/java/25-tem/lib/libjimage.so
7f342d3b8000-7f342d3b9000 r-xp 00000000 00:24 16857132                   /usr/lib64/librt.so.1
7f342d3b9000-7f342d3ba000 r--p 00001000 00:24 16857132                   /usr/lib64/librt.so.1
7f342d3ba000-7f342d3bb000 r--p 00001000 00:24 16857132                   /usr/lib64/librt.so.1
7f342d3bb000-7f342d3be000 rw-p 00000000 00:00 0 
7f342d3be000-7f342d3bf000 r-xp 00000000 00:24 16857130                   /usr/lib64/libpthread.so.0
7f342d3bf000-7f342d3c0000 r--p 00001000 00:24 16857130                   /usr/lib64/libpthread.so.0
7f342d3c0000-7f342d3c1000 r--p 00001000 00:24 16857130                   /usr/lib64/libpthread.so.0
7f342d3c1000-7f342d3c2000 rw-p 00000000 00:00 0 
7f342d3c2000-7f342d3c3000 r-xp 00000000 00:24 16857123                   /usr/lib64/libdl.so.2
7f342d3c3000-7f342d3c4000 r--p 00001000 00:24 16857123                   /usr/lib64/libdl.so.2
7f342d3c4000-7f342d3c5000 r--p 00001000 00:24 16857123                   /usr/lib64/libdl.so.2
7f342d3c5000-7f342d3c6000 rw-p 00000000 00:00 0 
7f342d3c6000-7f342d534000 r-xp 00000000 00:24 16857122                   /usr/lib64/libc.so.6
7f342d534000-7f342d5a9000 r--p 0016e000 00:24 16857122                   /usr/lib64/libc.so.6
7f342d5a9000-7f342d5ad000 r--p 001e2000 00:24 16857122                   /usr/lib64/libc.so.6
7f342d5ad000-7f342d5af000 rw-p 001e6000 00:24 16857122                   /usr/lib64/libc.so.6
7f342d5af000-7f342d5b7000 rw-p 00000000 00:00 0 
7f342d5b7000-7f342d5b8000 r-xp 00000000 00:00 0 
7f342d5b8000-7f342d5b9000 r--p 00000000 00:24 62087997                   /home/andreatp/.sdkman/candidates/java/25-tem/lib/libsyslookup.so
7f342d5b9000-7f342d5ba000 r-xp 00001000 00:24 62087997                   /home/andreatp/.sdkman/candidates/java/25-tem/lib/libsyslookup.so
7f342d5ba000-7f342d5bb000 r--p 00002000 00:24 62087997                   /home/andreatp/.sdkman/candidates/java/25-tem/lib/libsyslookup.so
7f342d5bb000-7f342d5bc000 r--p 00002000 00:24 62087997                   /home/andreatp/.sdkman/candidates/java/25-tem/lib/libsyslookup.so
7f342d5bc000-7f342d5bd000 rw-p 00003000 00:24 62087997                   /home/andreatp/.sdkman/candidates/java/25-tem/lib/libsyslookup.so
7f342d5bd000-7f342d5c0000 r--p 00000000 00:24 62088022                   /home/andreatp/.sdkman/candidates/java/25-tem/lib/libmanagement.so
7f342d5c0000-7f342d5c1000 r-xp 00003000 00:24 62088022                   /home/andreatp/.sdkman/candidates/java/25-tem/lib/libmanagement.so
7f342d5c1000-7f342d5c2000 r--p 00004000 00:24 62088022                   /home/andreatp/.sdkman/candidates/java/25-tem/lib/libmanagement.so
7f342d5c2000-7f342d5c3000 r--p 00004000 00:24 62088022                   /home/andreatp/.sdkman/candidates/java/25-tem/lib/libmanagement.so
7f342d5c3000-7f342d5c4000 rw-p 00005000 00:24 62088022                   /home/andreatp/.sdkman/candidates/java/25-tem/lib/libmanagement.so
7f342d5c4000-7f342d5cc000 rw-s 00000000 00:2b 7265                       /tmp/hsperfdata_andreatp/145913
7f342d5cc000-7f342d5cd000 ---p 00000000 00:00 0 
7f342d5cd000-7f342d5ce000 r--p 00000000 00:00 0 
7f342d5ce000-7f342d5cf000 ---p 00000000 00:00 0 
7f342d5cf000-7f342d5d2000 r--p 00000000 00:24 62088010                   /home/andreatp/.sdkman/candidates/java/25-tem/lib/libjli.so
7f342d5d2000-7f342d5e3000 r-xp 00003000 00:24 62088010                   /home/andreatp/.sdkman/candidates/java/25-tem/lib/libjli.so
7f342d5e3000-7f342d5ea000 r--p 00014000 00:24 62088010                   /home/andreatp/.sdkman/candidates/java/25-tem/lib/libjli.so
7f342d5ea000-7f342d5eb000 r--p 0001a000 00:24 62088010                   /home/andreatp/.sdkman/candidates/java/25-tem/lib/libjli.so
7f342d5eb000-7f342d5ec000 rw-p 0001b000 00:24 62088010                   /home/andreatp/.sdkman/candidates/java/25-tem/lib/libjli.so
7f342d5ec000-7f342d5ee000 rw-p 00000000 00:00 0 
7f342d5ee000-7f342d5f2000 r--p 00000000 00:00 0                          [vvar]
7f342d5f2000-7f342d5f4000 r--p 00000000 00:00 0                          [vvar_vclock]
7f342d5f4000-7f342d5f6000 r-xp 00000000 00:00 0                          [vdso]
7f342d5f6000-7f342d620000 r-xp 00000000 00:24 16857119                   /usr/lib64/ld-linux-x86-64.so.2
7f342d620000-7f342d62b000 r--p 0002a000 00:24 16857119                   /usr/lib64/ld-linux-x86-64.so.2
7f342d62b000-7f342d62d000 r--p 00035000 00:24 16857119                   /usr/lib64/ld-linux-x86-64.so.2
7f342d62d000-7f342d62e000 rw-p 00037000 00:24 16857119                   /usr/lib64/ld-linux-x86-64.so.2
7f342d62e000-7f342d62f000 rw-p 00000000 00:00 0 
7ffc550d4000-7ffc550f6000 rw-p 00000000 00:00 0                          [stack]
ffffffffff600000-ffffffffff601000 --xp 00000000 00:00 0                  [vsyscall]
Total number of mappings: 339

JVMTI agents: none


VM Arguments:
jvm_args: --enable-preview --enable-native-access=ALL-UNNAMED 
java_command: /home/andreatp/workspace/chicory2/cranelift-compiler/target/surefire/surefirebooter-20260311190546695_3.jar /home/andreatp/workspace/chicory2/cranelift-compiler/target/surefire 2026-03-11T19-05-46_622-jvmRun1 surefire-20260311190546695_1tmp surefire_0-20260311190546695_2tmp
java_class_path (initial): /home/andreatp/workspace/chicory2/cranelift-compiler/target/surefire/surefirebooter-20260311190546695_3.jar
Launcher Type: SUN_STANDARD

[Global flags]
     intx CICompilerCount                          = 12                                        {product} {ergonomic}
     uint ConcGCThreads                            = 3                                         {product} {ergonomic}
     uint G1ConcRefinementThreads                  = 13                                        {product} {ergonomic}
   size_t G1HeapRegionSize                         = 8388608                                   {product} {ergonomic}
   size_t InitialHeapSize                          = 1048576000                                {product} {ergonomic}
   size_t MarkStackSize                            = 4194304                                   {product} {ergonomic}
   size_t MarkStackSizeMax                         = 536870912                                 {product} {ergonomic}
   size_t MaxHeapSize                              = 16777216000                               {product} {ergonomic}
   size_t MaxNewSize                               = 10066329600                               {product} {ergonomic}
   size_t MinHeapDeltaBytes                        = 8388608                                   {product} {ergonomic}
   size_t MinHeapSize                              = 8388608                                   {product} {ergonomic}
    uintx NonNMethodCodeHeapSize                   = 7602176                                {pd product} {ergonomic}
    uintx NonProfiledCodeHeapSize                  = 122032128                              {pd product} {ergonomic}
    uintx ProfiledCodeHeapSize                     = 122023936                              {pd product} {ergonomic}
    uintx ReservedCodeCacheSize                    = 251658240                              {pd product} {ergonomic}
     bool SegmentedCodeCache                       = true                                      {product} {ergonomic}
   size_t SoftMaxHeapSize                          = 16777216000                            {manageable} {ergonomic}
     bool UseCompressedOops                        = true                           {product lp64_product} {ergonomic}
     bool UseG1GC                                  = true                                      {product} {ergonomic}

Logging:
Log output configuration:
 #0: stdout all=warning uptime,level,tags foldmultilines=false
 #1: stderr all=off uptime,level,tags foldmultilines=false

Release file:
IMPLEMENTOR="Eclipse Adoptium"
IMPLEMENTOR_VERSION="Temurin-25+36"
JAVA_RUNTIME_VERSION="25+36-LTS"
JAVA_VERSION="25"
JAVA_VERSION_DATE="2025-09-16"
LIBC="gnu"
MODULES="java.base java.compiler java.datatransfer java.xml java.prefs java.desktop java.instrument java.logging java.management java.security.sasl java.naming java.rmi java.management.rmi java.net.http java.scripting java.security.jgss java.transaction.xa java.sql java.sql.rowset java.xml.crypto java.se java.smartcardio jdk.accessibility jdk.internal.jvmstat jdk.attach jdk.charsets jdk.internal.opt jdk.zipfs jdk.compiler jdk.crypto.cryptoki jdk.crypto.ec jdk.dynalink jdk.internal.ed jdk.editpad jdk.internal.vm.ci jdk.graal.compiler jdk.graal.compiler.management jdk.hotspot.agent jdk.httpserver jdk.incubator.vector jdk.internal.le jdk.internal.md jdk.jartool jdk.javadoc jdk.jcmd jdk.management jdk.management.agent jdk.jconsole jdk.jdeps jdk.jdwp.agent jdk.jdi jdk.jfr jdk.jlink jdk.jpackage jdk.jshell jdk.jsobject jdk.jstatd jdk.localedata jdk.management.jfr jdk.naming.dns jdk.naming.rmi jdk.net jdk.nio.mapmode jdk.sctp jdk.security.auth jdk.security.jgss jdk.unsupported jdk.unsupported.desktop jdk.xml.dom"
OS_ARCH="x86_64"
OS_NAME="Linux"
SOURCE=".:git:ef82ae723551"
BUILD_SOURCE="git:b7337f50fb2a765519e79674ae790c2a7450149e"
BUILD_SOURCE_REPO="https://github.com/adoptium/temurin-build.git"
SOURCE_REPO="https://github.com/adoptium/jdk.git"
FULL_VERSION="25+36-LTS"
SEMANTIC_VERSION="25+36"
BUILD_INFO="OS: Linux Version: 6.8.0-1031-azure"
JVM_VARIANT="Hotspot"
JVM_VERSION="25+36-LTS"
IMAGE_TYPE="JDK"

Environment Variables:
JAVA_HOME=/home/andreatp/.sdkman/candidates/java/current
PATH=/home/andreatp/.jbang/bin:/home/andreatp/Downloads/google-cloud-sdk/bin:/home/andreatp/.pyenv/shims:/home/andreatp/.pyenv/bin:/home/andreatp/.nvm/versions/node/v24.2.0/bin:/home/andreatp/.sdkman/candidates/visualvm/current/bin:/home/andreatp/.sdkman/candidates/sbt/current/bin:/home/andreatp/.sdkman/candidates/maven/current/bin:/home/andreatp/.sdkman/candidates/jbang/current/bin:/home/andreatp/.sdkman/candidates/java/current/bin:/home/andreatp/.sdkman/candidates/gradle/current/bin:/home/andreatp/.local/share/swiftly/bin:/home/andreatp/.local/bin:/home/andreatp/.cargo/bin:/usr/local/bin:/usr/bin:/var/lib/snapd/snap/bin:/home/andreatp/.rvm/bin:/usr/local/go/bin:/home/andreatp/.wasmtime/bin:/home/andreatp/.cargo/bin:/home/andreatp/.rvm/bin
USERNAME=andreatp
SHELL=/usr/bin/zsh
DISPLAY=:0
LANG=en_US.UTF-8
TERM=dumb

Active Locale:
LC_ALL=en_US.UTF-8
LC_COLLATE=en_US.UTF-8
LC_CTYPE=en_US.UTF-8
LC_MESSAGES=en_US.UTF-8
LC_MONETARY=en_US.UTF-8
LC_NUMERIC=en_US.UTF-8
LC_TIME=en_US.UTF-8

Signal Handlers:
   SIGSEGV: crash_handler in libjvm.so, mask=11100100010111111101111111111110, flags=SA_RESTART|SA_SIGINFO, unblocked
    SIGBUS: crash_handler in libjvm.so, mask=11100100010111111101111111111110, flags=SA_RESTART|SA_SIGINFO, unblocked
    SIGFPE: crash_handler in libjvm.so, mask=11100100010111111101111111111110, flags=SA_RESTART|SA_SIGINFO, unblocked
   SIGPIPE: javaSignalHandler in libjvm.so, mask=11100100010111111101111111111110, flags=SA_RESTART|SA_SIGINFO, blocked
   SIGXFSZ: javaSignalHandler in libjvm.so, mask=11100100010111111101111111111110, flags=SA_RESTART|SA_SIGINFO, blocked
    SIGILL: crash_handler in libjvm.so, mask=11100100010111111101111111111110, flags=SA_RESTART|SA_SIGINFO, unblocked
   SIGUSR2: SR_handler in libjvm.so, mask=00000000000000000000000000000000, flags=SA_RESTART|SA_SIGINFO, blocked
    SIGHUP: UserHandler in libjvm.so, mask=11100100010111111101111111111110, flags=SA_RESTART|SA_SIGINFO, blocked
    SIGINT: UserHandler in libjvm.so, mask=11100100010111111101111111111110, flags=SA_RESTART|SA_SIGINFO, blocked
   SIGTERM: UserHandler in libjvm.so, mask=11100100010111111101111111111110, flags=SA_RESTART|SA_SIGINFO, blocked
   SIGQUIT: UserHandler in libjvm.so, mask=11100100010111111101111111111110, flags=SA_RESTART|SA_SIGINFO, blocked
   SIGTRAP: crash_handler in libjvm.so, mask=11100100010111111101111111111110, flags=SA_RESTART|SA_SIGINFO, unblocked


Compilation memory statistics disabled.

Periodic native trim disabled

---------------  S Y S T E M  ---------------

OS:
Fedora release 42 (Adams)
uname: Linux 6.18.8-100.fc42.x86_64 #1 SMP PREEMPT_DYNAMIC Fri Jan 30 19:22:23 UTC 2026 x86_64
OS uptime: 0 days 9:07 hours
libc: glibc 2.41 NPTL 2.41 
rlimit (soft/hard): STACK 12500k/infinity , CORE infinity/infinity , NPROC 255769/255769 , NOFILE 524288/524288 , AS infinity/infinity , CPU infinity/infinity , DATA infinity/infinity , FSIZE infinity/infinity , MEMLOCK 8192k/8192k
load average: 8.64 5.65 2.73

/proc/meminfo:
MemTotal:       65528664 kB
MemFree:        12355824 kB
MemAvailable:   38126480 kB
Buffers:           15960 kB
Cached:         30282760 kB
SwapCached:            0 kB
Active:         28229268 kB
Inactive:       17941944 kB
Active(anon):   21098712 kB
Inactive(anon):        0 kB
Active(file):    7130556 kB
Inactive(file): 17941944 kB
Unevictable:     4004652 kB
Mlocked:            5816 kB
SwapTotal:       8388604 kB
SwapFree:        8388604 kB
Zswap:                 0 kB
Zswapped:              0 kB
Dirty:             15256 kB
Writeback:             0 kB
AnonPages:      19877804 kB
Mapped:          2287740 kB
Shmem:           5221388 kB
KReclaimable:    1425484 kB
Slab:            2227868 kB
SReclaimable:    1425484 kB
SUnreclaim:       802384 kB
KernelStack:       58640 kB
PageTables:       222424 kB
SecPageTables:      4188 kB
NFS_Unstable:          0 kB
Bounce:                0 kB
WritebackTmp:          0 kB
CommitLimit:    41152936 kB
Committed_AS:   109165220 kB
VmallocTotal:   34359738367 kB
VmallocUsed:      189692 kB
VmallocChunk:          0 kB
Percpu:            15360 kB
HardwareCorrupted:     0 kB
AnonHugePages:         0 kB
ShmemHugePages:  3926016 kB
ShmemPmdMapped:        0 kB
FileHugePages:         0 kB
FilePmdMapped:         0 kB
CmaTotal:              0 kB
CmaFree:               0 kB
Unaccepted:            0 kB
Balloon:               0 kB
HugePages_Total:       0
HugePages_Free:        0
HugePages_Rsvd:        0
HugePages_Surp:        0
Hugepagesize:       2048 kB
Hugetlb:               0 kB
DirectMap4k:      452032 kB
DirectMap2M:    16021504 kB
DirectMap1G:    51380224 kB

/sys/kernel/mm/transparent_hugepage/enabled: always [madvise] never
/sys/kernel/mm/transparent_hugepage/hpage_pmd_size: 2097152
/sys/kernel/mm/transparent_hugepage/shmem_enabled: always within_size advise [never] deny force
/sys/kernel/mm/transparent_hugepage/defrag (defrag/compaction efforts parameter): always defer defer+madvise [madvise] never

Process Memory:
Virtual Size: 21407348K (peak: 21471404K)
Resident Set Size: 648232K (peak: 1542372K) (anon: 621472K, file: 26728K, shmem: 32K)
Swapped out: 0K
C-Heap outstanding allocations: 165183K, retained: 236352K
glibc malloc tunables: (default)

/proc/sys/kernel/threads-max (system-wide limit on the number of threads): 511538
/proc/sys/vm/max_map_count (maximum number of memory map areas a process may have): 1048576
/proc/sys/vm/swappiness (control to define how aggressively the kernel swaps out anonymous memory): 60
/proc/sys/kernel/pid_max (system-wide limit on number of process identifiers): 4194304

container information not found.
Steal ticks since vm start: 0
Steal ticks percentage since vm start:  0.000

CPU: total 16 (initial active 16) (8 cores per cpu, 2 threads per core) family 6 model 141 stepping 1 microcode 0x58, cx8, cmov, fxsr, ht, mmx, 3dnowpref, sse, sse2, sse3, ssse3, sse4.1, sse4.2, popcnt, lzcnt, tsc, tscinvbit, avx, avx2, aes, erms, clmul, bmi1, bmi2, adx, avx512f, avx512dq, avx512cd, avx512bw, avx512vl, sha, fma, vzeroupper, avx512_vpopcntdq, avx512_vpclmulqdq, avx512_vaes, avx512_vnni, clflush, clflushopt, clwb, avx512_vbmi2, avx512_vbmi, rdtscp, rdpid, fsrm, gfni, avx512_bitalg, f16c, pku, ospke, cet_ibt, cet_ss, avx512_ifma
CPU Model and flags from /proc/cpuinfo:
model name	: 11th Gen Intel(R) Core(TM) i7-11850H @ 2.50GHz
flags		: fpu vme de pse tsc msr pae mce cx8 apic sep mtrr pge mca cmov pat pse36 clflush dts acpi mmx fxsr sse sse2 ss ht tm pbe syscall nx pdpe1gb rdtscp lm constant_tsc art arch_perfmon pebs bts rep_good nopl xtopology nonstop_tsc cpuid aperfmperf tsc_known_freq pni pclmulqdq dtes64 monitor ds_cpl vmx smx est tm2 ssse3 sdbg fma cx16 xtpr pdcm pcid sse4_1 sse4_2 x2apic movbe popcnt tsc_deadline_timer aes xsave avx f16c rdrand lahf_lm abm 3dnowprefetch cpuid_fault epb cat_l2 cdp_l2 ssbd ibrs ibpb stibp ibrs_enhanced tpr_shadow flexpriority ept vpid ept_ad fsgsbase tsc_adjust bmi1 avx2 smep bmi2 erms invpcid rdt_a avx512f avx512dq rdseed adx smap avx512ifma clflushopt clwb intel_pt avx512cd sha_ni avx512bw avx512vl xsaveopt xsavec xgetbv1 xsaves split_lock_detect user_shstk dtherm ida arat pln pts hwp hwp_notify hwp_act_window hwp_epp hwp_pkg_req vnmi avx512vbmi umip pku ospke avx512_vbmi2 gfni vaes vpclmulqdq avx512_vnni avx512_bitalg avx512_vpopcntdq rdpid movdiri movdir64b fsrm avx512_vp2intersect md_clear ibt flush_l1d arch_capabilities

Online cpus: 0-15
Offline cpus: 
BIOS frequency limitation: <Not Available>
Frequency switch latency (ns): 0
Available cpu frequencies: <Not Available>
Current governor: powersave
Core performance/turbo boost: <Not Available>

Memory: 4k page, physical 65528664k(38126480k free), swap 8388604k(8388604k free)
Page Sizes: 4k

vm_info: OpenJDK 64-Bit Server VM (25+36-LTS) for linux-amd64 JRE (25+36-LTS), built on 2025-09-16T00:00:00Z with gcc 14.2.0

END.
