#
# A fatal error has been detected by the Java Runtime Environment:
#
#  SIGSEGV (0xb) at pc=0x00007f1020008034, pid=146967, tid=146969
#
# JRE version: OpenJDK Runtime Environment Temurin-25+36 (25.0+36) (build 25+36-LTS)
# Java VM: OpenJDK 64-Bit Server VM Temurin-25+36 (25+36-LTS, mixed mode, sharing, tiered, compressed oops, compressed class ptrs, g1 gc, linux-amd64)
# Problematic frame:
# C  0x00007f1020008034
#
# Core dump will be written. Default location: Core dumps may be processed with "/usr/lib/systemd/systemd-coredump %P %u %g %s %t %c %h %d %F" (or dumping to /home/andreatp/workspace/chicory2/cranelift-compiler/core.146967)
#
# If you would like to submit a bug report, please visit:
#   https://github.com/adoptium/adoptium-support/issues
# The crash happened outside the Java Virtual Machine in native code.
# See problematic frame for where to report the bug.
#

---------------  S U M M A R Y ------------

Command Line: --enable-preview --enable-native-access=ALL-UNNAMED /home/andreatp/workspace/chicory2/cranelift-compiler/target/surefire/surefirebooter-20260311190913663_3.jar /home/andreatp/workspace/chicory2/cranelift-compiler/target/surefire 2026-03-11T19-09-13_597-jvmRun1 surefire-20260311190913663_1tmp surefire_0-20260311190913663_2tmp

Host: 11th Gen Intel(R) Core(TM) i7-11850H @ 2.50GHz, 16 cores, 62G, Fedora release 42 (Adams)
Time: Wed Mar 11 19:09:32 2026 WET elapsed time: 18.924015 seconds (0d 0h 0m 18s)

---------------  T H R E A D  ---------------

Current thread (0x00007f105c02b810):  JavaThread "main"             [_thread_in_native, id=146969, stack(0x00007f1061011000,0x00007f1061111000) (1024K)]

Stack: [0x00007f1061011000,0x00007f1061111000],  sp=0x00007f106110d5b0,  free space=1009k
Native frames: (J=compiled Java code, j=interpreted, Vv=VM code, C=native code)
C  0x00007f1020008034
v  ~RuntimeStub::nep_invoker_blob 0x00007f104bbcbb1d
j  java.lang.invoke.LambdaForm$MH+0x00000000071ae400.invoke(Ljava/lang/Object;JJJ)V+12 java.base@25
j  java.lang.invoke.LambdaForm$MH+0x00000000071b8800.invokeExact_MT(Ljava/lang/Object;JJJLjava/lang/Object;)V+23 java.base@25
j  jdk.internal.foreign.abi.DowncallStub+0x00000000071ae800.invoke(Ljava/lang/foreign/SegmentAllocator;Ljava/lang/foreign/MemorySegment;Ljava/lang/foreign/MemorySegment;Ljava/lang/foreign/MemorySegment;)V+113 java.base@25
j  java.lang.invoke.DirectMethodHandle$Holder.invokeStatic(Ljava/lang/Object;Ljava/lang/Object;Ljava/lang/Object;Ljava/lang/Object;Ljava/lang/Object;)V+16 java.base@25
j  java.lang.invoke.LambdaForm$MH+0x00000000071b8000.invoke(Ljava/lang/Object;Ljava/lang/Object;Ljava/lang/Object;)Ljava/lang/Object;+76 java.base@25
J 7642 c1 java.lang.invoke.LambdaForm$MH+0x00000000071b5800.invoke(Ljava/lang/Object;Ljava/lang/Object;Ljava/lang/Object;)Ljava/lang/Object; java.base@25 (56 bytes) @ 0x00007f1045cad7f4 [0x00007f1045cacd80+0x0000000000000a74]
J 9015 c1 java.lang.invoke.MethodHandle.invokeWithArguments([Ljava/lang/Object;)Ljava/lang/Object; java.base@25 (32 bytes) @ 0x00007f104460937c [0x00007f1044608c80+0x00000000000006fc]
J 8571 c1 com.dylibso.chicory.cranelift.compiler.NativeMachine.call(I[J)[J (669 bytes) @ 0x00007f1045f2c854 [0x00007f1045f27200+0x0000000000005654]
J 5978 c2 com.dylibso.chicory.runtime.Instance$Exports$$Lambda+0x000000000712a940.apply([J)[J (13 bytes) @ 0x00007f104c38a8fc [0x00007f104c38a680+0x000000000000027c]
j  com.dylibso.chicory.test.gen.SpecV1MemoryGrowTest.lambda$test4$0(Lcom/dylibso/chicory/runtime/ExportFunction;)V+7
j  com.dylibso.chicory.test.gen.SpecV1MemoryGrowTest$$Lambda+0x00000000072988c0.execute()V+4
J 7202 c1 org.junit.jupiter.api.AssertThrows.assertThrows(Ljava/lang/Class;Lorg/junit/jupiter/api/function/Executable;Ljava/lang/Object;)Ljava/lang/Throwable; (85 bytes) @ 0x00007f1045b65efc [0x00007f1045b65e00+0x00000000000000fc]
J 7200 c1 org.junit.jupiter.api.Assertions.assertThrows(Ljava/lang/Class;Lorg/junit/jupiter/api/function/Executable;)Ljava/lang/Throwable; (6 bytes) @ 0x00007f1045b6589c [0x00007f1045b65800+0x000000000000009c]
j  com.dylibso.chicory.test.gen.SpecV1MemoryGrowTest.test4()V+20
J 8321 c2 java.lang.invoke.LambdaForm$DMH+0x00000000070fc000.invokeVirtual(Ljava/lang/Object;Ljava/lang/Object;)V java.base@25 (14 bytes) @ 0x00007f104c5f3a40 [0x00007f104c5f3a00+0x0000000000000040]
J 8239 c2 java.lang.invoke.LambdaForm$MH+0x00000000070fc800.invoke(Ljava/lang/Object;Ljava/lang/Object;)Ljava/lang/Object; java.base@25 (36 bytes) @ 0x00007f104c5b8a74 [0x00007f104c5b8a00+0x0000000000000074]
J 8100 c2 org.junit.jupiter.engine.execution.InvocationInterceptorChain$InterceptedInvocation.proceed()Ljava/lang/Object; (18 bytes) @ 0x00007f104c57a120 [0x00007f104c579380+0x0000000000000da0]
J 8143 c2 org.junit.jupiter.engine.execution.InvocationInterceptorChain.invoke(Lorg/junit/jupiter/api/extension/InvocationInterceptor$Invocation;Lorg/junit/jupiter/engine/extension/ExtensionRegistry;Lorg/junit/jupiter/engine/execution/InvocationInterceptorChain$InterceptorCall;)Ljava/lang/Object; (35 bytes) @ 0x00007f104c58ba88 [0x00007f104c58b000+0x0000000000000a88]
J 8236 c2 org.junit.jupiter.engine.descriptor.TestMethodTestDescriptor.execute(Lorg/junit/platform/engine/support/hierarchical/EngineExecutionContext;Lorg/junit/platform/engine/support/hierarchical/Node$DynamicTestExecutor;)Lorg/junit/platform/engine/support/hierarchical/EngineExecutionContext; (10 bytes) @ 0x00007f104c5b5c68 [0x00007f104c5b5480+0x00000000000007e8]
J 8266 c2 org.junit.platform.engine.support.hierarchical.SameThreadHierarchicalTestExecutorService$$Lambda+0x00000000070e3100.accept(Ljava/lang/Object;)V (10 bytes) @ 0x00007f104c614064 [0x00007f104c611c80+0x00000000000023e4]
J 2403 c2 java.util.ArrayList.forEach(Ljava/util/function/Consumer;)V java.base@25 (74 bytes) @ 0x00007f104c0a6164 [0x00007f104c0a6080+0x00000000000000e4]
j  org.junit.platform.engine.support.hierarchical.SameThreadHierarchicalTestExecutorService.invokeAll(Ljava/util/List;)V+6
J 8266 c2 org.junit.platform.engine.support.hierarchical.SameThreadHierarchicalTestExecutorService$$Lambda+0x00000000070e3100.accept(Ljava/lang/Object;)V (10 bytes) @ 0x00007f104c615a6c [0x00007f104c611c80+0x0000000000003dec]
J 2403 c2 java.util.ArrayList.forEach(Ljava/util/function/Consumer;)V java.base@25 (74 bytes) @ 0x00007f104c0a6164 [0x00007f104c0a6080+0x00000000000000e4]
j  org.junit.platform.engine.support.hierarchical.SameThreadHierarchicalTestExecutorService.invokeAll(Ljava/util/List;)V+6
j  org.junit.platform.engine.support.hierarchical.NodeTestTask.lambda$executeRecursively$6()V+116
j  org.junit.platform.engine.support.hierarchical.NodeTestTask$$Lambda+0x00000000070e25c0.execute()V+4
j  org.junit.platform.engine.support.hierarchical.ThrowableCollector.execute(Lorg/junit/platform/engine/support/hierarchical/ThrowableCollector$Executable;)V+1
j  org.junit.platform.engine.support.hierarchical.NodeTestTask.lambda$executeRecursively$8(Lorg/junit/platform/engine/support/hierarchical/EngineExecutionContext;)V+15
j  org.junit.platform.engine.support.hierarchical.NodeTestTask$$Lambda+0x00000000070e2390.invoke(Lorg/junit/platform/engine/support/hierarchical/EngineExecutionContext;)V+5
j  org.junit.platform.engine.support.hierarchical.Node.around(Lorg/junit/platform/engine/support/hierarchical/EngineExecutionContext;Lorg/junit/platform/engine/support/hierarchical/Node$Invocation;)V+2
j  org.junit.platform.engine.support.hierarchical.NodeTestTask.lambda$executeRecursively$9()V+14
j  org.junit.platform.engine.support.hierarchical.NodeTestTask$$Lambda+0x00000000070e2160.execute()V+4
j  org.junit.platform.engine.support.hierarchical.ThrowableCollector.execute(Lorg/junit/platform/engine/support/hierarchical/ThrowableCollector$Executable;)V+1
j  org.junit.platform.engine.support.hierarchical.NodeTestTask.executeRecursively()V+31
j  org.junit.platform.engine.support.hierarchical.NodeTestTask.execute()V+55
j  org.junit.platform.engine.support.hierarchical.SameThreadHierarchicalTestExecutorService.submit(Lorg/junit/platform/engine/support/hierarchical/HierarchicalTestExecutorService$TestTask;)Ljava/util/concurrent/Future;+1
j  org.junit.platform.engine.support.hierarchical.HierarchicalTestExecutor.execute()Ljava/util/concurrent/Future;+74
j  org.junit.platform.engine.support.hierarchical.HierarchicalTestEngine.execute(Lorg/junit/platform/engine/ExecutionRequest;)V+31
j  org.junit.platform.launcher.core.EngineExecutionOrchestrator.executeEngine(Lorg/junit/platform/engine/TestDescriptor;Lorg/junit/platform/engine/EngineExecutionListener;Lorg/junit/platform/engine/ConfigurationParameters;Lorg/junit/platform/engine/TestEngine;Lorg/junit/platform/engine/OutputDirectoryCreator;Lorg/junit/platform/launcher/core/DiscoveryIssueNotifier;Lorg/junit/platform/engine/support/store/NamespacedHierarchicalStore;)V+24
j  org.junit.platform.launcher.core.EngineExecutionOrchestrator.failOrExecuteEngine(Lorg/junit/platform/launcher/core/LauncherDiscoveryResult;Lorg/junit/platform/engine/EngineExecutionListener;Lorg/junit/platform/engine/TestEngine;Lorg/junit/platform/engine/support/store/NamespacedHierarchicalStore;)V+124
j  org.junit.platform.launcher.core.EngineExecutionOrchestrator.execute(Lorg/junit/platform/launcher/core/LauncherDiscoveryResult;Lorg/junit/platform/engine/EngineExecutionListener;Lorg/junit/platform/engine/support/store/NamespacedHierarchicalStore;)V+68
j  org.junit.platform.launcher.core.EngineExecutionOrchestrator.execute(Lorg/junit/platform/launcher/core/InternalTestPlan;Lorg/junit/platform/engine/EngineExecutionListener;Lorg/junit/platform/launcher/TestExecutionListener;Lorg/junit/platform/engine/support/store/NamespacedHierarchicalStore;)V+57
j  org.junit.platform.launcher.core.EngineExecutionOrchestrator.lambda$execute$0(Lorg/junit/platform/launcher/core/InternalTestPlan;Lorg/junit/platform/engine/support/store/NamespacedHierarchicalStore;Lorg/junit/platform/launcher/TestExecutionListener;)V+7
j  org.junit.platform.launcher.core.EngineExecutionOrchestrator$$Lambda+0x00000000070d16e0.accept(Ljava/lang/Object;)V+16
j  org.junit.platform.launcher.core.EngineExecutionOrchestrator.withInterceptedStreams(Lorg/junit/platform/engine/ConfigurationParameters;Lorg/junit/platform/launcher/core/ListenerRegistry;Ljava/util/function/Consumer;)V+51
j  org.junit.platform.launcher.core.EngineExecutionOrchestrator.execute(Lorg/junit/platform/launcher/core/InternalTestPlan;Lorg/junit/platform/engine/support/store/NamespacedHierarchicalStore;[Lorg/junit/platform/launcher/TestExecutionListener;)V+26
j  org.junit.platform.launcher.core.DefaultLauncher.execute(Lorg/junit/platform/launcher/core/InternalTestPlan;[Lorg/junit/platform/launcher/TestExecutionListener;)V+12
j  org.junit.platform.launcher.core.DefaultLauncher.execute(Lorg/junit/platform/launcher/LauncherDiscoveryRequest;[Lorg/junit/platform/launcher/TestExecutionListener;)V+34
j  org.junit.platform.launcher.core.DelegatingLauncher.execute(Lorg/junit/platform/launcher/LauncherDiscoveryRequest;[Lorg/junit/platform/launcher/TestExecutionListener;)V+6
j  org.junit.platform.launcher.core.InterceptingLauncher.lambda$execute$1(Lorg/junit/platform/launcher/LauncherDiscoveryRequest;[Lorg/junit/platform/launcher/TestExecutionListener;)Ljava/lang/Object;+3
j  org.junit.platform.launcher.core.InterceptingLauncher$$Lambda+0x00000000070d14b0.proceed()Ljava/lang/Object;+12
j  org.junit.platform.launcher.core.ClasspathAlignmentCheckingLauncherInterceptor.intercept(Lorg/junit/platform/launcher/LauncherInterceptor$Invocation;)Ljava/lang/Object;+1
j  org.junit.platform.launcher.core.InterceptingLauncher.execute(Lorg/junit/platform/launcher/LauncherDiscoveryRequest;[Lorg/junit/platform/launcher/TestExecutionListener;)V+12
j  org.junit.platform.launcher.core.DelegatingLauncher.execute(Lorg/junit/platform/launcher/LauncherDiscoveryRequest;[Lorg/junit/platform/launcher/TestExecutionListener;)V+6
j  org.apache.maven.surefire.junitplatform.LauncherAdapter.executeWithoutCancellationToken(Lorg/junit/platform/launcher/LauncherDiscoveryRequest;[Lorg/junit/platform/launcher/TestExecutionListener;)V+6
j  org.apache.maven.surefire.junitplatform.LauncherAdapter.execute(Lorg/junit/platform/launcher/LauncherDiscoveryRequest;[Lorg/junit/platform/launcher/TestExecutionListener;)V+10
j  org.apache.maven.surefire.junitplatform.JUnitPlatformProvider.execute(Lorg/apache/maven/surefire/junitplatform/LauncherAdapter;Lorg/apache/maven/surefire/api/util/TestsToRun;Lorg/apache/maven/surefire/junitplatform/RunListenerAdapter;)V+61
j  org.apache.maven.surefire.junitplatform.JUnitPlatformProvider.invokeAllTests(Lorg/apache/maven/surefire/junitplatform/LauncherAdapter;Lorg/apache/maven/surefire/api/util/TestsToRun;Lorg/apache/maven/surefire/junitplatform/RunListenerAdapter;)V+36
j  org.apache.maven.surefire.junitplatform.JUnitPlatformProvider.invoke(Ljava/lang/Object;)Lorg/apache/maven/surefire/api/suite/RunResult;+144
j  org.apache.maven.surefire.booter.ForkedBooter.runSuitesInProcess()V+8
j  org.apache.maven.surefire.booter.ForkedBooter.execute()V+1
j  org.apache.maven.surefire.booter.ForkedBooter.run(Lorg/apache/maven/surefire/booter/ForkedBooter;[Ljava/lang/String;)V+27
j  org.apache.maven.surefire.booter.ForkedBooter.main([Ljava/lang/String;)V+10
v  ~StubRoutines::call_stub 0x00007f104b85ffa6
V  [libjvm.so+0xa21400]  JavaCalls::call_helper(JavaValue*, methodHandle const&, JavaCallArguments*, JavaThread*)+0x2b0
V  [libjvm.so+0xaeae76]  jni_invoke_static(JNIEnv_*, JavaValue*, _jobject*, JNICallType, _jmethodID*, JNI_ArgumentPusher*, JavaThread*) [clone .constprop.1]+0x396
V  [libjvm.so+0xaedd31]  jni_CallStaticVoidMethod+0x161
C  [libjli.so+0xa73a]  invokeStaticMainWithArgs+0x4a
C  [libjli.so+0xb7c0]  JavaMain+0xeb0
C  [libjli.so+0xed49]  ThreadJavaMain+0x9
C  [libc.so.6+0x71f14]  start_thread+0x2e4
Java frames: (J=compiled Java code, j=interpreted, Vv=VM code)
v  ~RuntimeStub::nep_invoker_blob 0x00007f104bbcbae4
j  java.lang.invoke.LambdaForm$MH+0x00000000071ae400.invoke(Ljava/lang/Object;JJJ)V+12 java.base@25
j  java.lang.invoke.LambdaForm$MH+0x00000000071b8800.invokeExact_MT(Ljava/lang/Object;JJJLjava/lang/Object;)V+23 java.base@25
j  jdk.internal.foreign.abi.DowncallStub+0x00000000071ae800.invoke(Ljava/lang/foreign/SegmentAllocator;Ljava/lang/foreign/MemorySegment;Ljava/lang/foreign/MemorySegment;Ljava/lang/foreign/MemorySegment;)V+113 java.base@25
j  java.lang.invoke.DirectMethodHandle$Holder.invokeStatic(Ljava/lang/Object;Ljava/lang/Object;Ljava/lang/Object;Ljava/lang/Object;Ljava/lang/Object;)V+16 java.base@25
j  java.lang.invoke.LambdaForm$MH+0x00000000071b8000.invoke(Ljava/lang/Object;Ljava/lang/Object;Ljava/lang/Object;)Ljava/lang/Object;+76 java.base@25
J 7642 c1 java.lang.invoke.LambdaForm$MH+0x00000000071b5800.invoke(Ljava/lang/Object;Ljava/lang/Object;Ljava/lang/Object;)Ljava/lang/Object; java.base@25 (56 bytes) @ 0x00007f1045cad7f4 [0x00007f1045cacd80+0x0000000000000a74]
J 9015 c1 java.lang.invoke.MethodHandle.invokeWithArguments([Ljava/lang/Object;)Ljava/lang/Object; java.base@25 (32 bytes) @ 0x00007f104460937c [0x00007f1044608c80+0x00000000000006fc]
J 8571 c1 com.dylibso.chicory.cranelift.compiler.NativeMachine.call(I[J)[J (669 bytes) @ 0x00007f1045f2c854 [0x00007f1045f27200+0x0000000000005654]
J 5978 c2 com.dylibso.chicory.runtime.Instance$Exports$$Lambda+0x000000000712a940.apply([J)[J (13 bytes) @ 0x00007f104c38a8fc [0x00007f104c38a680+0x000000000000027c]
j  com.dylibso.chicory.test.gen.SpecV1MemoryGrowTest.lambda$test4$0(Lcom/dylibso/chicory/runtime/ExportFunction;)V+7
j  com.dylibso.chicory.test.gen.SpecV1MemoryGrowTest$$Lambda+0x00000000072988c0.execute()V+4
J 7202 c1 org.junit.jupiter.api.AssertThrows.assertThrows(Ljava/lang/Class;Lorg/junit/jupiter/api/function/Executable;Ljava/lang/Object;)Ljava/lang/Throwable; (85 bytes) @ 0x00007f1045b65efc [0x00007f1045b65e00+0x00000000000000fc]
J 7200 c1 org.junit.jupiter.api.Assertions.assertThrows(Ljava/lang/Class;Lorg/junit/jupiter/api/function/Executable;)Ljava/lang/Throwable; (6 bytes) @ 0x00007f1045b6589c [0x00007f1045b65800+0x000000000000009c]
j  com.dylibso.chicory.test.gen.SpecV1MemoryGrowTest.test4()V+20
J 8321 c2 java.lang.invoke.LambdaForm$DMH+0x00000000070fc000.invokeVirtual(Ljava/lang/Object;Ljava/lang/Object;)V java.base@25 (14 bytes) @ 0x00007f104c5f3a40 [0x00007f104c5f3a00+0x0000000000000040]
J 8239 c2 java.lang.invoke.LambdaForm$MH+0x00000000070fc800.invoke(Ljava/lang/Object;Ljava/lang/Object;)Ljava/lang/Object; java.base@25 (36 bytes) @ 0x00007f104c5b8a74 [0x00007f104c5b8a00+0x0000000000000074]
J 8100 c2 org.junit.jupiter.engine.execution.InvocationInterceptorChain$InterceptedInvocation.proceed()Ljava/lang/Object; (18 bytes) @ 0x00007f104c57a120 [0x00007f104c579380+0x0000000000000da0]
J 8143 c2 org.junit.jupiter.engine.execution.InvocationInterceptorChain.invoke(Lorg/junit/jupiter/api/extension/InvocationInterceptor$Invocation;Lorg/junit/jupiter/engine/extension/ExtensionRegistry;Lorg/junit/jupiter/engine/execution/InvocationInterceptorChain$InterceptorCall;)Ljava/lang/Object; (35 bytes) @ 0x00007f104c58ba88 [0x00007f104c58b000+0x0000000000000a88]
J 8236 c2 org.junit.jupiter.engine.descriptor.TestMethodTestDescriptor.execute(Lorg/junit/platform/engine/support/hierarchical/EngineExecutionContext;Lorg/junit/platform/engine/support/hierarchical/Node$DynamicTestExecutor;)Lorg/junit/platform/engine/support/hierarchical/EngineExecutionContext; (10 bytes) @ 0x00007f104c5b5c68 [0x00007f104c5b5480+0x00000000000007e8]
J 8266 c2 org.junit.platform.engine.support.hierarchical.SameThreadHierarchicalTestExecutorService$$Lambda+0x00000000070e3100.accept(Ljava/lang/Object;)V (10 bytes) @ 0x00007f104c614064 [0x00007f104c611c80+0x00000000000023e4]
J 2403 c2 java.util.ArrayList.forEach(Ljava/util/function/Consumer;)V java.base@25 (74 bytes) @ 0x00007f104c0a6164 [0x00007f104c0a6080+0x00000000000000e4]
j  org.junit.platform.engine.support.hierarchical.SameThreadHierarchicalTestExecutorService.invokeAll(Ljava/util/List;)V+6
J 8266 c2 org.junit.platform.engine.support.hierarchical.SameThreadHierarchicalTestExecutorService$$Lambda+0x00000000070e3100.accept(Ljava/lang/Object;)V (10 bytes) @ 0x00007f104c615a6c [0x00007f104c611c80+0x0000000000003dec]
J 2403 c2 java.util.ArrayList.forEach(Ljava/util/function/Consumer;)V java.base@25 (74 bytes) @ 0x00007f104c0a6164 [0x00007f104c0a6080+0x00000000000000e4]
j  org.junit.platform.engine.support.hierarchical.SameThreadHierarchicalTestExecutorService.invokeAll(Ljava/util/List;)V+6
j  org.junit.platform.engine.support.hierarchical.NodeTestTask.lambda$executeRecursively$6()V+116
j  org.junit.platform.engine.support.hierarchical.NodeTestTask$$Lambda+0x00000000070e25c0.execute()V+4
j  org.junit.platform.engine.support.hierarchical.ThrowableCollector.execute(Lorg/junit/platform/engine/support/hierarchical/ThrowableCollector$Executable;)V+1
j  org.junit.platform.engine.support.hierarchical.NodeTestTask.lambda$executeRecursively$8(Lorg/junit/platform/engine/support/hierarchical/EngineExecutionContext;)V+15
j  org.junit.platform.engine.support.hierarchical.NodeTestTask$$Lambda+0x00000000070e2390.invoke(Lorg/junit/platform/engine/support/hierarchical/EngineExecutionContext;)V+5
j  org.junit.platform.engine.support.hierarchical.Node.around(Lorg/junit/platform/engine/support/hierarchical/EngineExecutionContext;Lorg/junit/platform/engine/support/hierarchical/Node$Invocation;)V+2
j  org.junit.platform.engine.support.hierarchical.NodeTestTask.lambda$executeRecursively$9()V+14
j  org.junit.platform.engine.support.hierarchical.NodeTestTask$$Lambda+0x00000000070e2160.execute()V+4
j  org.junit.platform.engine.support.hierarchical.ThrowableCollector.execute(Lorg/junit/platform/engine/support/hierarchical/ThrowableCollector$Executable;)V+1
j  org.junit.platform.engine.support.hierarchical.NodeTestTask.executeRecursively()V+31
j  org.junit.platform.engine.support.hierarchical.NodeTestTask.execute()V+55
j  org.junit.platform.engine.support.hierarchical.SameThreadHierarchicalTestExecutorService.submit(Lorg/junit/platform/engine/support/hierarchical/HierarchicalTestExecutorService$TestTask;)Ljava/util/concurrent/Future;+1
j  org.junit.platform.engine.support.hierarchical.HierarchicalTestExecutor.execute()Ljava/util/concurrent/Future;+74
j  org.junit.platform.engine.support.hierarchical.HierarchicalTestEngine.execute(Lorg/junit/platform/engine/ExecutionRequest;)V+31
j  org.junit.platform.launcher.core.EngineExecutionOrchestrator.executeEngine(Lorg/junit/platform/engine/TestDescriptor;Lorg/junit/platform/engine/EngineExecutionListener;Lorg/junit/platform/engine/ConfigurationParameters;Lorg/junit/platform/engine/TestEngine;Lorg/junit/platform/engine/OutputDirectoryCreator;Lorg/junit/platform/launcher/core/DiscoveryIssueNotifier;Lorg/junit/platform/engine/support/store/NamespacedHierarchicalStore;)V+24
j  org.junit.platform.launcher.core.EngineExecutionOrchestrator.failOrExecuteEngine(Lorg/junit/platform/launcher/core/LauncherDiscoveryResult;Lorg/junit/platform/engine/EngineExecutionListener;Lorg/junit/platform/engine/TestEngine;Lorg/junit/platform/engine/support/store/NamespacedHierarchicalStore;)V+124
j  org.junit.platform.launcher.core.EngineExecutionOrchestrator.execute(Lorg/junit/platform/launcher/core/LauncherDiscoveryResult;Lorg/junit/platform/engine/EngineExecutionListener;Lorg/junit/platform/engine/support/store/NamespacedHierarchicalStore;)V+68
j  org.junit.platform.launcher.core.EngineExecutionOrchestrator.execute(Lorg/junit/platform/launcher/core/InternalTestPlan;Lorg/junit/platform/engine/EngineExecutionListener;Lorg/junit/platform/launcher/TestExecutionListener;Lorg/junit/platform/engine/support/store/NamespacedHierarchicalStore;)V+57
j  org.junit.platform.launcher.core.EngineExecutionOrchestrator.lambda$execute$0(Lorg/junit/platform/launcher/core/InternalTestPlan;Lorg/junit/platform/engine/support/store/NamespacedHierarchicalStore;Lorg/junit/platform/launcher/TestExecutionListener;)V+7
j  org.junit.platform.launcher.core.EngineExecutionOrchestrator$$Lambda+0x00000000070d16e0.accept(Ljava/lang/Object;)V+16
j  org.junit.platform.launcher.core.EngineExecutionOrchestrator.withInterceptedStreams(Lorg/junit/platform/engine/ConfigurationParameters;Lorg/junit/platform/launcher/core/ListenerRegistry;Ljava/util/function/Consumer;)V+51
j  org.junit.platform.launcher.core.EngineExecutionOrchestrator.execute(Lorg/junit/platform/launcher/core/InternalTestPlan;Lorg/junit/platform/engine/support/store/NamespacedHierarchicalStore;[Lorg/junit/platform/launcher/TestExecutionListener;)V+26
j  org.junit.platform.launcher.core.DefaultLauncher.execute(Lorg/junit/platform/launcher/core/InternalTestPlan;[Lorg/junit/platform/launcher/TestExecutionListener;)V+12
j  org.junit.platform.launcher.core.DefaultLauncher.execute(Lorg/junit/platform/launcher/LauncherDiscoveryRequest;[Lorg/junit/platform/launcher/TestExecutionListener;)V+34
j  org.junit.platform.launcher.core.DelegatingLauncher.execute(Lorg/junit/platform/launcher/LauncherDiscoveryRequest;[Lorg/junit/platform/launcher/TestExecutionListener;)V+6
j  org.junit.platform.launcher.core.InterceptingLauncher.lambda$execute$1(Lorg/junit/platform/launcher/LauncherDiscoveryRequest;[Lorg/junit/platform/launcher/TestExecutionListener;)Ljava/lang/Object;+3
j  org.junit.platform.launcher.core.InterceptingLauncher$$Lambda+0x00000000070d14b0.proceed()Ljava/lang/Object;+12
j  org.junit.platform.launcher.core.ClasspathAlignmentCheckingLauncherInterceptor.intercept(Lorg/junit/platform/launcher/LauncherInterceptor$Invocation;)Ljava/lang/Object;+1
j  org.junit.platform.launcher.core.InterceptingLauncher.execute(Lorg/junit/platform/launcher/LauncherDiscoveryRequest;[Lorg/junit/platform/launcher/TestExecutionListener;)V+12
j  org.junit.platform.launcher.core.DelegatingLauncher.execute(Lorg/junit/platform/launcher/LauncherDiscoveryRequest;[Lorg/junit/platform/launcher/TestExecutionListener;)V+6
j  org.apache.maven.surefire.junitplatform.LauncherAdapter.executeWithoutCancellationToken(Lorg/junit/platform/launcher/LauncherDiscoveryRequest;[Lorg/junit/platform/launcher/TestExecutionListener;)V+6
j  org.apache.maven.surefire.junitplatform.LauncherAdapter.execute(Lorg/junit/platform/launcher/LauncherDiscoveryRequest;[Lorg/junit/platform/launcher/TestExecutionListener;)V+10
j  org.apache.maven.surefire.junitplatform.JUnitPlatformProvider.execute(Lorg/apache/maven/surefire/junitplatform/LauncherAdapter;Lorg/apache/maven/surefire/api/util/TestsToRun;Lorg/apache/maven/surefire/junitplatform/RunListenerAdapter;)V+61
j  org.apache.maven.surefire.junitplatform.JUnitPlatformProvider.invokeAllTests(Lorg/apache/maven/surefire/junitplatform/LauncherAdapter;Lorg/apache/maven/surefire/api/util/TestsToRun;Lorg/apache/maven/surefire/junitplatform/RunListenerAdapter;)V+36
j  org.apache.maven.surefire.junitplatform.JUnitPlatformProvider.invoke(Ljava/lang/Object;)Lorg/apache/maven/surefire/api/suite/RunResult;+144
j  org.apache.maven.surefire.booter.ForkedBooter.runSuitesInProcess()V+8
j  org.apache.maven.surefire.booter.ForkedBooter.execute()V+1
j  org.apache.maven.surefire.booter.ForkedBooter.run(Lorg/apache/maven/surefire/booter/ForkedBooter;[Ljava/lang/String;)V+27
j  org.apache.maven.surefire.booter.ForkedBooter.main([Ljava/lang/String;)V+10
v  ~StubRoutines::call_stub 0x00007f104b85ffa6

siginfo: si_signo: 11 (SIGSEGV), si_code: 2 (SEGV_ACCERR), si_addr: 0x00007f105d03fea0

Registers:
RAX=0x00007f10010a1ae8, RBX=0x00007f10010a1ae8, RCX=0x00007f105cd545c0, RDX=0x00007f105d02fea0
RSP=0x00007f106110d5b0, RBP=0x00007f106110d5b0, RSI=0x00007f105cd545c0, RDI=0x00007f105d02fea0
R8 =0x000000041b5dcf60, R9 =0x000000041e27b8e0, R10=0x00007f1020008030, R11=0x00007f104c2c4800
R12=0x0000000000000000, R13=0x00007f106110d5d8, R14=0x00007f106110d6a0, R15=0x00007f105c02b810
RIP=0x00007f1020008034, EFLAGS=0x0000000000010287, CSGSFS=0x002b000000000033, ERR=0x0000000000000006
  TRAPNO=0x000000000000000e

XMM[0]=0x0000000000000000 0x0000000000000000
XMM[1]=0x0000000000000000 0x83100e6a83100e6a
XMM[2]=0x0000000000000000 0x0000000000000001
XMM[3]=0x0000000000000000 0x0000000000000000
XMM[4]=0x0000000000000000 0x00000007ffc0b638
XMM[5]=0x0000000000000000 0x0000000083104c16
XMM[6]=0x0000000000000000 0x0000000083100e6a
XMM[7]=0x0000000000000000 0x00000007ffbb0cf0
XMM[8]=0x060001edb32cd937 0xf852d974a2c147d2
XMM[9]=0xef207f96ef207f96 0xef207f96bc93d830
XMM[10]=0x0000000000000000 0x00000000cd73589a
XMM[11]=0x546f9f27546f9f27 0x546f9f2711037757
XMM[12]=0x0000000000000000 0x00000000bc93d830
XMM[13]=0x0000000000000000 0x0000000000000000
XMM[14]=0x0000000000000000 0x000000000000fff9
XMM[15]=0x0000000000000000 0x00000000fff280ab
  MXCSR=0x00001fbf


Register to memory mapping:

RAX={method} {0x00007f10010a1ae8} 'linkToNative' '(JJJLjava/lang/Object;)V' in 'java/lang/invoke/MethodHandle'
RBX={method} {0x00007f10010a1ae8} 'linkToNative' '(JJJLjava/lang/Object;)V' in 'java/lang/invoke/MethodHandle'
RCX=0x00007f105cd545c0 points into unknown readable memory: 0x00007f105d02fec0 | c0 fe 02 5d 10 7f 00 00
RDX=0x00007f105d02fea0 points into unknown readable memory: 0x0000000000000002 | 02 00 00 00 00 00 00 00
RSP=0x00007f106110d5b0 is pointing into the stack for thread: 0x00007f105c02b810
RBP=0x00007f106110d5b0 is pointing into the stack for thread: 0x00007f105c02b810
RSI=0x00007f105cd545c0 points into unknown readable memory: 0x00007f105d02fec0 | c0 fe 02 5d 10 7f 00 00
RDI=0x00007f105d02fea0 points into unknown readable memory: 0x0000000000000002 | 02 00 00 00 00 00 00 00
R8 =0x000000041b5dcf60 is an oop: jdk.internal.foreign.abi.NativeEntryPoint 
{0x000000041b5dcf60} - klass: 'jdk/internal/foreign/abi/NativeEntryPoint' - flags: 

 - ---- fields (total size 3 words):
 - private final 'methodType' 'Ljava/lang/invoke/MethodType;' @12  a 'java/lang/invoke/MethodType'{0x000000041b5dc930} = (JJJ)V (0x836bb926)
 - private final 'downcallStubAddress' 'J' @16  139707966864096 (0x00007f104bbcbae0)
R9 =0x000000041e27b8e0 is an oop: jdk.internal.foreign.NativeMemorySegmentImpl 
{0x000000041e27b8e0} - klass: 'jdk/internal/foreign/NativeMemorySegmentImpl' - flags: 

 - ---- fields (total size 5 words):
 - final 'readOnly' 'Z' @12  false (0x00)
 - final 'length' 'J' @16  0 (0x0000000000000000)
 - final 'scope' 'Ljdk/internal/foreign/MemorySessionImpl;' @24  a 'jdk/internal/foreign/SharedSession'{0x000000041e27b880} (0x83c4f710)
 - final 'min' 'J' @32  139708256681632 (0x00007f105d02fea0)
R10=0x00007f1020008030 points into unknown readable memory: 0x000087c7e5894855 | 55 48 89 e5 c7 87 00 00
R11=0x00007f104c2c4800 is at entry_point+0 in (nmethod*)0x00007f104c2c4708
Compiled method (n/a) 18931 4631     n 0       java.lang.invoke.MethodHandle::linkToNative(JJJL)V (native)
 total in heap  [0x00007f104c2c4708,0x00007f104c2c4808] = 256
 main code      [0x00007f104c2c4800,0x00007f104c2c4807] = 7
 stub code      [0x00007f104c2c4807,0x00007f104c2c4808] = 1
R12=0x0 is null
R13=0x00007f106110d5d8 is pointing into the stack for thread: 0x00007f105c02b810
R14=0x00007f106110d6a0 is pointing into the stack for thread: 0x00007f105c02b810
R15=0x00007f105c02b810 is a thread

Top of Stack: (sp=0x00007f106110d5b0)
0x00007f106110d5b0:   00007f106110d5c0 00007f104bbcbb1d   ...a.......K....
0x00007f106110d5c0:   00007f106110d658 00007f104b867438   X..a....8t.K....
0x00007f106110d5d0:   00007f104b867438 000000041b5dcf60   8t.K....`.].....
0x00007f106110d5e0:   00007f105cd545c0 0000000000000000   .E.\............
0x00007f106110d5f0:   00007f105d02fea0 0000000000000000   ...]............
0x00007f106110d600:   00007f1020008030 0000000000000000   0.. ............
0x00007f106110d610:   fffffffffffffff7 00007f10019e5654   ........TV......
0x00007f106110d620:   0000000000000009 00007f10019e5800   .........X......
0x00007f106110d630:   0000000000000000 000000041b5dcec8   ..........].....
0x00007f106110d640:   00007f10019e5660 fffffffffffffff0   `V..............
0x00007f106110d650:   00007f106110d670 00007f106110d6f0   p..a.......a....
0x00007f106110d660:   00007f104b867438 000000041b5dcf60   8t.K....`.].....
0x00007f106110d670:   00007f105cd545c0 0000000000000000   .E.\............
0x00007f106110d680:   00007f105d02fea0 0000000000000000   ...]............
0x00007f106110d690:   00007f1020008030 0000000000000000   0.. ............
0x00007f106110d6a0:   000000041b5dcb38 fffffffffffffff7   8.].............
0x00007f106110d6b0:   00007f10019f5e9f 0000000000000009   .^..............
0x00007f106110d6c0:   00007f10019f6068 0000000000000000   h`..............
0x00007f106110d6d0:   000000041b5fb6b0 00007f10019f5eb0   .._......^......
0x00007f106110d6e0:   fffffffffffffff0 00007f106110d700   ...........a....
0x00007f106110d6f0:   00007f106110d788 00007f104b867438   ...a....8t.K....
0x00007f106110d700:   000000041b5dc930 00007f105cd545c0   0.]......E.\....
0x00007f106110d710:   0000000000000000 00007f105d02fea0   ...........]....
0x00007f106110d720:   0000000000000000 00007f1020008030   ........0.. ....
0x00007f106110d730:   0000000000000000 000000041b5dcb38   ........8.].....
0x00007f106110d740:   fffffffffffffff7 00007f10019e60a9   .........`......
0x00007f106110d750:   000000000000000f 00007f10019e6288   .........b......
0x00007f106110d760:   0000000000000000 000000041b5dca60   ........`.].....
0x00007f106110d770:   00007f10019e5f38 ffffffffffffffef   8_..............
0x00007f106110d780:   00007f106110d7e0 00007f106110d850   ...a....P..a....
0x00007f106110d790:   00007f104b867438 0000000418819290   8t.K............
0x00007f106110d7a0:   0000000418817960 000000041e27b880   `y........'.....

Instructions: (pc=0x00007f1020008034)
  0x00007f1020007f34:   00 00 00 00 00 00 00 00 00 00 00 00 00 00 00 00
  0x00007f1020007f44:   00 00 00 00 00 00 00 00 00 00 00 00 00 00 00 00
  0x00007f1020007f54:   00 00 00 00 00 00 00 00 00 00 00 00 00 00 00 00
  0x00007f1020007f64:   00 00 00 00 00 00 00 00 00 00 00 00 00 00 00 00
  0x00007f1020007f74:   00 00 00 00 00 00 00 00 00 00 00 00 00 00 00 00
  0x00007f1020007f84:   00 00 00 00 00 00 00 00 00 00 00 00 00 00 00 00
  0x00007f1020007f94:   00 00 00 00 00 00 00 00 00 00 00 00 00 00 00 00
  0x00007f1020007fa4:   00 00 00 00 00 00 00 00 00 00 00 00 00 00 00 00
  0x00007f1020007fb4:   00 00 00 00 00 00 00 00 00 00 00 00 00 00 00 00
  0x00007f1020007fc4:   00 00 00 00 00 00 00 00 00 00 00 00 00 00 00 00
  0x00007f1020007fd4:   00 00 00 00 00 00 00 00 00 00 00 00 00 00 00 00
  0x00007f1020007fe4:   00 00 00 00 00 00 00 00 00 00 00 00 00 00 00 00
  0x00007f1020007ff4:   00 00 00 00 00 00 00 00 00 00 00 00 55 48 89 e5
  0x00007f1020008004:   8b 07 48 89 ec 5d c3 00 00 00 00 00 55 48 89 e5
  0x00007f1020008014:   c7 07 02 00 00 00 48 89 ec 5d c3 00 55 48 89 e5
  0x00007f1020008024:   8b 87 00 00 01 00 48 89 ec 5d c3 00 55 48 89 e5
=>0x00007f1020008034:   c7 87 00 00 01 00 03 00 00 00 48 89 ec 5d c3 00
  0x00007f1020008044:   00 00 00 00 00 00 00 00 00 00 00 00 55 48 89 e5
  0x00007f1020008054:   48 83 ec 10 4c 89 24 24 89 56 24 4c 8b 8e d0 00
  0x00007f1020008064:   00 00 49 89 f4 4c 89 e7 41 ff d1 4c 89 e6 4c 8b
  0x00007f1020008074:   8e e0 00 00 00 4c 8b 24 24 48 83 c4 10 48 89 ec
  0x00007f1020008084:   5d c3 00 00 00 00 00 00 00 00 00 00 55 48 89 e5
  0x00007f1020008094:   8b 86 d8 00 00 00 48 89 ec 5d c3 00 00 00 00 00
  0x00007f10200080a4:   00 00 00 00 00 00 00 00 00 00 00 00 00 00 00 00
  0x00007f10200080b4:   00 00 00 00 00 00 00 00 00 00 00 00 00 00 00 00
  0x00007f10200080c4:   00 00 00 00 00 00 00 00 00 00 00 00 00 00 00 00
  0x00007f10200080d4:   00 00 00 00 00 00 00 00 00 00 00 00 00 00 00 00
  0x00007f10200080e4:   00 00 00 00 00 00 00 00 00 00 00 00 00 00 00 00
  0x00007f10200080f4:   00 00 00 00 00 00 00 00 00 00 00 00 00 00 00 00
  0x00007f1020008104:   00 00 00 00 00 00 00 00 00 00 00 00 00 00 00 00
  0x00007f1020008114:   00 00 00 00 00 00 00 00 00 00 00 00 00 00 00 00
  0x00007f1020008124:   00 00 00 00 00 00 00 00 00 00 00 00 00 00 00 00


Stack slot to memory mapping:

stack at sp + 0 slots: 0x00007f106110d5c0 is pointing into the stack for thread: 0x00007f105c02b810
stack at sp + 1 slots: 0x00007f104bbcbb1d is at code_begin+61 in 
[CodeBlob kind:6 (0x00007f104bbcba88)]
Framesize: 2
Runtime Stub (0x00007f104bbcba88): nep_invoker_blob
--------------------------------------------------------------------------------
Decoding CodeBlob, name: nep_invoker_blob, at  [0x00007f104bbcbae0, 0x00007f104bbcbbc8]  232 bytes
[MachCode]
  0x00007f104bbcbae0: 5548 8bec | c5f8 7749 | 89af 9004 | 0000 49ba | e4ba bc4b | 107f 0000 | 4d89 9788 | 0400 0049 
  0x00007f104bbcbb00: 89a7 8004 | 0000 41c7 | 872c 0500 | 0004 0000 | 004c 8bd6 | 488b f148 | 8bfa 41ff | d2c5 f877 
  0x00007f104bbcbb20: 41c7 872c | 0500 0005 | 0000 00f0 | 8344 24c0 | 0049 3b6f | 280f 874d | 0000 0041 | 83bf 2805 
  0x00007f104bbcbb40: 0000 000f | 853f 0000 | 0041 c787 | 2c05 0000 | 0800 0000 | 4183 bfa8 | 0500 0002 | 0f84 4400 
  0x00007f104bbcbb60: 0000 49c7 | 8780 0400 | 0000 0000 | 0049 c787 | 9004 0000 | 0000 0000 | 49c7 8788 | 0400 0000 
  0x00007f104bbcbb80: 0000 00c5 | f877 c9c3 | 498b ffc5 | f877 4c8b | e448 83ec | 0048 83e4 | f0e8 d20d | 0716 498b 
  0x00007f104bbcbba0: e44d 33e4 | eba3 c5f8 | 774c 8be4 | 4883 ec00 | 4883 e4f0 | e857 1f58 | 1649 8be4 | 4d33 e4eb 
  0x00007f104bbcbbc0: a1f4 f4f4 | f4f4 f4f4 
[/MachCode]
--------------------------------------------------------------------------------
stack at sp + 2 slots: 0x00007f106110d658 is pointing into the stack for thread: 0x00007f105c02b810
stack at sp + 3 slots: 0x00007f104b867438 is at code_begin+1272 in an Interpreter codelet
return entry points  [0x00007f104b866f40, 0x00007f104b867bb8]  3192 bytes
stack at sp + 4 slots: 0x00007f104b867438 is at code_begin+1272 in an Interpreter codelet
return entry points  [0x00007f104b866f40, 0x00007f104b867bb8]  3192 bytes
stack at sp + 5 slots: 0x000000041b5dcf60 is an oop: jdk.internal.foreign.abi.NativeEntryPoint 
{0x000000041b5dcf60} - klass: 'jdk/internal/foreign/abi/NativeEntryPoint' - flags: 

 - ---- fields (total size 3 words):
 - private final 'methodType' 'Ljava/lang/invoke/MethodType;' @12  a 'java/lang/invoke/MethodType'{0x000000041b5dc930} = (JJJ)V (0x836bb926)
 - private final 'downcallStubAddress' 'J' @16  139707966864096 (0x00007f104bbcbae0)
stack at sp + 6 slots: 0x00007f105cd545c0 points into unknown readable memory: 0x00007f105d02fec0 | c0 fe 02 5d 10 7f 00 00
stack at sp + 7 slots: 0x0 is null

Lock stack of current Java thread (top to bottom):

--------------------------------------------------------------------------------
Decoding CodeBlob, name: nep_invoker_blob, at  [0x00007f104bbcbae0, 0x00007f104bbcbbc8]  232 bytes
[MachCode]
  0x00007f104bbcbae0: 5548 8bec | c5f8 7749 | 89af 9004 | 0000 49ba | e4ba bc4b | 107f 0000 | 4d89 9788 | 0400 0049 
  0x00007f104bbcbb00: 89a7 8004 | 0000 41c7 | 872c 0500 | 0004 0000 | 004c 8bd6 | 488b f148 | 8bfa 41ff | d2c5 f877 
  0x00007f104bbcbb20: 41c7 872c | 0500 0005 | 0000 00f0 | 8344 24c0 | 0049 3b6f | 280f 874d | 0000 0041 | 83bf 2805 
  0x00007f104bbcbb40: 0000 000f | 853f 0000 | 0041 c787 | 2c05 0000 | 0800 0000 | 4183 bfa8 | 0500 0002 | 0f84 4400 
  0x00007f104bbcbb60: 0000 49c7 | 8780 0400 | 0000 0000 | 0049 c787 | 9004 0000 | 0000 0000 | 49c7 8788 | 0400 0000 
  0x00007f104bbcbb80: 0000 00c5 | f877 c9c3 | 498b ffc5 | f877 4c8b | e448 83ec | 0048 83e4 | f0e8 d20d | 0716 498b 
  0x00007f104bbcbba0: e44d 33e4 | eba3 c5f8 | 774c 8be4 | 4883 ec00 | 4883 e4f0 | e857 1f58 | 1649 8be4 | 4d33 e4eb 
  0x00007f104bbcbbc0: a1f4 f4f4 | f4f4 f4f4 
[/MachCode]
--------------------------------------------------------------------------------


Compiled method (c1) 18937 7642       3       java.lang.invoke.LambdaForm$MH/0x00000000071b5800::invoke (56 bytes)
 total in heap  [0x00007f1045cacc88,0x00007f1045cada50] = 3528
 main code      [0x00007f1045cacd80,0x00007f1045cad9c0] = 3136
 stub code      [0x00007f1045cad9c0,0x00007f1045cada48] = 136
 oops           [0x00007f1045cada48,0x00007f1045cada50] = 8
 mutable data [0x00007f0fd0db1e40,0x00007f0fd0db1f48] = 264
 relocation     [0x00007f0fd0db1e40,0x00007f0fd0db1f20] = 224
 metadata       [0x00007f0fd0db1f20,0x00007f0fd0db1f48] = 40
 immutable data [0x00007f0fd0db1b20,0x00007f0fd0db1e30] = 784
 dependencies   [0x00007f0fd0db1b20,0x00007f0fd0db1b30] = 16
 nul chk table  [0x00007f0fd0db1b30,0x00007f0fd0db1b68] = 56
 scopes pcs     [0x00007f0fd0db1b68,0x00007f0fd0db1ce8] = 384
 scopes data    [0x00007f0fd0db1ce8,0x00007f0fd0db1e30] = 328

[Constant Pool (empty)]

[MachCode]
[Verified Entry Point]
  # {method} {0x00007f10019f3f60} 'invoke' '(Ljava/lang/Object;Ljava/lang/Object;Ljava/lang/Object;)Ljava/lang/Object;' in 'java/lang/invoke/LambdaForm$MH+0x00000000071b5800'
  # parm0:    rsi:rsi   = 'java/lang/Object'
  # parm1:    rdx:rdx   = 'java/lang/Object'
  # parm2:    rcx:rcx   = 'java/lang/Object'
  #           [sp+0xb0]  (sp of caller)
  0x00007f1045cacd80: 8984 2400 | c0fe ff55 | 4881 eca0 | 0000 0090 | 4181 7f20 | 0500 0000 

  0x00007f1045cacd98: ;   {runtime_call Stub::method_entry_barrier}
  0x00007f1045cacd98: 7405 e821 

  0x00007f1045cacd9c: ;   {metadata(method data for {method} {0x00007f10019f3f60} 'invoke' '(Ljava/lang/Object;Ljava/lang/Object;Ljava/lang/Object;)Ljava/lang/Object;' in 'java/lang/invoke/LambdaForm$MH+0x00000000071b5800')}
  0x00007f1045cacd9c: a8be 0548 | bf00 00eb | 0110 7f00 | 0048 8dbf | f002 0000 | 4885 f675 | 0cf6 0701 | 7548 f048 
  0x00007f1045cacdbc: 830f 01eb | 418b 5e08 | 41ba 0000 | 0006 4903 | da4c 8bd3 | 4833 1f48 | f7c3 fcff | ffff 7426 
  0x00007f1045cacddc: f6c3 0275 | 2148 f707 | feff ffff | 7415 498b | da48 331f | 48f7 c3fc | ffff ff74 | 0948 830f 
  0x00007f1045cacdfc: 02eb 0348 | 891f 4885 | d275 0ef6 | 4710 0175 | 4ef0 4883 | 4f10 01eb | 468b 5a08 | 41ba 0000 
  0x00007f1045cace1c: 0006 4903 | da4c 8bd3 | 4833 5f10 | 48f7 c3fc | ffff ff74 | 2af6 c302 | 7525 48f7 | 4710 feff 
  0x00007f1045cace3c: ffff 7417 | 498b da48 | 335f 1048 | f7c3 fcff | ffff 740b | 4883 4f10 | 02eb 0448 

  0x00007f1045cace58: ;   {metadata(method data for {method} {0x00007f10019f3f60} 'invoke' '(Ljava/lang/Object;Ljava/lang/Object;Ljava/lang/Object;)Ljava/lang/Object;' in 'java/lang/invoke/LambdaForm$MH+0x00000000071b5800')}
  0x00007f1045cace58: 895f 1048 | bf00 00eb | 0110 7f00 | 008b 9f90 | 0000 0083 | c302 899f | 9000 0000 | 81e3 fe07 
  0x00007f1045cace78: 0000 85db | 0f84 f109 | 0000 4889 | 5424 6048 | 8974 2458 

  0x00007f1045cace8c: ;   {metadata(method data for {method} {0x00007f10019f3f60} 'invoke' '(Ljava/lang/Object;Ljava/lang/Object;Ljava/lang/Object;)Ljava/lang/Object;' in 'java/lang/invoke/LambdaForm$MH+0x00000000071b5800')}
  0x00007f1045cace8c: 48bf 0000 | eb01 107f | 0000 488d | bfe8 0000 | 0048 85c9 | 750e f647 | 0801 754e | f048 834f 
  0x00007f1045caceac: 0801 eb46 | 8b59 0841 | ba00 0000 | 0649 03da | 4c8b d348 | 335f 0848 | f7c3 fcff | ffff 742a 
  0x00007f1045cacecc: f6c3 0275 | 2548 f747 | 08fe ffff | ff74 1749 | 8bda 4833 | 5f08 48f7 | c3fc ffff | ff74 0b48 
  0x00007f1045caceec: 834f 0802 | eb04 4889 

  0x00007f1045cacef4: ;   {metadata(method data for {method} {0x00007f10019f3f60} 'invoke' '(Ljava/lang/Object;Ljava/lang/Object;Ljava/lang/Object;)Ljava/lang/Object;' in 'java/lang/invoke/LambdaForm$MH+0x00000000071b5800')}
  0x00007f1045cacef4: 5f08 48bf | 0000 eb01 | 107f 0000 | 4883 87d8 | 0000 0001 | 488b f1ba | 0200 0000 | 4889 4c24 
  0x00007f1045cacf14: ;   {static_call}
  0x00007f1045cacf14: 5066 90e8 

  0x00007f1045cacf18: ; ImmutableOopMap {[80]=Oop [88]=Oop [96]=Oop }
                      ;*invokestatic checkSpreadArgument {reexecute=0 rethrow=0 return_oop=0}
                      ; - java.lang.invoke.LambdaForm$MH/0x00000000071b5800::invoke@2
  0x00007f1045cacf18: e4a5 9d06 

  0x00007f1045cacf1c: ;   {post_call_nop}
  0x00007f1045cacf1c: 0f1f 8400 | 9402 0000 | 488b 4c24 | 5048 85c9 

  0x00007f1045cacf2c: ;   {metadata(method data for {method} {0x00007f10019f3f60} 'invoke' '(Ljava/lang/Object;Ljava/lang/Object;Ljava/lang/Object;)Ljava/lang/Object;' in 'java/lang/invoke/LambdaForm$MH+0x00000000071b5800')}
  0x00007f1045cacf2c: 48bf 0000 | eb01 107f | 0000 750c | 808f f900 | 0000 01e9 | a700 0000 | 8b59 0841 | ba00 0000 
  0x00007f1045cacf4c: 0649 03da | 483b 9f08 | 0100 0075 | 0d48 8387 | 1001 0000 | 01e9 6000 | 0000 483b | 9f18 0100 
  0x00007f1045cacf6c: 0075 0d48 | 8387 2001 | 0000 01e9 | 4a00 0000 | 4883 bf08 | 0100 0000 | 7517 4889 | 9f08 0100 
  0x00007f1045cacf8c: 0048 c787 | 1001 0000 | 0100 0000 | e929 0000 | 0048 83bf | 1801 0000 | 0075 1748 | 899f 1801 
  0x00007f1045cacfac: 0000 48c7 | 8720 0100 | 0001 0000 | 00e9 0800 | 0000 4883 | 8700 0100 

  0x00007f1045cacfc4: ;   {metadata('java/lang/Object'[])}
  0x00007f1045cacfc4: 0001 48bb | e01f 1706 | 0000 0000 | 8b79 0841 | ba00 0000 | 0649 03fa | 483b 5f38 | 0f85 ae08 
  0x00007f1045cacfe4: 0000 e900 | 0000 0048 | 8bd1 837a | 0c00 0f86 | af08 0000 | 8b7a 1048 | c1e7 0383 | 7a0c 010f 
  0x00007f1045cad004: 86b0 0800 | 008b 5a14 | 48c1 e303 | 488b 7424 | 5848 85f6 

  0x00007f1045cad018: ;   {metadata(method data for {method} {0x00007f10019f3f60} 'invoke' '(Ljava/lang/Object;Ljava/lang/Object;Ljava/lang/Object;)Ljava/lang/Object;' in 'java/lang/invoke/LambdaForm$MH+0x00000000071b5800')}
  0x00007f1045cad018: 48b8 0000 | eb01 107f | 0000 750c | 8088 2901 | 0000 01e9 | a600 0000 | 8b4e 0841 | ba00 0000 
  0x00007f1045cad038: 0649 03ca | 483b 8838 | 0100 0075 | 0d48 8380 | 4001 0000 | 01e9 6000 | 0000 483b | 8848 0100 
  0x00007f1045cad058: 0075 0d48 | 8380 5001 | 0000 01e9 | 4a00 0000 | 4883 b838 | 0100 0000 | 7517 4889 | 8838 0100 
  0x00007f1045cad078: 0048 c780 | 4001 0000 | 0100 0000 | e929 0000 | 0048 83b8 | 4801 0000 | 0075 1748 | 8988 4801 
  0x00007f1045cad098: 0000 48c7 | 8050 0100 | 0001 0000 | 00e9 0800 | 0000 4883 | 8030 0100 

  0x00007f1045cad0b0: ;   {metadata('java/lang/invoke/BoundMethodHandle$Species_L')}
  0x00007f1045cad0b0: 0001 48b9 | c0ac 3206 | 0000 0000 | 8b56 0841 | ba00 0000 | 0649 03d2 | 483b ca0f | 85fa 0700 
  0x00007f1045cad0d0: 00e9 0000 | 0000 488b | d68b 5220 | 48c1 e203 | 488b 7424 | 6048 85f6 

  0x00007f1045cad0e8: ;   {metadata(method data for {method} {0x00007f10019f3f60} 'invoke' '(Ljava/lang/Object;Ljava/lang/Object;Ljava/lang/Object;)Ljava/lang/Object;' in 'java/lang/invoke/LambdaForm$MH+0x00000000071b5800')}
  0x00007f1045cad0e8: 48b9 0000 | eb01 107f | 0000 750c | 8089 5901 | 0000 01e9 | a800 0000 | 448b 4608 | 41ba 0000 
  0x00007f1045cad108: 0006 4d03 | c24c 3b81 | 6801 0000 | 750d 4883 | 8170 0100 | 0001 e960 | 0000 004c | 3b81 7801 
  0x00007f1045cad128: 0000 750d | 4883 8180 | 0100 0001 | e94a 0000 | 0048 83b9 | 6801 0000 | 0075 174c | 8981 6801 
  0x00007f1045cad148: 0000 48c7 | 8170 0100 | 0001 0000 | 00e9 2900 | 0000 4883 | b978 0100 | 0000 7517 | 4c89 8178 
  0x00007f1045cad168: 0100 0048 | c781 8001 | 0000 0100 | 0000 e908 | 0000 0048 | 8381 6001 

  0x00007f1045cad180: ;   {metadata('java/lang/invoke/MethodHandle')}
  0x00007f1045cad180: 0000 0149 | b890 e51e | 0600 0000 | 008b 4e08 | 41ba 0000 | 0006 4903 | ca4c 3b41 | 380f 8536 
  0x00007f1045cad1a0: 0700 00e9 | 0000 0000 | 488b c648 

  0x00007f1045cad1ac: ;   {metadata(method data for {method} {0x00007f10019f3f60} 'invoke' '(Ljava/lang/Object;Ljava/lang/Object;Ljava/lang/Object;)Ljava/lang/Object;' in 'java/lang/invoke/LambdaForm$MH+0x00000000071b5800')}
  0x00007f1045cad1ac: 85d2 48be | 0000 eb01 | 107f 0000 | 750c 808e | 8901 0000 | 01e9 a700 | 0000 448b | 4208 41ba 
  0x00007f1045cad1cc: 0000 0006 | 4d03 c24c | 3b86 9801 | 0000 750d | 4883 86a0 | 0100 0001 | e960 0000 | 004c 3b86 
  0x00007f1045cad1ec: a801 0000 | 750d 4883 | 86b0 0100 | 0001 e94a | 0000 0048 | 83be 9801 | 0000 0075 | 174c 8986 
  0x00007f1045cad20c: 9801 0000 | 48c7 86a0 | 0100 0001 | 0000 00e9 | 2900 0000 | 4883 bea8 | 0100 0000 | 7517 4c89 
  0x00007f1045cad22c: 86a8 0100 | 0048 c786 | b001 0000 | 0100 0000 | e908 0000 | 0048 8386 | 9001 0000 

  0x00007f1045cad248: ;   {metadata('java/lang/invoke/MethodType')}
  0x00007f1045cad248: 0149 b860 | f81e 0600 | 0000 008b | 4a08 41ba | 0000 0006 | 4903 ca4c | 3bc1 0f85 | 7a06 0000 
  0x00007f1045cad268: e900 0000 | 0048 8bca 

  0x00007f1045cad270: ;   {metadata(method data for {method} {0x00007f10019f3f60} 'invoke' '(Ljava/lang/Object;Ljava/lang/Object;Ljava/lang/Object;)Ljava/lang/Object;' in 'java/lang/invoke/LambdaForm$MH+0x00000000071b5800')}
  0x00007f1045cad270: 48ba 0000 | eb01 107f | 0000 488d | 92d0 0100 | 0048 85c0 | 750e f642 | 0801 754f | f048 834a 
  0x00007f1045cad290: 0801 eb47 | 8b70 0841 | ba00 0000 | 0649 03f2 | 4c8b d648 | 3372 0848 | f7c6 fcff | ffff 742b 
  0x00007f1045cad2b0: 40f6 c602 | 7525 48f7 | 4208 feff | ffff 7417 | 498b f248 | 3372 0848 | f7c6 fcff | ffff 740b 
  0x00007f1045cad2d0: 4883 4a08 | 02eb 0448 | 8972 0848 | 85c9 750c | f642 1801 | 7506 f048 | 834a 1801 

  0x00007f1045cad2ec: ;   {metadata(method data for {method} {0x00007f10019f3f60} 'invoke' '(Ljava/lang/Object;Ljava/lang/Object;Ljava/lang/Object;)Ljava/lang/Object;' in 'java/lang/invoke/LambdaForm$MH+0x00000000071b5800')}
  0x00007f1045cad2ec: 48ba 0000 | eb01 107f | 0000 4883 | 82c0 0100 

  0x00007f1045cad2fc: ;   {metadata(method data for {method} {0x0000000006470010} 'checkGenericType' '(Ljava/lang/invoke/MethodHandle;Ljava/lang/invoke/MethodType;)Ljava/lang/invoke/MethodHandle;' in 'java/lang/invoke/Invokers')}
  0x00007f1045cad2fc: 0001 48ba | f069 b101 | 107f 0000 | 8bb2 9000 | 0000 83c6 | 0289 b290 | 0000 0081 | e6fe ff1f 
  0x00007f1045cad31c: 0085 f60f | 84c6 0500 | 0048 3b00 

  0x00007f1045cad328: ;   {metadata(method data for {method} {0x0000000006470010} 'checkGenericType' '(Ljava/lang/invoke/MethodHandle;Ljava/lang/invoke/MethodType;)Ljava/lang/invoke/MethodHandle;' in 'java/lang/invoke/Invokers')}
  0x00007f1045cad328: 488b d048 | bef0 69b1 | 0110 7f00 | 008b 5208 | 41ba 0000 | 0006 4903 | d248 3b96 | e000 0000 
  0x00007f1045cad348: 750d 4883 | 86e8 0000 | 0001 e960 | 0000 0048 | 3b96 f000 | 0000 750d | 4883 86f8 | 0000 0001 
  0x00007f1045cad368: e94a 0000 | 0048 83be | e000 0000 | 0075 1748 | 8996 e000 | 0000 48c7 | 86e8 0000 | 0001 0000 
  0x00007f1045cad388: 00e9 2900 | 0000 4883 | bef0 0000 | 0000 7517 | 4889 96f0 | 0000 0048 | c786 f800 | 0000 0100 
  0x00007f1045cad3a8: 0000 e908 | 0000 0048 | 8386 d800 

  0x00007f1045cad3b4: ;   {metadata(method data for {method} {0x00000000064783e0} 'asType' '(Ljava/lang/invoke/MethodType;)Ljava/lang/invoke/MethodHandle;' in 'java/lang/invoke/MethodHandle')}
  0x00007f1045cad3b4: 0000 0148 | bae0 0025 | 0010 7f00 | 008b b290 | 0000 0083 | c602 89b2 | 9000 0000 | 81e6 feff 
  0x00007f1045cad3d4: 1f00 85f6 | 0f84 3305 | 0000 8b50 | 1048 c1e2 | 0348 3bca 

  0x00007f1045cad3e8: ;   {metadata(method data for {method} {0x00000000064783e0} 'asType' '(Ljava/lang/invoke/MethodType;)Ljava/lang/invoke/MethodHandle;' in 'java/lang/invoke/MethodHandle')}
  0x00007f1045cad3e8: 48ba e000 | 2500 107f | 0000 bee8 | 0000 0074 | 05be d800 | 0000 4c8b | 0432 4d8d | 4001 4c89 
  0x00007f1045cad408: 0432 4889 | 9c24 8000 | 0000 4889 | 7c24 780f | 8497 0000 | 0048 8bd0 

  0x00007f1045cad420: ;   {metadata(method data for {method} {0x00000000064783e0} 'asType' '(Ljava/lang/invoke/MethodType;)Ljava/lang/invoke/MethodHandle;' in 'java/lang/invoke/MethodHandle')}
  0x00007f1045cad420: 48be e000 | 2500 107f | 0000 4883 | 86f8 0000 | 0001 488b | d148 8bf0 | 4889 4c24 | 7048 8944 
  0x00007f1045cad440: 2468 0f1f 

  0x00007f1045cad444: ;   {optimized virtual_call}
  0x00007f1045cad444: 4400 00e8 

  0x00007f1045cad448: ; ImmutableOopMap {[104]=Oop [112]=Oop [120]=Oop [128]=Oop }
                      ;*invokevirtual asTypeCached {reexecute=0 rethrow=0 return_oop=0}
                      ; - java.lang.invoke.MethodHandle::asType@12 (line 869)
                      ; - java.lang.invoke.Invokers::checkGenericType@2 (line 541)
                      ; - java.lang.invoke.LambdaForm$MH/0x00000000071b5800::invoke@37
  0x00007f1045cad448: 9406 c005 

  0x00007f1045cad44c: ;   {post_call_nop}
  0x00007f1045cad44c: 0f1f 8400 | c407 0001 

  0x00007f1045cad454: ;   {metadata(method data for {method} {0x00000000064783e0} 'asType' '(Ljava/lang/invoke/MethodType;)Ljava/lang/invoke/MethodHandle;' in 'java/lang/invoke/MethodHandle')}
  0x00007f1045cad454: 4885 c048 | bae0 0025 | 0010 7f00 | 00be 3801 | 0000 7505 | be28 0100 | 0048 8b3c | 3248 8d7f 
  0x00007f1045cad474: 0148 893c | 320f 8535 | 0000 0048 | 8b4c 2470 | 488b 4424 | 6848 8bd0 

  0x00007f1045cad48c: ;   {metadata(method data for {method} {0x00000000064783e0} 'asType' '(Ljava/lang/invoke/MethodType;)Ljava/lang/invoke/MethodHandle;' in 'java/lang/invoke/MethodHandle')}
  0x00007f1045cad48c: 48be e000 | 2500 107f | 0000 4883 | 8648 0100 | 0001 488b | d148 8bf0 

  0x00007f1045cad4a4: ;   {optimized virtual_call}
  0x00007f1045cad4a4: 6666 90e8 

  0x00007f1045cad4a8: ; ImmutableOopMap {[120]=Oop [128]=Oop }
                      ;*invokevirtual setAsTypeCache {reexecute=0 rethrow=0 return_oop=0}
                      ; - java.lang.invoke.MethodHandle::asType@24 (line 873)
                      ; - java.lang.invoke.Invokers::checkGenericType@2 (line 541)
                      ; - java.lang.invoke.LambdaForm$MH/0x00000000071b5800::invoke@37
  0x00007f1045cad4a8: 3406 c005 

  0x00007f1045cad4ac: ;   {post_call_nop}
  0x00007f1045cad4ac: 0f1f 8400 | 2408 0002 

  0x00007f1045cad4b4: ;   {metadata(method data for {method} {0x00007f10019f3f60} 'invoke' '(Ljava/lang/Object;Ljava/lang/Object;Ljava/lang/Object;)Ljava/lang/Object;' in 'java/lang/invoke/LambdaForm$MH+0x00000000071b5800')}
  0x00007f1045cad4b4: 48be 0000 | eb01 107f | 0000 488d | b6f0 0100 | 0048 85c0 | 750c f606 | 0175 49f0 | 4883 0e01 
  0x00007f1045cad4d4: eb42 8b78 | 0841 ba00 | 0000 0649 | 03fa 4c8b | d748 333e | 48f7 c7fc | ffff ff74 | 2740 f6c7 
  0x00007f1045cad4f4: 0275 2148 | f706 feff | ffff 7415 | 498b fa48 | 333e 48f7 | c7fc ffff | ff74 0948 | 830e 02eb 
  0x00007f1045cad514: 0348 893e 

  0x00007f1045cad518: ;   {metadata(method data for {method} {0x00007f10019f3f60} 'invoke' '(Ljava/lang/Object;Ljava/lang/Object;Ljava/lang/Object;)Ljava/lang/Object;' in 'java/lang/invoke/LambdaForm$MH+0x00000000071b5800')}
  0x00007f1045cad518: 48be 0000 | eb01 107f | 0000 488d | b610 0200 | 0048 85c0 | 750e f646 | 0801 754f | f048 834e 
  0x00007f1045cad538: 0801 eb47 | 8b78 0841 | ba00 0000 | 0649 03fa | 4c8b d748 | 337e 0848 | f7c7 fcff | ffff 742b 
  0x00007f1045cad558: 40f6 c702 | 7525 48f7 | 4608 feff | ffff 7417 | 498b fa48 | 337e 0848 | f7c7 fcff | ffff 740b 
  0x00007f1045cad578: 4883 4e08 | 02eb 0448 

  0x00007f1045cad580: ;   {metadata(method data for {method} {0x00007f10019f3f60} 'invoke' '(Ljava/lang/Object;Ljava/lang/Object;Ljava/lang/Object;)Ljava/lang/Object;' in 'java/lang/invoke/LambdaForm$MH+0x00000000071b5800')}
  0x00007f1045cad580: 897e 0848 | be00 00eb | 0110 7f00 | 0048 8386 | 0002 0000 

  0x00007f1045cad594: ;   {metadata(method data for {method} {0x000000000646ff60} 'checkCustomized' '(Ljava/lang/invoke/MethodHandle;)V' in 'java/lang/invoke/Invokers')}
  0x00007f1045cad594: 0148 bea8 | 5a2a 0010 | 7f00 008b | be90 0000 | 0083 c702 | 89be 9000 | 0000 81e7 | feff 1f00 
  0x00007f1045cad5b4: 85ff 0f84 | 7603 0000 

  0x00007f1045cad5bc: ;   {metadata(method data for {method} {0x000000000646ff60} 'checkCustomized' '(Ljava/lang/invoke/MethodHandle;)V' in 'java/lang/invoke/Invokers')}
  0x00007f1045cad5bc: 48be a85a | 2a00 107f | 0000 4883 | 86d8 0000 

  0x00007f1045cad5cc: ;   {metadata(method data for {method} {0x00000000061f59a8} 'isCompileConstant' '(Ljava/lang/Object;)Z' in 'java/lang/invoke/MethodHandleImpl')}
  0x00007f1045cad5cc: 0001 48be | c05d 2a00 | 107f 0000 | 8bbe 9000 | 0000 83c7 | 0289 be90 | 0000 0081 | e7fe ff1f 
  0x00007f1045cad5ec: 0085 ff0f | 845e 0300 

  0x00007f1045cad5f4: ;   {metadata(method data for {method} {0x000000000646ff60} 'checkCustomized' '(Ljava/lang/invoke/MethodHandle;)V' in 'java/lang/invoke/Invokers')}
  0x00007f1045cad5f4: 0048 bea8 | 5a2a 0010 | 7f00 00ff | 86e8 0000 | 008b 7014 | 48c1 e603 

  0x00007f1045cad60c: ; implicit exception: dispatches to 0x00007f1045cad979
  0x00007f1045cad60c: 8b76 1c48 | c1e6 0348 

  0x00007f1045cad614: ;   {metadata(method data for {method} {0x000000000646ff60} 'checkCustomized' '(Ljava/lang/invoke/MethodHandle;)V' in 'java/lang/invoke/Invokers')}
  0x00007f1045cad614: 85f6 48be | a85a 2a00 | 107f 0000 | bf18 0100 | 0074 05bf | 0801 0000 | 488b 1c3e | 488d 5b01 
  0x00007f1045cad634: 4889 1c3e | 0f84 0d00 | 0000 4889 | 8424 8800 | 0000 e931 

  0x00007f1045cad648: ;   {metadata(method data for {method} {0x000000000646ff60} 'checkCustomized' '(Ljava/lang/invoke/MethodHandle;)V' in 'java/lang/invoke/Invokers')}
  0x00007f1045cad648: 0000 0048 | bea8 5a2a | 0010 7f00 | 0048 8386 | 2801 0000 | 0148 8bf0 | 4889 8424 | 8800 0000 
  0x00007f1045cad668: 0f1f 8000 

  0x00007f1045cad66c: ;   {static_call}
  0x00007f1045cad66c: 0000 00e8 

  0x00007f1045cad670: ; ImmutableOopMap {[120]=Oop [128]=Oop [136]=Oop }
                      ;*invokestatic maybeCustomize {reexecute=0 rethrow=0 return_oop=0}
                      ; - java.lang.invoke.Invokers::checkCustomized@19 (line 626)
                      ; - java.lang.invoke.LambdaForm$MH/0x00000000071b5800::invoke@44
  0x00007f1045cad670: 8c60 8606 

  0x00007f1045cad674: ;   {post_call_nop}
  0x00007f1045cad674: 0f1f 8400 | ec09 0003 | 488b 8424 | 8800 0000 | 488b 9c24 | 8000 0000 | 488b 7c24 

  0x00007f1045cad690: ;   {metadata(method data for {method} {0x00007f10019f3f60} 'invoke' '(Ljava/lang/Object;Ljava/lang/Object;Ljava/lang/Object;)Ljava/lang/Object;' in 'java/lang/invoke/LambdaForm$MH+0x00000000071b5800')}
  0x00007f1045cad690: 7848 ba00 | 00eb 0110 | 7f00 0048 | 8d92 5802 | 0000 4885 | ff75 0ef6 | 4208 0175 | 4ef0 4883 
  0x00007f1045cad6b0: 4a08 01eb | 468b 4f08 | 41ba 0000 | 0006 4903 | ca4c 8bd1 | 4833 4a08 | 48f7 c1fc | ffff ff74 
  0x00007f1045cad6d0: 2af6 c102 | 7525 48f7 | 4208 feff | ffff 7417 | 498b ca48 | 334a 0848 | f7c1 fcff | ffff 740b 
  0x00007f1045cad6f0: 4883 4a08 | 02eb 0448 | 894a 0848 | 85db 750e | f642 1801 | 754e f048 | 834a 1801 | eb46 8b4b 
  0x00007f1045cad710: 0841 ba00 | 0000 0649 | 03ca 4c8b | d148 334a | 1848 f7c1 | fcff ffff | 742a f6c1 | 0275 2548 
  0x00007f1045cad730: f742 18fe | ffff ff74 | 1749 8bca | 4833 4a18 | 48f7 c1fc | ffff ff74 | 0b48 834a | 1802 eb04 
  0x00007f1045cad750: 4889 4a18 

  0x00007f1045cad754: ;   {metadata(method data for {method} {0x00007f10019f3f60} 'invoke' '(Ljava/lang/Object;Ljava/lang/Object;Ljava/lang/Object;)Ljava/lang/Object;' in 'java/lang/invoke/LambdaForm$MH+0x00000000071b5800')}
  0x00007f1045cad754: 488b d048 | b900 00eb | 0110 7f00 | 008b 5208 | 41ba 0000 | 0006 4903 | d248 3b91 | 3002 0000 
  0x00007f1045cad774: 750d 4883 | 8138 0200 | 0001 e960 | 0000 0048 | 3b91 4002 | 0000 750d | 4883 8148 | 0200 0001 
  0x00007f1045cad794: e94a 0000 | 0048 83b9 | 3002 0000 | 0075 1748 | 8991 3002 | 0000 48c7 | 8138 0200 | 0001 0000 
  0x00007f1045cad7b4: 00e9 2900 | 0000 4883 | b940 0200 | 0000 7517 | 4889 9140 | 0200 0048 | c781 4802 | 0000 0100 
  0x00007f1045cad7d4: 0000 e908 | 0000 0048 | 8381 2802 | 0000 0148 | 8bd7 488b | cb48 8bf0 

  0x00007f1045cad7ec: ;   {optimized virtual_call}
  0x00007f1045cad7ec: 6666 90e8 

  0x00007f1045cad7f0: ; ImmutableOopMap {}
                      ;*invokevirtual invokeBasic {reexecute=0 rethrow=0 return_oop=0}
                      ; - java.lang.invoke.LambdaForm$MH/0x00000000071b5800::invoke@52
  0x00007f1045cad7f0: 0ccd 3006 

  0x00007f1045cad7f4: ;   {post_call_nop}
  0x00007f1045cad7f4: 0f1f 8400 | 6c0b 0004 

  0x00007f1045cad7fc: ;   {metadata(method data for {method} {0x00007f10019f3f60} 'invoke' '(Ljava/lang/Object;Ljava/lang/Object;Ljava/lang/Object;)Ljava/lang/Object;' in 'java/lang/invoke/LambdaForm$MH+0x00000000071b5800')}
  0x00007f1045cad7fc: 48be 0000 | eb01 107f | 0000 488d | b678 0200 | 0048 85c0 | 750c f606 | 0175 49f0 | 4883 0e01 
  0x00007f1045cad81c: eb42 8b78 | 0841 ba00 | 0000 0649 | 03fa 4c8b | d748 333e | 48f7 c7fc | ffff ff74 | 2740 f6c7 
  0x00007f1045cad83c: 0275 2148 | f706 feff | ffff 7415 | 498b fa48 | 333e 48f7 | c7fc ffff | ff74 0948 | 830e 02eb 
  0x00007f1045cad85c: 0348 893e | 4881 c4a0 | 0000 005d 

  0x00007f1045cad868: ;   {poll_return}
  0x00007f1045cad868: 493b 6728 | 0f87 0c01 

  0x00007f1045cad870: ;   {metadata({method} {0x00007f10019f3f60} 'invoke' '(Ljava/lang/Object;Ljava/lang/Object;Ljava/lang/Object;)Ljava/lang/Object;' in 'java/lang/invoke/LambdaForm$MH+0x00000000071b5800')}
  0x00007f1045cad870: 0000 c349 | ba60 3f9f | 0110 7f00 | 004c 8954 | 2408 48c7 | 0424 ffff 

  0x00007f1045cad888: ;   {runtime_call C1 Runtime counter_overflow_blob}
  0x00007f1045cad888: ffff e851 

  0x00007f1045cad88c: ; ImmutableOopMap {rsi=Oop rdx=Oop rcx=Oop }
                      ;*synchronization entry
                      ; - java.lang.invoke.LambdaForm$MH/0x00000000071b5800::invoke@-1
  0x00007f1045cad88c: 04ce 05e9 | eef5 ffff | 4889 0c24 

  0x00007f1045cad898: ;   {runtime_call C1 Runtime throw_class_cast_exception_blob}
  0x00007f1045cad898: e8c3 c1cd 

  0x00007f1045cad89c: ; ImmutableOopMap {[88]=Oop [96]=Oop }
                      ;*checkcast {reexecute=0 rethrow=0 return_oop=0}
                      ; - java.lang.invoke.LambdaForm$MH/0x00000000071b5800::invoke@6
                      ;   {runtime_call C1 Runtime throw_null_pointer_exception_blob}
  0x00007f1045cad89c: 05e8 3e89 

  0x00007f1045cad8a0: ; ImmutableOopMap {rdx=Oop [88]=Oop [96]=Oop }
                      ;*aaload {reexecute=0 rethrow=0 return_oop=0}
                      ; - java.lang.invoke.LambdaForm$MH/0x00000000071b5800::invoke@12
                      ;   {runtime_call C1 Runtime throw_null_pointer_exception_blob}
  0x00007f1045cad8a0: cd05 e839 

  0x00007f1045cad8a4: ; ImmutableOopMap {rdx=Oop [88]=Oop [96]=Oop }
                      ;*aaload {reexecute=0 rethrow=0 return_oop=0}
                      ; - java.lang.invoke.LambdaForm$MH/0x00000000071b5800::invoke@12
  0x00007f1045cad8a4: 89cd 0548 | c704 2400 | 0000 0048 | 8954 2408 

  0x00007f1045cad8b4: ;   {runtime_call C1 Runtime throw_range_check_failed_blob}
  0x00007f1045cad8b4: e827 80cd 

  0x00007f1045cad8b8: ; ImmutableOopMap {rdx=Oop [88]=Oop [96]=Oop }
                      ;*aaload {reexecute=0 rethrow=0 return_oop=0}
                      ; - java.lang.invoke.LambdaForm$MH/0x00000000071b5800::invoke@12
  0x00007f1045cad8b8: 0548 c704 | 2401 0000 | 0048 8954 

  0x00007f1045cad8c4: ;   {runtime_call C1 Runtime throw_range_check_failed_blob}
  0x00007f1045cad8c4: 2408 e815 

  0x00007f1045cad8c8: ; ImmutableOopMap {rdx=Oop rdi=Oop [88]=Oop [96]=Oop }
                      ;*aaload {reexecute=0 rethrow=0 return_oop=0}
                      ; - java.lang.invoke.LambdaForm$MH/0x00000000071b5800::invoke@16
  0x00007f1045cad8c8: 80cd 0548 

  0x00007f1045cad8cc: ;   {runtime_call C1 Runtime throw_class_cast_exception_blob}
  0x00007f1045cad8cc: 8934 24e8 

  0x00007f1045cad8d0: ; ImmutableOopMap {rdi=Oop rbx=Oop [96]=Oop }
                      ;*checkcast {reexecute=0 rethrow=0 return_oop=0}
                      ; - java.lang.invoke.LambdaForm$MH/0x00000000071b5800::invoke@20
  0x00007f1045cad8d0: 8cc1 cd05 

  0x00007f1045cad8d4: ;   {runtime_call C1 Runtime throw_null_pointer_exception_blob}
  0x00007f1045cad8d4: e807 89cd 

  0x00007f1045cad8d8: ; ImmutableOopMap {rdi=Oop rbx=Oop [96]=Oop }
                      ;*getfield argL0 {reexecute=1 rethrow=0 return_oop=0}
                      ; - (reexecute) java.lang.invoke.LambdaForm$MH/0x00000000071b5800::invoke@23
  0x00007f1045cad8d8: 0548 8934 

  0x00007f1045cad8dc: ;   {runtime_call C1 Runtime throw_class_cast_exception_blob}
  0x00007f1045cad8dc: 24e8 7ec1 

  0x00007f1045cad8e0: ; ImmutableOopMap {rdi=Oop rbx=Oop rdx=Oop }
                      ;*checkcast {reexecute=0 rethrow=0 return_oop=0}
                      ; - java.lang.invoke.LambdaForm$MH/0x00000000071b5800::invoke@29
  0x00007f1045cad8e0: cd05 4889 

  0x00007f1045cad8e4: ;   {runtime_call C1 Runtime throw_class_cast_exception_blob}
  0x00007f1045cad8e4: 1424 e875 

  0x00007f1045cad8e8: ; ImmutableOopMap {rdi=Oop rbx=Oop rax=Oop }
                      ;*checkcast {reexecute=0 rethrow=0 return_oop=0}
                      ; - java.lang.invoke.LambdaForm$MH/0x00000000071b5800::invoke@34
                      ;   {metadata({method} {0x0000000006470010} 'checkGenericType' '(Ljava/lang/invoke/MethodHandle;Ljava/lang/invoke/MethodType;)Ljava/lang/invoke/MethodHandle;' in 'java/lang/invoke/Invokers')}
  0x00007f1045cad8e8: c1cd 0549 | ba10 0047 | 0600 0000 | 004c 8954 | 2408 48c7 | 0424 ffff 

  0x00007f1045cad900: ;   {runtime_call C1 Runtime counter_overflow_blob}
  0x00007f1045cad900: ffff e8d9 

  0x00007f1045cad904: ; ImmutableOopMap {rdi=Oop rbx=Oop rax=Oop rcx=Oop }
                      ;*synchronization entry
                      ; - java.lang.invoke.Invokers::checkGenericType@-1 (line 541)
                      ; - java.lang.invoke.LambdaForm$MH/0x00000000071b5800::invoke@37
  0x00007f1045cad904: 03ce 05e9 | 19fa ffff 

  0x00007f1045cad90c: ;   {runtime_call C1 Runtime throw_null_pointer_exception_blob}
  0x00007f1045cad90c: e8cf 88cd 

  0x00007f1045cad910: ; ImmutableOopMap {rdi=Oop rbx=Oop rax=Oop rcx=Oop }
                      ;*invokevirtual asType {reexecute=0 rethrow=0 return_oop=0}
                      ; - java.lang.invoke.Invokers::checkGenericType@2 (line 541)
                      ; - java.lang.invoke.LambdaForm$MH/0x00000000071b5800::invoke@37
                      ;   {metadata({method} {0x00000000064783e0} 'asType' '(Ljava/lang/invoke/MethodType;)Ljava/lang/invoke/MethodHandle;' in 'java/lang/invoke/MethodHandle')}
  0x00007f1045cad910: 0549 bae0 | 8347 0600 | 0000 004c | 8954 2408 | 48c7 0424 | ffff ffff 

  0x00007f1045cad928: ;   {runtime_call C1 Runtime counter_overflow_blob}
  0x00007f1045cad928: e8b3 03ce 

  0x00007f1045cad92c: ; ImmutableOopMap {rdi=Oop rbx=Oop rax=Oop rcx=Oop }
                      ;*synchronization entry
                      ; - java.lang.invoke.MethodHandle::asType@-1 (line 865)
                      ; - java.lang.invoke.Invokers::checkGenericType@2 (line 541)
                      ; - java.lang.invoke.LambdaForm$MH/0x00000000071b5800::invoke@37
  0x00007f1045cad92c: 05e9 acfa 

  0x00007f1045cad930: ;   {metadata({method} {0x000000000646ff60} 'checkCustomized' '(Ljava/lang/invoke/MethodHandle;)V' in 'java/lang/invoke/Invokers')}
  0x00007f1045cad930: ffff 49ba | 60ff 4606 | 0000 0000 | 4c89 5424 | 0848 c704 | 24ff ffff 

  0x00007f1045cad948: ;   {runtime_call C1 Runtime counter_overflow_blob}
  0x00007f1045cad948: ffe8 9203 

  0x00007f1045cad94c: ; ImmutableOopMap {rax=Oop [120]=Oop [128]=Oop }
                      ;*synchronization entry
                      ; - java.lang.invoke.Invokers::checkCustomized@-1 (line 622)
                      ; - java.lang.invoke.LambdaForm$MH/0x00000000071b5800::invoke@44
  0x00007f1045cad94c: ce05 e969 

  0x00007f1045cad950: ;   {metadata({method} {0x00000000061f59a8} 'isCompileConstant' '(Ljava/lang/Object;)Z' in 'java/lang/invoke/MethodHandleImpl')}
  0x00007f1045cad950: fcff ff49 | baa8 591f | 0600 0000 | 004c 8954 | 2408 48c7 | 0424 ffff 

  0x00007f1045cad968: ;   {runtime_call C1 Runtime counter_overflow_blob}
  0x00007f1045cad968: ffff e871 

  0x00007f1045cad96c: ; ImmutableOopMap {rax=Oop [120]=Oop [128]=Oop }
                      ;*synchronization entry
                      ; - java.lang.invoke.MethodHandleImpl::isCompileConstant@-1 (line 625)
                      ; - java.lang.invoke.Invokers::checkCustomized@1 (line 622)
                      ; - java.lang.invoke.LambdaForm$MH/0x00000000071b5800::invoke@44
  0x00007f1045cad96c: 03ce 05e9 | 81fc ffff 

  0x00007f1045cad974: ;   {runtime_call C1 Runtime throw_null_pointer_exception_blob}
  0x00007f1045cad974: e867 88cd 

  0x00007f1045cad978: ; ImmutableOopMap {rax=Oop [120]=Oop [128]=Oop }
                      ;*getfield form {reexecute=1 rethrow=0 return_oop=0}
                      ; - (reexecute) java.lang.invoke.Invokers::checkCustomized@9 (line 625)
                      ; - java.lang.invoke.LambdaForm$MH/0x00000000071b5800::invoke@44
                      ;   {runtime_call C1 Runtime throw_null_pointer_exception_blob}
  0x00007f1045cad978: 05e8 6288 

  0x00007f1045cad97c: ; ImmutableOopMap {rax=Oop [120]=Oop [128]=Oop }
                      ;*getfield customized {reexecute=1 rethrow=0 return_oop=0}
                      ; - (reexecute) java.lang.invoke.Invokers::checkCustomized@12 (line 625)
                      ; - java.lang.invoke.LambdaForm$MH/0x00000000071b5800::invoke@44
                      ;   {internal_word}
  0x00007f1045cad97c: cd05 49ba | 68d8 ca45 | 107f 0000 | 4d89 9738 

  0x00007f1045cad98c: ;   {runtime_call SafepointBlob}
  0x00007f1045cad98c: 0500 00e9 | cc31 c005 | 498b 87e0 | 0500 0049 | c787 e005 | 0000 0000 | 0000 49c7 | 87e8 0500 
  0x00007f1045cad9ac: 0000 0000 | 0048 81c4 | a000 0000 

  0x00007f1045cad9b8: ;   {runtime_call C1 Runtime unwind_exception_blob}
  0x00007f1045cad9b8: 5de9 a273 | cd05 f4f4 
[Stub Code]
  0x00007f1045cad9c0: ;   {static_stub}
  0x00007f1045cad9c0: 48bb 0000 | 0000 0000 

  0x00007f1045cad9c8: ;   {runtime_call nmethod}
  0x00007f1045cad9c8: 0000 e9fb 

  0x00007f1045cad9cc: ;   {static_stub}
  0x00007f1045cad9cc: ffff ff48 | bb00 0000 | 0000 0000 

  0x00007f1045cad9d8: ;   {runtime_call nmethod}
  0x00007f1045cad9d8: 00e9 fbff 

  0x00007f1045cad9dc: ;   {static_stub}
  0x00007f1045cad9dc: ffff 48bb | 0000 0000 | 0000 0000 

  0x00007f1045cad9e8: ;   {runtime_call nmethod}
  0x00007f1045cad9e8: e9fb ffff 

  0x00007f1045cad9ec: ;   {static_stub}
  0x00007f1045cad9ec: ff48 bb00 | 0000 0000 

  0x00007f1045cad9f4: ;   {runtime_call nmethod}
  0x00007f1045cad9f4: 0000 00e9 | fbff ffff 

  0x00007f1045cad9fc: ;   {static_stub}
  0x00007f1045cad9fc: 48bb 0000 | 0000 0000 

  0x00007f1045cada04: ;   {runtime_call nmethod}
  0x00007f1045cada04: 0000 e9fb 

  0x00007f1045cada08: ;   {runtime_call C1 Runtime handle_exception_from_callee_blob}
  0x00007f1045cada08: ffff ffe8 | d0b4 cd05 

  0x00007f1045cada10: ;   {external_word}
  0x00007f1045cada10: 48bf 28c7 | 4e62 107f | 0000 4883 

  0x00007f1045cada1c: ;   {runtime_call MacroAssembler::debug64(char*, long, long*)}
  0x00007f1045cada1c: e4f0 e81d | b429 1cf4 
[Deopt Handler Code]
  0x00007f1045cada24: ;   {section_word}
  0x00007f1045cada24: 49ba 24da | ca45 107f | 0000 4152 

  0x00007f1045cada30: ;   {runtime_call DeoptimizationBlob}
  0x00007f1045cada30: e9ab 18c0 

  0x00007f1045cada34: ;   {section_word}
  0x00007f1045cada34: 0549 ba35 | daca 4510 | 7f00 0041 

  0x00007f1045cada40: ;   {runtime_call DeoptimizationBlob}
  0x00007f1045cada40: 52e9 9a18 | c005 f4f4 
[/MachCode]


Compiled method (c1) 18956 9015       3       java.lang.invoke.MethodHandle::invokeWithArguments (32 bytes)
 total in heap  [0x00007f1044608b88,0x00007f10446095e8] = 2656
 main code      [0x00007f1044608c80,0x00007f1044609528] = 2216
 stub code      [0x00007f1044609528,0x00007f10446095e0] = 184
 oops           [0x00007f10446095e0,0x00007f10446095e8] = 8
 mutable data [0x00007f0fac6eb490,0x00007f0fac6eb5f0] = 352
 relocation     [0x00007f0fac6eb490,0x00007f0fac6eb5a0] = 272
 metadata       [0x00007f0fac6eb5a0,0x00007f0fac6eb5f0] = 80
 immutable data [0x00007f0fac007910,0x00007f0fac007c08] = 760
 dependencies   [0x00007f0fac007910,0x00007f0fac007928] = 24
 nul chk table  [0x00007f0fac007928,0x00007f0fac007960] = 56
 scopes pcs     [0x00007f0fac007960,0x00007f0fac007ad0] = 368
 scopes data    [0x00007f0fac007ad0,0x00007f0fac007c08] = 312

[Constant Pool (empty)]

[MachCode]
[Instructions begin]
  0x00007f1044608c80: 6666 660f | 1f84 0000 | 0000 0066 | 6666 9066 | 6690 448b | 5608 443b 

  0x00007f1044608c98: ;   {runtime_call Shared Runtime ic_miss_blob}
  0x00007f1044608c98: 5008 0f85 | 4049 2a07 
[Verified Entry Point]
  0x00007f1044608ca0: 8984 2400 | c0fe ff55 | 4881 eca0 | 0000 0090 | 4181 7f20 | 0500 0000 

  0x00007f1044608cb8: ;   {runtime_call Stub::method_entry_barrier}
  0x00007f1044608cb8: 7405 e801 | e928 0748 | 8974 2468 | 4889 5424 

  0x00007f1044608cc8: ;   {metadata(method data for {method} {0x00000000061eedc0} 'invokeWithArguments' '([Ljava/lang/Object;)Ljava/lang/Object;' in 'java/lang/invoke/MethodHandle')}
  0x00007f1044608cc8: 7048 bfc8 | beb4 0110 | 7f00 008b | 9f90 0000 | 0083 c302 | 899f 9000 | 0000 81e3 | fe07 0000 
  0x00007f1044608ce8: 85db 0f84 | ec06 0000 

  0x00007f1044608cf0: ;   {metadata(method data for {method} {0x00000000061eedc0} 'invokeWithArguments' '([Ljava/lang/Object;)Ljava/lang/Object;' in 'java/lang/invoke/MethodHandle')}
  0x00007f1044608cf0: 4885 d248 | bfc8 beb4 | 0110 7f00 | 00bb d800 | 0000 7505 | bbe8 0000 | 0048 8b04 | 1f48 8d40 
  0x00007f1044608d10: 0148 8904 | 1f0f 851a 

  0x00007f1044608d18: ;   {metadata(method data for {method} {0x00000000061eedc0} 'invokeWithArguments' '([Ljava/lang/Object;)Ljava/lang/Object;' in 'java/lang/invoke/MethodHandle')}
  0x00007f1044608d18: 0000 0048 | bfc8 beb4 | 0110 7f00 | 00ff 87f8 | 0000 00bf | 0000 0000 | e903 0000 | 008b 7a0c 
  0x00007f1044608d38: ;   {metadata(method data for {method} {0x00000000061eedc0} 'invokeWithArguments' '([Ljava/lang/Object;)Ljava/lang/Object;' in 'java/lang/invoke/MethodHandle')}
  0x00007f1044608d38: 48bb c8be | b401 107f | 0000 4883 | 8310 0100 

  0x00007f1044608d48: ;   {metadata(method data for {method} {0x00000000064775b8} 'genericMethodType' '(I)Ljava/lang/invoke/MethodType;' in 'java/lang/invoke/MethodType')}
  0x00007f1044608d48: 0001 48bb | c05d 0f01 | 107f 0000 | 8b83 9000 | 0000 83c0 | 0289 8390 | 0000 0025 | feff 1f00 
  0x00007f1044608d68: 85c0 0f84 | 9206 0000 

  0x00007f1044608d70: ;   {metadata(method data for {method} {0x00000000064775b8} 'genericMethodType' '(I)Ljava/lang/invoke/MethodType;' in 'java/lang/invoke/MethodType')}
  0x00007f1044608d70: 48bb c05d | 0f01 107f | 0000 4883 | 83d8 0000 | 0001 488b | f7ba 0000 | 0000 0f1f 

  0x00007f1044608d8c: ;   {static_call}
  0x00007f1044608d8c: 4400 00e8 

  0x00007f1044608d90: ; ImmutableOopMap {[104]=Oop [112]=Oop }
                      ;*invokestatic genericMethodType {reexecute=0 rethrow=0 return_oop=0}
                      ; - java.lang.invoke.MethodType::genericMethodType@2 (line 455)
                      ; - java.lang.invoke.MethodHandle::invokeWithArguments@10 (line 734)
  0x00007f1044608d90: 6c45 ed07 

  0x00007f1044608d94: ;   {post_call_nop}
  0x00007f1044608d94: 0f1f 8400 | 0c02 0000 | 4889 4424 | 7848 3b00 

  0x00007f1044608da4: ;   {metadata(method data for {method} {0x00000000061eedc0} 'invokeWithArguments' '([Ljava/lang/Object;)Ljava/lang/Object;' in 'java/lang/invoke/MethodHandle')}
  0x00007f1044608da4: 488b f048 | bfc8 beb4 | 0110 7f00 | 008b 7608 | 41ba 0000 | 0006 4903 | f248 3bb7 | 2801 0000 
  0x00007f1044608dc4: 750d 4883 | 8730 0100 | 0001 e960 | 0000 0048 | 3bb7 3801 | 0000 750d | 4883 8740 | 0100 0001 
  0x00007f1044608de4: e94a 0000 | 0048 83bf | 2801 0000 | 0075 1748 | 89b7 2801 | 0000 48c7 | 8730 0100 | 0001 0000 
  0x00007f1044608e04: 00e9 2900 | 0000 4883 | bf38 0100 | 0000 7517 | 4889 b738 | 0100 0048 | c787 4001 | 0000 0100 
  0x00007f1044608e24: 0000 e908 | 0000 0048 | 8387 2001 | 0000 0148 

  0x00007f1044608e34: ;   {optimized virtual_call}
  0x00007f1044608e34: 8bf0 90e8 

  0x00007f1044608e38: ; ImmutableOopMap {[104]=Oop [112]=Oop [120]=Oop }
                      ;*invokevirtual invokers {reexecute=0 rethrow=0 return_oop=0}
                      ; - java.lang.invoke.MethodHandle::invokeWithArguments@15 (line 735)
  0x00007f1044608e38: 547f f507 

  0x00007f1044608e3c: ;   {post_call_nop}
  0x00007f1044608e3c: 0f1f 8400 | b402 0001 

  0x00007f1044608e44: ; implicit exception: dispatches to 0x00007f1044609428
  0x00007f1044608e44: 483b 0048 

  0x00007f1044608e48: ;   {metadata(method data for {method} {0x00000000061eedc0} 'invokeWithArguments' '([Ljava/lang/Object;)Ljava/lang/Object;' in 'java/lang/invoke/MethodHandle')}
  0x00007f1044608e48: 8bd0 48be | c8be b401 | 107f 0000 | 4883 8660 | 0100 0001 | ba00 0000 | 0048 8bf0 

  0x00007f1044608e64: ;   {optimized virtual_call}
  0x00007f1044608e64: 6666 90e8 

  0x00007f1044608e68: ; ImmutableOopMap {[104]=Oop [112]=Oop [120]=Oop }
                      ;*invokevirtual spreadInvoker {reexecute=0 rethrow=0 return_oop=0}
                      ; - java.lang.invoke.MethodHandle::invokeWithArguments@19 (line 735)
  0x00007f1044608e68: a40c fb07 

  0x00007f1044608e6c: ;   {post_call_nop}
  0x00007f1044608e6c: 0f1f 8400 | e402 0002 | 4889 8424 | 8000 0000 | 488b 7424 

  0x00007f1044608e80: ;   {metadata(method data for {method} {0x00000000061eedc0} 'invokeWithArguments' '([Ljava/lang/Object;)Ljava/lang/Object;' in 'java/lang/invoke/MethodHandle')}
  0x00007f1044608e80: 6848 bac8 | beb4 0110 | 7f00 008b | 7608 41ba | 0000 0006 | 4903 f248 | 3bb2 8801 | 0000 750d 
  0x00007f1044608ea0: 4883 8290 | 0100 0001 | e960 0000 | 0048 3bb2 | 9801 0000 | 750d 4883 | 82a0 0100 | 0001 e94a 
  0x00007f1044608ec0: 0000 0048 | 83ba 8801 | 0000 0075 | 1748 89b2 | 8801 0000 | 48c7 8290 | 0100 0001 | 0000 00e9 
  0x00007f1044608ee0: 2900 0000 | 4883 ba98 | 0100 0000 | 7517 4889 | b298 0100 | 0048 c782 | a001 0000 | 0100 0000 
  0x00007f1044608f00: e908 0000 | 0048 8382 | 8001 0000 

  0x00007f1044608f0c: ;   {metadata(method data for {method} {0x00000000064783e0} 'asType' '(Ljava/lang/invoke/MethodType;)Ljava/lang/invoke/MethodHandle;' in 'java/lang/invoke/MethodHandle')}
  0x00007f1044608f0c: 0148 bae0 | 0025 0010 | 7f00 008b | b290 0000 | 0083 c602 | 89b2 9000 | 0000 81e6 | feff 1f00 
  0x00007f1044608f2c: 85f6 0f84 | f904 0000 | 488b 7424 | 688b 5610 | 48c1 e203 | 488b 7c24 | 7848 3bfa 

  0x00007f1044608f48: ;   {metadata(method data for {method} {0x00000000064783e0} 'asType' '(Ljava/lang/invoke/MethodType;)Ljava/lang/invoke/MethodHandle;' in 'java/lang/invoke/MethodHandle')}
  0x00007f1044608f48: 48ba e000 | 2500 107f | 0000 bbe8 | 0000 0074 | 05bb d800 | 0000 488b | 0c1a 488d | 4901 4889 
  0x00007f1044608f68: 0c1a 0f84 | a700 0000 

  0x00007f1044608f70: ;   {metadata(method data for {method} {0x00000000064783e0} 'asType' '(Ljava/lang/invoke/MethodType;)Ljava/lang/invoke/MethodHandle;' in 'java/lang/invoke/MethodHandle')}
  0x00007f1044608f70: 488b d648 | bbe0 0025 | 0010 7f00 | 0048 8383 | f800 0000 | 0148 8bd7 | 488b de48 

  0x00007f1044608f8c: ;   {optimized virtual_call}
  0x00007f1044608f8c: 8bf3 90e8 

  0x00007f1044608f90: ; ImmutableOopMap {[104]=Oop [112]=Oop [120]=Oop [128]=Oop }
                      ;*invokevirtual asTypeCached {reexecute=0 rethrow=0 return_oop=0}
                      ; - java.lang.invoke.MethodHandle::asType@12 (line 869)
                      ; - java.lang.invoke.MethodHandle::invokeWithArguments@24 (line 735)
  0x00007f1044608f90: fcc9 f207 

  0x00007f1044608f94: ;   {post_call_nop}
  0x00007f1044608f94: 0f1f 8400 | 0c04 0003 

  0x00007f1044608f9c: ;   {metadata(method data for {method} {0x00000000064783e0} 'asType' '(Ljava/lang/invoke/MethodType;)Ljava/lang/invoke/MethodHandle;' in 'java/lang/invoke/MethodHandle')}
  0x00007f1044608f9c: 4885 c048 | bae0 0025 | 0010 7f00 | 00be 2801 | 0000 7405 | be38 0100 | 0048 8b3c | 3248 8d7f 
  0x00007f1044608fbc: 0148 893c | 320f 8410 | 0000 0048 | 8bf0 488b | 8424 8000 | 0000 e940 | 0000 0048 | 8b44 2478 
  0x00007f1044608fdc: 488b 7424 | 6848 8bd6 

  0x00007f1044608fe4: ;   {metadata(method data for {method} {0x00000000064783e0} 'asType' '(Ljava/lang/invoke/MethodType;)Ljava/lang/invoke/MethodHandle;' in 'java/lang/invoke/MethodHandle')}
  0x00007f1044608fe4: 48bf e000 | 2500 107f | 0000 4883 | 8748 0100 | 0001 488b | d066 0f1f 

  0x00007f1044608ffc: ;   {optimized virtual_call}
  0x00007f1044608ffc: 4400 00e8 

  0x00007f1044609000: ; ImmutableOopMap {[112]=Oop [128]=Oop }
                      ;*invokevirtual setAsTypeCache {reexecute=0 rethrow=0 return_oop=0}
                      ; - java.lang.invoke.MethodHandle::asType@24 (line 873)
                      ; - java.lang.invoke.MethodHandle::invokeWithArguments@24 (line 735)
  0x00007f1044609000: 8cf0 f407 

  0x00007f1044609004: ;   {post_call_nop}
  0x00007f1044609004: 0f1f 8400 | 7c04 0004 | 488b f048 | 8b84 2480 

  0x00007f1044609014: ;   {metadata(method data for {method} {0x00000000061eedc0} 'invokeWithArguments' '([Ljava/lang/Object;)Ljava/lang/Object;' in 'java/lang/invoke/MethodHandle')}
  0x00007f1044609014: 0000 0048 | bfc8 beb4 | 0110 7f00 | 0048 8dbf | e001 0000 | 4885 f675 | 0cf6 4708 | 0175 06f0 
  0x00007f1044609034: 4883 4f08 

  0x00007f1044609038: ;   {metadata(method data for {method} {0x0000000006209c78} 'invokeExact_MT' '(Ljava/lang/Object;Ljava/lang/Object;Ljava/lang/Object;Ljava/lang/Object;)Ljava/lang/Object;' in 'java/lang/invoke/Invokers$Holder')}
  0x00007f1044609038: 0148 bfe8 | d90b 0110 | 7f00 0048 | 8dbf 6802 | 0000 4885 | c075 0af6 | 0701 7505 | f048 830f 
  0x00007f1044609058: ;   {metadata(method data for {method} {0x00000000061eedc0} 'invokeWithArguments' '([Ljava/lang/Object;)Ljava/lang/Object;' in 'java/lang/invoke/MethodHandle')}
  0x00007f1044609058: 0148 bfc8 | beb4 0110 | 7f00 0048 | 8387 b001 

  0x00007f1044609068: ;   {metadata(method data for {method} {0x0000000006209c78} 'invokeExact_MT' '(Ljava/lang/Object;Ljava/lang/Object;Ljava/lang/Object;Ljava/lang/Object;)Ljava/lang/Object;' in 'java/lang/invoke/Invokers$Holder')}
  0x00007f1044609068: 0000 0148 | bfe8 d90b | 0110 7f00 | 008b 9f90 | 0000 0083 | c302 899f | 9000 0000 | 81e3 feff 
  0x00007f1044609088: 1f00 85db | 0f84 bc03 

  0x00007f1044609090: ;   {metadata(method data for {method} {0x0000000006209c78} 'invokeExact_MT' '(Ljava/lang/Object;Ljava/lang/Object;Ljava/lang/Object;Ljava/lang/Object;)Ljava/lang/Object;' in 'java/lang/invoke/Invokers$Holder')}
  0x00007f1044609090: 0000 48bf | e8d9 0b01 | 107f 0000 | 488d bf48 | 0100 0048 | 85c0 750c | f647 0801 | 7506 f048 
  0x00007f10446090b0: 834f 0801 

  0x00007f10446090b4: ;   {metadata(method data for {method} {0x0000000006209c78} 'invokeExact_MT' '(Ljava/lang/Object;Ljava/lang/Object;Ljava/lang/Object;Ljava/lang/Object;)Ljava/lang/Object;' in 'java/lang/invoke/Invokers$Holder')}
  0x00007f10446090b4: 48bf e8d9 | 0b01 107f | 0000 4883 | 8738 0100 

  0x00007f10446090c4: ;   {metadata(method data for {method} {0x0000000006470068} 'checkExactType' '(Ljava/lang/invoke/MethodHandle;Ljava/lang/invoke/MethodType;)V' in 'java/lang/invoke/Invokers')}
  0x00007f10446090c4: 0001 48bf | c050 2a00 | 107f 0000 | 8b9f 9000 | 0000 83c3 | 0289 9f90 | 0000 0081 | e3fe ff1f 
  0x00007f10446090e4: 0085 db0f | 8482 0300 | 0048 3b00 

  0x00007f10446090f0: ;   {metadata(method data for {method} {0x0000000006470068} 'checkExactType' '(Ljava/lang/invoke/MethodHandle;Ljava/lang/invoke/MethodType;)V' in 'java/lang/invoke/Invokers')}
  0x00007f10446090f0: 488b f848 | bbc0 502a | 0010 7f00 | 008b 7f08 | 41ba 0000 | 0006 4903 | fa48 3bbb | e000 0000 
  0x00007f1044609110: 750d 4883 | 83e8 0000 | 0001 e960 | 0000 0048 | 3bbb f000 | 0000 750d | 4883 83f8 | 0000 0001 
  0x00007f1044609130: e94a 0000 | 0048 83bb | e000 0000 | 0075 1748 | 89bb e000 | 0000 48c7 | 83e8 0000 | 0001 0000 
  0x00007f1044609150: 00e9 2900 | 0000 4883 | bbf0 0000 | 0000 7517 | 4889 bbf0 | 0000 0048 | c783 f800 | 0000 0100 
  0x00007f1044609170: 0000 e908 | 0000 0048 | 8383 d800 | 0000 018b | 7810 48c1 

  0x00007f1044609184: ;   {oop(a 'java/lang/invoke/MethodType'{0x0000000418096400} = (Ljava/lang/invoke/MethodHandle;[Ljava/lang/Object;)Ljava/lang/Object;)}
  0x00007f1044609184: e703 48bb | 0064 0918 | 0400 0000 

  0x00007f1044609190: ;   {metadata(method data for {method} {0x0000000006470068} 'checkExactType' '(Ljava/lang/invoke/MethodHandle;Ljava/lang/invoke/MethodType;)V' in 'java/lang/invoke/Invokers')}
  0x00007f1044609190: 483b fb48 | bbc0 502a | 0010 7f00 | 00ba 1801 | 0000 7505 | ba08 0100 | 0048 8b0c | 1348 8d49 
  0x00007f10446091b0: 0148 890c | 130f 85dc 

  0x00007f10446091b8: ;   {metadata(method data for {method} {0x0000000006209c78} 'invokeExact_MT' '(Ljava/lang/Object;Ljava/lang/Object;Ljava/lang/Object;Ljava/lang/Object;)Ljava/lang/Object;' in 'java/lang/invoke/Invokers$Holder')}
  0x00007f10446091b8: 0100 0048 | bfe8 d90b | 0110 7f00 | 0048 8387 | 7001 0000 

  0x00007f10446091cc: ;   {metadata(method data for {method} {0x000000000646ff60} 'checkCustomized' '(Ljava/lang/invoke/MethodHandle;)V' in 'java/lang/invoke/Invokers')}
  0x00007f10446091cc: 0148 bfa8 | 5a2a 0010 | 7f00 008b | 9f90 0000 | 0083 c302 | 899f 9000 | 0000 81e3 | feff 1f00 
  0x00007f10446091ec: 85db 0f84 | a102 0000 

  0x00007f10446091f4: ;   {metadata(method data for {method} {0x000000000646ff60} 'checkCustomized' '(Ljava/lang/invoke/MethodHandle;)V' in 'java/lang/invoke/Invokers')}
  0x00007f10446091f4: 48bf a85a | 2a00 107f | 0000 4883 | 87d8 0000 

  0x00007f1044609204: ;   {metadata(method data for {method} {0x00000000061f59a8} 'isCompileConstant' '(Ljava/lang/Object;)Z' in 'java/lang/invoke/MethodHandleImpl')}
  0x00007f1044609204: 0001 48bf | c05d 2a00 | 107f 0000 | 8b9f 9000 | 0000 83c3 | 0289 9f90 | 0000 0081 | e3fe ff1f 
  0x00007f1044609224: 0085 db0f | 8489 0200 

  0x00007f104460922c: ;   {metadata(method data for {method} {0x000000000646ff60} 'checkCustomized' '(Ljava/lang/invoke/MethodHandle;)V' in 'java/lang/invoke/Invokers')}
  0x00007f104460922c: 0048 bfa8 | 5a2a 0010 | 7f00 00ff | 87e8 0000 | 008b 7814 | 48c1 e703 

  0x00007f1044609244: ; implicit exception: dispatches to 0x00007f10446094d7
  0x00007f1044609244: 8b7f 1c48 | c1e7 0348 

  0x00007f104460924c: ;   {metadata(method data for {method} {0x000000000646ff60} 'checkCustomized' '(Ljava/lang/invoke/MethodHandle;)V' in 'java/lang/invoke/Invokers')}
  0x00007f104460924c: 85ff 48bf | a85a 2a00 | 107f 0000 | bb08 0100 | 0075 05bb | 1801 0000 | 488b 141f | 488d 5201 
  0x00007f104460926c: 4889 141f | 4889 b424 | 8800 0000 | 0f85 2600 

  0x00007f104460927c: ;   {metadata(method data for {method} {0x000000000646ff60} 'checkCustomized' '(Ljava/lang/invoke/MethodHandle;)V' in 'java/lang/invoke/Invokers')}
  0x00007f104460927c: 0000 48bf | a85a 2a00 | 107f 0000 | 4883 8728 | 0100 0001 | 488b f00f 

  0x00007f1044609294: ;   {static_call}
  0x00007f1044609294: 1f40 00e8 

  0x00007f1044609298: ; ImmutableOopMap {[112]=Oop [128]=Oop [136]=Oop }
                      ;*invokestatic maybeCustomize {reexecute=0 rethrow=0 return_oop=0}
                      ; - java.lang.invoke.Invokers::checkCustomized@19 (line 626)
                      ; - java.lang.invoke.Invokers$Holder::invokeExact_MT@14
                      ; - java.lang.invoke.MethodHandle::invokeWithArguments@28 (line 735)
  0x00007f1044609298: 64a4 f007 

  0x00007f104460929c: ;   {post_call_nop}
  0x00007f104460929c: 0f1f 8400 | 1407 0005 | 488b 5424 

  0x00007f10446092a8: ;   {metadata(method data for {method} {0x0000000006209c78} 'invokeExact_MT' '(Ljava/lang/Object;Ljava/lang/Object;Ljava/lang/Object;Ljava/lang/Object;)Ljava/lang/Object;' in 'java/lang/invoke/Invokers$Holder')}
  0x00007f10446092a8: 7048 b9e8 | d90b 0110 | 7f00 0048 | 8d89 c801 | 0000 4885 | d275 0cf6 | 4118 0175 | 06f0 4883 
  0x00007f10446092c8: 4918 0148 | 8b84 2480 

  0x00007f10446092d0: ;   {metadata(method data for {method} {0x0000000006209c78} 'invokeExact_MT' '(Ljava/lang/Object;Ljava/lang/Object;Ljava/lang/Object;Ljava/lang/Object;)Ljava/lang/Object;' in 'java/lang/invoke/Invokers$Holder')}
  0x00007f10446092d0: 0000 0048 | b9e8 d90b | 0110 7f00 | 008b 4008 | 41ba 0000 | 0006 4903 | c248 3b81 | a001 0000 
  0x00007f10446092f0: 750d 4883 | 81a8 0100 | 0001 e960 | 0000 0048 | 3b81 b001 | 0000 750d | 4883 81b8 | 0100 0001 
  0x00007f1044609310: e94a 0000 | 0048 83b9 | a001 0000 | 0075 1748 | 8981 a001 | 0000 48c7 | 81a8 0100 | 0001 0000 
  0x00007f1044609330: 00e9 2900 | 0000 4883 | b9b0 0100 | 0000 7517 | 4889 81b0 | 0100 0048 | c781 b801 | 0000 0100 
  0x00007f1044609350: 0000 e908 | 0000 0048 | 8381 9801 | 0000 0148 | 8bda 488b | 9424 8800 | 0000 488b | cb48 8bb4 
  0x00007f1044609370: 2480 0000 

  0x00007f1044609374: ;   {optimized virtual_call}
  0x00007f1044609374: 0066 90e8 

  0x00007f1044609378: ; ImmutableOopMap {}
                      ;*invokevirtual invokeBasic {reexecute=0 rethrow=0 return_oop=0}
                      ; - java.lang.invoke.Invokers$Holder::invokeExact_MT@20
                      ; - java.lang.invoke.MethodHandle::invokeWithArguments@28 (line 735)
  0x00007f1044609378: 8411 9b07 

  0x00007f104460937c: ;   {post_call_nop}
  0x00007f104460937c: 0f1f 8400 | f407 0006 | 4881 c4a0 | 0000 005d 

  0x00007f104460938c: ;   {poll_return}
  0x00007f104460938c: 493b 6728 | 0f87 4601 | 0000 c348 | 89b4 2488 

  0x00007f104460939c: ;   {metadata(method data for {method} {0x0000000006470068} 'checkExactType' '(Ljava/lang/invoke/MethodHandle;Ljava/lang/invoke/MethodType;)V' in 'java/lang/invoke/Invokers')}
  0x00007f104460939c: 0000 0048 | bbc0 502a | 0010 7f00 | 0048 8383 | 2801 0000 

  0x00007f10446093b0: ;   {oop(a 'java/lang/invoke/MethodType'{0x0000000418096400} = (Ljava/lang/invoke/MethodHandle;[Ljava/lang/Object;)Ljava/lang/Object;)}
  0x00007f10446093b0: 0148 bb00 | 6409 1804 | 0000 0048 | 8bf7 488b | d366 0f1f 

  0x00007f10446093c4: ;   {static_call}
  0x00007f10446093c4: 4400 00e8 

  0x00007f10446093c8: ; ImmutableOopMap {[112]=Oop [128]=Oop [136]=Oop }
                      ;*invokestatic newWrongMethodTypeException {reexecute=0 rethrow=0 return_oop=0}
                      ; - java.lang.invoke.Invokers::checkExactType@12 (line 531)
                      ; - java.lang.invoke.Invokers$Holder::invokeExact_MT@10
                      ; - java.lang.invoke.MethodHandle::invokeWithArguments@28 (line 735)
  0x00007f10446093c8: 1451 2a07 

  0x00007f10446093cc: ;   {post_call_nop}
  0x00007f10446093cc: 0f1f 8400 | 4408 0007 

  0x00007f10446093d4: ; implicit exception: dispatches to 0x00007f10446094f2
  0x00007f10446093d4: 483b 00e9 | 3801 0000 

  0x00007f10446093dc: ;   {metadata({method} {0x00000000061eedc0} 'invokeWithArguments' '([Ljava/lang/Object;)Ljava/lang/Object;' in 'java/lang/invoke/MethodHandle')}
  0x00007f10446093dc: 49ba c0ed | 1e06 0000 | 0000 4c89 | 5424 0848 | c704 24ff 

  0x00007f10446093f0: ;   {runtime_call C1 Runtime counter_overflow_blob}
  0x00007f10446093f0: ffff ffe8 

  0x00007f10446093f4: ; ImmutableOopMap {rsi=Oop rdx=Oop [104]=Oop [112]=Oop }
                      ;*synchronization entry
                      ; - java.lang.invoke.MethodHandle::invokeWithArguments@-1 (line 734)
  0x00007f10446093f4: e848 3807 | e9f3 f8ff 

  0x00007f10446093fc: ;   {runtime_call C1 Runtime throw_null_pointer_exception_blob}
  0x00007f10446093fc: ffe8 decd 

  0x00007f1044609400: ; ImmutableOopMap {rsi=Oop rdx=Oop [104]=Oop [112]=Oop }
                      ;*arraylength {reexecute=0 rethrow=0 return_oop=0}
                      ; - java.lang.invoke.MethodHandle::invokeWithArguments@9 (line 734)
                      ;   {metadata({method} {0x00000000064775b8} 'genericMethodType' '(I)Ljava/lang/invoke/MethodType;' in 'java/lang/invoke/MethodType')}
  0x00007f1044609400: 3707 49ba | b875 4706 | 0000 0000 | 4c89 5424 | 0848 c704 | 24ff ffff 

  0x00007f1044609418: ;   {runtime_call C1 Runtime counter_overflow_blob}
  0x00007f1044609418: ffe8 c248 

  0x00007f104460941c: ; ImmutableOopMap {[104]=Oop [112]=Oop }
                      ;*synchronization entry
                      ; - java.lang.invoke.MethodType::genericMethodType@-1 (line 455)
                      ; - java.lang.invoke.MethodHandle::invokeWithArguments@10 (line 734)
  0x00007f104460941c: 3807 e94d 

  0x00007f1044609420: ;   {runtime_call C1 Runtime throw_null_pointer_exception_blob}
  0x00007f1044609420: f9ff ffe8 

  0x00007f1044609424: ; ImmutableOopMap {rax=Oop [104]=Oop [112]=Oop [120]=Oop }
                      ;*invokevirtual invokers {reexecute=0 rethrow=0 return_oop=0}
                      ; - java.lang.invoke.MethodHandle::invokeWithArguments@15 (line 735)
  0x00007f1044609424: b8cd 3707 

  0x00007f1044609428: ;   {runtime_call C1 Runtime throw_null_pointer_exception_blob}
  0x00007f1044609428: e8b3 cd37 

  0x00007f104460942c: ; ImmutableOopMap {rax=Oop [104]=Oop [112]=Oop [120]=Oop }
                      ;*invokevirtual spreadInvoker {reexecute=0 rethrow=0 return_oop=0}
                      ; - java.lang.invoke.MethodHandle::invokeWithArguments@19 (line 735)
                      ;   {metadata({method} {0x00000000064783e0} 'asType' '(Ljava/lang/invoke/MethodType;)Ljava/lang/invoke/MethodHandle;' in 'java/lang/invoke/MethodHandle')}
  0x00007f104460942c: 0749 bae0 | 8347 0600 | 0000 004c | 8954 2408 | 48c7 0424 | ffff ffff 

  0x00007f1044609444: ;   {runtime_call C1 Runtime counter_overflow_blob}
  0x00007f1044609444: e897 4838 

  0x00007f1044609448: ; ImmutableOopMap {rax=Oop [104]=Oop [112]=Oop [120]=Oop [128]=Oop }
                      ;*synchronization entry
                      ; - java.lang.invoke.MethodHandle::asType@-1 (line 865)
                      ; - java.lang.invoke.MethodHandle::invokeWithArguments@24 (line 735)
  0x00007f1044609448: 07e9 e6fa 

  0x00007f104460944c: ;   {metadata({method} {0x0000000006209c78} 'invokeExact_MT' '(Ljava/lang/Object;Ljava/lang/Object;Ljava/lang/Object;Ljava/lang/Object;)Ljava/lang/Object;' in 'java/lang/invoke/Invokers$Holder')}
  0x00007f104460944c: ffff 49ba | 789c 2006 | 0000 0000 | 4c89 5424 | 0848 c704 | 24ff ffff 

  0x00007f1044609464: ;   {runtime_call C1 Runtime counter_overflow_blob}
  0x00007f1044609464: ffe8 7648 

  0x00007f1044609468: ; ImmutableOopMap {rsi=Oop rax=Oop [112]=Oop [128]=Oop }
                      ;*synchronization entry
                      ; - java.lang.invoke.Invokers$Holder::invokeExact_MT@-1
                      ; - java.lang.invoke.MethodHandle::invokeWithArguments@28 (line 735)
  0x00007f1044609468: 3807 e923 

  0x00007f104460946c: ;   {metadata({method} {0x0000000006470068} 'checkExactType' '(Ljava/lang/invoke/MethodHandle;Ljava/lang/invoke/MethodType;)V' in 'java/lang/invoke/Invokers')}
  0x00007f104460946c: fcff ff49 | ba68 0047 | 0600 0000 | 004c 8954 | 2408 48c7 | 0424 ffff 

  0x00007f1044609484: ;   {runtime_call C1 Runtime counter_overflow_blob}
  0x00007f1044609484: ffff e855 

  0x00007f1044609488: ; ImmutableOopMap {rsi=Oop rax=Oop [112]=Oop [128]=Oop }
                      ;*synchronization entry
                      ; - java.lang.invoke.Invokers::checkExactType@-1 (line 529)
                      ; - java.lang.invoke.Invokers$Holder::invokeExact_MT@10
                      ; - java.lang.invoke.MethodHandle::invokeWithArguments@28 (line 735)
  0x00007f1044609488: 4838 07e9 | 5dfc ffff 

  0x00007f1044609490: ;   {runtime_call C1 Runtime throw_null_pointer_exception_blob}
  0x00007f1044609490: e84b cd37 

  0x00007f1044609494: ; ImmutableOopMap {rsi=Oop rax=Oop [112]=Oop [128]=Oop }
                      ;*invokevirtual type {reexecute=0 rethrow=0 return_oop=0}
                      ; - java.lang.invoke.Invokers::checkExactType@1 (line 529)
                      ; - java.lang.invoke.Invokers$Holder::invokeExact_MT@10
                      ; - java.lang.invoke.MethodHandle::invokeWithArguments@28 (line 735)
                      ;   {metadata({method} {0x000000000646ff60} 'checkCustomized' '(Ljava/lang/invoke/MethodHandle;)V' in 'java/lang/invoke/Invokers')}
  0x00007f1044609494: 0749 ba60 | ff46 0600 | 0000 004c | 8954 2408 | 48c7 0424 | ffff ffff 

  0x00007f10446094ac: ;   {runtime_call C1 Runtime counter_overflow_blob}
  0x00007f10446094ac: e82f 4838 

  0x00007f10446094b0: ; ImmutableOopMap {rsi=Oop rax=Oop [112]=Oop [128]=Oop }
                      ;*synchronization entry
                      ; - java.lang.invoke.Invokers::checkCustomized@-1 (line 622)
                      ; - java.lang.invoke.Invokers$Holder::invokeExact_MT@14
                      ; - java.lang.invoke.MethodHandle::invokeWithArguments@28 (line 735)
  0x00007f10446094b0: 07e9 3efd 

  0x00007f10446094b4: ;   {metadata({method} {0x00000000061f59a8} 'isCompileConstant' '(Ljava/lang/Object;)Z' in 'java/lang/invoke/MethodHandleImpl')}
  0x00007f10446094b4: ffff 49ba | a859 1f06 | 0000 0000 | 4c89 5424 | 0848 c704 | 24ff ffff 

  0x00007f10446094cc: ;   {runtime_call C1 Runtime counter_overflow_blob}
  0x00007f10446094cc: ffe8 0e48 

  0x00007f10446094d0: ; ImmutableOopMap {rsi=Oop rax=Oop [112]=Oop [128]=Oop }
                      ;*synchronization entry
                      ; - java.lang.invoke.MethodHandleImpl::isCompileConstant@-1 (line 625)
                      ; - java.lang.invoke.Invokers::checkCustomized@1 (line 622)
                      ; - java.lang.invoke.Invokers$Holder::invokeExact_MT@14
                      ; - java.lang.invoke.MethodHandle::invokeWithArguments@28 (line 735)
  0x00007f10446094d0: 3807 e956 

  0x00007f10446094d4: ;   {runtime_call C1 Runtime throw_null_pointer_exception_blob}
  0x00007f10446094d4: fdff ffe8 

  0x00007f10446094d8: ; ImmutableOopMap {rsi=Oop rax=Oop [112]=Oop [128]=Oop }
                      ;*getfield customized {reexecute=1 rethrow=0 return_oop=0}
                      ; - (reexecute) java.lang.invoke.Invokers::checkCustomized@12 (line 625)
                      ; - java.lang.invoke.Invokers$Holder::invokeExact_MT@14
                      ; - java.lang.invoke.MethodHandle::invokeWithArguments@28 (line 735)
  0x00007f10446094d8: 04cd 3707 

  0x00007f10446094dc: ;   {internal_word}
  0x00007f10446094dc: 49ba 8c93 | 6044 107f | 0000 4d89 | 9738 0500 

  0x00007f10446094ec: ;   {runtime_call SafepointBlob}
  0x00007f10446094ec: 00e9 6e76 

  0x00007f10446094f0: ;   {runtime_call C1 Runtime throw_null_pointer_exception_blob}
  0x00007f10446094f0: 2a07 e8e9 

  0x00007f10446094f4: ; ImmutableOopMap {rax=Oop [112]=Oop [128]=Oop [136]=Oop }
                      ;*athrow {reexecute=1 rethrow=0 return_oop=0}
                      ; - (reexecute) java.lang.invoke.Invokers::checkExactType@15 (line 531)
                      ; - java.lang.invoke.Invokers$Holder::invokeExact_MT@10
                      ; - java.lang.invoke.MethodHandle::invokeWithArguments@28 (line 735)
  0x00007f10446094f4: cc37 0749 | 8b87 e005 | 0000 49c7 | 87e0 0500 | 0000 0000 | 0049 c787 | e805 0000 | 0000 0000 
  0x00007f1044609514: 4881 c4a0 | 0000 005d 

  0x00007f104460951c: ;   {runtime_call C1 Runtime unwind_exception_blob}
  0x00007f104460951c: e93f b837 | 07f4 f4f4 | f4f4 f4f4 
[Stub Code]
  0x00007f1044609528: ;   {other}
  0x00007f1044609528: 0f1f 4400 

  0x00007f104460952c: ;   {static_stub}
  0x00007f104460952c: 0048 bb00 | 0000 0000 

  0x00007f1044609534: ;   {runtime_call nmethod}
  0x00007f1044609534: 0000 00e9 | fbff ffff 

  0x00007f104460953c: ;   {static_stub}
  0x00007f104460953c: 48bb 0000 | 0000 0000 

  0x00007f1044609544: ;   {runtime_call nmethod}
  0x00007f1044609544: 0000 e9fb 

  0x00007f1044609548: ;   {static_stub}
  0x00007f1044609548: ffff ff48 | bb00 0000 | 0000 0000 

  0x00007f1044609554: ;   {runtime_call nmethod}
  0x00007f1044609554: 00e9 fbff 

  0x00007f1044609558: ;   {static_stub}
  0x00007f1044609558: ffff 48bb | 0000 0000 | 0000 0000 

  0x00007f1044609564: ;   {runtime_call nmethod}
  0x00007f1044609564: e9fb ffff 

  0x00007f1044609568: ;   {static_stub}
  0x00007f1044609568: ff48 bb00 | 0000 0000 

  0x00007f1044609570: ;   {runtime_call nmethod}
  0x00007f1044609570: 0000 00e9 | fbff ffff 

  0x00007f1044609578: ;   {static_stub}
  0x00007f1044609578: 48bb 0000 | 0000 0000 

  0x00007f1044609580: ;   {runtime_call nmethod}
  0x00007f1044609580: 0000 e9fb 

  0x00007f1044609584: ;   {static_stub}
  0x00007f1044609584: ffff ff48 | bb00 0000 | 0000 0000 

  0x00007f1044609590: ;   {runtime_call nmethod}
  0x00007f1044609590: 00e9 fbff 

  0x00007f1044609594: ;   {static_stub}
  0x00007f1044609594: ffff 48bb | 0000 0000 | 0000 0000 

  0x00007f10446095a0: ;   {runtime_call nmethod}
  0x00007f10446095a0: e9fb ffff 

  0x00007f10446095a4: ;   {runtime_call C1 Runtime handle_exception_from_callee_blob}
  0x00007f10446095a4: ffe8 36f9 

  0x00007f10446095a8: ;   {external_word}
  0x00007f10446095a8: 3707 48bf | 28c7 4e62 | 107f 0000 | 4883 e4f0 

  0x00007f10446095b8: ;   {runtime_call MacroAssembler::debug64(char*, long, long*)}
  0x00007f10446095b8: e883 f893 

  0x00007f10446095bc: ;   {section_word}
  0x00007f10446095bc: 1df4 49ba | be95 6044 | 107f 0000 

  0x00007f10446095c8: ;   {runtime_call DeoptimizationBlob}
  0x00007f10446095c8: 4152 e911 

  0x00007f10446095cc: ;   {section_word}
  0x00007f10446095cc: 5d2a 0749 | bacf 9560 | 4410 7f00 

  0x00007f10446095d8: ;   {runtime_call DeoptimizationBlob}
  0x00007f10446095d8: 0041 52e9 | 005d 2a07 
[/MachCode]


---------------  P R O C E S S  ---------------

Threads class SMR info:
_java_thread_list=0x00007f0fb8076540, length=17, elements={
0x00007f105c02b810, 0x00007f105c1052c0, 0x00007f105c106300, 0x00007f105c107830,
0x00007f105c109150, 0x00007f105c10a9d0, 0x00007f105c10c850, 0x00007f105c10e240,
0x00007f105c147260, 0x00007f105c149860, 0x00007f105c282260, 0x00007f105c28cf50,
0x00007f0fdc36f710, 0x00007f0fd00d71f0, 0x00007f0fd00d8110, 0x00007f0fe8537f50,
0x00007f0fac42b0e0
}

Java Threads: ( => current thread )
=>0x00007f105c02b810 JavaThread "main"                              [_thread_in_native, id=146969, stack(0x00007f1061011000,0x00007f1061111000) (1024K)]
  0x00007f105c1052c0 JavaThread "Reference Handler"          daemon [_thread_blocked, id=146984, stack(0x00007f10216f8000,0x00007f10217f8000) (1024K)]
  0x00007f105c106300 JavaThread "Finalizer"                  daemon [_thread_blocked, id=146985, stack(0x00007f10215f7000,0x00007f10216f7000) (1024K)]
  0x00007f105c107830 JavaThread "Signal Dispatcher"          daemon [_thread_blocked, id=146986, stack(0x00007f10212f4000,0x00007f10213f4000) (1024K)]
  0x00007f105c109150 JavaThread "Service Thread"             daemon [_thread_blocked, id=146987, stack(0x00007f10211f4000,0x00007f10212f4000) (1024K)]
  0x00007f105c10a9d0 JavaThread "Monitor Deflation Thread"   daemon [_thread_blocked, id=146988, stack(0x00007f10210f4000,0x00007f10211f4000) (1024K)]
  0x00007f105c10c850 JavaThread "C2 CompilerThread0"         daemon [_thread_in_native, id=146989, stack(0x00007f1020ff4000,0x00007f10210f4000) (1024K)]
  0x00007f105c10e240 JavaThread "C1 CompilerThread0"         daemon [_thread_blocked, id=146990, stack(0x00007f1020ef4000,0x00007f1020ff4000) (1024K)]
  0x00007f105c147260 JavaThread "Notification Thread"        daemon [_thread_blocked, id=146993, stack(0x00007f1020bf4000,0x00007f1020cf4000) (1024K)]
  0x00007f105c149860 JavaThread "Common-Cleaner"             daemon [_thread_blocked, id=146994, stack(0x00007f1020af4000,0x00007f1020bf4000) (1024K)]
  0x00007f105c282260 JavaThread "surefire-forkedjvm-stream-flusher" daemon [_thread_blocked, id=146996, stack(0x00007f10208f4000,0x00007f10209f4000) (1024K)]
  0x00007f105c28cf50 JavaThread "surefire-forkedjvm-command-thread" daemon [_thread_in_native, id=146997, stack(0x00007f10207f4000,0x00007f10208f4000) (1024K)]
  0x00007f0fdc36f710 JavaThread "C1 CompilerThread1"         daemon [_thread_blocked, id=147025, stack(0x00007f10209f4000,0x00007f1020af4000) (1024K)]
  0x00007f0fd00d71f0 JavaThread "C1 CompilerThread2"         daemon [_thread_blocked, id=147026, stack(0x00007f1020df4000,0x00007f1020ef4000) (1024K)]
  0x00007f0fd00d8110 JavaThread "C1 CompilerThread3"         daemon [_thread_blocked, id=147027, stack(0x00007f10202f4000,0x00007f10203f4000) (1024K)]
  0x00007f0fe8537f50 JavaThread "C2 CompilerThread1"         daemon [_thread_in_native, id=147034, stack(0x00007f10205f4000,0x00007f10206f4000) (1024K)]
  0x00007f0fac42b0e0 JavaThread "C2 CompilerThread2"         daemon [_thread_blocked, id=147035, stack(0x00007f10204f4000,0x00007f10205f4000) (1024K)]
Total: 17

Other Threads:
  0x00007f105c0fb340 VMThread "VM Thread"                           [id=146982, stack(0x00007f10214f6000,0x00007f10215f6000) (1024K)]
  0x00007f105c0ea9a0 WatcherThread "VM Periodic Task Thread"        [id=146979, stack(0x00007f10213f5000,0x00007f10214f5000) (1024K)]
  0x00007f105c059d30 WorkerThread "GC Thread#0"                     [id=146970, stack(0x00007f1040480000,0x00007f1040580000) (1024K)]
  0x00007f1004008d50 WorkerThread "GC Thread#1"                     [id=147003, stack(0x00007f10201f4000,0x00007f10202f4000) (1024K)]
  0x00007f1004009980 WorkerThread "GC Thread#2"                     [id=147004, stack(0x00007f10200f3000,0x00007f10201f3000) (1024K)]
  0x00007f100400a6c0 WorkerThread "GC Thread#3"                     [id=147005, stack(0x00007f0ffff00000,0x00007f1000000000) (1024K)]
  0x00007f100400b420 WorkerThread "GC Thread#4"                     [id=147006, stack(0x00007f0ff1f00000,0x00007f0ff2000000) (1024K)]
  0x00007f100400c1a0 WorkerThread "GC Thread#5"                     [id=147007, stack(0x00007f0ff1dff000,0x00007f0ff1eff000) (1024K)]
  0x00007f100400cf20 WorkerThread "GC Thread#6"                     [id=147008, stack(0x00007f0ff1cfe000,0x00007f0ff1dfe000) (1024K)]
  0x00007f100400dca0 WorkerThread "GC Thread#7"                     [id=147009, stack(0x00007f0ff1bfd000,0x00007f0ff1cfd000) (1024K)]
  0x00007f100400ea20 WorkerThread "GC Thread#8"                     [id=147010, stack(0x00007f0ff1afc000,0x00007f0ff1bfc000) (1024K)]
  0x00007f100400f7a0 WorkerThread "GC Thread#9"                     [id=147011, stack(0x00007f0ff19fb000,0x00007f0ff1afb000) (1024K)]
  0x00007f1004010520 WorkerThread "GC Thread#10"                    [id=147012, stack(0x00007f0ff18fa000,0x00007f0ff19fa000) (1024K)]
  0x00007f10040112a0 WorkerThread "GC Thread#11"                    [id=147013, stack(0x00007f0ff17f9000,0x00007f0ff18f9000) (1024K)]
  0x00007f1004012020 WorkerThread "GC Thread#12"                    [id=147014, stack(0x00007f0ff16f8000,0x00007f0ff17f8000) (1024K)]
  0x00007f105c072cf0 ConcurrentGCThread "G1 Main Marker"            [id=146971, stack(0x00007f1030900000,0x00007f1030a00000) (1024K)]
  0x00007f105c073ec0 WorkerThread "G1 Conc#0"                       [id=146972, stack(0x00007f10307ff000,0x00007f10308ff000) (1024K)]
  0x00007f1024000cd0 WorkerThread "G1 Conc#1"                       [id=147032, stack(0x00007f0ff15f7000,0x00007f0ff16f7000) (1024K)]
  0x00007f1024001840 WorkerThread "G1 Conc#2"                       [id=147033, stack(0x00007f0ff14f6000,0x00007f0ff15f6000) (1024K)]
  0x00007f105c0da530 ConcurrentGCThread "G1 Refine#0"               [id=146973, stack(0x00007f10218fa000,0x00007f10219fa000) (1024K)]
  0x00007f105c0db720 ConcurrentGCThread "G1 Service"                [id=146974, stack(0x00007f10217f9000,0x00007f10218f9000) (1024K)]
Total: 21

Threads with active compile tasks:
C2 CompilerThread0  18973 9071       4       com.dylibso.chicory.wabt.Wat2WasmModuleMachineFuncGroup_0::func_201 (1669 bytes)
C2 CompilerThread1  18973 9021       4       com.dylibso.chicory.cranelift.CraneliftMachineFuncGroup_0::func_4051 (6118 bytes)
Total: 2

VM state: not at safepoint (normal execution)

VM Mutex/Monitor currently owned by a thread: None

Heap address: 0x0000000418000000, size: 16000 MB, Compressed Oops mode: Zero based, Oop shift amount: 3

CDS archive(s) mapped at: [0x0000000006000000-0x0000000006d8c000-0x0000000006d8c000), size 14204928, SharedBaseAddress: 0x0000000006000000, ArchiveRelocationMode: 1.
Compressed class space mapped at: 0x0000000007000000-0x0000000047000000, reserved size: 1073741824
UseCompressedClassPointers 1, UseCompactObjectHeaders 0
Narrow klass pointer bits 32, Max shift 3
Narrow klass base: 0x0000000006000000, Narrow klass shift: 0
Encoding Range: [0x0000000006000000 - 0x0000000106000000), (4294967296 bytes)
Klass Range:    [0x0000000006001000 - 0x0000000047000000), (1090514944 bytes)
Klass ID Range:  [4096 - 1090519033) (1090514937)
Protection zone: [0x0000000006000000 - 0x0000000006001000), (4096 bytes)

GC Precious Log:
 CardTable entry size: 512
 Card Set container configuration: InlinePtr #cards 4 size 8 Array Of Cards #cards 64 size 144 Howl #buckets 8 coarsen threshold 14745 Howl Bitmap #cards 2048 size 272 coarsen threshold 1843 Card regions per heap region 1 cards per card region 16384
 CPUs: 16 total, 16 available
 Memory: 63992M
 Large Page Support: Disabled
 NUMA Support: Disabled
 Compressed Oops: Enabled (Zero based)
 Heap Region Size: 8M
 Heap Min Capacity: 8M
 Heap Initial Capacity: 1000M
 Heap Max Capacity: 16000M
 Pre-touch: Disabled
 Parallel Workers: 13
 Concurrent Workers: 3
 Concurrent Refinement Workers: 13
 Periodic GC: Disabled

Heap:
 garbage-first heap   total reserved 16384000K, committed 245760K, used 67357K [0x0000000418000000, 0x0000000800000000)
  region size 8192K, 3 young (24576K), 2 survivors (16384K)

Heap Regions: E=young(eden), S=young(survivor), O=old, HS=humongous(starts), HC=humongous(continues), CS=collection set, F=free, TAMS=top-at-mark-start, PB=parsable bottom
|   0|0x0000000418000000, 0x00000004187a6078, 0x0000000418800000| 95%| O|  |TAMS 0x0000000418000000| PB 0x0000000418000000| Untracked |  0
|   1|0x0000000418800000, 0x0000000419000000, 0x0000000419000000|100%| O|  |TAMS 0x0000000418800000| PB 0x0000000418800000| Untracked |  0
|   2|0x0000000419000000, 0x0000000419800000, 0x0000000419800000|100%| O|  |TAMS 0x0000000419000000| PB 0x0000000419000000| Untracked |  0
|   3|0x0000000419800000, 0x000000041a000000, 0x000000041a000000|100%| O|  |TAMS 0x0000000419800000| PB 0x0000000419800000| Untracked |  0
|   4|0x000000041a000000, 0x000000041a800000, 0x000000041a800000|100%| O|  |TAMS 0x000000041a000000| PB 0x000000041a000000| Untracked |  0
|   5|0x000000041a800000, 0x000000041b000000, 0x000000041b000000|100%| O|  |TAMS 0x000000041a800000| PB 0x000000041a800000| Untracked |  0
|   6|0x000000041b000000, 0x000000041b6a6d78, 0x000000041b800000| 83%| O|  |TAMS 0x000000041b000000| PB 0x000000041b000000| Untracked |  0
|   7|0x000000041b800000, 0x000000041b854d90, 0x000000041c000000|  4%| O|  |TAMS 0x000000041b800000| PB 0x000000041b800000| Untracked |  0
|   8|0x000000041c000000, 0x000000041c000000, 0x000000041c800000|  0%| F|  |TAMS 0x000000041c000000| PB 0x000000041c000000| Untracked |  0
|   9|0x000000041c800000, 0x000000041c800000, 0x000000041d000000|  0%| F|  |TAMS 0x000000041c800000| PB 0x000000041c800000| Untracked |  0
|  10|0x000000041d000000, 0x000000041d000000, 0x000000041d800000|  0%| F|  |TAMS 0x000000041d000000| PB 0x000000041d000000| Untracked |  0
|  11|0x000000041d800000, 0x000000041d800000, 0x000000041e000000|  0%| F|  |TAMS 0x000000041d800000| PB 0x000000041d800000| Untracked |  0
|  12|0x000000041e000000, 0x000000041e325b28, 0x000000041e800000| 39%| S|CS|TAMS 0x000000041e000000| PB 0x000000041e000000| Complete |  0
|  13|0x000000041e800000, 0x000000041f000000, 0x000000041f000000|100%| S|CS|TAMS 0x000000041e800000| PB 0x000000041e800000| Complete |  0
|  14|0x000000041f000000, 0x000000041f000000, 0x000000041f800000|  0%| F|  |TAMS 0x000000041f000000| PB 0x000000041f000000| Untracked |  0
|  15|0x000000041f800000, 0x000000041f800000, 0x0000000420000000|  0%| F|  |TAMS 0x000000041f800000| PB 0x000000041f800000| Untracked |  0
|  16|0x0000000420000000, 0x0000000420000000, 0x0000000420800000|  0%| F|  |TAMS 0x0000000420000000| PB 0x0000000420000000| Untracked |  0
|  17|0x0000000420800000, 0x0000000420800000, 0x0000000421000000|  0%| F|  |TAMS 0x0000000420800000| PB 0x0000000420800000| Untracked |  0
|  18|0x0000000421000000, 0x0000000421000000, 0x0000000421800000|  0%| F|  |TAMS 0x0000000421000000| PB 0x0000000421000000| Untracked |  0
|  19|0x0000000421800000, 0x0000000421800000, 0x0000000422000000|  0%| F|  |TAMS 0x0000000421800000| PB 0x0000000421800000| Untracked |  0
|  20|0x0000000422000000, 0x0000000422000000, 0x0000000422800000|  0%| F|  |TAMS 0x0000000422000000| PB 0x0000000422000000| Untracked |  0
|  21|0x0000000422800000, 0x0000000422800000, 0x0000000423000000|  0%| F|  |TAMS 0x0000000422800000| PB 0x0000000422800000| Untracked |  0
|  22|0x0000000423000000, 0x0000000423000000, 0x0000000423800000|  0%| F|  |TAMS 0x0000000423000000| PB 0x0000000423000000| Untracked |  0
|  23|0x0000000423800000, 0x0000000423800000, 0x0000000424000000|  0%| F|  |TAMS 0x0000000423800000| PB 0x0000000423800000| Untracked |  0
|  24|0x0000000424000000, 0x0000000424000000, 0x0000000424800000|  0%| F|  |TAMS 0x0000000424000000| PB 0x0000000424000000| Untracked |  0
|  25|0x0000000424800000, 0x0000000424800000, 0x0000000425000000|  0%| F|  |TAMS 0x0000000424800000| PB 0x0000000424800000| Untracked |  0
|  26|0x0000000425000000, 0x0000000425000000, 0x0000000425800000|  0%| F|  |TAMS 0x0000000425000000| PB 0x0000000425000000| Untracked |  0
| 203|0x000000047d800000, 0x000000047d800000, 0x000000047e000000|  0%| F|  |TAMS 0x000000047d800000| PB 0x000000047d800000| Untracked |  0
| 218|0x0000000485000000, 0x0000000485000000, 0x0000000485800000|  0%| F|  |TAMS 0x0000000485000000| PB 0x0000000485000000| Untracked |  0
|1999|0x00000007ff800000, 0x00000007ffd3c020, 0x0000000800000000| 65%| E|  |TAMS 0x00000007ff800000| PB 0x00000007ff800000| Complete |  0

Card table byte_map: [0x00007f1040580000,0x00007f10424c0000] _byte_map_base: 0x00007f103e4c0000

Marking Bits: (CMBitMap*) 0x00007f105c05aa80
 Bits: [0x00007f1030a00000, 0x00007f1040400000)

Polling page: 0x00007f1062c4f000

Metaspace:
Metaspace        used 35857K, committed 36800K, reserved 1114112K
 class space     used 2275K, committed 2688K, reserved 1048576K

Usage:
  Non-class:     32.80 MB used.
      Class:      2.22 MB used.
       Both:     35.02 MB used.

Virtual space:
  Non-class space:       64.00 MB reserved,      33.31 MB ( 52%) committed,  1 nodes.
      Class space:        1.00 GB reserved,       2.62 MB ( <1%) committed,  1 nodes.
             Both:        1.06 GB reserved,      35.94 MB (  3%) committed. 

Chunk freelists:
   Non-Class:  14.22 MB
       Class:  13.39 MB
        Both:  27.61 MB

MaxMetaspaceSize: unlimited
CompressedClassSpaceSize: 1.00 GB
Initial GC threshold: 21.00 MB
Current GC threshold: 59.00 MB
CDS: on
 - commit_granule_bytes: 65536.
 - commit_granule_words: 8192.
 - virtual_space_node_default_size: 8388608.
 - enlarge_chunks_in_place: 1.
UseCompressedClassPointers 1, UseCompactObjectHeaders 0
Narrow klass pointer bits 32, Max shift 3
Narrow klass base: 0x0000000006000000, Narrow klass shift: 0
Encoding Range: [0x0000000006000000 - 0x0000000106000000), (4294967296 bytes)
Klass Range:    [0x0000000006001000 - 0x0000000047000000), (1090514944 bytes)
Klass ID Range:  [4096 - 1090519033) (1090514937)
Protection zone: [0x0000000006000000 - 0x0000000006001000), (4096 bytes)


Internal statistics:

num_allocs_failed_limit: 26.
num_arena_births: 1358.
num_arena_deaths: 0.
num_vsnodes_births: 2.
num_vsnodes_deaths: 0.
num_space_committed: 558.
num_space_uncommitted: 0.
num_chunks_returned_to_freelist: 26.
num_chunks_taken_from_freelist: 2599.
num_chunk_merges: 26.
num_chunk_splits: 1782.
num_chunks_enlarged: 1169.
num_inconsistent_stats: 0.

CodeHeap 'non-profiled nmethods': size=119172Kb used=7417Kb max_used=7504Kb free=111755Kb
 bounds [0x00007f104bf9f000, 0x00007f104c6ff000, 0x00007f1053400000]
CodeHeap 'profiled nmethods': size=119164Kb used=29650Kb max_used=29777Kb free=89513Kb
 bounds [0x00007f1044400000, 0x00007f1046210000, 0x00007f104b85f000]
CodeHeap 'non-nmethods': size=7424Kb used=4260Kb max_used=4353Kb free=3164Kb
 bounds [0x00007f104b85f000, 0x00007f104bcbf000, 0x00007f104bf9f000]
CodeCache: size=245760Kb, used=41327Kb, max_used=41634Kb, free=204432Kb
 total_blobs=9801, nmethods=8158, adapters=630, full_count=0
Compilation: enabled, stopped_count=0, restarted_count=0

Compilation events (20 events):
Event: 18.827 Thread 0x00007f0fd00d8110 nmethod 9063 0x00007f104449ad08 code [0x00007f104449ae00, 0x00007f104449b068]
Event: 18.827 Thread 0x00007f105c10e240 nmethod 9061 0x00007f104449e288 code [0x00007f104449e380, 0x00007f104449e528]
Event: 18.827 Thread 0x00007f0fd00d71f0 nmethod 9060 0x00007f10445ac508 code [0x00007f10445ac600, 0x00007f10445acab0]
Event: 18.827 Thread 0x00007f0fdc36f710 nmethod 9062 0x00007f1044414988 code [0x00007f1044414a80, 0x00007f1044415178]
Event: 18.828 Thread 0x00007f105c10c850 nmethod 9038 0x00007f104c0d0c88 code [0x00007f104c0d0d80, 0x00007f104c0d5f08]
Event: 18.829 Thread 0x00007f105c10c850 9056   !   4       com.dylibso.chicory.runtime.Instance::initialize (633 bytes)
Event: 18.834 Thread 0x00007f0fd00d8110 9066   !   3       com.dylibso.chicory.wasi.WasiPreview1::fdWrite (253 bytes)
Event: 18.834 Thread 0x00007f0fd00d71f0 9064       3       com.dylibso.chicory.wasi.WasiPreview1_ModuleFactory$$Lambda/0x0000000007121a40::apply (10 bytes)
Event: 18.834 Thread 0x00007f105c10e240 9065       3       com.dylibso.chicory.wasi.WasiPreview1_ModuleFactory::lambda$toHostFunctions$28 (34 bytes)
Event: 18.834 Thread 0x00007f0fd00d71f0 nmethod 9064 0x00007f10444aae88 code [0x00007f10444aaf80, 0x00007f10444ab0b8]
Event: 18.834 Thread 0x00007f105c10e240 nmethod 9065 0x00007f104458e908 code [0x00007f104458ea00, 0x00007f104458ed38]
Event: 18.835 Thread 0x00007f0fd00d8110 nmethod 9066 0x00007f10446d6208 code [0x00007f10446d6300, 0x00007f10446d8868]
Event: 18.851 Thread 0x00007f0fd00d8110 9068       3       com.dylibso.chicory.wabt.Wat2WasmModuleMachineFuncGroup_0::func_1238 (250 bytes)
Event: 18.851 Thread 0x00007f105c10e240 9069       3       com.dylibso.chicory.wabt.Wat2WasmModuleMachineFuncGroup_0::func_39 (280 bytes)
Event: 18.853 Thread 0x00007f0fd00d8110 nmethod 9068 0x00007f1044405888 code [0x00007f1044405980, 0x00007f1044407f80]
Event: 18.853 Thread 0x00007f105c10e240 nmethod 9069 0x00007f104461a808 code [0x00007f104461a900, 0x00007f104461d948]
Event: 18.884 Thread 0x00007f0fdc36f710 9073       3       java.lang.Class::arrayContentsEq (70 bytes)
Event: 18.884 Thread 0x00007f105c10e240 9072       3       java.lang.Class::getDeclaredMethod (42 bytes)
Event: 18.885 Thread 0x00007f0fdc36f710 nmethod 9073 0x00007f1044683408 code [0x00007f1044683500, 0x00007f10446838f0]
Event: 18.885 Thread 0x00007f105c10e240 nmethod 9072 0x00007f104443ac08 code [0x00007f104443ad00, 0x00007f104443b450]

GC Heap Usage History (20 events):
Event: 12.870 {heap Before GC invocations=25 (full 0):
 garbage-first heap   total reserved 16384000K, committed 294912K, used 222470K [0x0000000418000000, 0x0000000800000000)
  region size 8192K, 21 young (172032K), 1 survivors (8192K)
}
Event: 12.873 {heap After GC invocations=26 (full 0):
 garbage-first heap   total reserved 16384000K, committed 294912K, used 58933K [0x0000000418000000, 0x0000000800000000)
  region size 8192K, 1 young (8192K), 1 survivors (8192K)
}
Event: 13.696 {heap Before GC invocations=26 (full 0):
 garbage-first heap   total reserved 16384000K, committed 294912K, used 222773K [0x0000000418000000, 0x0000000800000000)
  region size 8192K, 21 young (172032K), 1 survivors (8192K)
}
Event: 13.703 {heap After GC invocations=27 (full 0):
 garbage-first heap   total reserved 16384000K, committed 294912K, used 59844K [0x0000000418000000, 0x0000000800000000)
  region size 8192K, 1 young (8192K), 1 survivors (8192K)
}
Event: 14.537 {heap Before GC invocations=27 (full 0):
 garbage-first heap   total reserved 16384000K, committed 294912K, used 223684K [0x0000000418000000, 0x0000000800000000)
  region size 8192K, 21 young (172032K), 1 survivors (8192K)
}
Event: 14.546 {heap After GC invocations=28 (full 0):
 garbage-first heap   total reserved 16384000K, committed 294912K, used 62330K [0x0000000418000000, 0x0000000800000000)
  region size 8192K, 1 young (8192K), 1 survivors (8192K)
}
Event: 15.389 {heap Before GC invocations=28 (full 0):
 garbage-first heap   total reserved 16384000K, committed 294912K, used 226170K [0x0000000418000000, 0x0000000800000000)
  region size 8192K, 21 young (172032K), 1 survivors (8192K)
}
Event: 15.400 {heap After GC invocations=29 (full 0):
 garbage-first heap   total reserved 16384000K, committed 294912K, used 64527K [0x0000000418000000, 0x0000000800000000)
  region size 8192K, 2 young (16384K), 2 survivors (16384K)
}
Event: 16.188 {heap Before GC invocations=29 (full 0):
 garbage-first heap   total reserved 16384000K, committed 294912K, used 211983K [0x0000000418000000, 0x0000000800000000)
  region size 8192K, 21 young (172032K), 2 survivors (16384K)
}
Event: 16.196 {heap After GC invocations=30 (full 0):
 garbage-first heap   total reserved 16384000K, committed 294912K, used 65453K [0x0000000418000000, 0x0000000800000000)
  region size 8192K, 2 young (16384K), 2 survivors (16384K)
}
Event: 16.687 {heap Before GC invocations=30 (full 0):
 garbage-first heap   total reserved 16384000K, committed 294912K, used 212909K [0x0000000418000000, 0x0000000800000000)
  region size 8192K, 21 young (172032K), 2 survivors (16384K)
}
Event: 16.693 {heap After GC invocations=31 (full 0):
 garbage-first heap   total reserved 16384000K, committed 294912K, used 65123K [0x0000000418000000, 0x0000000800000000)
  region size 8192K, 2 young (16384K), 2 survivors (16384K)
}
Event: 17.240 {heap Before GC invocations=31 (full 0):
 garbage-first heap   total reserved 16384000K, committed 294912K, used 220771K [0x0000000418000000, 0x0000000800000000)
  region size 8192K, 21 young (172032K), 2 survivors (16384K)
}
Event: 17.250 {heap After GC invocations=32 (full 0):
 garbage-first heap   total reserved 16384000K, committed 294912K, used 68080K [0x0000000418000000, 0x0000000800000000)
  region size 8192K, 2 young (16384K), 2 survivors (16384K)
}
Event: 17.764 {heap Before GC invocations=32 (full 0):
 garbage-first heap   total reserved 16384000K, committed 294912K, used 199152K [0x0000000418000000, 0x0000000800000000)
  region size 8192K, 19 young (155648K), 2 survivors (16384K)
}
Event: 17.771 {heap After GC invocations=33 (full 0):
 garbage-first heap   total reserved 16384000K, committed 294912K, used 67111K [0x0000000418000000, 0x0000000800000000)
  region size 8192K, 2 young (16384K), 2 survivors (16384K)
}
Event: 18.335 {heap Before GC invocations=34 (full 0):
 garbage-first heap   total reserved 16384000K, committed 245760K, used 189991K [0x0000000418000000, 0x0000000800000000)
  region size 8192K, 18 young (147456K), 2 survivors (16384K)
}
Event: 18.345 {heap After GC invocations=35 (full 0):
 garbage-first heap   total reserved 16384000K, committed 245760K, used 68721K [0x0000000418000000, 0x0000000800000000)
  region size 8192K, 2 young (16384K), 2 survivors (16384K)
}
Event: 18.890 {heap Before GC invocations=35 (full 0):
 garbage-first heap   total reserved 16384000K, committed 245760K, used 199793K [0x0000000418000000, 0x0000000800000000)
  region size 8192K, 18 young (147456K), 2 survivors (16384K)
}
Event: 18.899 {heap After GC invocations=36 (full 0):
 garbage-first heap   total reserved 16384000K, committed 245760K, used 67357K [0x0000000418000000, 0x0000000800000000)
  region size 8192K, 2 young (16384K), 2 survivors (16384K)
}

Metaspace Usage History (20 events):
Event: 12.870 {metaspace Before GC invocations=25 (full 0):
 Metaspace       used 32922K, committed 33472K, reserved 1114112K
  class space    used 1775K, committed 2048K, reserved 1048576K
}
Event: 12.873 {metaspace After GC invocations=26 (full 0):
 Metaspace       used 32922K, committed 33472K, reserved 1114112K
  class space    used 1775K, committed 2048K, reserved 1048576K
}
Event: 13.696 {metaspace Before GC invocations=26 (full 0):
 Metaspace       used 33240K, committed 33856K, reserved 1114112K
  class space    used 1807K, committed 2112K, reserved 1048576K
}
Event: 13.703 {metaspace After GC invocations=27 (full 0):
 Metaspace       used 33240K, committed 33856K, reserved 1114112K
  class space    used 1807K, committed 2112K, reserved 1048576K
}
Event: 14.537 {metaspace Before GC invocations=27 (full 0):
 Metaspace       used 33618K, committed 34368K, reserved 1114112K
  class space    used 1850K, committed 2176K, reserved 1048576K
}
Event: 14.546 {metaspace After GC invocations=28 (full 0):
 Metaspace       used 33618K, committed 34368K, reserved 1114112K
  class space    used 1850K, committed 2176K, reserved 1048576K
}
Event: 15.389 {metaspace Before GC invocations=28 (full 0):
 Metaspace       used 33901K, committed 34624K, reserved 1114112K
  class space    used 1860K, committed 2176K, reserved 1048576K
}
Event: 15.400 {metaspace After GC invocations=29 (full 0):
 Metaspace       used 33901K, committed 34624K, reserved 1114112K
  class space    used 1860K, committed 2176K, reserved 1048576K
}
Event: 16.188 {metaspace Before GC invocations=29 (full 0):
 Metaspace       used 34147K, committed 34880K, reserved 1114112K
  class space    used 1888K, committed 2240K, reserved 1048576K
}
Event: 16.196 {metaspace After GC invocations=30 (full 0):
 Metaspace       used 34147K, committed 34880K, reserved 1114112K
  class space    used 1888K, committed 2240K, reserved 1048576K
}
Event: 16.687 {metaspace Before GC invocations=30 (full 0):
 Metaspace       used 34387K, committed 35136K, reserved 1114112K
  class space    used 1953K, committed 2304K, reserved 1048576K
}
Event: 16.693 {metaspace After GC invocations=31 (full 0):
 Metaspace       used 34387K, committed 35136K, reserved 1114112K
  class space    used 1953K, committed 2304K, reserved 1048576K
}
Event: 17.240 {metaspace Before GC invocations=31 (full 0):
 Metaspace       used 35031K, committed 35840K, reserved 1114112K
  class space    used 2074K, committed 2432K, reserved 1048576K
}
Event: 17.250 {metaspace After GC invocations=32 (full 0):
 Metaspace       used 35031K, committed 35840K, reserved 1114112K
  class space    used 2074K, committed 2432K, reserved 1048576K
}
Event: 17.764 {metaspace Before GC invocations=32 (full 0):
 Metaspace       used 35239K, committed 36096K, reserved 1114112K
  class space    used 2120K, committed 2496K, reserved 1048576K
}
Event: 17.771 {metaspace After GC invocations=33 (full 0):
 Metaspace       used 35239K, committed 36096K, reserved 1114112K
  class space    used 2120K, committed 2496K, reserved 1048576K
}
Event: 18.335 {metaspace Before GC invocations=34 (full 0):
 Metaspace       used 35641K, committed 36544K, reserved 1114112K
  class space    used 2227K, committed 2624K, reserved 1048576K
}
Event: 18.345 {metaspace After GC invocations=35 (full 0):
 Metaspace       used 35641K, committed 36544K, reserved 1114112K
  class space    used 2227K, committed 2624K, reserved 1048576K
}
Event: 18.890 {metaspace Before GC invocations=35 (full 0):
 Metaspace       used 35852K, committed 36800K, reserved 1114112K
  class space    used 2273K, committed 2688K, reserved 1048576K
}
Event: 18.899 {metaspace After GC invocations=36 (full 0):
 Metaspace       used 35852K, committed 36800K, reserved 1114112K
  class space    used 2273K, committed 2688K, reserved 1048576K
}

Dll operation events (9 events):
Event: 0.002 Loaded shared library /home/andreatp/.sdkman/candidates/java/25-tem/lib/libjava.so
Event: 0.019 Loaded shared library /home/andreatp/.sdkman/candidates/java/25-tem/lib/libsimdsort.so
Event: 0.027 Loaded shared library /home/andreatp/.sdkman/candidates/java/25-tem/lib/libnio.so
Event: 0.029 Loaded shared library /home/andreatp/.sdkman/candidates/java/25-tem/lib/libzip.so
Event: 0.063 Loaded shared library /home/andreatp/.sdkman/candidates/java/25-tem/lib/libmanagement.so
Event: 0.064 Loaded shared library /home/andreatp/.sdkman/candidates/java/25-tem/lib/libmanagement_ext.so
Event: 0.081 Loaded shared library /home/andreatp/.sdkman/candidates/java/25-tem/lib/libjimage.so
Event: 5.959 Loaded shared library /home/andreatp/.sdkman/candidates/java/25-tem/lib/libnet.so
Event: 6.781 Loaded shared library /home/andreatp/.sdkman/candidates/java/25-tem/lib/libsyslookup.so

Deoptimization events (20 events):
Event: 18.458 Thread 0x00007f105c02b810 Uncommon trap: trap_request=0xffffffde fr.pc=0x00007f104c49602c relative=0x000000000000162c
Event: 18.458 Thread 0x00007f105c02b810 Uncommon trap: reason=class_check action=maybe_recompile pc=0x00007f104c49602c method=com.dylibso.chicory.runtime.Instance.initialize(Z)Lcom/dylibso/chicory/runtime/Instance; @ 173 c2
Event: 18.458 Thread 0x00007f105c02b810 DEOPT PACKING pc=0x00007f104c49602c sp=0x00007f106110dfa0
Event: 18.458 Thread 0x00007f105c02b810 DEOPT UNPACKING pc=0x00007f104b9910f9 sp=0x00007f106110df40 mode 2
Event: 18.468 Thread 0x00007f105c02b810 Uncommon trap: trap_request=0xffffff45 fr.pc=0x00007f104c1c91cc relative=0x00000000000000cc
Event: 18.468 Thread 0x00007f105c02b810 Uncommon trap: reason=unstable_if action=reinterpret pc=0x00007f104c1c91cc method=com.dylibso.chicory.wasm.types.ValType.matches(Lcom/dylibso/chicory/wasm/types/ValType;Lcom/dylibso/chicory/wasm/types/ValType;Lcom/dylibso/chicory/wasm/types/TypeSection;)Z
Event: 18.468 Thread 0x00007f105c02b810 DEOPT PACKING pc=0x00007f104c1c91cc sp=0x00007f106110d8f0
Event: 18.468 Thread 0x00007f105c02b810 DEOPT UNPACKING pc=0x00007f104b9910f9 sp=0x00007f106110d840 mode 2
Event: 18.481 Thread 0x00007f105c02b810 Uncommon trap: trap_request=0xffffff45 fr.pc=0x00007f104c1cbb00 relative=0x0000000000000180
Event: 18.481 Thread 0x00007f105c02b810 Uncommon trap: reason=unstable_if action=reinterpret pc=0x00007f104c1cbb00 method=com.dylibso.chicory.wasm.Validator.setLocal(I)V @ 10 c2
Event: 18.481 Thread 0x00007f105c02b810 DEOPT PACKING pc=0x00007f104c1cbb00 sp=0x00007f106110d8f0
Event: 18.481 Thread 0x00007f105c02b810 DEOPT UNPACKING pc=0x00007f104b9910f9 sp=0x00007f106110d8b8 mode 2
Event: 18.749 Thread 0x00007f105c02b810 Uncommon trap: trap_request=0xffffff45 fr.pc=0x00007f104c6e0448 relative=0x0000000000004028
Event: 18.749 Thread 0x00007f105c02b810 Uncommon trap: reason=unstable_if action=reinterpret pc=0x00007f104c6e0448 method=com.dylibso.chicory.cranelift.CraneliftMachineFuncGroup_0.func_3874(IIILcom/dylibso/chicory/runtime/Memory;Lcom/dylibso/chicory/runtime/Instance;)V @ 248 c2
Event: 18.749 Thread 0x00007f105c02b810 DEOPT PACKING pc=0x00007f104c6e0448 sp=0x00007f106110c2c0
Event: 18.749 Thread 0x00007f105c02b810 DEOPT UNPACKING pc=0x00007f104b9910f9 sp=0x00007f106110c2e8 mode 2
Event: 18.798 Thread 0x00007f105c02b810 Uncommon trap: trap_request=0xffffffde fr.pc=0x00007f104c49602c relative=0x000000000000162c
Event: 18.798 Thread 0x00007f105c02b810 Uncommon trap: reason=class_check action=maybe_recompile pc=0x00007f104c49602c method=com.dylibso.chicory.runtime.Instance.initialize(Z)Lcom/dylibso/chicory/runtime/Instance; @ 173 c2
Event: 18.798 Thread 0x00007f105c02b810 DEOPT PACKING pc=0x00007f104c49602c sp=0x00007f106110dfa0
Event: 18.798 Thread 0x00007f105c02b810 DEOPT UNPACKING pc=0x00007f104b9910f9 sp=0x00007f106110df40 mode 2

Classes loaded (20 events):
Event: 8.195 Loading class java/lang/StackTraceElement$HashedModules
Event: 8.196 Loading class java/lang/StackTraceElement$HashedModules done
Event: 8.197 Loading class java/util/AbstractList$RandomAccessSubList
Event: 8.197 Loading class java/util/AbstractList$SubList
Event: 8.197 Loading class java/util/AbstractList$SubList done
Event: 8.197 Loading class java/util/AbstractList$RandomAccessSubList done
Event: 8.197 Loading class java/util/AbstractList$SubList$1
Event: 8.197 Loading class java/util/AbstractList$SubList$1 done
Event: 8.201 Loading class java/io/PrintWriter
Event: 8.201 Loading class java/io/PrintWriter done
Event: 8.201 Loading class java/lang/Throwable$WrappedPrintWriter
Event: 8.201 Loading class java/lang/Throwable$PrintStreamOrWriter
Event: 8.201 Loading class java/lang/Throwable$PrintStreamOrWriter done
Event: 8.201 Loading class java/lang/Throwable$WrappedPrintWriter done
Event: 18.118 Loading class java/lang/invoke/BoundMethodHandle$Species_LLLLLLLL
Event: 18.118 Loading class java/lang/invoke/BoundMethodHandle$Species_LLLLLLLL done
Event: 18.119 Loading class java/lang/invoke/BoundMethodHandle$Species_LLLLLLLLL
Event: 18.119 Loading class java/lang/invoke/BoundMethodHandle$Species_LLLLLLLLL done
Event: 18.123 Loading class java/lang/invoke/BoundMethodHandle$Species_LLLLLLLLLL
Event: 18.123 Loading class java/lang/invoke/BoundMethodHandle$Species_LLLLLLLLLL done

Classes unloaded (0 events):
No events

Classes redefined (0 events):
No events

Internal exceptions (20 events):
Event: 17.674 Thread 0x00007f105c02b810 Exception <a 'java/lang/NoSuchMethodError'{0x000000042303c090}: 'void java.lang.invoke.DelegatingMethodHandle$Holder.reinvoke_L(java.lang.Object, java.lang.Object, long, long)'> (0x000000042303c090) 
thrown [src/hotspot/share/interpreter/linkResolver.cpp, line 803]
Event: 17.675 Thread 0x00007f105c02b810 Exception <a 'java/lang/NoSuchMethodError'{0x000000042304c890}: 'void java.lang.invoke.DirectMethodHandle$Holder.invokeSpecial(java.lang.Object, java.lang.Object, long, long)'> (0x000000042304c890) 
thrown [src/hotspot/share/interpreter/linkResolver.cpp, line 803]
Event: 17.675 Thread 0x00007f105c02b810 Exception <a 'java/lang/NoSuchMethodError'{0x0000000423054df0}: 'void java.lang.invoke.Invokers$Holder.exactInvoker(java.lang.Object, java.lang.Object, long, long)'> (0x0000000423054df0) 
thrown [src/hotspot/share/interpreter/linkResolver.cpp, line 803]
Event: 17.675 Thread 0x00007f105c02b810 Exception <a 'java/lang/NoSuchMethodError'{0x000000042305da28}: 'void java.lang.invoke.DelegatingMethodHandle$Holder.delegate(java.lang.Object, java.lang.Object, long, long)'> (0x000000042305da28) 
thrown [src/hotspot/share/interpreter/linkResolver.cpp, line 803]
Event: 17.677 Thread 0x00007f105c02b810 Exception <a 'java/lang/ArrayIndexOutOfBoundsException'{0x00000004230d02b8}: Index 1 out of bounds for length 1> (0x00000004230d02b8) 
thrown [src/hotspot/share/interpreter/interpreterRuntime.cpp, line 420]
Event: 17.677 Thread 0x00007f105c02b810 Exception <a 'java/lang/ArrayIndexOutOfBoundsException'{0x00000004230e5198}: Index 1 out of bounds for length 1> (0x00000004230e5198) 
thrown [src/hotspot/share/interpreter/interpreterRuntime.cpp, line 420]
Event: 17.678 Thread 0x00007f105c02b810 Exception <a 'java/lang/ArrayIndexOutOfBoundsException'{0x00000004230f99d8}: Index 1 out of bounds for length 1> (0x00000004230f99d8) 
thrown [src/hotspot/share/interpreter/interpreterRuntime.cpp, line 420]
Event: 17.678 Thread 0x00007f105c02b810 Exception <a 'java/lang/ArrayIndexOutOfBoundsException'{0x000000042310e218}: Index 1 out of bounds for length 1> (0x000000042310e218) 
thrown [src/hotspot/share/interpreter/interpreterRuntime.cpp, line 420]
Event: 18.111 Thread 0x00007f105c02b810 Exception <a 'java/lang/NoSuchMethodError'{0x0000000421cffda0}: 'void java.lang.invoke.DirectMethodHandle$Holder.invokeStaticInit(java.lang.Object, java.lang.Object, java.lang.Object, java.lang.Object, java.lang.Object, long, float, double, int, int)'> (0x0000000421cffda0) 
thrown [src/hotspot/share/interpreter/linkResolver.cpp, line 803]
Event: 18.111 Thread 0x00007f105c02b810 Exception <a 'java/lang/NoSuchMethodError'{0x0000000421d10cd0}: 'void java.lang.invoke.DelegatingMethodHandle$Holder.reinvoke_L(java.lang.Object, java.lang.Object, java.lang.Object, java.lang.Object, java.lang.Object, long, float, double, int, int)'> (0x0000000421d10cd0) 
thrown [src/hotspot/share/interpreter/linkResolver.cpp, line 803]
Event: 18.113 Thread 0x00007f105c02b810 Exception <a 'java/lang/NoSuchMethodError'{0x0000000421d5ca18}: 'double java.lang.invoke.DirectMethodHandle$Holder.invokeStaticInit(java.lang.Object, java.lang.Object, java.lang.Object, java.lang.Object, java.lang.Object, long, float, double, int, int)'> (0x0000000421d5ca18) 
thrown [src/hotspot/share/interpreter/linkResolver.cpp, line 803]
Event: 18.114 Thread 0x00007f105c02b810 Exception <a 'java/lang/NoSuchMethodError'{0x0000000421d6d948}: 'double java.lang.invoke.DelegatingMethodHandle$Holder.reinvoke_L(java.lang.Object, java.lang.Object, java.lang.Object, java.lang.Object, java.lang.Object, long, float, double, int, int)'> (0x0000000421d6d948) 
thrown [src/hotspot/share/interpreter/linkResolver.cpp, line 803]
Event: 18.116 Thread 0x00007f105c02b810 Implicit null exception at 0x00007f104c5ba266 to 0x00007f104c5ba9e4
Event: 18.116 Thread 0x00007f105c02b810 Exception <a 'java/lang/NoSuchMethodError'{0x0000000421e64570}: 'java.lang.Object java.lang.invoke.Invokers$Holder.invoker(java.lang.Object, java.lang.Object, java.lang.Object, java.lang.Object, java.lang.Object, java.lang.Object, java.lang.Object, java.lang.Object, java.lang.Object)'> (0x0000000421e64570) 
thrown [src/hotspot/share/interpreter/linkResolver.cpp, line 803]
Event: 18.117 Thread 0x00007f105c02b810 Implicit null exception at 0x00007f104c5c4cfe to 0x00007f104c5c50b8
Event: 18.118 Thread 0x00007f105c02b810 Exception <a 'java/lang/NoSuchMethodError'{0x0000000421ea79b0}: 'java.lang.Object java.lang.invoke.DirectMethodHandle$Holder.invokeStatic(java.lang.Object, java.lang.Object, java.lang.Object, java.lang.Object, java.lang.Object, java.lang.Object, java.lang.Object, java.lang.Object, java.lang.Object, java.lang.Object, java.lang.Object)'> (0x0000000421ea79b0) 
thrown [src/hotspot/share/interpreter/linkResolver.cpp, line 803]
Event: 18.120 Thread 0x00007f105c02b810 Exception <a 'java/lang/NoSuchMethodError'{0x0000000421ecefc0}: 'java.lang.Object java.lang.invoke.DirectMethodHandle$Holder.invokeStatic(java.lang.Object, java.lang.Object, java.lang.Object, java.lang.Object, java.lang.Object, java.lang.Object, java.lang.Object, java.lang.Object, java.lang.Object, java.lang.Object, java.lang.Object, java.lang.Object)'> (0x0000000421ecefc0) 
thrown [src/hotspot/share/interpreter/linkResolver.cpp, line 803]
Event: 18.123 Thread 0x00007f105c02b810 Exception <a 'java/lang/NoSuchMethodError'{0x0000000421f50900}: 'java.lang.Object java.lang.invoke.DirectMethodHandle$Holder.invokeStatic(java.lang.Object, java.lang.Object, java.lang.Object, java.lang.Object, java.lang.Object, java.lang.Object, java.lang.Object, java.lang.Object, java.lang.Object, java.lang.Object, java.lang.Object, java.lang.Object, java.lang.Object)'> (0x0000000421f50900) 
thrown [src/hotspot/share/interpreter/linkResolver.cpp, line 803]
Event: 18.180 Thread 0x00007f105c02b810 Exception <a 'java/lang/NoSuchMethodError'{0x000000041f93c160}: 'long java.lang.invoke.DirectMethodHandle$Holder.invokeStaticInit(java.lang.Object, java.lang.Object, java.lang.Object, java.lang.Object, java.lang.Object, long, float, double, int, int)'> (0x000000041f93c160) 
thrown [src/hotspot/share/interpreter/linkResolver.cpp, line 803]
Event: 18.181 Thread 0x00007f105c02b810 Exception <a 'java/lang/NoSuchMethodError'{0x000000041f94d090}: 'long java.lang.invoke.DelegatingMethodHandle$Holder.reinvoke_L(java.lang.Object, java.lang.Object, java.lang.Object, java.lang.Object, java.lang.Object, long, float, double, int, int)'> (0x000000041f94d090) 
thrown [src/hotspot/share/interpreter/linkResolver.cpp, line 803]

VM Operations (20 events):
Event: 15.389 Executing safepoint VM operation: G1CollectForAllocation (G1 Evacuation Pause)
Event: 15.400 Executing safepoint VM operation: G1CollectForAllocation (G1 Evacuation Pause) done
Event: 16.188 Executing safepoint VM operation: G1CollectForAllocation (G1 Evacuation Pause)
Event: 16.196 Executing safepoint VM operation: G1CollectForAllocation (G1 Evacuation Pause) done
Event: 16.675 Executing non-safepoint VM operation: HandshakeAllThreads (Deoptimize)
Event: 16.675 Executing non-safepoint VM operation: HandshakeAllThreads (Deoptimize) done
Event: 16.687 Executing safepoint VM operation: G1CollectForAllocation (G1 Evacuation Pause)
Event: 16.693 Executing safepoint VM operation: G1CollectForAllocation (G1 Evacuation Pause) done
Event: 17.240 Executing safepoint VM operation: G1CollectForAllocation (G1 Evacuation Pause)
Event: 17.250 Executing safepoint VM operation: G1CollectForAllocation (G1 Evacuation Pause) done
Event: 17.764 Executing safepoint VM operation: G1TryInitiateConcMark (CodeCache GC Threshold)
Event: 17.771 Executing safepoint VM operation: G1TryInitiateConcMark (CodeCache GC Threshold) done
Event: 17.827 Executing safepoint VM operation: G1PauseRemark
Event: 17.834 Executing safepoint VM operation: G1PauseRemark done
Event: 17.848 Executing safepoint VM operation: G1PauseCleanup
Event: 17.848 Executing safepoint VM operation: G1PauseCleanup done
Event: 18.335 Executing safepoint VM operation: G1CollectForAllocation (G1 Evacuation Pause)
Event: 18.345 Executing safepoint VM operation: G1CollectForAllocation (G1 Evacuation Pause) done
Event: 18.890 Executing safepoint VM operation: G1CollectForAllocation (G1 Evacuation Pause)
Event: 18.899 Executing safepoint VM operation: G1CollectForAllocation (G1 Evacuation Pause) done

Memory protections (20 events):
Event: 3.527 Protecting memory [0x00007f1020df4000,0x00007f1020df8000] with protection modes 0
Event: 5.828 Protecting memory [0x00007f10209f4000,0x00007f10209f8000] with protection modes 0
Event: 5.830 Protecting memory [0x00007f1020df4000,0x00007f1020df8000] with protection modes 0
Event: 5.830 Protecting memory [0x00007f10202f4000,0x00007f10202f8000] with protection modes 0
Event: 5.844 Protecting memory [0x00007f10205f4000,0x00007f10205f8000] with protection modes 0
Event: 5.844 Protecting memory [0x00007f10204f4000,0x00007f10204f8000] with protection modes 0
Event: 5.868 Protecting memory [0x00007f10203f4000,0x00007f10203f8000] with protection modes 0
Event: 5.868 Protecting memory [0x00007f1020cf4000,0x00007f1020cf8000] with protection modes 0
Event: 6.768 Protecting memory [0x00007f10205f4000,0x00007f10205f8000] with protection modes 0
Event: 6.841 Protecting memory [0x00007f10204f4000,0x00007f10204f8000] with protection modes 0
Event: 7.793 Protecting memory [0x00007f10203f4000,0x00007f10203f8000] with protection modes 0
Event: 7.835 Protecting memory [0x00007f1020cf4000,0x00007f1020cf8000] with protection modes 0
Event: 8.728 Protecting memory [0x00007f10206f4000,0x00007f10206f8000] with protection modes 0
Event: 10.634 Protecting memory [0x00007f10206f4000,0x00007f10206f8000] with protection modes 0
Event: 10.634 Protecting memory [0x00007f0ff13f5000,0x00007f0ff13f9000] with protection modes 0
Event: 13.317 Protecting memory [0x00007f10203f4000,0x00007f10203f8000] with protection modes 0
Event: 13.693 Protecting memory [0x00007f1020cf4000,0x00007f1020cf8000] with protection modes 0
Event: 14.928 Protecting memory [0x00007f10206f4000,0x00007f10206f8000] with protection modes 0
Event: 14.928 Protecting memory [0x00007f0ff13f5000,0x00007f0ff13f9000] with protection modes 0
Event: 14.928 Protecting memory [0x00007f0ff12f5000,0x00007f0ff12f9000] with protection modes 0

Nmethod flushes (20 events):
Event: 17.833 Thread 0x00007f105c0fb340 flushing  nmethod 0x00007f10447d8508
Event: 17.833 Thread 0x00007f105c0fb340 flushing  nmethod 0x00007f10447d8808
Event: 17.833 Thread 0x00007f105c0fb340 flushing  nmethod 0x00007f10447d8b88
Event: 17.833 Thread 0x00007f105c0fb340 flushing  nmethod 0x00007f104481cd08
Event: 17.833 Thread 0x00007f105c0fb340 flushing  nmethod 0x00007f104481d608
Event: 17.833 Thread 0x00007f105c0fb340 flushing  nmethod 0x00007f104481f608
Event: 17.833 Thread 0x00007f105c0fb340 flushing  nmethod 0x00007f104481f908
Event: 17.833 Thread 0x00007f105c0fb340 flushing  nmethod 0x00007f1044845508
Event: 17.833 Thread 0x00007f105c0fb340 flushing  nmethod 0x00007f1044845988
Event: 17.833 Thread 0x00007f105c0fb340 flushing  nmethod 0x00007f1044846088
Event: 17.833 Thread 0x00007f105c0fb340 flushing  nmethod 0x00007f1044846608
Event: 17.833 Thread 0x00007f105c0fb340 flushing  nmethod 0x00007f1044847208
Event: 17.833 Thread 0x00007f105c0fb340 flushing  nmethod 0x00007f1044847e08
Event: 17.833 Thread 0x00007f105c0fb340 flushing  nmethod 0x00007f1044848288
Event: 17.833 Thread 0x00007f105c0fb340 flushing  nmethod 0x00007f1044848608
Event: 17.833 Thread 0x00007f105c0fb340 flushing  nmethod 0x00007f1044848908
Event: 17.833 Thread 0x00007f105c0fb340 flushing  nmethod 0x00007f1044848d08
Event: 17.833 Thread 0x00007f105c0fb340 flushing  nmethod 0x00007f1044849008
Event: 17.833 Thread 0x00007f105c0fb340 flushing  nmethod 0x00007f1044849308
Event: 17.833 Thread 0x00007f105c0fb340 flushing  nmethod 0x00007f1044849f08

Events (20 events):
Event: 7.793 Thread 0x00007f0fac42b0e0 Thread added: 0x00007f0fb4775570
Event: 7.834 Thread 0x00007f0fe8537f50 Thread added: 0x00007f0fc09561b0
Event: 8.728 Thread 0x00007f0fd00d71f0 Thread added: 0x00007f0fe0989ad0
Event: 9.360 Thread 0x00007f0fe0989ad0 Thread exited: 0x00007f0fe0989ad0
Event: 10.634 Thread 0x00007f0fdc36f710 Thread added: 0x00007f0fd0db1bd0
Event: 10.634 Thread 0x00007f0fdc36f710 Thread added: 0x00007f0fd0db2cd0
Event: 11.060 Thread 0x00007f0fd0db2cd0 Thread exited: 0x00007f0fd0db2cd0
Event: 11.693 Thread 0x00007f0fd0db1bd0 Thread exited: 0x00007f0fd0db1bd0
Event: 11.776 Thread 0x00007f0fc09561b0 Thread exited: 0x00007f0fc09561b0
Event: 11.776 Thread 0x00007f0fb4775570 Thread exited: 0x00007f0fb4775570
Event: 13.317 Thread 0x00007f0fac42b0e0 Thread added: 0x00007f0fb4243b50
Event: 13.693 Thread 0x00007f105c10c850 Thread added: 0x00007f0fe9074500
Event: 14.928 Thread 0x00007f0fe8537f50 Thread added: 0x00007f0fc017ca00
Event: 14.928 Thread 0x00007f0fe8537f50 Thread added: 0x00007f0fc0f176d0
Event: 14.928 Thread 0x00007f0fe8537f50 Thread added: 0x00007f0fc08e8a90
Event: 15.895 Thread 0x00007f0fc08e8a90 Thread exited: 0x00007f0fc08e8a90
Event: 16.223 Thread 0x00007f0fc0f176d0 Thread exited: 0x00007f0fc0f176d0
Event: 16.224 Thread 0x00007f0fc017ca00 Thread exited: 0x00007f0fc017ca00
Event: 16.227 Thread 0x00007f0fe9074500 Thread exited: 0x00007f0fe9074500
Event: 16.271 Thread 0x00007f0fb4243b50 Thread exited: 0x00007f0fb4243b50


Dynamic libraries:
06000000-06001000 ---p 00000000 00:00 0 
06001000-06d8c000 rw-p 00001000 00:24 62088005                           /home/andreatp/.sdkman/candidates/java/25-tem/lib/server/classes.jsa
06d8c000-07000000 ---p 00000000 00:00 0 
07000000-07040000 rw-p 00000000 00:00 0 
07040000-07140000 rw-p 00000000 00:00 0 
07140000-07180000 rw-p 00000000 00:00 0 
07180000-072a0000 rw-p 00000000 00:00 0 
072a0000-47000000 ---p 00000000 00:00 0 
418000000-425800000 rw-p 00000000 00:00 0 
425800000-47d800000 ---p 00000000 00:00 0 
47d800000-47e000000 rw-p 00000000 00:00 0 
47e000000-485000000 ---p 00000000 00:00 0 
485000000-485800000 rw-p 00000000 00:00 0 
485800000-7ff800000 ---p 00000000 00:00 0 
7ff800000-7ff921000 rw-p 00dbf000 00:24 62088005                         /home/andreatp/.sdkman/candidates/java/25-tem/lib/server/classes.jsa
7ff921000-800000000 rw-p 00000000 00:00 0 
55e6e13b8000-55e6e13b9000 r--p 00000000 00:24 62087964                   /home/andreatp/.sdkman/candidates/java/25-tem/bin/java
55e6e13b9000-55e6e13ba000 r-xp 00001000 00:24 62087964                   /home/andreatp/.sdkman/candidates/java/25-tem/bin/java
55e6e13ba000-55e6e13bb000 r--p 00002000 00:24 62087964                   /home/andreatp/.sdkman/candidates/java/25-tem/bin/java
55e6e13bb000-55e6e13bc000 r--p 00002000 00:24 62087964                   /home/andreatp/.sdkman/candidates/java/25-tem/bin/java
55e6e13bc000-55e6e13bd000 rw-p 00003000 00:24 62087964                   /home/andreatp/.sdkman/candidates/java/25-tem/bin/java
55e701a1c000-55e701a65000 rw-p 00000000 00:00 0                          [heap]
7f0f6c000000-7f0f6c78c000 rw-p 00000000 00:00 0 
7f0f6c78c000-7f0f70000000 ---p 00000000 00:00 0 
7f0f74000000-7f0f74e1a000 rw-p 00000000 00:00 0 
7f0f74e1a000-7f0f78000000 ---p 00000000 00:00 0 
7f0f78000000-7f0f796c4000 rw-p 00000000 00:00 0 
7f0f796c4000-7f0f7c000000 ---p 00000000 00:00 0 
7f0f7c000000-7f0f7c021000 rw-p 00000000 00:00 0 
7f0f7c021000-7f0f80000000 ---p 00000000 00:00 0 
7f0f80000000-7f0f80021000 rw-p 00000000 00:00 0 
7f0f80021000-7f0f84000000 ---p 00000000 00:00 0 
7f0f84000000-7f0f84021000 rw-p 00000000 00:00 0 
7f0f84021000-7f0f88000000 ---p 00000000 00:00 0 
7f0f88000000-7f0f88021000 rw-p 00000000 00:00 0 
7f0f88021000-7f0f8c000000 ---p 00000000 00:00 0 
7f0f8c000000-7f0f8c021000 rw-p 00000000 00:00 0 
7f0f8c021000-7f0f90000000 ---p 00000000 00:00 0 
7f0f90000000-7f0f90021000 rw-p 00000000 00:00 0 
7f0f90021000-7f0f94000000 ---p 00000000 00:00 0 
7f0f94000000-7f0f94021000 rw-p 00000000 00:00 0 
7f0f94021000-7f0f98000000 ---p 00000000 00:00 0 
7f0f98000000-7f0f98021000 rw-p 00000000 00:00 0 
7f0f98021000-7f0f9c000000 ---p 00000000 00:00 0 
7f0f9c000000-7f0f9c03f000 rw-p 00000000 00:00 0 
7f0f9c03f000-7f0fa0000000 ---p 00000000 00:00 0 
7f0fa0000000-7f0fa0021000 rw-p 00000000 00:00 0 
7f0fa0021000-7f0fa4000000 ---p 00000000 00:00 0 
7f0fa4000000-7f0fa4021000 rw-p 00000000 00:00 0 
7f0fa4021000-7f0fa8000000 ---p 00000000 00:00 0 
7f0fa8000000-7f0fa8076000 rw-p 00000000 00:00 0 
7f0fa8076000-7f0fac000000 ---p 00000000 00:00 0 
7f0fac000000-7f0fad12b000 rw-p 00000000 00:00 0 
7f0fad12b000-7f0fb0000000 ---p 00000000 00:00 0 
7f0fb0000000-7f0fb0021000 rw-p 00000000 00:00 0 
7f0fb0021000-7f0fb4000000 ---p 00000000 00:00 0 
7f0fb4000000-7f0fb64dd000 rw-p 00000000 00:00 0 
7f0fb64dd000-7f0fb8000000 ---p 00000000 00:00 0 
7f0fb8000000-7f0fb9b84000 rw-p 00000000 00:00 0 
7f0fb9b84000-7f0fbc000000 ---p 00000000 00:00 0 
7f0fbc000000-7f0fbc1da000 rw-p 00000000 00:00 0 
7f0fbc1da000-7f0fc0000000 ---p 00000000 00:00 0 
7f0fc0000000-7f0fc24c9000 rw-p 00000000 00:00 0 
7f0fc24c9000-7f0fc4000000 ---p 00000000 00:00 0 
7f0fc4000000-7f0fc4021000 rw-p 00000000 00:00 0 
7f0fc4021000-7f0fc8000000 ---p 00000000 00:00 0 
7f0fc8000000-7f0fc8021000 rw-p 00000000 00:00 0 
7f0fc8021000-7f0fcc000000 ---p 00000000 00:00 0 
7f0fcc000000-7f0fcc021000 rw-p 00000000 00:00 0 
7f0fcc021000-7f0fd0000000 ---p 00000000 00:00 0 
7f0fd0000000-7f0fd1bba000 rw-p 00000000 00:00 0 
7f0fd1bba000-7f0fd4000000 ---p 00000000 00:00 0 
7f0fd4000000-7f0fd5a18000 rw-p 00000000 00:00 0 
7f0fd5a18000-7f0fd8000000 ---p 00000000 00:00 0 
7f0fd8000000-7f0fd8021000 rw-p 00000000 00:00 0 
7f0fd8021000-7f0fdc000000 ---p 00000000 00:00 0 
7f0fdc000000-7f0fdcd3f000 rw-p 00000000 00:00 0 
7f0fdcd3f000-7f0fe0000000 ---p 00000000 00:00 0 
7f0fe0000000-7f0fe1000000 rw-p 00000000 00:00 0 
7f0fe1000000-7f0fe4000000 ---p 00000000 00:00 0 
7f0fe4000000-7f0fe4021000 rw-p 00000000 00:00 0 
7f0fe4021000-7f0fe8000000 ---p 00000000 00:00 0 
7f0fe8000000-7f0feaa30000 rw-p 00000000 00:00 0 
7f0feaa30000-7f0fec000000 ---p 00000000 00:00 0 
7f0fec000000-7f0fec03d000 rw-p 00000000 00:00 0 
7f0fec03d000-7f0ff0000000 ---p 00000000 00:00 0 
7f0ff12f5000-7f0ff12f9000 ---p 00000000 00:00 0 
7f0ff12f9000-7f0ff13f5000 rw-p 00000000 00:00 0 
7f0ff13f5000-7f0ff13f9000 ---p 00000000 00:00 0 
7f0ff13f9000-7f0ff14f5000 rw-p 00000000 00:00 0 
7f0ff14f5000-7f0ff14f6000 ---p 00000000 00:00 0 
7f0ff14f6000-7f0ff15f6000 rw-p 00000000 00:00 0 
7f0ff15f6000-7f0ff15f7000 ---p 00000000 00:00 0 
7f0ff15f7000-7f0ff16f7000 rw-p 00000000 00:00 0 
7f0ff16f7000-7f0ff16f8000 ---p 00000000 00:00 0 
7f0ff16f8000-7f0ff17f8000 rw-p 00000000 00:00 0 
7f0ff17f8000-7f0ff17f9000 ---p 00000000 00:00 0 
7f0ff17f9000-7f0ff18f9000 rw-p 00000000 00:00 0 
7f0ff18f9000-7f0ff18fa000 ---p 00000000 00:00 0 
7f0ff18fa000-7f0ff19fa000 rw-p 00000000 00:00 0 
7f0ff19fa000-7f0ff19fb000 ---p 00000000 00:00 0 
7f0ff19fb000-7f0ff1afb000 rw-p 00000000 00:00 0 
7f0ff1afb000-7f0ff1afc000 ---p 00000000 00:00 0 
7f0ff1afc000-7f0ff1bfc000 rw-p 00000000 00:00 0 
7f0ff1bfc000-7f0ff1bfd000 ---p 00000000 00:00 0 
7f0ff1bfd000-7f0ff1cfd000 rw-p 00000000 00:00 0 
7f0ff1cfd000-7f0ff1cfe000 ---p 00000000 00:00 0 
7f0ff1cfe000-7f0ff1dfe000 rw-p 00000000 00:00 0 
7f0ff1dfe000-7f0ff1dff000 ---p 00000000 00:00 0 
7f0ff1dff000-7f0ff1eff000 rw-p 00000000 00:00 0 
7f0ff1eff000-7f0ff1f00000 ---p 00000000 00:00 0 
7f0ff1f00000-7f0ff2000000 rw-p 00000000 00:00 0 
7f0ff2000000-7f0fffe70000 r--p 00000000 00:24 16857077                   /usr/lib/locale/locale-archive
7f0fffeff000-7f0ffff00000 ---p 00000000 00:00 0 
7f0ffff00000-7f1000000000 rw-p 00000000 00:00 0 
7f1000000000-7f1000400000 rw-p 00000000 00:00 0 
7f1000400000-7f1000fc0000 rw-p 00000000 00:00 0 
7f1000fc0000-7f1001100000 rw-p 00000000 00:00 0 
7f1001100000-7f10011c0000 rw-p 00000000 00:00 0 
7f10011c0000-7f1001720000 rw-p 00000000 00:00 0 
7f1001720000-7f1001840000 rw-p 00000000 00:00 0 
7f1001840000-7f1001940000 rw-p 00000000 00:00 0 
7f1001940000-7f1001a60000 rw-p 00000000 00:00 0 
7f1001a60000-7f1001ae0000 rw-p 00000000 00:00 0 
7f1001ae0000-7f1001b80000 rw-p 00000000 00:00 0 
7f1001b80000-7f1001c00000 ---p 00000000 00:00 0 
7f1001c00000-7f1001f20000 rw-p 00000000 00:00 0 
7f1001f20000-7f10021d0000 rw-p 00000000 00:00 0 
7f10021d0000-7f1004000000 ---p 00000000 00:00 0 
7f1004000000-7f1004036000 rw-p 00000000 00:00 0 
7f1004036000-7f1008000000 ---p 00000000 00:00 0 
7f1008000000-7f1008021000 rw-p 00000000 00:00 0 
7f1008021000-7f100c000000 ---p 00000000 00:00 0 
7f100c000000-7f100c021000 rw-p 00000000 00:00 0 
7f100c021000-7f1010000000 ---p 00000000 00:00 0 
7f1010000000-7f1010021000 rw-p 00000000 00:00 0 
7f1010021000-7f1014000000 ---p 00000000 00:00 0 
7f1014000000-7f1014021000 rw-p 00000000 00:00 0 
7f1014021000-7f1018000000 ---p 00000000 00:00 0 
7f1018000000-7f1018021000 rw-p 00000000 00:00 0 
7f1018021000-7f101c000000 ---p 00000000 00:00 0 
7f101c000000-7f101c021000 rw-p 00000000 00:00 0 
7f101c021000-7f1020000000 ---p 00000000 00:00 0 
7f1020001000-7f1020008000 r--s 00000000 00:24 17059797                   /usr/lib64/gconv/gconv-modules.cache
7f1020008000-7f1020012000 r-xp 00000000 00:00 0 
7f1020012000-7f1020018000 r-xp 00000000 00:00 0 
7f1020018000-7f10200f2000 r-xp 00000000 00:00 0 
7f10200f2000-7f10200f3000 ---p 00000000 00:00 0 
7f10200f3000-7f10201f3000 rw-p 00000000 00:00 0 
7f10201f3000-7f10201f4000 ---p 00000000 00:00 0 
7f10201f4000-7f10202f4000 rw-p 00000000 00:00 0 
7f10202f4000-7f10202f8000 ---p 00000000 00:00 0 
7f10202f8000-7f10203f4000 rw-p 00000000 00:00 0 
7f10203f4000-7f10203f8000 ---p 00000000 00:00 0 
7f10203f8000-7f10204f4000 rw-p 00000000 00:00 0 
7f10204f4000-7f10204f8000 ---p 00000000 00:00 0 
7f10204f8000-7f10205f4000 rw-p 00000000 00:00 0 
7f10205f4000-7f10205f8000 ---p 00000000 00:00 0 
7f10205f8000-7f10206f4000 rw-p 00000000 00:00 0 
7f10206f4000-7f10206f8000 ---p 00000000 00:00 0 
7f10206f8000-7f10207f4000 rw-p 00000000 00:00 0 
7f10207f4000-7f10207f8000 ---p 00000000 00:00 0 
7f10207f8000-7f10208f4000 rw-p 00000000 00:00 0 
7f10208f4000-7f10208f8000 ---p 00000000 00:00 0 
7f10208f8000-7f10209f4000 rw-p 00000000 00:00 0 
7f10209f4000-7f10209f8000 ---p 00000000 00:00 0 
7f10209f8000-7f1020af4000 rw-p 00000000 00:00 0 
7f1020af4000-7f1020af8000 ---p 00000000 00:00 0 
7f1020af8000-7f1020bf4000 rw-p 00000000 00:00 0 
7f1020bf4000-7f1020bf8000 ---p 00000000 00:00 0 
7f1020bf8000-7f1020cf4000 rw-p 00000000 00:00 0 
7f1020cf4000-7f1020cf8000 ---p 00000000 00:00 0 
7f1020cf8000-7f1020df4000 rw-p 00000000 00:00 0 
7f1020df4000-7f1020df8000 ---p 00000000 00:00 0 
7f1020df8000-7f1020ef4000 rw-p 00000000 00:00 0 
7f1020ef4000-7f1020ef8000 ---p 00000000 00:00 0 
7f1020ef8000-7f1020ff4000 rw-p 00000000 00:00 0 
7f1020ff4000-7f1020ff8000 ---p 00000000 00:00 0 
7f1020ff8000-7f10210f4000 rw-p 00000000 00:00 0 
7f10210f4000-7f10210f8000 ---p 00000000 00:00 0 
7f10210f8000-7f10211f4000 rw-p 00000000 00:00 0 
7f10211f4000-7f10211f8000 ---p 00000000 00:00 0 
7f10211f8000-7f10212f4000 rw-p 00000000 00:00 0 
7f10212f4000-7f10212f8000 ---p 00000000 00:00 0 
7f10212f8000-7f10213f4000 rw-p 00000000 00:00 0 
7f10213f4000-7f10213f5000 ---p 00000000 00:00 0 
7f10213f5000-7f10214f5000 rw-p 00000000 00:00 0 
7f10214f5000-7f10214f6000 ---p 00000000 00:00 0 
7f10214f6000-7f10215f6000 rw-p 00000000 00:00 0 
7f10215f6000-7f10215f7000 ---p 00000000 00:00 0 
7f10215f7000-7f10215fb000 ---p 00000000 00:00 0 
7f10215fb000-7f10216f7000 rw-p 00000000 00:00 0 
7f10216f7000-7f10216f8000 ---p 00000000 00:00 0 
7f10216f8000-7f10216fc000 ---p 00000000 00:00 0 
7f10216fc000-7f10217f8000 rw-p 00000000 00:00 0 
7f10217f8000-7f10217f9000 ---p 00000000 00:00 0 
7f10217f9000-7f10218f9000 rw-p 00000000 00:00 0 
7f10218f9000-7f10218fa000 ---p 00000000 00:00 0 
7f10218fa000-7f10219fa000 rw-p 00000000 00:00 0 
7f10219fa000-7f1024021000 rw-p 00000000 00:00 0 
7f1024021000-7f1028000000 ---p 00000000 00:00 0 
7f1028000000-7f1028021000 rw-p 00000000 00:00 0 
7f1028021000-7f102c000000 ---p 00000000 00:00 0 
7f102c000000-7f102c039000 rw-p 00000000 00:00 0 
7f102c039000-7f1030000000 ---p 00000000 00:00 0 
7f1030000000-7f1030076000 r-xp 00000000 00:00 0 
7f1030076000-7f10307fe000 rw-p 00000000 00:00 0 
7f10307fe000-7f10307ff000 ---p 00000000 00:00 0 
7f10307ff000-7f10308ff000 rw-p 00000000 00:00 0 
7f10308ff000-7f1030900000 ---p 00000000 00:00 0 
7f1030900000-7f1030a00000 rw-p 00000000 00:00 0 
7f1030a00000-7f1030d60000 rw-p 00000000 00:00 0 
7f1030d60000-7f1032360000 ---p 00000000 00:00 0 
7f1032360000-7f1032380000 rw-p 00000000 00:00 0 
7f1032380000-7f1032540000 ---p 00000000 00:00 0 
7f1032540000-7f1032560000 rw-p 00000000 00:00 0 
7f1032560000-7f10403e0000 ---p 00000000 00:00 0 
7f10403e0000-7f1040400000 rw-p 00000000 00:00 0 
7f1040400000-7f1040401000 r-xp 00000000 00:00 0 
7f1040401000-7f104043d000 r-xp 00000000 00:00 0 
7f104043d000-7f104043e000 r--p 00000000 00:24 62088018                   /home/andreatp/.sdkman/candidates/java/25-tem/lib/libsimdsort.so
7f104043e000-7f1040477000 r-xp 00001000 00:24 62088018                   /home/andreatp/.sdkman/candidates/java/25-tem/lib/libsimdsort.so
7f1040477000-7f104047d000 r--p 0003a000 00:24 62088018                   /home/andreatp/.sdkman/candidates/java/25-tem/lib/libsimdsort.so
7f104047d000-7f104047e000 r--p 0003f000 00:24 62088018                   /home/andreatp/.sdkman/candidates/java/25-tem/lib/libsimdsort.so
7f104047e000-7f104047f000 rw-p 00040000 00:24 62088018                   /home/andreatp/.sdkman/candidates/java/25-tem/lib/libsimdsort.so
7f104047f000-7f1040480000 ---p 00000000 00:00 0 
7f1040480000-7f1040580000 rw-p 00000000 00:00 0 
7f1040580000-7f10405ec000 rw-p 00000000 00:00 0 
7f10405ec000-7f10408ac000 ---p 00000000 00:00 0 
7f10408ac000-7f10408b0000 rw-p 00000000 00:00 0 
7f10408b0000-7f10408e8000 ---p 00000000 00:00 0 
7f10408e8000-7f10408ec000 rw-p 00000000 00:00 0 
7f10408ec000-7f10424bc000 ---p 00000000 00:00 0 
7f10424bc000-7f104252c000 rw-p 00000000 00:00 0 
7f104252c000-7f10427ec000 ---p 00000000 00:00 0 
7f10427ec000-7f10427f0000 rw-p 00000000 00:00 0 
7f10427f0000-7f1042828000 ---p 00000000 00:00 0 
7f1042828000-7f104282c000 rw-p 00000000 00:00 0 
7f104282c000-7f10443fc000 ---p 00000000 00:00 0 
7f10443fc000-7f1044400000 rw-p 00000000 00:00 0 
7f1044400000-7f1046210000 rwxp 00000000 00:00 0 
7f1046210000-7f104b85f000 ---p 00000000 00:00 0 
7f104b85f000-7f104bcbf000 rwxp 00000000 00:00 0 
7f104bcbf000-7f104bf9f000 ---p 00000000 00:00 0 
7f104bf9f000-7f104c6ff000 rwxp 00000000 00:00 0 
7f104c6ff000-7f1053400000 ---p 00000000 00:00 0 
7f1053400000-7f105bf14000 r--s 00000000 00:24 62088042                   /home/andreatp/.sdkman/candidates/java/25-tem/lib/modules
7f105bf14000-7f105bf22000 r-xp 00000000 00:00 0 
7f105bf22000-7f105bf24000 r--p 00000000 00:24 62087985                   /home/andreatp/.sdkman/candidates/java/25-tem/lib/libzip.so
7f105bf24000-7f105bf36000 r-xp 00002000 00:24 62087985                   /home/andreatp/.sdkman/candidates/java/25-tem/lib/libzip.so
7f105bf36000-7f105bf3e000 r--p 00014000 00:24 62087985                   /home/andreatp/.sdkman/candidates/java/25-tem/lib/libzip.so
7f105bf3e000-7f105bf3f000 r--p 0001b000 00:24 62087985                   /home/andreatp/.sdkman/candidates/java/25-tem/lib/libzip.so
7f105bf3f000-7f105bf40000 rw-p 0001c000 00:24 62087985                   /home/andreatp/.sdkman/candidates/java/25-tem/lib/libzip.so
7f105bf40000-7f105d56e000 rw-p 00000000 00:00 0 
7f105d56e000-7f1060000000 ---p 00000000 00:00 0 
7f1060000000-7f1060009000 r-xp 00000000 00:00 0 
7f1060009000-7f106000c000 r--p 00000000 00:24 62088001                   /home/andreatp/.sdkman/candidates/java/25-tem/lib/libnet.so
7f106000c000-7f1060014000 r-xp 00003000 00:24 62088001                   /home/andreatp/.sdkman/candidates/java/25-tem/lib/libnet.so
7f1060014000-7f1060016000 r--p 0000b000 00:24 62088001                   /home/andreatp/.sdkman/candidates/java/25-tem/lib/libnet.so
7f1060016000-7f1060017000 r--p 0000c000 00:24 62088001                   /home/andreatp/.sdkman/candidates/java/25-tem/lib/libnet.so
7f1060017000-7f1060018000 rw-p 0000d000 00:24 62088001                   /home/andreatp/.sdkman/candidates/java/25-tem/lib/libnet.so
7f1060018000-7f1060e4e000 rw-p 00000000 00:00 0 
7f1060e4e000-7f1060f28000 ---p 00000000 00:00 0 
7f1060f28000-7f1060f65000 rw-p 00000000 00:00 0 
7f1060f65000-7f1061011000 ---p 00000000 00:00 0 
7f1061011000-7f1061015000 ---p 00000000 00:00 0 
7f1061015000-7f1061111000 rw-p 00000000 00:00 0 
7f1061111000-7f106118e000 r-xp 00000000 00:24 16857124                   /usr/lib64/libm.so.6
7f106118e000-7f10611fe000 r--p 0007d000 00:24 16857124                   /usr/lib64/libm.so.6
7f10611fe000-7f10611ff000 r--p 000ec000 00:24 16857124                   /usr/lib64/libm.so.6
7f10611ff000-7f1061200000 rw-p 000ed000 00:24 16857124                   /usr/lib64/libm.so.6
7f1061200000-7f10614e2000 r--p 00000000 00:24 62088004                   /home/andreatp/.sdkman/candidates/java/25-tem/lib/server/libjvm.so
7f10614e2000-7f10624e2000 r-xp 002e2000 00:24 62088004                   /home/andreatp/.sdkman/candidates/java/25-tem/lib/server/libjvm.so
7f10624e2000-7f10627f2000 r--p 012e2000 00:24 62088004                   /home/andreatp/.sdkman/candidates/java/25-tem/lib/server/libjvm.so
7f10627f2000-7f10628dd000 r--p 015f2000 00:24 62088004                   /home/andreatp/.sdkman/candidates/java/25-tem/lib/server/libjvm.so
7f10628dd000-7f1062908000 rw-p 016dd000 00:24 62088004                   /home/andreatp/.sdkman/candidates/java/25-tem/lib/server/libjvm.so
7f1062908000-7f1062984000 rw-p 00000000 00:00 0 
7f1062984000-7f1062985000 r-xp 00000000 00:00 0 
7f1062985000-7f1062987000 r--p 00000000 00:24 62088016                   /home/andreatp/.sdkman/candidates/java/25-tem/lib/libmanagement_ext.so
7f1062987000-7f106298a000 r-xp 00002000 00:24 62088016                   /home/andreatp/.sdkman/candidates/java/25-tem/lib/libmanagement_ext.so
7f106298a000-7f106298b000 r--p 00005000 00:24 62088016                   /home/andreatp/.sdkman/candidates/java/25-tem/lib/libmanagement_ext.so
7f106298b000-7f106298c000 r--p 00006000 00:24 62088016                   /home/andreatp/.sdkman/candidates/java/25-tem/lib/libmanagement_ext.so
7f106298c000-7f106298d000 rw-p 00007000 00:24 62088016                   /home/andreatp/.sdkman/candidates/java/25-tem/lib/libmanagement_ext.so
7f106298d000-7f1062995000 r--p 00000000 00:24 62088041                   /home/andreatp/.sdkman/candidates/java/25-tem/lib/libnio.so
7f1062995000-7f106299e000 r-xp 00008000 00:24 62088041                   /home/andreatp/.sdkman/candidates/java/25-tem/lib/libnio.so
7f106299e000-7f10629a2000 r--p 00011000 00:24 62088041                   /home/andreatp/.sdkman/candidates/java/25-tem/lib/libnio.so
7f10629a2000-7f10629a3000 r--p 00015000 00:24 62088041                   /home/andreatp/.sdkman/candidates/java/25-tem/lib/libnio.so
7f10629a3000-7f10629a4000 rw-p 00016000 00:24 62088041                   /home/andreatp/.sdkman/candidates/java/25-tem/lib/libnio.so
7f10629a4000-7f10629ec000 rw-p 00000000 00:00 0 
7f10629ec000-7f10629f2000 ---p 00000000 00:00 0 
7f10629f2000-7f1062a00000 r--p 00000000 00:24 62087993                   /home/andreatp/.sdkman/candidates/java/25-tem/lib/libjava.so
7f1062a00000-7f1062a0e000 r-xp 0000e000 00:24 62087993                   /home/andreatp/.sdkman/candidates/java/25-tem/lib/libjava.so
7f1062a0e000-7f1062a13000 r--p 0001c000 00:24 62087993                   /home/andreatp/.sdkman/candidates/java/25-tem/lib/libjava.so
7f1062a13000-7f1062a14000 r--p 00021000 00:24 62087993                   /home/andreatp/.sdkman/candidates/java/25-tem/lib/libjava.so
7f1062a14000-7f1062a15000 rw-p 00022000 00:24 62087993                   /home/andreatp/.sdkman/candidates/java/25-tem/lib/libjava.so
7f1062a15000-7f1062a16000 rw-p 00000000 00:00 0 
7f1062a16000-7f1062a1a000 r--p 00000000 00:24 62087996                   /home/andreatp/.sdkman/candidates/java/25-tem/lib/libjimage.so
7f1062a1a000-7f1062a32000 r-xp 00004000 00:24 62087996                   /home/andreatp/.sdkman/candidates/java/25-tem/lib/libjimage.so
7f1062a32000-7f1062a38000 r--p 0001c000 00:24 62087996                   /home/andreatp/.sdkman/candidates/java/25-tem/lib/libjimage.so
7f1062a38000-7f1062a3a000 r--p 00021000 00:24 62087996                   /home/andreatp/.sdkman/candidates/java/25-tem/lib/libjimage.so
7f1062a3a000-7f1062a3b000 rw-p 00023000 00:24 62087996                   /home/andreatp/.sdkman/candidates/java/25-tem/lib/libjimage.so
7f1062a3b000-7f1062a3c000 r-xp 00000000 00:24 16857132                   /usr/lib64/librt.so.1
7f1062a3c000-7f1062a3d000 r--p 00001000 00:24 16857132                   /usr/lib64/librt.so.1
7f1062a3d000-7f1062a3e000 r--p 00001000 00:24 16857132                   /usr/lib64/librt.so.1
7f1062a3e000-7f1062a41000 rw-p 00000000 00:00 0 
7f1062a41000-7f1062a42000 r-xp 00000000 00:24 16857130                   /usr/lib64/libpthread.so.0
7f1062a42000-7f1062a43000 r--p 00001000 00:24 16857130                   /usr/lib64/libpthread.so.0
7f1062a43000-7f1062a44000 r--p 00001000 00:24 16857130                   /usr/lib64/libpthread.so.0
7f1062a44000-7f1062a45000 rw-p 00000000 00:00 0 
7f1062a45000-7f1062a46000 r-xp 00000000 00:24 16857123                   /usr/lib64/libdl.so.2
7f1062a46000-7f1062a47000 r--p 00001000 00:24 16857123                   /usr/lib64/libdl.so.2
7f1062a47000-7f1062a48000 r--p 00001000 00:24 16857123                   /usr/lib64/libdl.so.2
7f1062a48000-7f1062a49000 rw-p 00000000 00:00 0 
7f1062a49000-7f1062bb7000 r-xp 00000000 00:24 16857122                   /usr/lib64/libc.so.6
7f1062bb7000-7f1062c2c000 r--p 0016e000 00:24 16857122                   /usr/lib64/libc.so.6
7f1062c2c000-7f1062c30000 r--p 001e2000 00:24 16857122                   /usr/lib64/libc.so.6
7f1062c30000-7f1062c32000 rw-p 001e6000 00:24 16857122                   /usr/lib64/libc.so.6
7f1062c32000-7f1062c3a000 rw-p 00000000 00:00 0 
7f1062c3a000-7f1062c3b000 r-xp 00000000 00:00 0 
7f1062c3b000-7f1062c3c000 r--p 00000000 00:24 62087997                   /home/andreatp/.sdkman/candidates/java/25-tem/lib/libsyslookup.so
7f1062c3c000-7f1062c3d000 r-xp 00001000 00:24 62087997                   /home/andreatp/.sdkman/candidates/java/25-tem/lib/libsyslookup.so
7f1062c3d000-7f1062c3e000 r--p 00002000 00:24 62087997                   /home/andreatp/.sdkman/candidates/java/25-tem/lib/libsyslookup.so
7f1062c3e000-7f1062c3f000 r--p 00002000 00:24 62087997                   /home/andreatp/.sdkman/candidates/java/25-tem/lib/libsyslookup.so
7f1062c3f000-7f1062c40000 rw-p 00003000 00:24 62087997                   /home/andreatp/.sdkman/candidates/java/25-tem/lib/libsyslookup.so
7f1062c40000-7f1062c43000 r--p 00000000 00:24 62088022                   /home/andreatp/.sdkman/candidates/java/25-tem/lib/libmanagement.so
7f1062c43000-7f1062c44000 r-xp 00003000 00:24 62088022                   /home/andreatp/.sdkman/candidates/java/25-tem/lib/libmanagement.so
7f1062c44000-7f1062c45000 r--p 00004000 00:24 62088022                   /home/andreatp/.sdkman/candidates/java/25-tem/lib/libmanagement.so
7f1062c45000-7f1062c46000 r--p 00004000 00:24 62088022                   /home/andreatp/.sdkman/candidates/java/25-tem/lib/libmanagement.so
7f1062c46000-7f1062c47000 rw-p 00005000 00:24 62088022                   /home/andreatp/.sdkman/candidates/java/25-tem/lib/libmanagement.so
7f1062c47000-7f1062c4f000 rw-s 00000000 00:2b 7316                       /tmp/hsperfdata_andreatp/146967
7f1062c4f000-7f1062c50000 ---p 00000000 00:00 0 
7f1062c50000-7f1062c51000 r--p 00000000 00:00 0 
7f1062c51000-7f1062c52000 ---p 00000000 00:00 0 
7f1062c52000-7f1062c55000 r--p 00000000 00:24 62088010                   /home/andreatp/.sdkman/candidates/java/25-tem/lib/libjli.so
7f1062c55000-7f1062c66000 r-xp 00003000 00:24 62088010                   /home/andreatp/.sdkman/candidates/java/25-tem/lib/libjli.so
7f1062c66000-7f1062c6d000 r--p 00014000 00:24 62088010                   /home/andreatp/.sdkman/candidates/java/25-tem/lib/libjli.so
7f1062c6d000-7f1062c6e000 r--p 0001a000 00:24 62088010                   /home/andreatp/.sdkman/candidates/java/25-tem/lib/libjli.so
7f1062c6e000-7f1062c6f000 rw-p 0001b000 00:24 62088010                   /home/andreatp/.sdkman/candidates/java/25-tem/lib/libjli.so
7f1062c6f000-7f1062c71000 rw-p 00000000 00:00 0 
7f1062c71000-7f1062c75000 r--p 00000000 00:00 0                          [vvar]
7f1062c75000-7f1062c77000 r--p 00000000 00:00 0                          [vvar_vclock]
7f1062c77000-7f1062c79000 r-xp 00000000 00:00 0                          [vdso]
7f1062c79000-7f1062ca3000 r-xp 00000000 00:24 16857119                   /usr/lib64/ld-linux-x86-64.so.2
7f1062ca3000-7f1062cae000 r--p 0002a000 00:24 16857119                   /usr/lib64/ld-linux-x86-64.so.2
7f1062cae000-7f1062cb0000 r--p 00035000 00:24 16857119                   /usr/lib64/ld-linux-x86-64.so.2
7f1062cb0000-7f1062cb1000 rw-p 00037000 00:24 16857119                   /usr/lib64/ld-linux-x86-64.so.2
7f1062cb1000-7f1062cb2000 rw-p 00000000 00:00 0 
7fffd027e000-7fffd02a0000 rw-p 00000000 00:00 0                          [stack]
ffffffffff600000-ffffffffff601000 --xp 00000000 00:00 0                  [vsyscall]
Total number of mappings: 349

JVMTI agents: none


VM Arguments:
jvm_args: --enable-preview --enable-native-access=ALL-UNNAMED 
java_command: /home/andreatp/workspace/chicory2/cranelift-compiler/target/surefire/surefirebooter-20260311190913663_3.jar /home/andreatp/workspace/chicory2/cranelift-compiler/target/surefire 2026-03-11T19-09-13_597-jvmRun1 surefire-20260311190913663_1tmp surefire_0-20260311190913663_2tmp
java_class_path (initial): /home/andreatp/workspace/chicory2/cranelift-compiler/target/surefire/surefirebooter-20260311190913663_3.jar
Launcher Type: SUN_STANDARD

[Global flags]
     intx CICompilerCount                          = 12                                        {product} {ergonomic}
     uint ConcGCThreads                            = 3                                         {product} {ergonomic}
     uint G1ConcRefinementThreads                  = 13                                        {product} {ergonomic}
   size_t G1HeapRegionSize                         = 8388608                                   {product} {ergonomic}
   size_t InitialHeapSize                          = 1048576000                                {product} {ergonomic}
   size_t MarkStackSize                            = 4194304                                   {product} {ergonomic}
   size_t MarkStackSizeMax                         = 536870912                                 {product} {ergonomic}
   size_t MaxHeapSize                              = 16777216000                               {product} {ergonomic}
   size_t MaxNewSize                               = 10066329600                               {product} {ergonomic}
   size_t MinHeapDeltaBytes                        = 8388608                                   {product} {ergonomic}
   size_t MinHeapSize                              = 8388608                                   {product} {ergonomic}
    uintx NonNMethodCodeHeapSize                   = 7602176                                {pd product} {ergonomic}
    uintx NonProfiledCodeHeapSize                  = 122032128                              {pd product} {ergonomic}
    uintx ProfiledCodeHeapSize                     = 122023936                              {pd product} {ergonomic}
    uintx ReservedCodeCacheSize                    = 251658240                              {pd product} {ergonomic}
     bool SegmentedCodeCache                       = true                                      {product} {ergonomic}
   size_t SoftMaxHeapSize                          = 16777216000                            {manageable} {ergonomic}
     bool UseCompressedOops                        = true                           {product lp64_product} {ergonomic}
     bool UseG1GC                                  = true                                      {product} {ergonomic}

Logging:
Log output configuration:
 #0: stdout all=warning uptime,level,tags foldmultilines=false
 #1: stderr all=off uptime,level,tags foldmultilines=false

Release file:
IMPLEMENTOR="Eclipse Adoptium"
IMPLEMENTOR_VERSION="Temurin-25+36"
JAVA_RUNTIME_VERSION="25+36-LTS"
JAVA_VERSION="25"
JAVA_VERSION_DATE="2025-09-16"
LIBC="gnu"
MODULES="java.base java.compiler java.datatransfer java.xml java.prefs java.desktop java.instrument java.logging java.management java.security.sasl java.naming java.rmi java.management.rmi java.net.http java.scripting java.security.jgss java.transaction.xa java.sql java.sql.rowset java.xml.crypto java.se java.smartcardio jdk.accessibility jdk.internal.jvmstat jdk.attach jdk.charsets jdk.internal.opt jdk.zipfs jdk.compiler jdk.crypto.cryptoki jdk.crypto.ec jdk.dynalink jdk.internal.ed jdk.editpad jdk.internal.vm.ci jdk.graal.compiler jdk.graal.compiler.management jdk.hotspot.agent jdk.httpserver jdk.incubator.vector jdk.internal.le jdk.internal.md jdk.jartool jdk.javadoc jdk.jcmd jdk.management jdk.management.agent jdk.jconsole jdk.jdeps jdk.jdwp.agent jdk.jdi jdk.jfr jdk.jlink jdk.jpackage jdk.jshell jdk.jsobject jdk.jstatd jdk.localedata jdk.management.jfr jdk.naming.dns jdk.naming.rmi jdk.net jdk.nio.mapmode jdk.sctp jdk.security.auth jdk.security.jgss jdk.unsupported jdk.unsupported.desktop jdk.xml.dom"
OS_ARCH="x86_64"
OS_NAME="Linux"
SOURCE=".:git:ef82ae723551"
BUILD_SOURCE="git:b7337f50fb2a765519e79674ae790c2a7450149e"
BUILD_SOURCE_REPO="https://github.com/adoptium/temurin-build.git"
SOURCE_REPO="https://github.com/adoptium/jdk.git"
FULL_VERSION="25+36-LTS"
SEMANTIC_VERSION="25+36"
BUILD_INFO="OS: Linux Version: 6.8.0-1031-azure"
JVM_VARIANT="Hotspot"
JVM_VERSION="25+36-LTS"
IMAGE_TYPE="JDK"

Environment Variables:
JAVA_HOME=/home/andreatp/.sdkman/candidates/java/current
PATH=/home/andreatp/.jbang/bin:/home/andreatp/Downloads/google-cloud-sdk/bin:/home/andreatp/.pyenv/shims:/home/andreatp/.pyenv/bin:/home/andreatp/.nvm/versions/node/v24.2.0/bin:/home/andreatp/.sdkman/candidates/visualvm/current/bin:/home/andreatp/.sdkman/candidates/sbt/current/bin:/home/andreatp/.sdkman/candidates/maven/current/bin:/home/andreatp/.sdkman/candidates/jbang/current/bin:/home/andreatp/.sdkman/candidates/java/current/bin:/home/andreatp/.sdkman/candidates/gradle/current/bin:/home/andreatp/.local/share/swiftly/bin:/home/andreatp/.local/bin:/home/andreatp/.cargo/bin:/usr/local/bin:/usr/bin:/var/lib/snapd/snap/bin:/home/andreatp/.rvm/bin:/usr/local/go/bin:/home/andreatp/.wasmtime/bin:/home/andreatp/.cargo/bin:/home/andreatp/.rvm/bin
USERNAME=andreatp
SHELL=/usr/bin/zsh
DISPLAY=:0
LANG=en_US.UTF-8
TERM=dumb

Active Locale:
LC_ALL=en_US.UTF-8
LC_COLLATE=en_US.UTF-8
LC_CTYPE=en_US.UTF-8
LC_MESSAGES=en_US.UTF-8
LC_MONETARY=en_US.UTF-8
LC_NUMERIC=en_US.UTF-8
LC_TIME=en_US.UTF-8

Signal Handlers:
   SIGSEGV: crash_handler in libjvm.so, mask=11100100010111111101111111111110, flags=SA_RESTART|SA_SIGINFO, unblocked
    SIGBUS: crash_handler in libjvm.so, mask=11100100010111111101111111111110, flags=SA_RESTART|SA_SIGINFO, unblocked
    SIGFPE: crash_handler in libjvm.so, mask=11100100010111111101111111111110, flags=SA_RESTART|SA_SIGINFO, unblocked
   SIGPIPE: javaSignalHandler in libjvm.so, mask=11100100010111111101111111111110, flags=SA_RESTART|SA_SIGINFO, blocked
   SIGXFSZ: javaSignalHandler in libjvm.so, mask=11100100010111111101111111111110, flags=SA_RESTART|SA_SIGINFO, blocked
    SIGILL: crash_handler in libjvm.so, mask=11100100010111111101111111111110, flags=SA_RESTART|SA_SIGINFO, unblocked
   SIGUSR2: SR_handler in libjvm.so, mask=00000000000000000000000000000000, flags=SA_RESTART|SA_SIGINFO, blocked
    SIGHUP: UserHandler in libjvm.so, mask=11100100010111111101111111111110, flags=SA_RESTART|SA_SIGINFO, blocked
    SIGINT: UserHandler in libjvm.so, mask=11100100010111111101111111111110, flags=SA_RESTART|SA_SIGINFO, blocked
   SIGTERM: UserHandler in libjvm.so, mask=11100100010111111101111111111110, flags=SA_RESTART|SA_SIGINFO, blocked
   SIGQUIT: UserHandler in libjvm.so, mask=11100100010111111101111111111110, flags=SA_RESTART|SA_SIGINFO, blocked
   SIGTRAP: crash_handler in libjvm.so, mask=11100100010111111101111111111110, flags=SA_RESTART|SA_SIGINFO, unblocked


Compilation memory statistics disabled.

Periodic native trim disabled

---------------  S Y S T E M  ---------------

OS:
Fedora release 42 (Adams)
uname: Linux 6.18.8-100.fc42.x86_64 #1 SMP PREEMPT_DYNAMIC Fri Jan 30 19:22:23 UTC 2026 x86_64
OS uptime: 0 days 9:11 hours
libc: glibc 2.41 NPTL 2.41 
rlimit (soft/hard): STACK 12500k/infinity , CORE infinity/infinity , NPROC 255769/255769 , NOFILE 524288/524288 , AS infinity/infinity , CPU infinity/infinity , DATA infinity/infinity , FSIZE infinity/infinity , MEMLOCK 8192k/8192k
load average: 4.46 4.99 3.04

/proc/meminfo:
MemTotal:       65528664 kB
MemFree:        13944848 kB
MemAvailable:   39724780 kB
Buffers:           15960 kB
Cached:         30303660 kB
SwapCached:            0 kB
Active:         26664096 kB
Inactive:       17952012 kB
Active(anon):   19533540 kB
Inactive(anon):        0 kB
Active(file):    7130556 kB
Inactive(file): 17952012 kB
Unevictable:     3938764 kB
Mlocked:            5816 kB
SwapTotal:       8388604 kB
SwapFree:        8388604 kB
Zswap:                 0 kB
Zswapped:              0 kB
Dirty:             31772 kB
Writeback:             0 kB
AnonPages:      18236348 kB
Mapped:          2315064 kB
Shmem:           5232216 kB
KReclaimable:    1424692 kB
Slab:            2227856 kB
SReclaimable:    1424692 kB
SUnreclaim:       803164 kB
KernelStack:       59504 kB
PageTables:       223248 kB
SecPageTables:      4188 kB
NFS_Unstable:          0 kB
Bounce:                0 kB
WritebackTmp:          0 kB
CommitLimit:    41152936 kB
Committed_AS:   110216156 kB
VmallocTotal:   34359738367 kB
VmallocUsed:      190492 kB
VmallocChunk:          0 kB
Percpu:            15360 kB
HardwareCorrupted:     0 kB
AnonHugePages:         0 kB
ShmemHugePages:  3858432 kB
ShmemPmdMapped:        0 kB
FileHugePages:         0 kB
FilePmdMapped:         0 kB
CmaTotal:              0 kB
CmaFree:               0 kB
Unaccepted:            0 kB
Balloon:               0 kB
HugePages_Total:       0
HugePages_Free:        0
HugePages_Rsvd:        0
HugePages_Surp:        0
Hugepagesize:       2048 kB
Hugetlb:               0 kB
DirectMap4k:      452032 kB
DirectMap2M:    16021504 kB
DirectMap1G:    51380224 kB

/sys/kernel/mm/transparent_hugepage/enabled: always [madvise] never
/sys/kernel/mm/transparent_hugepage/hpage_pmd_size: 2097152
/sys/kernel/mm/transparent_hugepage/shmem_enabled: always within_size advise [never] deny force
/sys/kernel/mm/transparent_hugepage/defrag (defrag/compaction efforts parameter): always defer defer+madvise [madvise] never

Process Memory:
Virtual Size: 21407348K (peak: 21472776K)
Resident Set Size: 609828K (peak: 1448192K) (anon: 583052K, file: 26744K, shmem: 32K)
Swapped out: 0K
C-Heap outstanding allocations: 162394K, retained: 189853K
glibc malloc tunables: (default)

/proc/sys/kernel/threads-max (system-wide limit on the number of threads): 511538
/proc/sys/vm/max_map_count (maximum number of memory map areas a process may have): 1048576
/proc/sys/vm/swappiness (control to define how aggressively the kernel swaps out anonymous memory): 60
/proc/sys/kernel/pid_max (system-wide limit on number of process identifiers): 4194304

container information not found.
Steal ticks since vm start: 0
Steal ticks percentage since vm start:  0.000

CPU: total 16 (initial active 16) (8 cores per cpu, 2 threads per core) family 6 model 141 stepping 1 microcode 0x58, cx8, cmov, fxsr, ht, mmx, 3dnowpref, sse, sse2, sse3, ssse3, sse4.1, sse4.2, popcnt, lzcnt, tsc, tscinvbit, avx, avx2, aes, erms, clmul, bmi1, bmi2, adx, avx512f, avx512dq, avx512cd, avx512bw, avx512vl, sha, fma, vzeroupper, avx512_vpopcntdq, avx512_vpclmulqdq, avx512_vaes, avx512_vnni, clflush, clflushopt, clwb, avx512_vbmi2, avx512_vbmi, rdtscp, rdpid, fsrm, gfni, avx512_bitalg, f16c, pku, ospke, cet_ibt, cet_ss, avx512_ifma
CPU Model and flags from /proc/cpuinfo:
model name	: 11th Gen Intel(R) Core(TM) i7-11850H @ 2.50GHz
flags		: fpu vme de pse tsc msr pae mce cx8 apic sep mtrr pge mca cmov pat pse36 clflush dts acpi mmx fxsr sse sse2 ss ht tm pbe syscall nx pdpe1gb rdtscp lm constant_tsc art arch_perfmon pebs bts rep_good nopl xtopology nonstop_tsc cpuid aperfmperf tsc_known_freq pni pclmulqdq dtes64 monitor ds_cpl vmx smx est tm2 ssse3 sdbg fma cx16 xtpr pdcm pcid sse4_1 sse4_2 x2apic movbe popcnt tsc_deadline_timer aes xsave avx f16c rdrand lahf_lm abm 3dnowprefetch cpuid_fault epb cat_l2 cdp_l2 ssbd ibrs ibpb stibp ibrs_enhanced tpr_shadow flexpriority ept vpid ept_ad fsgsbase tsc_adjust bmi1 avx2 smep bmi2 erms invpcid rdt_a avx512f avx512dq rdseed adx smap avx512ifma clflushopt clwb intel_pt avx512cd sha_ni avx512bw avx512vl xsaveopt xsavec xgetbv1 xsaves split_lock_detect user_shstk dtherm ida arat pln pts hwp hwp_notify hwp_act_window hwp_epp hwp_pkg_req vnmi avx512vbmi umip pku ospke avx512_vbmi2 gfni vaes vpclmulqdq avx512_vnni avx512_bitalg avx512_vpopcntdq rdpid movdiri movdir64b fsrm avx512_vp2intersect md_clear ibt flush_l1d arch_capabilities

Online cpus: 0-15
Offline cpus: 
BIOS frequency limitation: <Not Available>
Frequency switch latency (ns): 0
Available cpu frequencies: <Not Available>
Current governor: powersave
Core performance/turbo boost: <Not Available>

Memory: 4k page, physical 65528664k(39724780k free), swap 8388604k(8388604k free)
Page Sizes: 4k

vm_info: OpenJDK 64-Bit Server VM (25+36-LTS) for linux-amd64 JRE (25+36-LTS), built on 2025-09-16T00:00:00Z with gcc 14.2.0

END.
