#
# A fatal error has been detected by the Java Runtime Environment:
#
#  SIGSEGV (0xb) at pc=0x00007f9dc97c5034, pid=144199, tid=144201
#
# JRE version: OpenJDK Runtime Environment Temurin-25+36 (25.0+36) (build 25+36-LTS)
# Java VM: OpenJDK 64-Bit Server VM Temurin-25+36 (25+36-LTS, mixed mode, sharing, tiered, compressed oops, compressed class ptrs, g1 gc, linux-amd64)
# Problematic frame:
# C  0x00007f9dc97c5034
#
# Core dump will be written. Default location: Core dumps may be processed with "/usr/lib/systemd/systemd-coredump %P %u %g %s %t %c %h %d %F" (or dumping to /home/andreatp/workspace/chicory2/cranelift-compiler/core.144199)
#
# If you would like to submit a bug report, please visit:
#   https://github.com/adoptium/adoptium-support/issues
# The crash happened outside the Java Virtual Machine in native code.
# See problematic frame for where to report the bug.
#

---------------  S U M M A R Y ------------

Command Line: --enable-preview --enable-native-access=ALL-UNNAMED /home/andreatp/workspace/chicory2/cranelift-compiler/target/surefire/surefirebooter-20260311190205545_3.jar /home/andreatp/workspace/chicory2/cranelift-compiler/target/surefire 2026-03-11T19-02-05_499-jvmRun1 surefire-20260311190205545_1tmp surefire_0-20260311190205545_2tmp

Host: 11th Gen Intel(R) Core(TM) i7-11850H @ 2.50GHz, 16 cores, 62G, Fedora release 42 (Adams)
Time: Wed Mar 11 19:02:19 2026 WET elapsed time: 13.759863 seconds (0d 0h 0m 13s)

---------------  T H R E A D  ---------------

Current thread (0x00007f9e0402b810):  JavaThread "main"             [_thread_in_native, id=144201, stack(0x00007f9e0b611000,0x00007f9e0b711000) (1024K)]

Stack: [0x00007f9e0b611000,0x00007f9e0b711000],  sp=0x00007f9e0b70d560,  free space=1009k
Native frames: (J=compiled Java code, j=interpreted, Vv=VM code, C=native code)
C  0x00007f9dc97c5034
v  ~RuntimeStub::nep_invoker_blob 0x00007f9df3bdcb9d
j  java.lang.invoke.LambdaForm$MH+0x00000000071ae400.invoke(Ljava/lang/Object;JJJ)V+12 java.base@25
j  java.lang.invoke.LambdaForm$MH+0x00000000071b8800.invokeExact_MT(Ljava/lang/Object;JJJLjava/lang/Object;)V+23 java.base@25
j  jdk.internal.foreign.abi.DowncallStub+0x00000000071ae800.invoke(Ljava/lang/foreign/SegmentAllocator;Ljava/lang/foreign/MemorySegment;Ljava/lang/foreign/MemorySegment;Ljava/lang/foreign/MemorySegment;)V+113 java.base@25
j  java.lang.invoke.DirectMethodHandle$Holder.invokeStatic(Ljava/lang/Object;Ljava/lang/Object;Ljava/lang/Object;Ljava/lang/Object;Ljava/lang/Object;)V+16 java.base@25
j  java.lang.invoke.LambdaForm$MH+0x00000000071b8000.invoke(Ljava/lang/Object;Ljava/lang/Object;Ljava/lang/Object;)Ljava/lang/Object;+76 java.base@25
J 7639 c1 java.lang.invoke.LambdaForm$MH+0x00000000071b5800.invoke(Ljava/lang/Object;Ljava/lang/Object;Ljava/lang/Object;)Ljava/lang/Object; java.base@25 (56 bytes) @ 0x00007f9dedca2e74 [0x00007f9dedca2400+0x0000000000000a74]
J 9039 c1 java.lang.invoke.MethodHandle.invokeWithArguments([Ljava/lang/Object;)Ljava/lang/Object; java.base@25 (32 bytes) @ 0x00007f9dec60a87c [0x00007f9dec60a180+0x00000000000006fc]
J 9000 c1 com.dylibso.chicory.cranelift.compiler.NativeMachine.call(I[J)[J (669 bytes) @ 0x00007f9dee17fb84 [0x00007f9dee17a580+0x0000000000005604]
J 5967 c2 com.dylibso.chicory.runtime.Instance$Exports$$Lambda+0x000000000712a940.apply([J)[J (13 bytes) @ 0x00007f9df4379180 [0x00007f9df4378f00+0x0000000000000280]
j  com.dylibso.chicory.test.gen.SpecV1MemoryGrowTest.lambda$test4$0(Lcom/dylibso/chicory/runtime/ExportFunction;)V+7
j  com.dylibso.chicory.test.gen.SpecV1MemoryGrowTest$$Lambda+0x0000000007298690.execute()V+4
J 7203 c1 org.junit.jupiter.api.AssertThrows.assertThrows(Ljava/lang/Class;Lorg/junit/jupiter/api/function/Executable;Ljava/lang/Object;)Ljava/lang/Throwable; (85 bytes) @ 0x00007f9dedb5e47c [0x00007f9dedb5e380+0x00000000000000fc]
J 7201 c1 org.junit.jupiter.api.Assertions.assertThrows(Ljava/lang/Class;Lorg/junit/jupiter/api/function/Executable;)Ljava/lang/Throwable; (6 bytes) @ 0x00007f9dedb5e11c [0x00007f9dedb5e080+0x000000000000009c]
j  com.dylibso.chicory.test.gen.SpecV1MemoryGrowTest.test4()V+20
J 8669 c2 java.lang.invoke.LambdaForm$DMH+0x00000000070fc000.invokeVirtual(Ljava/lang/Object;Ljava/lang/Object;)V java.base@25 (14 bytes) @ 0x00007f9df46a9dc0 [0x00007f9df46a9d80+0x0000000000000040]
J 8668 c2 java.lang.invoke.LambdaForm$MH+0x00000000070fc800.invoke(Ljava/lang/Object;Ljava/lang/Object;)Ljava/lang/Object; java.base@25 (36 bytes) @ 0x00007f9df46aa0f4 [0x00007f9df46aa080+0x0000000000000074]
J 8074 c2 org.junit.platform.commons.util.ReflectionUtils.invokeMethod(Ljava/lang/reflect/Method;Ljava/lang/Object;[Ljava/lang/Object;)Ljava/lang/Object; (55 bytes) @ 0x00007f9df456a524 [0x00007f9df4569f00+0x0000000000000624]
J 8122 c2 org.junit.jupiter.engine.execution.InvocationInterceptorChain.invoke(Lorg/junit/jupiter/api/extension/InvocationInterceptor$Invocation;Lorg/junit/jupiter/engine/extension/ExtensionRegistry;Lorg/junit/jupiter/engine/execution/InvocationInterceptorChain$InterceptorCall;)Ljava/lang/Object; (35 bytes) @ 0x00007f9df459cad4 [0x00007f9df459b800+0x00000000000012d4]
J 8453 c2 org.junit.jupiter.engine.descriptor.TestMethodTestDescriptor$$Lambda+0x00000000070f8458.execute()V (16 bytes) @ 0x00007f9df4628b74 [0x00007f9df4628500+0x0000000000000674]
J 8254 c2 org.junit.platform.engine.support.hierarchical.ThrowableCollector.execute(Lorg/junit/platform/engine/support/hierarchical/ThrowableCollector$Executable;)V (20 bytes) @ 0x00007f9df45d0d40 [0x00007f9df45d0d00+0x0000000000000040]
J 8222 c2 org.junit.platform.engine.support.hierarchical.SameThreadHierarchicalTestExecutorService$$Lambda+0x00000000070e3100.accept(Ljava/lang/Object;)V (10 bytes) @ 0x00007f9df45f6b68 [0x00007f9df45f5c00+0x0000000000000f68]
J 2404 c2 java.util.ArrayList.forEach(Ljava/util/function/Consumer;)V java.base@25 (74 bytes) @ 0x00007f9df4098e64 [0x00007f9df4098d80+0x00000000000000e4]
j  org.junit.platform.engine.support.hierarchical.SameThreadHierarchicalTestExecutorService.invokeAll(Ljava/util/List;)V+6
J 8222 c2 org.junit.platform.engine.support.hierarchical.SameThreadHierarchicalTestExecutorService$$Lambda+0x00000000070e3100.accept(Ljava/lang/Object;)V (10 bytes) @ 0x00007f9df45f8c90 [0x00007f9df45f5c00+0x0000000000003090]
J 2404 c2 java.util.ArrayList.forEach(Ljava/util/function/Consumer;)V java.base@25 (74 bytes) @ 0x00007f9df4098e64 [0x00007f9df4098d80+0x00000000000000e4]
j  org.junit.platform.engine.support.hierarchical.SameThreadHierarchicalTestExecutorService.invokeAll(Ljava/util/List;)V+6
j  org.junit.platform.engine.support.hierarchical.NodeTestTask.lambda$executeRecursively$6()V+116
j  org.junit.platform.engine.support.hierarchical.NodeTestTask$$Lambda+0x00000000070e25c0.execute()V+4
j  org.junit.platform.engine.support.hierarchical.ThrowableCollector.execute(Lorg/junit/platform/engine/support/hierarchical/ThrowableCollector$Executable;)V+1
j  org.junit.platform.engine.support.hierarchical.NodeTestTask.lambda$executeRecursively$8(Lorg/junit/platform/engine/support/hierarchical/EngineExecutionContext;)V+15
j  org.junit.platform.engine.support.hierarchical.NodeTestTask$$Lambda+0x00000000070e2390.invoke(Lorg/junit/platform/engine/support/hierarchical/EngineExecutionContext;)V+5
j  org.junit.platform.engine.support.hierarchical.Node.around(Lorg/junit/platform/engine/support/hierarchical/EngineExecutionContext;Lorg/junit/platform/engine/support/hierarchical/Node$Invocation;)V+2
j  org.junit.platform.engine.support.hierarchical.NodeTestTask.lambda$executeRecursively$9()V+14
j  org.junit.platform.engine.support.hierarchical.NodeTestTask$$Lambda+0x00000000070e2160.execute()V+4
j  org.junit.platform.engine.support.hierarchical.ThrowableCollector.execute(Lorg/junit/platform/engine/support/hierarchical/ThrowableCollector$Executable;)V+1
j  org.junit.platform.engine.support.hierarchical.NodeTestTask.executeRecursively()V+31
j  org.junit.platform.engine.support.hierarchical.NodeTestTask.execute()V+55
j  org.junit.platform.engine.support.hierarchical.SameThreadHierarchicalTestExecutorService.submit(Lorg/junit/platform/engine/support/hierarchical/HierarchicalTestExecutorService$TestTask;)Ljava/util/concurrent/Future;+1
j  org.junit.platform.engine.support.hierarchical.HierarchicalTestExecutor.execute()Ljava/util/concurrent/Future;+74
j  org.junit.platform.engine.support.hierarchical.HierarchicalTestEngine.execute(Lorg/junit/platform/engine/ExecutionRequest;)V+31
j  org.junit.platform.launcher.core.EngineExecutionOrchestrator.executeEngine(Lorg/junit/platform/engine/TestDescriptor;Lorg/junit/platform/engine/EngineExecutionListener;Lorg/junit/platform/engine/ConfigurationParameters;Lorg/junit/platform/engine/TestEngine;Lorg/junit/platform/engine/OutputDirectoryCreator;Lorg/junit/platform/launcher/core/DiscoveryIssueNotifier;Lorg/junit/platform/engine/support/store/NamespacedHierarchicalStore;)V+24
j  org.junit.platform.launcher.core.EngineExecutionOrchestrator.failOrExecuteEngine(Lorg/junit/platform/launcher/core/LauncherDiscoveryResult;Lorg/junit/platform/engine/EngineExecutionListener;Lorg/junit/platform/engine/TestEngine;Lorg/junit/platform/engine/support/store/NamespacedHierarchicalStore;)V+124
j  org.junit.platform.launcher.core.EngineExecutionOrchestrator.execute(Lorg/junit/platform/launcher/core/LauncherDiscoveryResult;Lorg/junit/platform/engine/EngineExecutionListener;Lorg/junit/platform/engine/support/store/NamespacedHierarchicalStore;)V+68
j  org.junit.platform.launcher.core.EngineExecutionOrchestrator.execute(Lorg/junit/platform/launcher/core/InternalTestPlan;Lorg/junit/platform/engine/EngineExecutionListener;Lorg/junit/platform/launcher/TestExecutionListener;Lorg/junit/platform/engine/support/store/NamespacedHierarchicalStore;)V+57
j  org.junit.platform.launcher.core.EngineExecutionOrchestrator.lambda$execute$0(Lorg/junit/platform/launcher/core/InternalTestPlan;Lorg/junit/platform/engine/support/store/NamespacedHierarchicalStore;Lorg/junit/platform/launcher/TestExecutionListener;)V+7
j  org.junit.platform.launcher.core.EngineExecutionOrchestrator$$Lambda+0x00000000070d16e0.accept(Ljava/lang/Object;)V+16
j  org.junit.platform.launcher.core.EngineExecutionOrchestrator.withInterceptedStreams(Lorg/junit/platform/engine/ConfigurationParameters;Lorg/junit/platform/launcher/core/ListenerRegistry;Ljava/util/function/Consumer;)V+51
j  org.junit.platform.launcher.core.EngineExecutionOrchestrator.execute(Lorg/junit/platform/launcher/core/InternalTestPlan;Lorg/junit/platform/engine/support/store/NamespacedHierarchicalStore;[Lorg/junit/platform/launcher/TestExecutionListener;)V+26
j  org.junit.platform.launcher.core.DefaultLauncher.execute(Lorg/junit/platform/launcher/core/InternalTestPlan;[Lorg/junit/platform/launcher/TestExecutionListener;)V+12
j  org.junit.platform.launcher.core.DefaultLauncher.execute(Lorg/junit/platform/launcher/LauncherDiscoveryRequest;[Lorg/junit/platform/launcher/TestExecutionListener;)V+34
j  org.junit.platform.launcher.core.DelegatingLauncher.execute(Lorg/junit/platform/launcher/LauncherDiscoveryRequest;[Lorg/junit/platform/launcher/TestExecutionListener;)V+6
j  org.junit.platform.launcher.core.InterceptingLauncher.lambda$execute$1(Lorg/junit/platform/launcher/LauncherDiscoveryRequest;[Lorg/junit/platform/launcher/TestExecutionListener;)Ljava/lang/Object;+3
j  org.junit.platform.launcher.core.InterceptingLauncher$$Lambda+0x00000000070d14b0.proceed()Ljava/lang/Object;+12
j  org.junit.platform.launcher.core.ClasspathAlignmentCheckingLauncherInterceptor.intercept(Lorg/junit/platform/launcher/LauncherInterceptor$Invocation;)Ljava/lang/Object;+1
j  org.junit.platform.launcher.core.InterceptingLauncher.execute(Lorg/junit/platform/launcher/LauncherDiscoveryRequest;[Lorg/junit/platform/launcher/TestExecutionListener;)V+12
j  org.junit.platform.launcher.core.DelegatingLauncher.execute(Lorg/junit/platform/launcher/LauncherDiscoveryRequest;[Lorg/junit/platform/launcher/TestExecutionListener;)V+6
j  org.apache.maven.surefire.junitplatform.LauncherAdapter.executeWithoutCancellationToken(Lorg/junit/platform/launcher/LauncherDiscoveryRequest;[Lorg/junit/platform/launcher/TestExecutionListener;)V+6
j  org.apache.maven.surefire.junitplatform.LauncherAdapter.execute(Lorg/junit/platform/launcher/LauncherDiscoveryRequest;[Lorg/junit/platform/launcher/TestExecutionListener;)V+10
j  org.apache.maven.surefire.junitplatform.JUnitPlatformProvider.execute(Lorg/apache/maven/surefire/junitplatform/LauncherAdapter;Lorg/apache/maven/surefire/api/util/TestsToRun;Lorg/apache/maven/surefire/junitplatform/RunListenerAdapter;)V+61
j  org.apache.maven.surefire.junitplatform.JUnitPlatformProvider.invokeAllTests(Lorg/apache/maven/surefire/junitplatform/LauncherAdapter;Lorg/apache/maven/surefire/api/util/TestsToRun;Lorg/apache/maven/surefire/junitplatform/RunListenerAdapter;)V+36
j  org.apache.maven.surefire.junitplatform.JUnitPlatformProvider.invoke(Ljava/lang/Object;)Lorg/apache/maven/surefire/api/suite/RunResult;+144
j  org.apache.maven.surefire.booter.ForkedBooter.runSuitesInProcess()V+8
j  org.apache.maven.surefire.booter.ForkedBooter.execute()V+1
j  org.apache.maven.surefire.booter.ForkedBooter.run(Lorg/apache/maven/surefire/booter/ForkedBooter;[Ljava/lang/String;)V+27
j  org.apache.maven.surefire.booter.ForkedBooter.main([Ljava/lang/String;)V+10
v  ~StubRoutines::call_stub 0x00007f9df385ffa6
V  [libjvm.so+0xa21400]  JavaCalls::call_helper(JavaValue*, methodHandle const&, JavaCallArguments*, JavaThread*)+0x2b0
V  [libjvm.so+0xaeae76]  jni_invoke_static(JNIEnv_*, JavaValue*, _jobject*, JNICallType, _jmethodID*, JNI_ArgumentPusher*, JavaThread*) [clone .constprop.1]+0x396
V  [libjvm.so+0xaedd31]  jni_CallStaticVoidMethod+0x161
C  [libjli.so+0xa73a]  invokeStaticMainWithArgs+0x4a
C  [libjli.so+0xb7c0]  JavaMain+0xeb0
C  [libjli.so+0xed49]  ThreadJavaMain+0x9
C  [libc.so.6+0x71f14]  start_thread+0x2e4
Java frames: (J=compiled Java code, j=interpreted, Vv=VM code)
v  ~RuntimeStub::nep_invoker_blob 0x00007f9df3bdcb64
j  java.lang.invoke.LambdaForm$MH+0x00000000071ae400.invoke(Ljava/lang/Object;JJJ)V+12 java.base@25
j  java.lang.invoke.LambdaForm$MH+0x00000000071b8800.invokeExact_MT(Ljava/lang/Object;JJJLjava/lang/Object;)V+23 java.base@25
j  jdk.internal.foreign.abi.DowncallStub+0x00000000071ae800.invoke(Ljava/lang/foreign/SegmentAllocator;Ljava/lang/foreign/MemorySegment;Ljava/lang/foreign/MemorySegment;Ljava/lang/foreign/MemorySegment;)V+113 java.base@25
j  java.lang.invoke.DirectMethodHandle$Holder.invokeStatic(Ljava/lang/Object;Ljava/lang/Object;Ljava/lang/Object;Ljava/lang/Object;Ljava/lang/Object;)V+16 java.base@25
j  java.lang.invoke.LambdaForm$MH+0x00000000071b8000.invoke(Ljava/lang/Object;Ljava/lang/Object;Ljava/lang/Object;)Ljava/lang/Object;+76 java.base@25
J 7639 c1 java.lang.invoke.LambdaForm$MH+0x00000000071b5800.invoke(Ljava/lang/Object;Ljava/lang/Object;Ljava/lang/Object;)Ljava/lang/Object; java.base@25 (56 bytes) @ 0x00007f9dedca2e74 [0x00007f9dedca2400+0x0000000000000a74]
J 9039 c1 java.lang.invoke.MethodHandle.invokeWithArguments([Ljava/lang/Object;)Ljava/lang/Object; java.base@25 (32 bytes) @ 0x00007f9dec60a87c [0x00007f9dec60a180+0x00000000000006fc]
J 9000 c1 com.dylibso.chicory.cranelift.compiler.NativeMachine.call(I[J)[J (669 bytes) @ 0x00007f9dee17fb84 [0x00007f9dee17a580+0x0000000000005604]
J 5967 c2 com.dylibso.chicory.runtime.Instance$Exports$$Lambda+0x000000000712a940.apply([J)[J (13 bytes) @ 0x00007f9df4379180 [0x00007f9df4378f00+0x0000000000000280]
j  com.dylibso.chicory.test.gen.SpecV1MemoryGrowTest.lambda$test4$0(Lcom/dylibso/chicory/runtime/ExportFunction;)V+7
j  com.dylibso.chicory.test.gen.SpecV1MemoryGrowTest$$Lambda+0x0000000007298690.execute()V+4
J 7203 c1 org.junit.jupiter.api.AssertThrows.assertThrows(Ljava/lang/Class;Lorg/junit/jupiter/api/function/Executable;Ljava/lang/Object;)Ljava/lang/Throwable; (85 bytes) @ 0x00007f9dedb5e47c [0x00007f9dedb5e380+0x00000000000000fc]
J 7201 c1 org.junit.jupiter.api.Assertions.assertThrows(Ljava/lang/Class;Lorg/junit/jupiter/api/function/Executable;)Ljava/lang/Throwable; (6 bytes) @ 0x00007f9dedb5e11c [0x00007f9dedb5e080+0x000000000000009c]
j  com.dylibso.chicory.test.gen.SpecV1MemoryGrowTest.test4()V+20
J 8669 c2 java.lang.invoke.LambdaForm$DMH+0x00000000070fc000.invokeVirtual(Ljava/lang/Object;Ljava/lang/Object;)V java.base@25 (14 bytes) @ 0x00007f9df46a9dc0 [0x00007f9df46a9d80+0x0000000000000040]
J 8668 c2 java.lang.invoke.LambdaForm$MH+0x00000000070fc800.invoke(Ljava/lang/Object;Ljava/lang/Object;)Ljava/lang/Object; java.base@25 (36 bytes) @ 0x00007f9df46aa0f4 [0x00007f9df46aa080+0x0000000000000074]
J 8074 c2 org.junit.platform.commons.util.ReflectionUtils.invokeMethod(Ljava/lang/reflect/Method;Ljava/lang/Object;[Ljava/lang/Object;)Ljava/lang/Object; (55 bytes) @ 0x00007f9df456a524 [0x00007f9df4569f00+0x0000000000000624]
J 8122 c2 org.junit.jupiter.engine.execution.InvocationInterceptorChain.invoke(Lorg/junit/jupiter/api/extension/InvocationInterceptor$Invocation;Lorg/junit/jupiter/engine/extension/ExtensionRegistry;Lorg/junit/jupiter/engine/execution/InvocationInterceptorChain$InterceptorCall;)Ljava/lang/Object; (35 bytes) @ 0x00007f9df459cad4 [0x00007f9df459b800+0x00000000000012d4]
J 8453 c2 org.junit.jupiter.engine.descriptor.TestMethodTestDescriptor$$Lambda+0x00000000070f8458.execute()V (16 bytes) @ 0x00007f9df4628b74 [0x00007f9df4628500+0x0000000000000674]
J 8254 c2 org.junit.platform.engine.support.hierarchical.ThrowableCollector.execute(Lorg/junit/platform/engine/support/hierarchical/ThrowableCollector$Executable;)V (20 bytes) @ 0x00007f9df45d0d40 [0x00007f9df45d0d00+0x0000000000000040]
J 8222 c2 org.junit.platform.engine.support.hierarchical.SameThreadHierarchicalTestExecutorService$$Lambda+0x00000000070e3100.accept(Ljava/lang/Object;)V (10 bytes) @ 0x00007f9df45f6b68 [0x00007f9df45f5c00+0x0000000000000f68]
J 2404 c2 java.util.ArrayList.forEach(Ljava/util/function/Consumer;)V java.base@25 (74 bytes) @ 0x00007f9df4098e64 [0x00007f9df4098d80+0x00000000000000e4]
j  org.junit.platform.engine.support.hierarchical.SameThreadHierarchicalTestExecutorService.invokeAll(Ljava/util/List;)V+6
J 8222 c2 org.junit.platform.engine.support.hierarchical.SameThreadHierarchicalTestExecutorService$$Lambda+0x00000000070e3100.accept(Ljava/lang/Object;)V (10 bytes) @ 0x00007f9df45f8c90 [0x00007f9df45f5c00+0x0000000000003090]
J 2404 c2 java.util.ArrayList.forEach(Ljava/util/function/Consumer;)V java.base@25 (74 bytes) @ 0x00007f9df4098e64 [0x00007f9df4098d80+0x00000000000000e4]
j  org.junit.platform.engine.support.hierarchical.SameThreadHierarchicalTestExecutorService.invokeAll(Ljava/util/List;)V+6
j  org.junit.platform.engine.support.hierarchical.NodeTestTask.lambda$executeRecursively$6()V+116
j  org.junit.platform.engine.support.hierarchical.NodeTestTask$$Lambda+0x00000000070e25c0.execute()V+4
j  org.junit.platform.engine.support.hierarchical.ThrowableCollector.execute(Lorg/junit/platform/engine/support/hierarchical/ThrowableCollector$Executable;)V+1
j  org.junit.platform.engine.support.hierarchical.NodeTestTask.lambda$executeRecursively$8(Lorg/junit/platform/engine/support/hierarchical/EngineExecutionContext;)V+15
j  org.junit.platform.engine.support.hierarchical.NodeTestTask$$Lambda+0x00000000070e2390.invoke(Lorg/junit/platform/engine/support/hierarchical/EngineExecutionContext;)V+5
j  org.junit.platform.engine.support.hierarchical.Node.around(Lorg/junit/platform/engine/support/hierarchical/EngineExecutionContext;Lorg/junit/platform/engine/support/hierarchical/Node$Invocation;)V+2
j  org.junit.platform.engine.support.hierarchical.NodeTestTask.lambda$executeRecursively$9()V+14
j  org.junit.platform.engine.support.hierarchical.NodeTestTask$$Lambda+0x00000000070e2160.execute()V+4
j  org.junit.platform.engine.support.hierarchical.ThrowableCollector.execute(Lorg/junit/platform/engine/support/hierarchical/ThrowableCollector$Executable;)V+1
j  org.junit.platform.engine.support.hierarchical.NodeTestTask.executeRecursively()V+31
j  org.junit.platform.engine.support.hierarchical.NodeTestTask.execute()V+55
j  org.junit.platform.engine.support.hierarchical.SameThreadHierarchicalTestExecutorService.submit(Lorg/junit/platform/engine/support/hierarchical/HierarchicalTestExecutorService$TestTask;)Ljava/util/concurrent/Future;+1
j  org.junit.platform.engine.support.hierarchical.HierarchicalTestExecutor.execute()Ljava/util/concurrent/Future;+74
j  org.junit.platform.engine.support.hierarchical.HierarchicalTestEngine.execute(Lorg/junit/platform/engine/ExecutionRequest;)V+31
j  org.junit.platform.launcher.core.EngineExecutionOrchestrator.executeEngine(Lorg/junit/platform/engine/TestDescriptor;Lorg/junit/platform/engine/EngineExecutionListener;Lorg/junit/platform/engine/ConfigurationParameters;Lorg/junit/platform/engine/TestEngine;Lorg/junit/platform/engine/OutputDirectoryCreator;Lorg/junit/platform/launcher/core/DiscoveryIssueNotifier;Lorg/junit/platform/engine/support/store/NamespacedHierarchicalStore;)V+24
j  org.junit.platform.launcher.core.EngineExecutionOrchestrator.failOrExecuteEngine(Lorg/junit/platform/launcher/core/LauncherDiscoveryResult;Lorg/junit/platform/engine/EngineExecutionListener;Lorg/junit/platform/engine/TestEngine;Lorg/junit/platform/engine/support/store/NamespacedHierarchicalStore;)V+124
j  org.junit.platform.launcher.core.EngineExecutionOrchestrator.execute(Lorg/junit/platform/launcher/core/LauncherDiscoveryResult;Lorg/junit/platform/engine/EngineExecutionListener;Lorg/junit/platform/engine/support/store/NamespacedHierarchicalStore;)V+68
j  org.junit.platform.launcher.core.EngineExecutionOrchestrator.execute(Lorg/junit/platform/launcher/core/InternalTestPlan;Lorg/junit/platform/engine/EngineExecutionListener;Lorg/junit/platform/launcher/TestExecutionListener;Lorg/junit/platform/engine/support/store/NamespacedHierarchicalStore;)V+57
j  org.junit.platform.launcher.core.EngineExecutionOrchestrator.lambda$execute$0(Lorg/junit/platform/launcher/core/InternalTestPlan;Lorg/junit/platform/engine/support/store/NamespacedHierarchicalStore;Lorg/junit/platform/launcher/TestExecutionListener;)V+7
j  org.junit.platform.launcher.core.EngineExecutionOrchestrator$$Lambda+0x00000000070d16e0.accept(Ljava/lang/Object;)V+16
j  org.junit.platform.launcher.core.EngineExecutionOrchestrator.withInterceptedStreams(Lorg/junit/platform/engine/ConfigurationParameters;Lorg/junit/platform/launcher/core/ListenerRegistry;Ljava/util/function/Consumer;)V+51
j  org.junit.platform.launcher.core.EngineExecutionOrchestrator.execute(Lorg/junit/platform/launcher/core/InternalTestPlan;Lorg/junit/platform/engine/support/store/NamespacedHierarchicalStore;[Lorg/junit/platform/launcher/TestExecutionListener;)V+26
j  org.junit.platform.launcher.core.DefaultLauncher.execute(Lorg/junit/platform/launcher/core/InternalTestPlan;[Lorg/junit/platform/launcher/TestExecutionListener;)V+12
j  org.junit.platform.launcher.core.DefaultLauncher.execute(Lorg/junit/platform/launcher/LauncherDiscoveryRequest;[Lorg/junit/platform/launcher/TestExecutionListener;)V+34
j  org.junit.platform.launcher.core.DelegatingLauncher.execute(Lorg/junit/platform/launcher/LauncherDiscoveryRequest;[Lorg/junit/platform/launcher/TestExecutionListener;)V+6
j  org.junit.platform.launcher.core.InterceptingLauncher.lambda$execute$1(Lorg/junit/platform/launcher/LauncherDiscoveryRequest;[Lorg/junit/platform/launcher/TestExecutionListener;)Ljava/lang/Object;+3
j  org.junit.platform.launcher.core.InterceptingLauncher$$Lambda+0x00000000070d14b0.proceed()Ljava/lang/Object;+12
j  org.junit.platform.launcher.core.ClasspathAlignmentCheckingLauncherInterceptor.intercept(Lorg/junit/platform/launcher/LauncherInterceptor$Invocation;)Ljava/lang/Object;+1
j  org.junit.platform.launcher.core.InterceptingLauncher.execute(Lorg/junit/platform/launcher/LauncherDiscoveryRequest;[Lorg/junit/platform/launcher/TestExecutionListener;)V+12
j  org.junit.platform.launcher.core.DelegatingLauncher.execute(Lorg/junit/platform/launcher/LauncherDiscoveryRequest;[Lorg/junit/platform/launcher/TestExecutionListener;)V+6
j  org.apache.maven.surefire.junitplatform.LauncherAdapter.executeWithoutCancellationToken(Lorg/junit/platform/launcher/LauncherDiscoveryRequest;[Lorg/junit/platform/launcher/TestExecutionListener;)V+6
j  org.apache.maven.surefire.junitplatform.LauncherAdapter.execute(Lorg/junit/platform/launcher/LauncherDiscoveryRequest;[Lorg/junit/platform/launcher/TestExecutionListener;)V+10
j  org.apache.maven.surefire.junitplatform.JUnitPlatformProvider.execute(Lorg/apache/maven/surefire/junitplatform/LauncherAdapter;Lorg/apache/maven/surefire/api/util/TestsToRun;Lorg/apache/maven/surefire/junitplatform/RunListenerAdapter;)V+61
j  org.apache.maven.surefire.junitplatform.JUnitPlatformProvider.invokeAllTests(Lorg/apache/maven/surefire/junitplatform/LauncherAdapter;Lorg/apache/maven/surefire/api/util/TestsToRun;Lorg/apache/maven/surefire/junitplatform/RunListenerAdapter;)V+36
j  org.apache.maven.surefire.junitplatform.JUnitPlatformProvider.invoke(Ljava/lang/Object;)Lorg/apache/maven/surefire/api/suite/RunResult;+144
j  org.apache.maven.surefire.booter.ForkedBooter.runSuitesInProcess()V+8
j  org.apache.maven.surefire.booter.ForkedBooter.execute()V+1
j  org.apache.maven.surefire.booter.ForkedBooter.run(Lorg/apache/maven/surefire/booter/ForkedBooter;[Ljava/lang/String;)V+27
j  org.apache.maven.surefire.booter.ForkedBooter.main([Ljava/lang/String;)V+10
v  ~StubRoutines::call_stub 0x00007f9df385ffa6

siginfo: si_signo: 11 (SIGSEGV), si_code: 2 (SEGV_ACCERR), si_addr: 0x00007f9e04f87450

Registers:
RAX=0x00007f9da90a12b0, RBX=0x00007f9da90a12b0, RCX=0x00007f9e04cb0640, RDX=0x00007f9e04f77450
RSP=0x00007f9e0b70d560, RBP=0x00007f9e0b70d560, RSI=0x00007f9e04cb0640, RDI=0x00007f9e04f77450
R8 =0x000000041e04f240, R9 =0x0000000421741f10, R10=0x00007f9dc97c5030, R11=0x00007f9df42b1a80
R12=0x0000000000000000, R13=0x00007f9e0b70d588, R14=0x00007f9e0b70d650, R15=0x00007f9e0402b810
RIP=0x00007f9dc97c5034, EFLAGS=0x0000000000010283, CSGSFS=0x002b000000000033, ERR=0x0000000000000006
  TRAPNO=0x000000000000000e

XMM[0]=0x0000000000000000 0x0000000000000000
XMM[1]=0x0000000000000000 0xffea6c00ffea6c00
XMM[2]=0x0000000000000000 0x0000000000000000
XMM[3]=0x0000000000000000 0x0000000420b5e7d8
XMM[4]=0x0000000000000000 0x0000000000000001
XMM[5]=0x0000000000000000 0x00000000ffea6c00
XMM[6]=0x0000000000000000 0x0000000420b04768
XMM[7]=0x0000000000000000 0x00000000ffeb07d8
XMM[8]=0x060001edb32cd937 0xf852d974a2c147d2
XMM[9]=0xef207f96ef207f96 0xef207f96bc93d830
XMM[10]=0x0000000000000000 0x00000000cd73589a
XMM[11]=0x546f9f27546f9f27 0x546f9f2711037757
XMM[12]=0x0000000000000000 0x00000000bc93d830
XMM[13]=0x0000000000000000 0x0000000000000000
XMM[14]=0x0000000000000000 0x000000000000fff9
XMM[15]=0x0000000000000000 0x0000000084114014
  MXCSR=0x00001fbf


Register to memory mapping:

RAX={method} {0x00007f9da90a12b0} 'linkToNative' '(JJJLjava/lang/Object;)V' in 'java/lang/invoke/MethodHandle'
RBX={method} {0x00007f9da90a12b0} 'linkToNative' '(JJJLjava/lang/Object;)V' in 'java/lang/invoke/MethodHandle'
RCX=0x00007f9e04cb0640 points into unknown readable memory: 0x00007f9e04f77470 | 70 74 f7 04 9e 7f 00 00
RDX=0x00007f9e04f77450 points into unknown readable memory: 0x0000000000000002 | 02 00 00 00 00 00 00 00
RSP=0x00007f9e0b70d560 is pointing into the stack for thread: 0x00007f9e0402b810
RBP=0x00007f9e0b70d560 is pointing into the stack for thread: 0x00007f9e0402b810
RSI=0x00007f9e04cb0640 points into unknown readable memory: 0x00007f9e04f77470 | 70 74 f7 04 9e 7f 00 00
RDI=0x00007f9e04f77450 points into unknown readable memory: 0x0000000000000002 | 02 00 00 00 00 00 00 00
R8 =0x000000041e04f240 is an oop: jdk.internal.foreign.abi.NativeEntryPoint 
{0x000000041e04f240} - klass: 'jdk/internal/foreign/abi/NativeEntryPoint' - flags: 

 - ---- fields (total size 3 words):
 - private final 'methodType' 'Ljava/lang/invoke/MethodType;' @12  a 'java/lang/invoke/MethodType'{0x000000041e04d778} = (JJJ)V (0x83c09aef)
 - private final 'downcallStubAddress' 'J' @16  140316375894880 (0x00007f9df3bdcb60)
R9 =0x0000000421741f10 is an oop: jdk.internal.foreign.NativeMemorySegmentImpl 
{0x0000000421741f10} - klass: 'jdk/internal/foreign/NativeMemorySegmentImpl' - flags: 

 - ---- fields (total size 5 words):
 - final 'readOnly' 'Z' @12  false (0x00)
 - final 'length' 'J' @16  0 (0x0000000000000000)
 - final 'scope' 'Ljdk/internal/foreign/MemorySessionImpl;' @24  a 'jdk/internal/foreign/SharedSession'{0x0000000421741e98} (0x842e83d3)
 - final 'min' 'J' @32  140316664886352 (0x00007f9e04f77450)
R10=0x00007f9dc97c5030 points into unknown readable memory: 0x000087c7e5894855 | 55 48 89 e5 c7 87 00 00
R11=0x00007f9df42b1a80 is at entry_point+0 in (nmethod*)0x00007f9df42b1988
Compiled method (n/a) 13766 4645     n 0       java.lang.invoke.MethodHandle::linkToNative(JJJL)V (native)
 total in heap  [0x00007f9df42b1988,0x00007f9df42b1a88] = 256
 main code      [0x00007f9df42b1a80,0x00007f9df42b1a87] = 7
 stub code      [0x00007f9df42b1a87,0x00007f9df42b1a88] = 1
R12=0x0 is null
R13=0x00007f9e0b70d588 is pointing into the stack for thread: 0x00007f9e0402b810
R14=0x00007f9e0b70d650 is pointing into the stack for thread: 0x00007f9e0402b810
R15=0x00007f9e0402b810 is a thread

Top of Stack: (sp=0x00007f9e0b70d560)
0x00007f9e0b70d560:   00007f9e0b70d570 00007f9df3bdcb9d   p.p.............
0x00007f9e0b70d570:   00007f9e0b70d608 00007f9df3867438   ..p.....8t......
0x00007f9e0b70d580:   00007f9df3867438 000000041e04f240   8t......@.......
0x00007f9e0b70d590:   00007f9e04cb0640 0000000000000000   @...............
0x00007f9e0b70d5a0:   00007f9e04f77450 0000000000000000   Pt..............
0x00007f9e0b70d5b0:   00007f9dc97c5030 0000000000000000   0P|.............
0x00007f9e0b70d5c0:   fffffffffffffff7 00007f9da99e5654   ........TV......
0x00007f9e0b70d5d0:   0000000000000009 00007f9da99e5800   .........X......
0x00007f9e0b70d5e0:   0000000000000000 000000041e04f1a8   ................
0x00007f9e0b70d5f0:   00007f9da99e5660 fffffffffffffff0   `V..............
0x00007f9e0b70d600:   00007f9e0b70d620 00007f9e0b70d6a0    .p.......p.....
0x00007f9e0b70d610:   00007f9df3867438 000000041e04f240   8t......@.......
0x00007f9e0b70d620:   00007f9e04cb0640 0000000000000000   @...............
0x00007f9e0b70d630:   00007f9e04f77450 0000000000000000   Pt..............
0x00007f9e0b70d640:   00007f9dc97c5030 0000000000000000   0P|.............
0x00007f9e0b70d650:   000000041e04ee18 fffffffffffffff7   ................
0x00007f9e0b70d660:   00007f9da99f5e9f 0000000000000009   .^..............
0x00007f9e0b70d670:   00007f9da99f6068 0000000000000000   h`..............
0x00007f9e0b70d680:   000000041e0e50b8 00007f9da99f5eb0   .P.......^......
0x00007f9e0b70d690:   fffffffffffffff0 00007f9e0b70d6b0   ..........p.....
0x00007f9e0b70d6a0:   00007f9e0b70d738 00007f9df3867438   8.p.....8t......
0x00007f9e0b70d6b0:   000000041e04d778 00007f9e04cb0640   x.......@.......
0x00007f9e0b70d6c0:   0000000000000000 00007f9e04f77450   ........Pt......
0x00007f9e0b70d6d0:   0000000000000000 00007f9dc97c5030   ........0P|.....
0x00007f9e0b70d6e0:   0000000000000000 000000041e04ee18   ................
0x00007f9e0b70d6f0:   fffffffffffffff7 00007f9da99e60a9   .........`......
0x00007f9e0b70d700:   000000000000000f 00007f9da99e6288   .........b......
0x00007f9e0b70d710:   0000000000000000 000000041e04ed40   ........@.......
0x00007f9e0b70d720:   00007f9da99e5f38 ffffffffffffffef   8_..............
0x00007f9e0b70d730:   00007f9e0b70d790 00007f9e0b70d800   ..p.......p.....
0x00007f9e0b70d740:   00007f9df3867438 00000007ff584550   8t......PEX.....
0x00007f9e0b70d750:   00000007ff583bb0 0000000421741e98   .;X.......t!....

Instructions: (pc=0x00007f9dc97c5034)
  0x00007f9dc97c4f34:   00 00 00 00 00 00 00 00 00 00 00 00 00 00 00 00
  0x00007f9dc97c4f44:   00 00 00 00 00 00 00 00 00 00 00 00 00 00 00 00
  0x00007f9dc97c4f54:   00 00 00 00 00 00 00 00 00 00 00 00 00 00 00 00
  0x00007f9dc97c4f64:   00 00 00 00 00 00 00 00 00 00 00 00 00 00 00 00
  0x00007f9dc97c4f74:   00 00 00 00 00 00 00 00 00 00 00 00 00 00 00 00
  0x00007f9dc97c4f84:   00 00 00 00 00 00 00 00 00 00 00 00 00 00 00 00
  0x00007f9dc97c4f94:   00 00 00 00 00 00 00 00 00 00 00 00 00 00 00 00
  0x00007f9dc97c4fa4:   00 00 00 00 00 00 00 00 00 00 00 00 00 00 00 00
  0x00007f9dc97c4fb4:   00 00 00 00 00 00 00 00 00 00 00 00 00 00 00 00
  0x00007f9dc97c4fc4:   00 00 00 00 00 00 00 00 00 00 00 00 00 00 00 00
  0x00007f9dc97c4fd4:   00 00 00 00 00 00 00 00 00 00 00 00 00 00 00 00
  0x00007f9dc97c4fe4:   00 00 00 00 00 00 00 00 00 00 00 00 00 00 00 00
  0x00007f9dc97c4ff4:   00 00 00 00 00 00 00 00 00 00 00 00 55 48 89 e5
  0x00007f9dc97c5004:   8b 07 48 89 ec 5d c3 00 00 00 00 00 55 48 89 e5
  0x00007f9dc97c5014:   c7 07 02 00 00 00 48 89 ec 5d c3 00 55 48 89 e5
  0x00007f9dc97c5024:   8b 87 00 00 01 00 48 89 ec 5d c3 00 55 48 89 e5
=>0x00007f9dc97c5034:   c7 87 00 00 01 00 03 00 00 00 48 89 ec 5d c3 00
  0x00007f9dc97c5044:   00 00 00 00 00 00 00 00 00 00 00 00 55 48 89 e5
  0x00007f9dc97c5054:   48 83 ec 10 4c 89 24 24 89 56 24 4c 8b 8e d0 00
  0x00007f9dc97c5064:   00 00 49 89 f4 4c 89 e7 41 ff d1 4c 89 e6 4c 8b
  0x00007f9dc97c5074:   8e e0 00 00 00 4c 8b 24 24 48 83 c4 10 48 89 ec
  0x00007f9dc97c5084:   5d c3 00 00 00 00 00 00 00 00 00 00 55 48 89 e5
  0x00007f9dc97c5094:   8b 86 d8 00 00 00 48 89 ec 5d c3 00 00 00 00 00
  0x00007f9dc97c50a4:   00 00 00 00 00 00 00 00 00 00 00 00 00 00 00 00
  0x00007f9dc97c50b4:   00 00 00 00 00 00 00 00 00 00 00 00 00 00 00 00
  0x00007f9dc97c50c4:   00 00 00 00 00 00 00 00 00 00 00 00 00 00 00 00
  0x00007f9dc97c50d4:   00 00 00 00 00 00 00 00 00 00 00 00 00 00 00 00
  0x00007f9dc97c50e4:   00 00 00 00 00 00 00 00 00 00 00 00 00 00 00 00
  0x00007f9dc97c50f4:   00 00 00 00 00 00 00 00 00 00 00 00 00 00 00 00
  0x00007f9dc97c5104:   00 00 00 00 00 00 00 00 00 00 00 00 00 00 00 00
  0x00007f9dc97c5114:   00 00 00 00 00 00 00 00 00 00 00 00 00 00 00 00
  0x00007f9dc97c5124:   00 00 00 00 00 00 00 00 00 00 00 00 00 00 00 00


Stack slot to memory mapping:

stack at sp + 0 slots: 0x00007f9e0b70d570 is pointing into the stack for thread: 0x00007f9e0402b810
stack at sp + 1 slots: 0x00007f9df3bdcb9d is at code_begin+61 in 
[CodeBlob kind:6 (0x00007f9df3bdcb08)]
Framesize: 2
Runtime Stub (0x00007f9df3bdcb08): nep_invoker_blob
--------------------------------------------------------------------------------
Decoding CodeBlob, name: nep_invoker_blob, at  [0x00007f9df3bdcb60, 0x00007f9df3bdcc48]  232 bytes
[MachCode]
  0x00007f9df3bdcb60: 5548 8bec | c5f8 7749 | 89af 9004 | 0000 49ba | 64cb bdf3 | 9d7f 0000 | 4d89 9788 | 0400 0049 
  0x00007f9df3bdcb80: 89a7 8004 | 0000 41c7 | 872c 0500 | 0004 0000 | 004c 8bd6 | 488b f148 | 8bfa 41ff | d2c5 f877 
  0x00007f9df3bdcba0: 41c7 872c | 0500 0005 | 0000 00f0 | 8344 24c0 | 0049 3b6f | 280f 874d | 0000 0041 | 83bf 2805 
  0x00007f9df3bdcbc0: 0000 000f | 853f 0000 | 0041 c787 | 2c05 0000 | 0800 0000 | 4183 bfa8 | 0500 0002 | 0f84 4400 
  0x00007f9df3bdcbe0: 0000 49c7 | 8780 0400 | 0000 0000 | 0049 c787 | 9004 0000 | 0000 0000 | 49c7 8788 | 0400 0000 
  0x00007f9df3bdcc00: 0000 00c5 | f877 c9c3 | 498b ffc5 | f877 4c8b | e448 83ec | 0048 83e4 | f0e8 52fd | 6518 498b 
  0x00007f9df3bdcc20: e44d 33e4 | eba3 c5f8 | 774c 8be4 | 4883 ec00 | 4883 e4f0 | e8d7 0eb7 | 1849 8be4 | 4d33 e4eb 
  0x00007f9df3bdcc40: a1f4 f4f4 | f4f4 f4f4 
[/MachCode]
--------------------------------------------------------------------------------
stack at sp + 2 slots: 0x00007f9e0b70d608 is pointing into the stack for thread: 0x00007f9e0402b810
stack at sp + 3 slots: 0x00007f9df3867438 is at code_begin+1272 in an Interpreter codelet
return entry points  [0x00007f9df3866f40, 0x00007f9df3867bb8]  3192 bytes
stack at sp + 4 slots: 0x00007f9df3867438 is at code_begin+1272 in an Interpreter codelet
return entry points  [0x00007f9df3866f40, 0x00007f9df3867bb8]  3192 bytes
stack at sp + 5 slots: 0x000000041e04f240 is an oop: jdk.internal.foreign.abi.NativeEntryPoint 
{0x000000041e04f240} - klass: 'jdk/internal/foreign/abi/NativeEntryPoint' - flags: 

 - ---- fields (total size 3 words):
 - private final 'methodType' 'Ljava/lang/invoke/MethodType;' @12  a 'java/lang/invoke/MethodType'{0x000000041e04d778} = (JJJ)V (0x83c09aef)
 - private final 'downcallStubAddress' 'J' @16  140316375894880 (0x00007f9df3bdcb60)
stack at sp + 6 slots: 0x00007f9e04cb0640 points into unknown readable memory: 0x00007f9e04f77470 | 70 74 f7 04 9e 7f 00 00
stack at sp + 7 slots: 0x0 is null

Lock stack of current Java thread (top to bottom):

--------------------------------------------------------------------------------
Decoding CodeBlob, name: nep_invoker_blob, at  [0x00007f9df3bdcb60, 0x00007f9df3bdcc48]  232 bytes
[MachCode]
  0x00007f9df3bdcb60: 5548 8bec | c5f8 7749 | 89af 9004 | 0000 49ba | 64cb bdf3 | 9d7f 0000 | 4d89 9788 | 0400 0049 
  0x00007f9df3bdcb80: 89a7 8004 | 0000 41c7 | 872c 0500 | 0004 0000 | 004c 8bd6 | 488b f148 | 8bfa 41ff | d2c5 f877 
  0x00007f9df3bdcba0: 41c7 872c | 0500 0005 | 0000 00f0 | 8344 24c0 | 0049 3b6f | 280f 874d | 0000 0041 | 83bf 2805 
  0x00007f9df3bdcbc0: 0000 000f | 853f 0000 | 0041 c787 | 2c05 0000 | 0800 0000 | 4183 bfa8 | 0500 0002 | 0f84 4400 
  0x00007f9df3bdcbe0: 0000 49c7 | 8780 0400 | 0000 0000 | 0049 c787 | 9004 0000 | 0000 0000 | 49c7 8788 | 0400 0000 
  0x00007f9df3bdcc00: 0000 00c5 | f877 c9c3 | 498b ffc5 | f877 4c8b | e448 83ec | 0048 83e4 | f0e8 52fd | 6518 498b 
  0x00007f9df3bdcc20: e44d 33e4 | eba3 c5f8 | 774c 8be4 | 4883 ec00 | 4883 e4f0 | e8d7 0eb7 | 1849 8be4 | 4d33 e4eb 
  0x00007f9df3bdcc40: a1f4 f4f4 | f4f4 f4f4 
[/MachCode]
--------------------------------------------------------------------------------


Compiled method (c1) 13770 7639       3       java.lang.invoke.LambdaForm$MH/0x00000000071b5800::invoke (56 bytes)
 total in heap  [0x00007f9dedca2308,0x00007f9dedca30d0] = 3528
 main code      [0x00007f9dedca2400,0x00007f9dedca3040] = 3136
 stub code      [0x00007f9dedca3040,0x00007f9dedca30c8] = 136
 oops           [0x00007f9dedca30c8,0x00007f9dedca30d0] = 8
 mutable data [0x00007f9d6509ea20,0x00007f9d6509eb28] = 264
 relocation     [0x00007f9d6509ea20,0x00007f9d6509eb00] = 224
 metadata       [0x00007f9d6509eb00,0x00007f9d6509eb28] = 40
 immutable data [0x00007f9d6509e700,0x00007f9d6509ea10] = 784
 dependencies   [0x00007f9d6509e700,0x00007f9d6509e710] = 16
 nul chk table  [0x00007f9d6509e710,0x00007f9d6509e748] = 56
 scopes pcs     [0x00007f9d6509e748,0x00007f9d6509e8c8] = 384
 scopes data    [0x00007f9d6509e8c8,0x00007f9d6509ea10] = 328

[Constant Pool (empty)]

[MachCode]
[Verified Entry Point]
  # {method} {0x00007f9da99f3f60} 'invoke' '(Ljava/lang/Object;Ljava/lang/Object;Ljava/lang/Object;)Ljava/lang/Object;' in 'java/lang/invoke/LambdaForm$MH+0x00000000071b5800'
  # parm0:    rsi:rsi   = 'java/lang/Object'
  # parm1:    rdx:rdx   = 'java/lang/Object'
  # parm2:    rcx:rcx   = 'java/lang/Object'
  #           [sp+0xb0]  (sp of caller)
  0x00007f9dedca2400: 8984 2400 | c0fe ff55 | 4881 eca0 | 0000 0090 | 4181 7f20 | 0500 0000 

  0x00007f9dedca2418: ;   {runtime_call Stub::method_entry_barrier}
  0x00007f9dedca2418: 7405 e8a1 

  0x00007f9dedca241c: ;   {metadata(method data for {method} {0x00007f9da99f3f60} 'invoke' '(Ljava/lang/Object;Ljava/lang/Object;Ljava/lang/Object;)Ljava/lang/Object;' in 'java/lang/invoke/LambdaForm$MH+0x00000000071b5800')}
  0x00007f9dedca241c: 51bf 0548 | bf00 c0ea | a99d 7f00 | 0048 8dbf | f002 0000 | 4885 f675 | 0cf6 0701 | 7548 f048 
  0x00007f9dedca243c: 830f 01eb | 418b 5e08 | 41ba 0000 | 0006 4903 | da4c 8bd3 | 4833 1f48 | f7c3 fcff | ffff 7426 
  0x00007f9dedca245c: f6c3 0275 | 2148 f707 | feff ffff | 7415 498b | da48 331f | 48f7 c3fc | ffff ff74 | 0948 830f 
  0x00007f9dedca247c: 02eb 0348 | 891f 4885 | d275 0ef6 | 4710 0175 | 4ef0 4883 | 4f10 01eb | 468b 5a08 | 41ba 0000 
  0x00007f9dedca249c: 0006 4903 | da4c 8bd3 | 4833 5f10 | 48f7 c3fc | ffff ff74 | 2af6 c302 | 7525 48f7 | 4710 feff 
  0x00007f9dedca24bc: ffff 7417 | 498b da48 | 335f 1048 | f7c3 fcff | ffff 740b | 4883 4f10 | 02eb 0448 

  0x00007f9dedca24d8: ;   {metadata(method data for {method} {0x00007f9da99f3f60} 'invoke' '(Ljava/lang/Object;Ljava/lang/Object;Ljava/lang/Object;)Ljava/lang/Object;' in 'java/lang/invoke/LambdaForm$MH+0x00000000071b5800')}
  0x00007f9dedca24d8: 895f 1048 | bf00 c0ea | a99d 7f00 | 008b 9f90 | 0000 0083 | c302 899f | 9000 0000 | 81e3 fe07 
  0x00007f9dedca24f8: 0000 85db | 0f84 f109 | 0000 4889 | 5424 6048 | 8974 2458 

  0x00007f9dedca250c: ;   {metadata(method data for {method} {0x00007f9da99f3f60} 'invoke' '(Ljava/lang/Object;Ljava/lang/Object;Ljava/lang/Object;)Ljava/lang/Object;' in 'java/lang/invoke/LambdaForm$MH+0x00000000071b5800')}
  0x00007f9dedca250c: 48bf 00c0 | eaa9 9d7f | 0000 488d | bfe8 0000 | 0048 85c9 | 750e f647 | 0801 754e | f048 834f 
  0x00007f9dedca252c: 0801 eb46 | 8b59 0841 | ba00 0000 | 0649 03da | 4c8b d348 | 335f 0848 | f7c3 fcff | ffff 742a 
  0x00007f9dedca254c: f6c3 0275 | 2548 f747 | 08fe ffff | ff74 1749 | 8bda 4833 | 5f08 48f7 | c3fc ffff | ff74 0b48 
  0x00007f9dedca256c: 834f 0802 | eb04 4889 

  0x00007f9dedca2574: ;   {metadata(method data for {method} {0x00007f9da99f3f60} 'invoke' '(Ljava/lang/Object;Ljava/lang/Object;Ljava/lang/Object;)Ljava/lang/Object;' in 'java/lang/invoke/LambdaForm$MH+0x00000000071b5800')}
  0x00007f9dedca2574: 5f08 48bf | 00c0 eaa9 | 9d7f 0000 | 4883 87d8 | 0000 0001 | 488b f1ba | 0200 0000 | 4889 4c24 
  0x00007f9dedca2594: ;   {static_call}
  0x00007f9dedca2594: 5066 90e8 

  0x00007f9dedca2598: ; ImmutableOopMap {[80]=Oop [88]=Oop [96]=Oop }
                      ;*invokestatic checkSpreadArgument {reexecute=0 rethrow=0 return_oop=0}
                      ; - java.lang.invoke.LambdaForm$MH/0x00000000071b5800::invoke@2
  0x00007f9dedca2598: e43e 8f06 

  0x00007f9dedca259c: ;   {post_call_nop}
  0x00007f9dedca259c: 0f1f 8400 | 9402 0000 | 488b 4c24 | 5048 85c9 

  0x00007f9dedca25ac: ;   {metadata(method data for {method} {0x00007f9da99f3f60} 'invoke' '(Ljava/lang/Object;Ljava/lang/Object;Ljava/lang/Object;)Ljava/lang/Object;' in 'java/lang/invoke/LambdaForm$MH+0x00000000071b5800')}
  0x00007f9dedca25ac: 48bf 00c0 | eaa9 9d7f | 0000 750c | 808f f900 | 0000 01e9 | a700 0000 | 8b59 0841 | ba00 0000 
  0x00007f9dedca25cc: 0649 03da | 483b 9f08 | 0100 0075 | 0d48 8387 | 1001 0000 | 01e9 6000 | 0000 483b | 9f18 0100 
  0x00007f9dedca25ec: 0075 0d48 | 8387 2001 | 0000 01e9 | 4a00 0000 | 4883 bf08 | 0100 0000 | 7517 4889 | 9f08 0100 
  0x00007f9dedca260c: 0048 c787 | 1001 0000 | 0100 0000 | e929 0000 | 0048 83bf | 1801 0000 | 0075 1748 | 899f 1801 
  0x00007f9dedca262c: 0000 48c7 | 8720 0100 | 0001 0000 | 00e9 0800 | 0000 4883 | 8700 0100 

  0x00007f9dedca2644: ;   {metadata('java/lang/Object'[])}
  0x00007f9dedca2644: 0001 48bb | e01f 1706 | 0000 0000 | 8b79 0841 | ba00 0000 | 0649 03fa | 483b 5f38 | 0f85 ae08 
  0x00007f9dedca2664: 0000 e900 | 0000 0048 | 8bd1 837a | 0c00 0f86 | af08 0000 | 8b7a 1048 | c1e7 0383 | 7a0c 010f 
  0x00007f9dedca2684: 86b0 0800 | 008b 5a14 | 48c1 e303 | 488b 7424 | 5848 85f6 

  0x00007f9dedca2698: ;   {metadata(method data for {method} {0x00007f9da99f3f60} 'invoke' '(Ljava/lang/Object;Ljava/lang/Object;Ljava/lang/Object;)Ljava/lang/Object;' in 'java/lang/invoke/LambdaForm$MH+0x00000000071b5800')}
  0x00007f9dedca2698: 48b8 00c0 | eaa9 9d7f | 0000 750c | 8088 2901 | 0000 01e9 | a600 0000 | 8b4e 0841 | ba00 0000 
  0x00007f9dedca26b8: 0649 03ca | 483b 8838 | 0100 0075 | 0d48 8380 | 4001 0000 | 01e9 6000 | 0000 483b | 8848 0100 
  0x00007f9dedca26d8: 0075 0d48 | 8380 5001 | 0000 01e9 | 4a00 0000 | 4883 b838 | 0100 0000 | 7517 4889 | 8838 0100 
  0x00007f9dedca26f8: 0048 c780 | 4001 0000 | 0100 0000 | e929 0000 | 0048 83b8 | 4801 0000 | 0075 1748 | 8988 4801 
  0x00007f9dedca2718: 0000 48c7 | 8050 0100 | 0001 0000 | 00e9 0800 | 0000 4883 | 8030 0100 

  0x00007f9dedca2730: ;   {metadata('java/lang/invoke/BoundMethodHandle$Species_L')}
  0x00007f9dedca2730: 0001 48b9 | c0ac 3206 | 0000 0000 | 8b56 0841 | ba00 0000 | 0649 03d2 | 483b ca0f | 85fa 0700 
  0x00007f9dedca2750: 00e9 0000 | 0000 488b | d68b 5220 | 48c1 e203 | 488b 7424 | 6048 85f6 

  0x00007f9dedca2768: ;   {metadata(method data for {method} {0x00007f9da99f3f60} 'invoke' '(Ljava/lang/Object;Ljava/lang/Object;Ljava/lang/Object;)Ljava/lang/Object;' in 'java/lang/invoke/LambdaForm$MH+0x00000000071b5800')}
  0x00007f9dedca2768: 48b9 00c0 | eaa9 9d7f | 0000 750c | 8089 5901 | 0000 01e9 | a800 0000 | 448b 4608 | 41ba 0000 
  0x00007f9dedca2788: 0006 4d03 | c24c 3b81 | 6801 0000 | 750d 4883 | 8170 0100 | 0001 e960 | 0000 004c | 3b81 7801 
  0x00007f9dedca27a8: 0000 750d | 4883 8180 | 0100 0001 | e94a 0000 | 0048 83b9 | 6801 0000 | 0075 174c | 8981 6801 
  0x00007f9dedca27c8: 0000 48c7 | 8170 0100 | 0001 0000 | 00e9 2900 | 0000 4883 | b978 0100 | 0000 7517 | 4c89 8178 
  0x00007f9dedca27e8: 0100 0048 | c781 8001 | 0000 0100 | 0000 e908 | 0000 0048 | 8381 6001 

  0x00007f9dedca2800: ;   {metadata('java/lang/invoke/MethodHandle')}
  0x00007f9dedca2800: 0000 0149 | b890 e51e | 0600 0000 | 008b 4e08 | 41ba 0000 | 0006 4903 | ca4c 3b41 | 380f 8536 
  0x00007f9dedca2820: 0700 00e9 | 0000 0000 | 488b c648 

  0x00007f9dedca282c: ;   {metadata(method data for {method} {0x00007f9da99f3f60} 'invoke' '(Ljava/lang/Object;Ljava/lang/Object;Ljava/lang/Object;)Ljava/lang/Object;' in 'java/lang/invoke/LambdaForm$MH+0x00000000071b5800')}
  0x00007f9dedca282c: 85d2 48be | 00c0 eaa9 | 9d7f 0000 | 750c 808e | 8901 0000 | 01e9 a700 | 0000 448b | 4208 41ba 
  0x00007f9dedca284c: 0000 0006 | 4d03 c24c | 3b86 9801 | 0000 750d | 4883 86a0 | 0100 0001 | e960 0000 | 004c 3b86 
  0x00007f9dedca286c: a801 0000 | 750d 4883 | 86b0 0100 | 0001 e94a | 0000 0048 | 83be 9801 | 0000 0075 | 174c 8986 
  0x00007f9dedca288c: 9801 0000 | 48c7 86a0 | 0100 0001 | 0000 00e9 | 2900 0000 | 4883 bea8 | 0100 0000 | 7517 4c89 
  0x00007f9dedca28ac: 86a8 0100 | 0048 c786 | b001 0000 | 0100 0000 | e908 0000 | 0048 8386 | 9001 0000 

  0x00007f9dedca28c8: ;   {metadata('java/lang/invoke/MethodType')}
  0x00007f9dedca28c8: 0149 b860 | f81e 0600 | 0000 008b | 4a08 41ba | 0000 0006 | 4903 ca4c | 3bc1 0f85 | 7a06 0000 
  0x00007f9dedca28e8: e900 0000 | 0048 8bca 

  0x00007f9dedca28f0: ;   {metadata(method data for {method} {0x00007f9da99f3f60} 'invoke' '(Ljava/lang/Object;Ljava/lang/Object;Ljava/lang/Object;)Ljava/lang/Object;' in 'java/lang/invoke/LambdaForm$MH+0x00000000071b5800')}
  0x00007f9dedca28f0: 48ba 00c0 | eaa9 9d7f | 0000 488d | 92d0 0100 | 0048 85c0 | 750e f642 | 0801 754f | f048 834a 
  0x00007f9dedca2910: 0801 eb47 | 8b70 0841 | ba00 0000 | 0649 03f2 | 4c8b d648 | 3372 0848 | f7c6 fcff | ffff 742b 
  0x00007f9dedca2930: 40f6 c602 | 7525 48f7 | 4208 feff | ffff 7417 | 498b f248 | 3372 0848 | f7c6 fcff | ffff 740b 
  0x00007f9dedca2950: 4883 4a08 | 02eb 0448 | 8972 0848 | 85c9 750c | f642 1801 | 7506 f048 | 834a 1801 

  0x00007f9dedca296c: ;   {metadata(method data for {method} {0x00007f9da99f3f60} 'invoke' '(Ljava/lang/Object;Ljava/lang/Object;Ljava/lang/Object;)Ljava/lang/Object;' in 'java/lang/invoke/LambdaForm$MH+0x00000000071b5800')}
  0x00007f9dedca296c: 48ba 00c0 | eaa9 9d7f | 0000 4883 | 82c0 0100 

  0x00007f9dedca297c: ;   {metadata(method data for {method} {0x0000000006470010} 'checkGenericType' '(Ljava/lang/invoke/MethodHandle;Ljava/lang/invoke/MethodType;)Ljava/lang/invoke/MethodHandle;' in 'java/lang/invoke/Invokers')}
  0x00007f9dedca297c: 0001 48ba | 905f b1a9 | 9d7f 0000 | 8bb2 9000 | 0000 83c6 | 0289 b290 | 0000 0081 | e6fe ff1f 
  0x00007f9dedca299c: 0085 f60f | 84c6 0500 | 0048 3b00 

  0x00007f9dedca29a8: ;   {metadata(method data for {method} {0x0000000006470010} 'checkGenericType' '(Ljava/lang/invoke/MethodHandle;Ljava/lang/invoke/MethodType;)Ljava/lang/invoke/MethodHandle;' in 'java/lang/invoke/Invokers')}
  0x00007f9dedca29a8: 488b d048 | be90 5fb1 | a99d 7f00 | 008b 5208 | 41ba 0000 | 0006 4903 | d248 3b96 | e000 0000 
  0x00007f9dedca29c8: 750d 4883 | 86e8 0000 | 0001 e960 | 0000 0048 | 3b96 f000 | 0000 750d | 4883 86f8 | 0000 0001 
  0x00007f9dedca29e8: e94a 0000 | 0048 83be | e000 0000 | 0075 1748 | 8996 e000 | 0000 48c7 | 86e8 0000 | 0001 0000 
  0x00007f9dedca2a08: 00e9 2900 | 0000 4883 | bef0 0000 | 0000 7517 | 4889 96f0 | 0000 0048 | c786 f800 | 0000 0100 
  0x00007f9dedca2a28: 0000 e908 | 0000 0048 | 8386 d800 

  0x00007f9dedca2a34: ;   {metadata(method data for {method} {0x00000000064783e0} 'asType' '(Ljava/lang/invoke/MethodType;)Ljava/lang/invoke/MethodHandle;' in 'java/lang/invoke/MethodHandle')}
  0x00007f9dedca2a34: 0000 0148 | ba00 1325 | a89d 7f00 | 008b b290 | 0000 0083 | c602 89b2 | 9000 0000 | 81e6 feff 
  0x00007f9dedca2a54: 1f00 85f6 | 0f84 3305 | 0000 8b50 | 1048 c1e2 | 0348 3bca 

  0x00007f9dedca2a68: ;   {metadata(method data for {method} {0x00000000064783e0} 'asType' '(Ljava/lang/invoke/MethodType;)Ljava/lang/invoke/MethodHandle;' in 'java/lang/invoke/MethodHandle')}
  0x00007f9dedca2a68: 48ba 0013 | 25a8 9d7f | 0000 bee8 | 0000 0074 | 05be d800 | 0000 4c8b | 0432 4d8d | 4001 4c89 
  0x00007f9dedca2a88: 0432 4889 | 9c24 8000 | 0000 4889 | 7c24 780f | 8497 0000 | 0048 8bd0 

  0x00007f9dedca2aa0: ;   {metadata(method data for {method} {0x00000000064783e0} 'asType' '(Ljava/lang/invoke/MethodType;)Ljava/lang/invoke/MethodHandle;' in 'java/lang/invoke/MethodHandle')}
  0x00007f9dedca2aa0: 48be 0013 | 25a8 9d7f | 0000 4883 | 86f8 0000 | 0001 488b | d148 8bf0 | 4889 4c24 | 7048 8944 
  0x00007f9dedca2ac0: 2468 0f1f 

  0x00007f9dedca2ac4: ;   {optimized virtual_call}
  0x00007f9dedca2ac4: 4400 00e8 

  0x00007f9dedca2ac8: ; ImmutableOopMap {[104]=Oop [112]=Oop [120]=Oop [128]=Oop }
                      ;*invokevirtual asTypeCached {reexecute=0 rethrow=0 return_oop=0}
                      ; - java.lang.invoke.MethodHandle::asType@12 (line 869)
                      ; - java.lang.invoke.Invokers::checkGenericType@2 (line 541)
                      ; - java.lang.invoke.LambdaForm$MH/0x00000000071b5800::invoke@37
  0x00007f9dedca2ac8: 14b0 c005 

  0x00007f9dedca2acc: ;   {post_call_nop}
  0x00007f9dedca2acc: 0f1f 8400 | c407 0001 

  0x00007f9dedca2ad4: ;   {metadata(method data for {method} {0x00000000064783e0} 'asType' '(Ljava/lang/invoke/MethodType;)Ljava/lang/invoke/MethodHandle;' in 'java/lang/invoke/MethodHandle')}
  0x00007f9dedca2ad4: 4885 c048 | ba00 1325 | a89d 7f00 | 00be 3801 | 0000 7505 | be28 0100 | 0048 8b3c | 3248 8d7f 
  0x00007f9dedca2af4: 0148 893c | 320f 8535 | 0000 0048 | 8b4c 2470 | 488b 4424 | 6848 8bd0 

  0x00007f9dedca2b0c: ;   {metadata(method data for {method} {0x00000000064783e0} 'asType' '(Ljava/lang/invoke/MethodType;)Ljava/lang/invoke/MethodHandle;' in 'java/lang/invoke/MethodHandle')}
  0x00007f9dedca2b0c: 48be 0013 | 25a8 9d7f | 0000 4883 | 8648 0100 | 0001 488b | d148 8bf0 

  0x00007f9dedca2b24: ;   {optimized virtual_call}
  0x00007f9dedca2b24: 6666 90e8 

  0x00007f9dedca2b28: ; ImmutableOopMap {[120]=Oop [128]=Oop }
                      ;*invokevirtual setAsTypeCache {reexecute=0 rethrow=0 return_oop=0}
                      ; - java.lang.invoke.MethodHandle::asType@24 (line 873)
                      ; - java.lang.invoke.Invokers::checkGenericType@2 (line 541)
                      ; - java.lang.invoke.LambdaForm$MH/0x00000000071b5800::invoke@37
  0x00007f9dedca2b28: b4af c005 

  0x00007f9dedca2b2c: ;   {post_call_nop}
  0x00007f9dedca2b2c: 0f1f 8400 | 2408 0002 

  0x00007f9dedca2b34: ;   {metadata(method data for {method} {0x00007f9da99f3f60} 'invoke' '(Ljava/lang/Object;Ljava/lang/Object;Ljava/lang/Object;)Ljava/lang/Object;' in 'java/lang/invoke/LambdaForm$MH+0x00000000071b5800')}
  0x00007f9dedca2b34: 48be 00c0 | eaa9 9d7f | 0000 488d | b6f0 0100 | 0048 85c0 | 750c f606 | 0175 49f0 | 4883 0e01 
  0x00007f9dedca2b54: eb42 8b78 | 0841 ba00 | 0000 0649 | 03fa 4c8b | d748 333e | 48f7 c7fc | ffff ff74 | 2740 f6c7 
  0x00007f9dedca2b74: 0275 2148 | f706 feff | ffff 7415 | 498b fa48 | 333e 48f7 | c7fc ffff | ff74 0948 | 830e 02eb 
  0x00007f9dedca2b94: 0348 893e 

  0x00007f9dedca2b98: ;   {metadata(method data for {method} {0x00007f9da99f3f60} 'invoke' '(Ljava/lang/Object;Ljava/lang/Object;Ljava/lang/Object;)Ljava/lang/Object;' in 'java/lang/invoke/LambdaForm$MH+0x00000000071b5800')}
  0x00007f9dedca2b98: 48be 00c0 | eaa9 9d7f | 0000 488d | b610 0200 | 0048 85c0 | 750e f646 | 0801 754f | f048 834e 
  0x00007f9dedca2bb8: 0801 eb47 | 8b78 0841 | ba00 0000 | 0649 03fa | 4c8b d748 | 337e 0848 | f7c7 fcff | ffff 742b 
  0x00007f9dedca2bd8: 40f6 c702 | 7525 48f7 | 4608 feff | ffff 7417 | 498b fa48 | 337e 0848 | f7c7 fcff | ffff 740b 
  0x00007f9dedca2bf8: 4883 4e08 | 02eb 0448 

  0x00007f9dedca2c00: ;   {metadata(method data for {method} {0x00007f9da99f3f60} 'invoke' '(Ljava/lang/Object;Ljava/lang/Object;Ljava/lang/Object;)Ljava/lang/Object;' in 'java/lang/invoke/LambdaForm$MH+0x00000000071b5800')}
  0x00007f9dedca2c00: 897e 0848 | be00 c0ea | a99d 7f00 | 0048 8386 | 0002 0000 

  0x00007f9dedca2c14: ;   {metadata(method data for {method} {0x000000000646ff60} 'checkCustomized' '(Ljava/lang/invoke/MethodHandle;)V' in 'java/lang/invoke/Invokers')}
  0x00007f9dedca2c14: 0148 be80 | 582a a89d | 7f00 008b | be90 0000 | 0083 c702 | 89be 9000 | 0000 81e7 | feff 1f00 
  0x00007f9dedca2c34: 85ff 0f84 | 7603 0000 

  0x00007f9dedca2c3c: ;   {metadata(method data for {method} {0x000000000646ff60} 'checkCustomized' '(Ljava/lang/invoke/MethodHandle;)V' in 'java/lang/invoke/Invokers')}
  0x00007f9dedca2c3c: 48be 8058 | 2aa8 9d7f | 0000 4883 | 86d8 0000 

  0x00007f9dedca2c4c: ;   {metadata(method data for {method} {0x00000000061f59a8} 'isCompileConstant' '(Ljava/lang/Object;)Z' in 'java/lang/invoke/MethodHandleImpl')}
  0x00007f9dedca2c4c: 0001 48be | 585b 2aa8 | 9d7f 0000 | 8bbe 9000 | 0000 83c7 | 0289 be90 | 0000 0081 | e7fe ff1f 
  0x00007f9dedca2c6c: 0085 ff0f | 845e 0300 

  0x00007f9dedca2c74: ;   {metadata(method data for {method} {0x000000000646ff60} 'checkCustomized' '(Ljava/lang/invoke/MethodHandle;)V' in 'java/lang/invoke/Invokers')}
  0x00007f9dedca2c74: 0048 be80 | 582a a89d | 7f00 00ff | 86e8 0000 | 008b 7014 | 48c1 e603 

  0x00007f9dedca2c8c: ; implicit exception: dispatches to 0x00007f9dedca2ff9
  0x00007f9dedca2c8c: 8b76 1c48 | c1e6 0348 

  0x00007f9dedca2c94: ;   {metadata(method data for {method} {0x000000000646ff60} 'checkCustomized' '(Ljava/lang/invoke/MethodHandle;)V' in 'java/lang/invoke/Invokers')}
  0x00007f9dedca2c94: 85f6 48be | 8058 2aa8 | 9d7f 0000 | bf18 0100 | 0074 05bf | 0801 0000 | 488b 1c3e | 488d 5b01 
  0x00007f9dedca2cb4: 4889 1c3e | 0f84 0d00 | 0000 4889 | 8424 8800 | 0000 e931 

  0x00007f9dedca2cc8: ;   {metadata(method data for {method} {0x000000000646ff60} 'checkCustomized' '(Ljava/lang/invoke/MethodHandle;)V' in 'java/lang/invoke/Invokers')}
  0x00007f9dedca2cc8: 0000 0048 | be80 582a | a89d 7f00 | 0048 8386 | 2801 0000 | 0148 8bf0 | 4889 8424 | 8800 0000 
  0x00007f9dedca2ce8: 0f1f 8000 

  0x00007f9dedca2cec: ;   {static_call}
  0x00007f9dedca2cec: 0000 00e8 

  0x00007f9dedca2cf0: ; ImmutableOopMap {[120]=Oop [128]=Oop [136]=Oop }
                      ;*invokestatic maybeCustomize {reexecute=0 rethrow=0 return_oop=0}
                      ; - java.lang.invoke.Invokers::checkCustomized@19 (line 626)
                      ; - java.lang.invoke.LambdaForm$MH/0x00000000071b5800::invoke@44
  0x00007f9dedca2cf0: 8cb2 8606 

  0x00007f9dedca2cf4: ;   {post_call_nop}
  0x00007f9dedca2cf4: 0f1f 8400 | ec09 0003 | 488b 8424 | 8800 0000 | 488b 9c24 | 8000 0000 | 488b 7c24 

  0x00007f9dedca2d10: ;   {metadata(method data for {method} {0x00007f9da99f3f60} 'invoke' '(Ljava/lang/Object;Ljava/lang/Object;Ljava/lang/Object;)Ljava/lang/Object;' in 'java/lang/invoke/LambdaForm$MH+0x00000000071b5800')}
  0x00007f9dedca2d10: 7848 ba00 | c0ea a99d | 7f00 0048 | 8d92 5802 | 0000 4885 | ff75 0ef6 | 4208 0175 | 4ef0 4883 
  0x00007f9dedca2d30: 4a08 01eb | 468b 4f08 | 41ba 0000 | 0006 4903 | ca4c 8bd1 | 4833 4a08 | 48f7 c1fc | ffff ff74 
  0x00007f9dedca2d50: 2af6 c102 | 7525 48f7 | 4208 feff | ffff 7417 | 498b ca48 | 334a 0848 | f7c1 fcff | ffff 740b 
  0x00007f9dedca2d70: 4883 4a08 | 02eb 0448 | 894a 0848 | 85db 750e | f642 1801 | 754e f048 | 834a 1801 | eb46 8b4b 
  0x00007f9dedca2d90: 0841 ba00 | 0000 0649 | 03ca 4c8b | d148 334a | 1848 f7c1 | fcff ffff | 742a f6c1 | 0275 2548 
  0x00007f9dedca2db0: f742 18fe | ffff ff74 | 1749 8bca | 4833 4a18 | 48f7 c1fc | ffff ff74 | 0b48 834a | 1802 eb04 
  0x00007f9dedca2dd0: 4889 4a18 

  0x00007f9dedca2dd4: ;   {metadata(method data for {method} {0x00007f9da99f3f60} 'invoke' '(Ljava/lang/Object;Ljava/lang/Object;Ljava/lang/Object;)Ljava/lang/Object;' in 'java/lang/invoke/LambdaForm$MH+0x00000000071b5800')}
  0x00007f9dedca2dd4: 488b d048 | b900 c0ea | a99d 7f00 | 008b 5208 | 41ba 0000 | 0006 4903 | d248 3b91 | 3002 0000 
  0x00007f9dedca2df4: 750d 4883 | 8138 0200 | 0001 e960 | 0000 0048 | 3b91 4002 | 0000 750d | 4883 8148 | 0200 0001 
  0x00007f9dedca2e14: e94a 0000 | 0048 83b9 | 3002 0000 | 0075 1748 | 8991 3002 | 0000 48c7 | 8138 0200 | 0001 0000 
  0x00007f9dedca2e34: 00e9 2900 | 0000 4883 | b940 0200 | 0000 7517 | 4889 9140 | 0200 0048 | c781 4802 | 0000 0100 
  0x00007f9dedca2e54: 0000 e908 | 0000 0048 | 8381 2802 | 0000 0148 | 8bd7 488b | cb48 8bf0 

  0x00007f9dedca2e6c: ;   {optimized virtual_call}
  0x00007f9dedca2e6c: 6666 90e8 

  0x00007f9dedca2e70: ; ImmutableOopMap {}
                      ;*invokevirtual invokeBasic {reexecute=0 rethrow=0 return_oop=0}
                      ; - java.lang.invoke.LambdaForm$MH/0x00000000071b5800::invoke@52
  0x00007f9dedca2e70: 0c74 3106 

  0x00007f9dedca2e74: ;   {post_call_nop}
  0x00007f9dedca2e74: 0f1f 8400 | 6c0b 0004 

  0x00007f9dedca2e7c: ;   {metadata(method data for {method} {0x00007f9da99f3f60} 'invoke' '(Ljava/lang/Object;Ljava/lang/Object;Ljava/lang/Object;)Ljava/lang/Object;' in 'java/lang/invoke/LambdaForm$MH+0x00000000071b5800')}
  0x00007f9dedca2e7c: 48be 00c0 | eaa9 9d7f | 0000 488d | b678 0200 | 0048 85c0 | 750c f606 | 0175 49f0 | 4883 0e01 
  0x00007f9dedca2e9c: eb42 8b78 | 0841 ba00 | 0000 0649 | 03fa 4c8b | d748 333e | 48f7 c7fc | ffff ff74 | 2740 f6c7 
  0x00007f9dedca2ebc: 0275 2148 | f706 feff | ffff 7415 | 498b fa48 | 333e 48f7 | c7fc ffff | ff74 0948 | 830e 02eb 
  0x00007f9dedca2edc: 0348 893e | 4881 c4a0 | 0000 005d 

  0x00007f9dedca2ee8: ;   {poll_return}
  0x00007f9dedca2ee8: 493b 6728 | 0f87 0c01 

  0x00007f9dedca2ef0: ;   {metadata({method} {0x00007f9da99f3f60} 'invoke' '(Ljava/lang/Object;Ljava/lang/Object;Ljava/lang/Object;)Ljava/lang/Object;' in 'java/lang/invoke/LambdaForm$MH+0x00000000071b5800')}
  0x00007f9dedca2ef0: 0000 c349 | ba60 3f9f | a99d 7f00 | 004c 8954 | 2408 48c7 | 0424 ffff 

  0x00007f9dedca2f08: ;   {runtime_call C1 Runtime counter_overflow_blob}
  0x00007f9dedca2f08: ffff e8d1 

  0x00007f9dedca2f0c: ; ImmutableOopMap {rsi=Oop rdx=Oop rcx=Oop }
                      ;*synchronization entry
                      ; - java.lang.invoke.LambdaForm$MH/0x00000000071b5800::invoke@-1
  0x00007f9dedca2f0c: a2ce 05e9 | eef5 ffff | 4889 0c24 

  0x00007f9dedca2f18: ;   {runtime_call C1 Runtime throw_class_cast_exception_blob}
  0x00007f9dedca2f18: e843 60ce 

  0x00007f9dedca2f1c: ; ImmutableOopMap {[88]=Oop [96]=Oop }
                      ;*checkcast {reexecute=0 rethrow=0 return_oop=0}
                      ; - java.lang.invoke.LambdaForm$MH/0x00000000071b5800::invoke@6
                      ;   {runtime_call C1 Runtime throw_null_pointer_exception_blob}
  0x00007f9dedca2f1c: 05e8 3e2d 

  0x00007f9dedca2f20: ; ImmutableOopMap {rdx=Oop [88]=Oop [96]=Oop }
                      ;*aaload {reexecute=0 rethrow=0 return_oop=0}
                      ; - java.lang.invoke.LambdaForm$MH/0x00000000071b5800::invoke@12
                      ;   {runtime_call C1 Runtime throw_null_pointer_exception_blob}
  0x00007f9dedca2f20: ce05 e839 

  0x00007f9dedca2f24: ; ImmutableOopMap {rdx=Oop [88]=Oop [96]=Oop }
                      ;*aaload {reexecute=0 rethrow=0 return_oop=0}
                      ; - java.lang.invoke.LambdaForm$MH/0x00000000071b5800::invoke@12
  0x00007f9dedca2f24: 2dce 0548 | c704 2400 | 0000 0048 | 8954 2408 

  0x00007f9dedca2f34: ;   {runtime_call C1 Runtime throw_range_check_failed_blob}
  0x00007f9dedca2f34: e8a7 1ece 

  0x00007f9dedca2f38: ; ImmutableOopMap {rdx=Oop [88]=Oop [96]=Oop }
                      ;*aaload {reexecute=0 rethrow=0 return_oop=0}
                      ; - java.lang.invoke.LambdaForm$MH/0x00000000071b5800::invoke@12
  0x00007f9dedca2f38: 0548 c704 | 2401 0000 | 0048 8954 

  0x00007f9dedca2f44: ;   {runtime_call C1 Runtime throw_range_check_failed_blob}
  0x00007f9dedca2f44: 2408 e895 

  0x00007f9dedca2f48: ; ImmutableOopMap {rdx=Oop rdi=Oop [88]=Oop [96]=Oop }
                      ;*aaload {reexecute=0 rethrow=0 return_oop=0}
                      ; - java.lang.invoke.LambdaForm$MH/0x00000000071b5800::invoke@16
  0x00007f9dedca2f48: 1ece 0548 

  0x00007f9dedca2f4c: ;   {runtime_call C1 Runtime throw_class_cast_exception_blob}
  0x00007f9dedca2f4c: 8934 24e8 

  0x00007f9dedca2f50: ; ImmutableOopMap {rdi=Oop rbx=Oop [96]=Oop }
                      ;*checkcast {reexecute=0 rethrow=0 return_oop=0}
                      ; - java.lang.invoke.LambdaForm$MH/0x00000000071b5800::invoke@20
  0x00007f9dedca2f50: 0c60 ce05 

  0x00007f9dedca2f54: ;   {runtime_call C1 Runtime throw_null_pointer_exception_blob}
  0x00007f9dedca2f54: e807 2dce 

  0x00007f9dedca2f58: ; ImmutableOopMap {rdi=Oop rbx=Oop [96]=Oop }
                      ;*getfield argL0 {reexecute=1 rethrow=0 return_oop=0}
                      ; - (reexecute) java.lang.invoke.LambdaForm$MH/0x00000000071b5800::invoke@23
  0x00007f9dedca2f58: 0548 8934 

  0x00007f9dedca2f5c: ;   {runtime_call C1 Runtime throw_class_cast_exception_blob}
  0x00007f9dedca2f5c: 24e8 fe5f 

  0x00007f9dedca2f60: ; ImmutableOopMap {rdi=Oop rbx=Oop rdx=Oop }
                      ;*checkcast {reexecute=0 rethrow=0 return_oop=0}
                      ; - java.lang.invoke.LambdaForm$MH/0x00000000071b5800::invoke@29
  0x00007f9dedca2f60: ce05 4889 

  0x00007f9dedca2f64: ;   {runtime_call C1 Runtime throw_class_cast_exception_blob}
  0x00007f9dedca2f64: 1424 e8f5 

  0x00007f9dedca2f68: ; ImmutableOopMap {rdi=Oop rbx=Oop rax=Oop }
                      ;*checkcast {reexecute=0 rethrow=0 return_oop=0}
                      ; - java.lang.invoke.LambdaForm$MH/0x00000000071b5800::invoke@34
                      ;   {metadata({method} {0x0000000006470010} 'checkGenericType' '(Ljava/lang/invoke/MethodHandle;Ljava/lang/invoke/MethodType;)Ljava/lang/invoke/MethodHandle;' in 'java/lang/invoke/Invokers')}
  0x00007f9dedca2f68: 5fce 0549 | ba10 0047 | 0600 0000 | 004c 8954 | 2408 48c7 | 0424 ffff 

  0x00007f9dedca2f80: ;   {runtime_call C1 Runtime counter_overflow_blob}
  0x00007f9dedca2f80: ffff e859 

  0x00007f9dedca2f84: ; ImmutableOopMap {rdi=Oop rbx=Oop rax=Oop rcx=Oop }
                      ;*synchronization entry
                      ; - java.lang.invoke.Invokers::checkGenericType@-1 (line 541)
                      ; - java.lang.invoke.LambdaForm$MH/0x00000000071b5800::invoke@37
  0x00007f9dedca2f84: a2ce 05e9 | 19fa ffff 

  0x00007f9dedca2f8c: ;   {runtime_call C1 Runtime throw_null_pointer_exception_blob}
  0x00007f9dedca2f8c: e8cf 2cce 

  0x00007f9dedca2f90: ; ImmutableOopMap {rdi=Oop rbx=Oop rax=Oop rcx=Oop }
                      ;*invokevirtual asType {reexecute=0 rethrow=0 return_oop=0}
                      ; - java.lang.invoke.Invokers::checkGenericType@2 (line 541)
                      ; - java.lang.invoke.LambdaForm$MH/0x00000000071b5800::invoke@37
                      ;   {metadata({method} {0x00000000064783e0} 'asType' '(Ljava/lang/invoke/MethodType;)Ljava/lang/invoke/MethodHandle;' in 'java/lang/invoke/MethodHandle')}
  0x00007f9dedca2f90: 0549 bae0 | 8347 0600 | 0000 004c | 8954 2408 | 48c7 0424 | ffff ffff 

  0x00007f9dedca2fa8: ;   {runtime_call C1 Runtime counter_overflow_blob}
  0x00007f9dedca2fa8: e833 a2ce 

  0x00007f9dedca2fac: ; ImmutableOopMap {rdi=Oop rbx=Oop rax=Oop rcx=Oop }
                      ;*synchronization entry
                      ; - java.lang.invoke.MethodHandle::asType@-1 (line 865)
                      ; - java.lang.invoke.Invokers::checkGenericType@2 (line 541)
                      ; - java.lang.invoke.LambdaForm$MH/0x00000000071b5800::invoke@37
  0x00007f9dedca2fac: 05e9 acfa 

  0x00007f9dedca2fb0: ;   {metadata({method} {0x000000000646ff60} 'checkCustomized' '(Ljava/lang/invoke/MethodHandle;)V' in 'java/lang/invoke/Invokers')}
  0x00007f9dedca2fb0: ffff 49ba | 60ff 4606 | 0000 0000 | 4c89 5424 | 0848 c704 | 24ff ffff 

  0x00007f9dedca2fc8: ;   {runtime_call C1 Runtime counter_overflow_blob}
  0x00007f9dedca2fc8: ffe8 12a2 

  0x00007f9dedca2fcc: ; ImmutableOopMap {rax=Oop [120]=Oop [128]=Oop }
                      ;*synchronization entry
                      ; - java.lang.invoke.Invokers::checkCustomized@-1 (line 622)
                      ; - java.lang.invoke.LambdaForm$MH/0x00000000071b5800::invoke@44
  0x00007f9dedca2fcc: ce05 e969 

  0x00007f9dedca2fd0: ;   {metadata({method} {0x00000000061f59a8} 'isCompileConstant' '(Ljava/lang/Object;)Z' in 'java/lang/invoke/MethodHandleImpl')}
  0x00007f9dedca2fd0: fcff ff49 | baa8 591f | 0600 0000 | 004c 8954 | 2408 48c7 | 0424 ffff 

  0x00007f9dedca2fe8: ;   {runtime_call C1 Runtime counter_overflow_blob}
  0x00007f9dedca2fe8: ffff e8f1 

  0x00007f9dedca2fec: ; ImmutableOopMap {rax=Oop [120]=Oop [128]=Oop }
                      ;*synchronization entry
                      ; - java.lang.invoke.MethodHandleImpl::isCompileConstant@-1 (line 625)
                      ; - java.lang.invoke.Invokers::checkCustomized@1 (line 622)
                      ; - java.lang.invoke.LambdaForm$MH/0x00000000071b5800::invoke@44
  0x00007f9dedca2fec: a1ce 05e9 | 81fc ffff 

  0x00007f9dedca2ff4: ;   {runtime_call C1 Runtime throw_null_pointer_exception_blob}
  0x00007f9dedca2ff4: e867 2cce 

  0x00007f9dedca2ff8: ; ImmutableOopMap {rax=Oop [120]=Oop [128]=Oop }
                      ;*getfield form {reexecute=1 rethrow=0 return_oop=0}
                      ; - (reexecute) java.lang.invoke.Invokers::checkCustomized@9 (line 625)
                      ; - java.lang.invoke.LambdaForm$MH/0x00000000071b5800::invoke@44
                      ;   {runtime_call C1 Runtime throw_null_pointer_exception_blob}
  0x00007f9dedca2ff8: 05e8 622c 

  0x00007f9dedca2ffc: ; ImmutableOopMap {rax=Oop [120]=Oop [128]=Oop }
                      ;*getfield customized {reexecute=1 rethrow=0 return_oop=0}
                      ; - (reexecute) java.lang.invoke.Invokers::checkCustomized@12 (line 625)
                      ; - java.lang.invoke.LambdaForm$MH/0x00000000071b5800::invoke@44
                      ;   {internal_word}
  0x00007f9dedca2ffc: ce05 49ba | e82e caed | 9d7f 0000 | 4d89 9738 

  0x00007f9dedca300c: ;   {runtime_call SafepointBlob}
  0x00007f9dedca300c: 0500 00e9 | 4cdb c005 | 498b 87e0 | 0500 0049 | c787 e005 | 0000 0000 | 0000 49c7 | 87e8 0500 
  0x00007f9dedca302c: 0000 0000 | 0048 81c4 | a000 0000 

  0x00007f9dedca3038: ;   {runtime_call C1 Runtime unwind_exception_blob}
  0x00007f9dedca3038: 5de9 a217 | ce05 f4f4 
[Stub Code]
  0x00007f9dedca3040: ;   {static_stub}
  0x00007f9dedca3040: 48bb 0000 | 0000 0000 

  0x00007f9dedca3048: ;   {runtime_call nmethod}
  0x00007f9dedca3048: 0000 e9fb 

  0x00007f9dedca304c: ;   {static_stub}
  0x00007f9dedca304c: ffff ff48 | bb00 0000 | 0000 0000 

  0x00007f9dedca3058: ;   {runtime_call nmethod}
  0x00007f9dedca3058: 00e9 fbff 

  0x00007f9dedca305c: ;   {static_stub}
  0x00007f9dedca305c: ffff 48bb | 0000 0000 | 0000 0000 

  0x00007f9dedca3068: ;   {runtime_call nmethod}
  0x00007f9dedca3068: e9fb ffff 

  0x00007f9dedca306c: ;   {static_stub}
  0x00007f9dedca306c: ff48 bb00 | 0000 0000 

  0x00007f9dedca3074: ;   {runtime_call nmethod}
  0x00007f9dedca3074: 0000 00e9 | fbff ffff 

  0x00007f9dedca307c: ;   {static_stub}
  0x00007f9dedca307c: 48bb 0000 | 0000 0000 

  0x00007f9dedca3084: ;   {runtime_call nmethod}
  0x00007f9dedca3084: 0000 e9fb 

  0x00007f9dedca3088: ;   {runtime_call C1 Runtime handle_exception_from_callee_blob}
  0x00007f9dedca3088: ffff ffe8 | 5053 ce05 

  0x00007f9dedca3090: ;   {external_word}
  0x00007f9dedca3090: 48bf 28c7 | ae0c 9e7f | 0000 4883 

  0x00007f9dedca309c: ;   {runtime_call MacroAssembler::debug64(char*, long, long*)}
  0x00007f9dedca309c: e4f0 e89d | 5d8a 1ef4 
[Deopt Handler Code]
  0x00007f9dedca30a4: ;   {section_word}
  0x00007f9dedca30a4: 49ba a430 | caed 9d7f | 0000 4152 

  0x00007f9dedca30b0: ;   {runtime_call DeoptimizationBlob}
  0x00007f9dedca30b0: e92b c2c0 

  0x00007f9dedca30b4: ;   {section_word}
  0x00007f9dedca30b4: 0549 bab5 | 30ca ed9d | 7f00 0041 

  0x00007f9dedca30c0: ;   {runtime_call DeoptimizationBlob}
  0x00007f9dedca30c0: 52e9 1ac2 | c005 f4f4 
[/MachCode]


Compiled method (c1) 13785 9039       3       java.lang.invoke.MethodHandle::invokeWithArguments (32 bytes)
 total in heap  [0x00007f9dec60a088,0x00007f9dec60aae8] = 2656
 main code      [0x00007f9dec60a180,0x00007f9dec60aa28] = 2216
 stub code      [0x00007f9dec60aa28,0x00007f9dec60aae0] = 184
 oops           [0x00007f9dec60aae0,0x00007f9dec60aae8] = 8
 mutable data [0x00007f9d882072f0,0x00007f9d88207450] = 352
 relocation     [0x00007f9d882072f0,0x00007f9d88207400] = 272
 metadata       [0x00007f9d88207400,0x00007f9d88207450] = 80
 immutable data [0x00007f9d880f5940,0x00007f9d880f5c38] = 760
 dependencies   [0x00007f9d880f5940,0x00007f9d880f5958] = 24
 nul chk table  [0x00007f9d880f5958,0x00007f9d880f5990] = 56
 scopes pcs     [0x00007f9d880f5990,0x00007f9d880f5b00] = 368
 scopes data    [0x00007f9d880f5b00,0x00007f9d880f5c38] = 312

[Constant Pool (empty)]

[MachCode]
[Instructions begin]
  0x00007f9dec60a180: 6666 660f | 1f84 0000 | 0000 0066 | 6666 9066 | 6690 448b | 5608 443b 

  0x00007f9dec60a198: ;   {runtime_call Shared Runtime ic_miss_blob}
  0x00007f9dec60a198: 5008 0f85 | 4034 2a07 
[Verified Entry Point]
  0x00007f9dec60a1a0: 8984 2400 | c0fe ff55 | 4881 eca0 | 0000 0090 | 4181 7f20 | 0500 0000 

  0x00007f9dec60a1b8: ;   {runtime_call Stub::method_entry_barrier}
  0x00007f9dec60a1b8: 7405 e801 | d428 0748 | 8974 2468 | 4889 5424 

  0x00007f9dec60a1c8: ;   {metadata(method data for {method} {0x00000000061eedc0} 'invokeWithArguments' '([Ljava/lang/Object;)Ljava/lang/Object;' in 'java/lang/invoke/MethodHandle')}
  0x00007f9dec60a1c8: 7048 bff0 | b6b4 a99d | 7f00 008b | 9f90 0000 | 0083 c302 | 899f 9000 | 0000 81e3 | fe07 0000 
  0x00007f9dec60a1e8: 85db 0f84 | ec06 0000 

  0x00007f9dec60a1f0: ;   {metadata(method data for {method} {0x00000000061eedc0} 'invokeWithArguments' '([Ljava/lang/Object;)Ljava/lang/Object;' in 'java/lang/invoke/MethodHandle')}
  0x00007f9dec60a1f0: 4885 d248 | bff0 b6b4 | a99d 7f00 | 00bb d800 | 0000 7505 | bbe8 0000 | 0048 8b04 | 1f48 8d40 
  0x00007f9dec60a210: 0148 8904 | 1f0f 851a 

  0x00007f9dec60a218: ;   {metadata(method data for {method} {0x00000000061eedc0} 'invokeWithArguments' '([Ljava/lang/Object;)Ljava/lang/Object;' in 'java/lang/invoke/MethodHandle')}
  0x00007f9dec60a218: 0000 0048 | bff0 b6b4 | a99d 7f00 | 00ff 87f8 | 0000 00bf | 0000 0000 | e903 0000 | 008b 7a0c 
  0x00007f9dec60a238: ;   {metadata(method data for {method} {0x00000000061eedc0} 'invokeWithArguments' '([Ljava/lang/Object;)Ljava/lang/Object;' in 'java/lang/invoke/MethodHandle')}
  0x00007f9dec60a238: 48bb f0b6 | b4a9 9d7f | 0000 4883 | 8310 0100 

  0x00007f9dec60a248: ;   {metadata(method data for {method} {0x00000000064775b8} 'genericMethodType' '(I)Ljava/lang/invoke/MethodType;' in 'java/lang/invoke/MethodType')}
  0x00007f9dec60a248: 0001 48bb | 182e 0fa9 | 9d7f 0000 | 8b83 9000 | 0000 83c0 | 0289 8390 | 0000 0025 | feff 1f00 
  0x00007f9dec60a268: 85c0 0f84 | 9206 0000 

  0x00007f9dec60a270: ;   {metadata(method data for {method} {0x00000000064775b8} 'genericMethodType' '(I)Ljava/lang/invoke/MethodType;' in 'java/lang/invoke/MethodType')}
  0x00007f9dec60a270: 48bb 182e | 0fa9 9d7f | 0000 4883 | 83d8 0000 | 0001 488b | f7ba 0000 | 0000 0f1f 

  0x00007f9dec60a28c: ;   {static_call}
  0x00007f9dec60a28c: 4400 00e8 

  0x00007f9dec60a290: ; ImmutableOopMap {[104]=Oop [112]=Oop }
                      ;*invokestatic genericMethodType {reexecute=0 rethrow=0 return_oop=0}
                      ; - java.lang.invoke.MethodType::genericMethodType@2 (line 455)
                      ; - java.lang.invoke.MethodHandle::invokeWithArguments@10 (line 734)
  0x00007f9dec60a290: 6c8d ec07 

  0x00007f9dec60a294: ;   {post_call_nop}
  0x00007f9dec60a294: 0f1f 8400 | 0c02 0000 | 4889 4424 | 7848 3b00 

  0x00007f9dec60a2a4: ;   {metadata(method data for {method} {0x00000000061eedc0} 'invokeWithArguments' '([Ljava/lang/Object;)Ljava/lang/Object;' in 'java/lang/invoke/MethodHandle')}
  0x00007f9dec60a2a4: 488b f048 | bff0 b6b4 | a99d 7f00 | 008b 7608 | 41ba 0000 | 0006 4903 | f248 3bb7 | 2801 0000 
  0x00007f9dec60a2c4: 750d 4883 | 8730 0100 | 0001 e960 | 0000 0048 | 3bb7 3801 | 0000 750d | 4883 8740 | 0100 0001 
  0x00007f9dec60a2e4: e94a 0000 | 0048 83bf | 2801 0000 | 0075 1748 | 89b7 2801 | 0000 48c7 | 8730 0100 | 0001 0000 
  0x00007f9dec60a304: 00e9 2900 | 0000 4883 | bf38 0100 | 0000 7517 | 4889 b738 | 0100 0048 | c787 4001 | 0000 0100 
  0x00007f9dec60a324: 0000 e908 | 0000 0048 | 8387 2001 | 0000 0148 

  0x00007f9dec60a334: ;   {optimized virtual_call}
  0x00007f9dec60a334: 8bf0 90e8 

  0x00007f9dec60a338: ; ImmutableOopMap {[104]=Oop [112]=Oop [120]=Oop }
                      ;*invokevirtual invokers {reexecute=0 rethrow=0 return_oop=0}
                      ; - java.lang.invoke.MethodHandle::invokeWithArguments@15 (line 735)
  0x00007f9dec60a338: 5435 f507 

  0x00007f9dec60a33c: ;   {post_call_nop}
  0x00007f9dec60a33c: 0f1f 8400 | b402 0001 

  0x00007f9dec60a344: ; implicit exception: dispatches to 0x00007f9dec60a928
  0x00007f9dec60a344: 483b 0048 

  0x00007f9dec60a348: ;   {metadata(method data for {method} {0x00000000061eedc0} 'invokeWithArguments' '([Ljava/lang/Object;)Ljava/lang/Object;' in 'java/lang/invoke/MethodHandle')}
  0x00007f9dec60a348: 8bd0 48be | f0b6 b4a9 | 9d7f 0000 | 4883 8660 | 0100 0001 | ba00 0000 | 0048 8bf0 

  0x00007f9dec60a364: ;   {optimized virtual_call}
  0x00007f9dec60a364: 6666 90e8 

  0x00007f9dec60a368: ; ImmutableOopMap {[104]=Oop [112]=Oop [120]=Oop }
                      ;*invokevirtual spreadInvoker {reexecute=0 rethrow=0 return_oop=0}
                      ; - java.lang.invoke.MethodHandle::invokeWithArguments@19 (line 735)
  0x00007f9dec60a368: b473 6401 

  0x00007f9dec60a36c: ;   {post_call_nop}
  0x00007f9dec60a36c: 0f1f 8400 | e402 0002 | 4889 8424 | 8000 0000 | 488b 7424 

  0x00007f9dec60a380: ;   {metadata(method data for {method} {0x00000000061eedc0} 'invokeWithArguments' '([Ljava/lang/Object;)Ljava/lang/Object;' in 'java/lang/invoke/MethodHandle')}
  0x00007f9dec60a380: 6848 baf0 | b6b4 a99d | 7f00 008b | 7608 41ba | 0000 0006 | 4903 f248 | 3bb2 8801 | 0000 750d 
  0x00007f9dec60a3a0: 4883 8290 | 0100 0001 | e960 0000 | 0048 3bb2 | 9801 0000 | 750d 4883 | 82a0 0100 | 0001 e94a 
  0x00007f9dec60a3c0: 0000 0048 | 83ba 8801 | 0000 0075 | 1748 89b2 | 8801 0000 | 48c7 8290 | 0100 0001 | 0000 00e9 
  0x00007f9dec60a3e0: 2900 0000 | 4883 ba98 | 0100 0000 | 7517 4889 | b298 0100 | 0048 c782 | a001 0000 | 0100 0000 
  0x00007f9dec60a400: e908 0000 | 0048 8382 | 8001 0000 

  0x00007f9dec60a40c: ;   {metadata(method data for {method} {0x00000000064783e0} 'asType' '(Ljava/lang/invoke/MethodType;)Ljava/lang/invoke/MethodHandle;' in 'java/lang/invoke/MethodHandle')}
  0x00007f9dec60a40c: 0148 ba00 | 1325 a89d | 7f00 008b | b290 0000 | 0083 c602 | 89b2 9000 | 0000 81e6 | feff 1f00 
  0x00007f9dec60a42c: 85f6 0f84 | f904 0000 | 488b 7424 | 688b 5610 | 48c1 e203 | 488b 7c24 | 7848 3bfa 

  0x00007f9dec60a448: ;   {metadata(method data for {method} {0x00000000064783e0} 'asType' '(Ljava/lang/invoke/MethodType;)Ljava/lang/invoke/MethodHandle;' in 'java/lang/invoke/MethodHandle')}
  0x00007f9dec60a448: 48ba 0013 | 25a8 9d7f | 0000 bbe8 | 0000 0074 | 05bb d800 | 0000 488b | 0c1a 488d | 4901 4889 
  0x00007f9dec60a468: 0c1a 0f84 | a700 0000 

  0x00007f9dec60a470: ;   {metadata(method data for {method} {0x00000000064783e0} 'asType' '(Ljava/lang/invoke/MethodType;)Ljava/lang/invoke/MethodHandle;' in 'java/lang/invoke/MethodHandle')}
  0x00007f9dec60a470: 488b d648 | bb00 1325 | a89d 7f00 | 0048 8383 | f800 0000 | 0148 8bd7 | 488b de48 

  0x00007f9dec60a48c: ;   {optimized virtual_call}
  0x00007f9dec60a48c: 8bf3 90e8 

  0x00007f9dec60a490: ; ImmutableOopMap {[104]=Oop [112]=Oop [120]=Oop [128]=Oop }
                      ;*invokevirtual asTypeCached {reexecute=0 rethrow=0 return_oop=0}
                      ; - java.lang.invoke.MethodHandle::asType@12 (line 869)
                      ; - java.lang.invoke.MethodHandle::invokeWithArguments@24 (line 735)
  0x00007f9dec60a490: fc87 f107 

  0x00007f9dec60a494: ;   {post_call_nop}
  0x00007f9dec60a494: 0f1f 8400 | 0c04 0003 

  0x00007f9dec60a49c: ;   {metadata(method data for {method} {0x00000000064783e0} 'asType' '(Ljava/lang/invoke/MethodType;)Ljava/lang/invoke/MethodHandle;' in 'java/lang/invoke/MethodHandle')}
  0x00007f9dec60a49c: 4885 c048 | ba00 1325 | a89d 7f00 | 00be 2801 | 0000 7405 | be38 0100 | 0048 8b3c | 3248 8d7f 
  0x00007f9dec60a4bc: 0148 893c | 320f 8410 | 0000 0048 | 8bf0 488b | 8424 8000 | 0000 e940 | 0000 0048 | 8b44 2478 
  0x00007f9dec60a4dc: 488b 7424 | 6848 8bd6 

  0x00007f9dec60a4e4: ;   {metadata(method data for {method} {0x00000000064783e0} 'asType' '(Ljava/lang/invoke/MethodType;)Ljava/lang/invoke/MethodHandle;' in 'java/lang/invoke/MethodHandle')}
  0x00007f9dec60a4e4: 48bf 0013 | 25a8 9d7f | 0000 4883 | 8748 0100 | 0001 488b | d066 0f1f 

  0x00007f9dec60a4fc: ;   {optimized virtual_call}
  0x00007f9dec60a4fc: 4400 00e8 

  0x00007f9dec60a500: ; ImmutableOopMap {[112]=Oop [128]=Oop }
                      ;*invokevirtual setAsTypeCache {reexecute=0 rethrow=0 return_oop=0}
                      ; - java.lang.invoke.MethodHandle::asType@24 (line 873)
                      ; - java.lang.invoke.MethodHandle::invokeWithArguments@24 (line 735)
  0x00007f9dec60a500: 0c95 f407 

  0x00007f9dec60a504: ;   {post_call_nop}
  0x00007f9dec60a504: 0f1f 8400 | 7c04 0004 | 488b f048 | 8b84 2480 

  0x00007f9dec60a514: ;   {metadata(method data for {method} {0x00000000061eedc0} 'invokeWithArguments' '([Ljava/lang/Object;)Ljava/lang/Object;' in 'java/lang/invoke/MethodHandle')}
  0x00007f9dec60a514: 0000 0048 | bff0 b6b4 | a99d 7f00 | 0048 8dbf | e001 0000 | 4885 f675 | 0cf6 4708 | 0175 06f0 
  0x00007f9dec60a534: 4883 4f08 

  0x00007f9dec60a538: ;   {metadata(method data for {method} {0x0000000006209c78} 'invokeExact_MT' '(Ljava/lang/Object;Ljava/lang/Object;Ljava/lang/Object;Ljava/lang/Object;)Ljava/lang/Object;' in 'java/lang/invoke/Invokers$Holder')}
  0x00007f9dec60a538: 0148 bfa0 | d30b a99d | 7f00 0048 | 8dbf 6802 | 0000 4885 | c075 0af6 | 0701 7505 | f048 830f 
  0x00007f9dec60a558: ;   {metadata(method data for {method} {0x00000000061eedc0} 'invokeWithArguments' '([Ljava/lang/Object;)Ljava/lang/Object;' in 'java/lang/invoke/MethodHandle')}
  0x00007f9dec60a558: 0148 bff0 | b6b4 a99d | 7f00 0048 | 8387 b001 

  0x00007f9dec60a568: ;   {metadata(method data for {method} {0x0000000006209c78} 'invokeExact_MT' '(Ljava/lang/Object;Ljava/lang/Object;Ljava/lang/Object;Ljava/lang/Object;)Ljava/lang/Object;' in 'java/lang/invoke/Invokers$Holder')}
  0x00007f9dec60a568: 0000 0148 | bfa0 d30b | a99d 7f00 | 008b 9f90 | 0000 0083 | c302 899f | 9000 0000 | 81e3 feff 
  0x00007f9dec60a588: 1f00 85db | 0f84 bc03 

  0x00007f9dec60a590: ;   {metadata(method data for {method} {0x0000000006209c78} 'invokeExact_MT' '(Ljava/lang/Object;Ljava/lang/Object;Ljava/lang/Object;Ljava/lang/Object;)Ljava/lang/Object;' in 'java/lang/invoke/Invokers$Holder')}
  0x00007f9dec60a590: 0000 48bf | a0d3 0ba9 | 9d7f 0000 | 488d bf48 | 0100 0048 | 85c0 750c | f647 0801 | 7506 f048 
  0x00007f9dec60a5b0: 834f 0801 

  0x00007f9dec60a5b4: ;   {metadata(method data for {method} {0x0000000006209c78} 'invokeExact_MT' '(Ljava/lang/Object;Ljava/lang/Object;Ljava/lang/Object;Ljava/lang/Object;)Ljava/lang/Object;' in 'java/lang/invoke/Invokers$Holder')}
  0x00007f9dec60a5b4: 48bf a0d3 | 0ba9 9d7f | 0000 4883 | 8738 0100 

  0x00007f9dec60a5c4: ;   {metadata(method data for {method} {0x0000000006470068} 'checkExactType' '(Ljava/lang/invoke/MethodHandle;Ljava/lang/invoke/MethodType;)V' in 'java/lang/invoke/Invokers')}
  0x00007f9dec60a5c4: 0001 48bf | 5853 2aa8 | 9d7f 0000 | 8b9f 9000 | 0000 83c3 | 0289 9f90 | 0000 0081 | e3fe ff1f 
  0x00007f9dec60a5e4: 0085 db0f | 8482 0300 | 0048 3b00 

  0x00007f9dec60a5f0: ;   {metadata(method data for {method} {0x0000000006470068} 'checkExactType' '(Ljava/lang/invoke/MethodHandle;Ljava/lang/invoke/MethodType;)V' in 'java/lang/invoke/Invokers')}
  0x00007f9dec60a5f0: 488b f848 | bb58 532a | a89d 7f00 | 008b 7f08 | 41ba 0000 | 0006 4903 | fa48 3bbb | e000 0000 
  0x00007f9dec60a610: 750d 4883 | 83e8 0000 | 0001 e960 | 0000 0048 | 3bbb f000 | 0000 750d | 4883 83f8 | 0000 0001 
  0x00007f9dec60a630: e94a 0000 | 0048 83bb | e000 0000 | 0075 1748 | 89bb e000 | 0000 48c7 | 83e8 0000 | 0001 0000 
  0x00007f9dec60a650: 00e9 2900 | 0000 4883 | bbf0 0000 | 0000 7517 | 4889 bbf0 | 0000 0048 | c783 f800 | 0000 0100 
  0x00007f9dec60a670: 0000 e908 | 0000 0048 | 8383 d800 | 0000 018b | 7810 48c1 

  0x00007f9dec60a684: ;   {oop(a 'java/lang/invoke/MethodType'{0x000000041808cca0} = (Ljava/lang/invoke/MethodHandle;[Ljava/lang/Object;)Ljava/lang/Object;)}
  0x00007f9dec60a684: e703 48bb | a0cc 0818 | 0400 0000 

  0x00007f9dec60a690: ;   {metadata(method data for {method} {0x0000000006470068} 'checkExactType' '(Ljava/lang/invoke/MethodHandle;Ljava/lang/invoke/MethodType;)V' in 'java/lang/invoke/Invokers')}
  0x00007f9dec60a690: 483b fb48 | bb58 532a | a89d 7f00 | 00ba 1801 | 0000 7505 | ba08 0100 | 0048 8b0c | 1348 8d49 
  0x00007f9dec60a6b0: 0148 890c | 130f 85dc 

  0x00007f9dec60a6b8: ;   {metadata(method data for {method} {0x0000000006209c78} 'invokeExact_MT' '(Ljava/lang/Object;Ljava/lang/Object;Ljava/lang/Object;Ljava/lang/Object;)Ljava/lang/Object;' in 'java/lang/invoke/Invokers$Holder')}
  0x00007f9dec60a6b8: 0100 0048 | bfa0 d30b | a99d 7f00 | 0048 8387 | 7001 0000 

  0x00007f9dec60a6cc: ;   {metadata(method data for {method} {0x000000000646ff60} 'checkCustomized' '(Ljava/lang/invoke/MethodHandle;)V' in 'java/lang/invoke/Invokers')}
  0x00007f9dec60a6cc: 0148 bf80 | 582a a89d | 7f00 008b | 9f90 0000 | 0083 c302 | 899f 9000 | 0000 81e3 | feff 1f00 
  0x00007f9dec60a6ec: 85db 0f84 | a102 0000 

  0x00007f9dec60a6f4: ;   {metadata(method data for {method} {0x000000000646ff60} 'checkCustomized' '(Ljava/lang/invoke/MethodHandle;)V' in 'java/lang/invoke/Invokers')}
  0x00007f9dec60a6f4: 48bf 8058 | 2aa8 9d7f | 0000 4883 | 87d8 0000 

  0x00007f9dec60a704: ;   {metadata(method data for {method} {0x00000000061f59a8} 'isCompileConstant' '(Ljava/lang/Object;)Z' in 'java/lang/invoke/MethodHandleImpl')}
  0x00007f9dec60a704: 0001 48bf | 585b 2aa8 | 9d7f 0000 | 8b9f 9000 | 0000 83c3 | 0289 9f90 | 0000 0081 | e3fe ff1f 
  0x00007f9dec60a724: 0085 db0f | 8489 0200 

  0x00007f9dec60a72c: ;   {metadata(method data for {method} {0x000000000646ff60} 'checkCustomized' '(Ljava/lang/invoke/MethodHandle;)V' in 'java/lang/invoke/Invokers')}
  0x00007f9dec60a72c: 0048 bf80 | 582a a89d | 7f00 00ff | 87e8 0000 | 008b 7814 | 48c1 e703 

  0x00007f9dec60a744: ; implicit exception: dispatches to 0x00007f9dec60a9d7
  0x00007f9dec60a744: 8b7f 1c48 | c1e7 0348 

  0x00007f9dec60a74c: ;   {metadata(method data for {method} {0x000000000646ff60} 'checkCustomized' '(Ljava/lang/invoke/MethodHandle;)V' in 'java/lang/invoke/Invokers')}
  0x00007f9dec60a74c: 85ff 48bf | 8058 2aa8 | 9d7f 0000 | bb08 0100 | 0075 05bb | 1801 0000 | 488b 141f | 488d 5201 
  0x00007f9dec60a76c: 4889 141f | 4889 b424 | 8800 0000 | 0f85 2600 

  0x00007f9dec60a77c: ;   {metadata(method data for {method} {0x000000000646ff60} 'checkCustomized' '(Ljava/lang/invoke/MethodHandle;)V' in 'java/lang/invoke/Invokers')}
  0x00007f9dec60a77c: 0000 48bf | 8058 2aa8 | 9d7f 0000 | 4883 8728 | 0100 0001 | 488b f00f 

  0x00007f9dec60a794: ;   {static_call}
  0x00007f9dec60a794: 1f40 00e8 

  0x00007f9dec60a798: ; ImmutableOopMap {[112]=Oop [128]=Oop [136]=Oop }
                      ;*invokestatic maybeCustomize {reexecute=0 rethrow=0 return_oop=0}
                      ; - java.lang.invoke.Invokers::checkCustomized@19 (line 626)
                      ; - java.lang.invoke.Invokers$Holder::invokeExact_MT@14
                      ; - java.lang.invoke.MethodHandle::invokeWithArguments@28 (line 735)
  0x00007f9dec60a798: e437 f007 

  0x00007f9dec60a79c: ;   {post_call_nop}
  0x00007f9dec60a79c: 0f1f 8400 | 1407 0005 | 488b 5424 

  0x00007f9dec60a7a8: ;   {metadata(method data for {method} {0x0000000006209c78} 'invokeExact_MT' '(Ljava/lang/Object;Ljava/lang/Object;Ljava/lang/Object;Ljava/lang/Object;)Ljava/lang/Object;' in 'java/lang/invoke/Invokers$Holder')}
  0x00007f9dec60a7a8: 7048 b9a0 | d30b a99d | 7f00 0048 | 8d89 c801 | 0000 4885 | d275 0cf6 | 4118 0175 | 06f0 4883 
  0x00007f9dec60a7c8: 4918 0148 | 8b84 2480 

  0x00007f9dec60a7d0: ;   {metadata(method data for {method} {0x0000000006209c78} 'invokeExact_MT' '(Ljava/lang/Object;Ljava/lang/Object;Ljava/lang/Object;Ljava/lang/Object;)Ljava/lang/Object;' in 'java/lang/invoke/Invokers$Holder')}
  0x00007f9dec60a7d0: 0000 0048 | b9a0 d30b | a99d 7f00 | 008b 4008 | 41ba 0000 | 0006 4903 | c248 3b81 | a001 0000 
  0x00007f9dec60a7f0: 750d 4883 | 81a8 0100 | 0001 e960 | 0000 0048 | 3b81 b001 | 0000 750d | 4883 81b8 | 0100 0001 
  0x00007f9dec60a810: e94a 0000 | 0048 83b9 | a001 0000 | 0075 1748 | 8981 a001 | 0000 48c7 | 81a8 0100 | 0001 0000 
  0x00007f9dec60a830: 00e9 2900 | 0000 4883 | b9b0 0100 | 0000 7517 | 4889 81b0 | 0100 0048 | c781 b801 | 0000 0100 
  0x00007f9dec60a850: 0000 e908 | 0000 0048 | 8381 9801 | 0000 0148 | 8bda 488b | 9424 8800 | 0000 488b | cb48 8bb4 
  0x00007f9dec60a870: 2480 0000 

  0x00007f9dec60a874: ;   {optimized virtual_call}
  0x00007f9dec60a874: 0066 90e8 

  0x00007f9dec60a878: ; ImmutableOopMap {}
                      ;*invokevirtual invokeBasic {reexecute=0 rethrow=0 return_oop=0}
                      ; - java.lang.invoke.Invokers$Holder::invokeExact_MT@20
                      ; - java.lang.invoke.MethodHandle::invokeWithArguments@28 (line 735)
  0x00007f9dec60a878: 04fa 9a07 

  0x00007f9dec60a87c: ;   {post_call_nop}
  0x00007f9dec60a87c: 0f1f 8400 | f407 0006 | 4881 c4a0 | 0000 005d 

  0x00007f9dec60a88c: ;   {poll_return}
  0x00007f9dec60a88c: 493b 6728 | 0f87 4601 | 0000 c348 | 89b4 2488 

  0x00007f9dec60a89c: ;   {metadata(method data for {method} {0x0000000006470068} 'checkExactType' '(Ljava/lang/invoke/MethodHandle;Ljava/lang/invoke/MethodType;)V' in 'java/lang/invoke/Invokers')}
  0x00007f9dec60a89c: 0000 0048 | bb58 532a | a89d 7f00 | 0048 8383 | 2801 0000 

  0x00007f9dec60a8b0: ;   {oop(a 'java/lang/invoke/MethodType'{0x000000041808cca0} = (Ljava/lang/invoke/MethodHandle;[Ljava/lang/Object;)Ljava/lang/Object;)}
  0x00007f9dec60a8b0: 0148 bba0 | cc08 1804 | 0000 0048 | 8bf7 488b | d366 0f1f 

  0x00007f9dec60a8c4: ;   {static_call}
  0x00007f9dec60a8c4: 4400 00e8 

  0x00007f9dec60a8c8: ; ImmutableOopMap {[112]=Oop [128]=Oop [136]=Oop }
                      ;*invokestatic newWrongMethodTypeException {reexecute=0 rethrow=0 return_oop=0}
                      ; - java.lang.invoke.Invokers::checkExactType@12 (line 531)
                      ; - java.lang.invoke.Invokers$Holder::invokeExact_MT@10
                      ; - java.lang.invoke.MethodHandle::invokeWithArguments@28 (line 735)
  0x00007f9dec60a8c8: 143c 2a07 

  0x00007f9dec60a8cc: ;   {post_call_nop}
  0x00007f9dec60a8cc: 0f1f 8400 | 4408 0007 

  0x00007f9dec60a8d4: ; implicit exception: dispatches to 0x00007f9dec60a9f2
  0x00007f9dec60a8d4: 483b 00e9 | 3801 0000 

  0x00007f9dec60a8dc: ;   {metadata({method} {0x00000000061eedc0} 'invokeWithArguments' '([Ljava/lang/Object;)Ljava/lang/Object;' in 'java/lang/invoke/MethodHandle')}
  0x00007f9dec60a8dc: 49ba c0ed | 1e06 0000 | 0000 4c89 | 5424 0848 | c704 24ff 

  0x00007f9dec60a8f0: ;   {runtime_call C1 Runtime counter_overflow_blob}
  0x00007f9dec60a8f0: ffff ffe8 

  0x00007f9dec60a8f4: ; ImmutableOopMap {rsi=Oop rdx=Oop [104]=Oop [112]=Oop }
                      ;*synchronization entry
                      ; - java.lang.invoke.MethodHandle::invokeWithArguments@-1 (line 734)
  0x00007f9dec60a8f4: e828 3807 | e9f3 f8ff 

  0x00007f9dec60a8fc: ;   {runtime_call C1 Runtime throw_null_pointer_exception_blob}
  0x00007f9dec60a8fc: ffe8 5eb3 

  0x00007f9dec60a900: ; ImmutableOopMap {rsi=Oop rdx=Oop [104]=Oop [112]=Oop }
                      ;*arraylength {reexecute=0 rethrow=0 return_oop=0}
                      ; - java.lang.invoke.MethodHandle::invokeWithArguments@9 (line 734)
                      ;   {metadata({method} {0x00000000064775b8} 'genericMethodType' '(I)Ljava/lang/invoke/MethodType;' in 'java/lang/invoke/MethodType')}
  0x00007f9dec60a900: 3707 49ba | b875 4706 | 0000 0000 | 4c89 5424 | 0848 c704 | 24ff ffff 

  0x00007f9dec60a918: ;   {runtime_call C1 Runtime counter_overflow_blob}
  0x00007f9dec60a918: ffe8 c228 

  0x00007f9dec60a91c: ; ImmutableOopMap {[104]=Oop [112]=Oop }
                      ;*synchronization entry
                      ; - java.lang.invoke.MethodType::genericMethodType@-1 (line 455)
                      ; - java.lang.invoke.MethodHandle::invokeWithArguments@10 (line 734)
  0x00007f9dec60a91c: 3807 e94d 

  0x00007f9dec60a920: ;   {runtime_call C1 Runtime throw_null_pointer_exception_blob}
  0x00007f9dec60a920: f9ff ffe8 

  0x00007f9dec60a924: ; ImmutableOopMap {rax=Oop [104]=Oop [112]=Oop [120]=Oop }
                      ;*invokevirtual invokers {reexecute=0 rethrow=0 return_oop=0}
                      ; - java.lang.invoke.MethodHandle::invokeWithArguments@15 (line 735)
  0x00007f9dec60a924: 38b3 3707 

  0x00007f9dec60a928: ;   {runtime_call C1 Runtime throw_null_pointer_exception_blob}
  0x00007f9dec60a928: e833 b337 

  0x00007f9dec60a92c: ; ImmutableOopMap {rax=Oop [104]=Oop [112]=Oop [120]=Oop }
                      ;*invokevirtual spreadInvoker {reexecute=0 rethrow=0 return_oop=0}
                      ; - java.lang.invoke.MethodHandle::invokeWithArguments@19 (line 735)
                      ;   {metadata({method} {0x00000000064783e0} 'asType' '(Ljava/lang/invoke/MethodType;)Ljava/lang/invoke/MethodHandle;' in 'java/lang/invoke/MethodHandle')}
  0x00007f9dec60a92c: 0749 bae0 | 8347 0600 | 0000 004c | 8954 2408 | 48c7 0424 | ffff ffff 

  0x00007f9dec60a944: ;   {runtime_call C1 Runtime counter_overflow_blob}
  0x00007f9dec60a944: e897 2838 

  0x00007f9dec60a948: ; ImmutableOopMap {rax=Oop [104]=Oop [112]=Oop [120]=Oop [128]=Oop }
                      ;*synchronization entry
                      ; - java.lang.invoke.MethodHandle::asType@-1 (line 865)
                      ; - java.lang.invoke.MethodHandle::invokeWithArguments@24 (line 735)
  0x00007f9dec60a948: 07e9 e6fa 

  0x00007f9dec60a94c: ;   {metadata({method} {0x0000000006209c78} 'invokeExact_MT' '(Ljava/lang/Object;Ljava/lang/Object;Ljava/lang/Object;Ljava/lang/Object;)Ljava/lang/Object;' in 'java/lang/invoke/Invokers$Holder')}
  0x00007f9dec60a94c: ffff 49ba | 789c 2006 | 0000 0000 | 4c89 5424 | 0848 c704 | 24ff ffff 

  0x00007f9dec60a964: ;   {runtime_call C1 Runtime counter_overflow_blob}
  0x00007f9dec60a964: ffe8 7628 

  0x00007f9dec60a968: ; ImmutableOopMap {rsi=Oop rax=Oop [112]=Oop [128]=Oop }
                      ;*synchronization entry
                      ; - java.lang.invoke.Invokers$Holder::invokeExact_MT@-1
                      ; - java.lang.invoke.MethodHandle::invokeWithArguments@28 (line 735)
  0x00007f9dec60a968: 3807 e923 

  0x00007f9dec60a96c: ;   {metadata({method} {0x0000000006470068} 'checkExactType' '(Ljava/lang/invoke/MethodHandle;Ljava/lang/invoke/MethodType;)V' in 'java/lang/invoke/Invokers')}
  0x00007f9dec60a96c: fcff ff49 | ba68 0047 | 0600 0000 | 004c 8954 | 2408 48c7 | 0424 ffff 

  0x00007f9dec60a984: ;   {runtime_call C1 Runtime counter_overflow_blob}
  0x00007f9dec60a984: ffff e855 

  0x00007f9dec60a988: ; ImmutableOopMap {rsi=Oop rax=Oop [112]=Oop [128]=Oop }
                      ;*synchronization entry
                      ; - java.lang.invoke.Invokers::checkExactType@-1 (line 529)
                      ; - java.lang.invoke.Invokers$Holder::invokeExact_MT@10
                      ; - java.lang.invoke.MethodHandle::invokeWithArguments@28 (line 735)
  0x00007f9dec60a988: 2838 07e9 | 5dfc ffff 

  0x00007f9dec60a990: ;   {runtime_call C1 Runtime throw_null_pointer_exception_blob}
  0x00007f9dec60a990: e8cb b237 

  0x00007f9dec60a994: ; ImmutableOopMap {rsi=Oop rax=Oop [112]=Oop [128]=Oop }
                      ;*invokevirtual type {reexecute=0 rethrow=0 return_oop=0}
                      ; - java.lang.invoke.Invokers::checkExactType@1 (line 529)
                      ; - java.lang.invoke.Invokers$Holder::invokeExact_MT@10
                      ; - java.lang.invoke.MethodHandle::invokeWithArguments@28 (line 735)
                      ;   {metadata({method} {0x000000000646ff60} 'checkCustomized' '(Ljava/lang/invoke/MethodHandle;)V' in 'java/lang/invoke/Invokers')}
  0x00007f9dec60a994: 0749 ba60 | ff46 0600 | 0000 004c | 8954 2408 | 48c7 0424 | ffff ffff 

  0x00007f9dec60a9ac: ;   {runtime_call C1 Runtime counter_overflow_blob}
  0x00007f9dec60a9ac: e82f 2838 

  0x00007f9dec60a9b0: ; ImmutableOopMap {rsi=Oop rax=Oop [112]=Oop [128]=Oop }
                      ;*synchronization entry
                      ; - java.lang.invoke.Invokers::checkCustomized@-1 (line 622)
                      ; - java.lang.invoke.Invokers$Holder::invokeExact_MT@14
                      ; - java.lang.invoke.MethodHandle::invokeWithArguments@28 (line 735)
  0x00007f9dec60a9b0: 07e9 3efd 

  0x00007f9dec60a9b4: ;   {metadata({method} {0x00000000061f59a8} 'isCompileConstant' '(Ljava/lang/Object;)Z' in 'java/lang/invoke/MethodHandleImpl')}
  0x00007f9dec60a9b4: ffff 49ba | a859 1f06 | 0000 0000 | 4c89 5424 | 0848 c704 | 24ff ffff 

  0x00007f9dec60a9cc: ;   {runtime_call C1 Runtime counter_overflow_blob}
  0x00007f9dec60a9cc: ffe8 0e28 

  0x00007f9dec60a9d0: ; ImmutableOopMap {rsi=Oop rax=Oop [112]=Oop [128]=Oop }
                      ;*synchronization entry
                      ; - java.lang.invoke.MethodHandleImpl::isCompileConstant@-1 (line 625)
                      ; - java.lang.invoke.Invokers::checkCustomized@1 (line 622)
                      ; - java.lang.invoke.Invokers$Holder::invokeExact_MT@14
                      ; - java.lang.invoke.MethodHandle::invokeWithArguments@28 (line 735)
  0x00007f9dec60a9d0: 3807 e956 

  0x00007f9dec60a9d4: ;   {runtime_call C1 Runtime throw_null_pointer_exception_blob}
  0x00007f9dec60a9d4: fdff ffe8 

  0x00007f9dec60a9d8: ; ImmutableOopMap {rsi=Oop rax=Oop [112]=Oop [128]=Oop }
                      ;*getfield customized {reexecute=1 rethrow=0 return_oop=0}
                      ; - (reexecute) java.lang.invoke.Invokers::checkCustomized@12 (line 625)
                      ; - java.lang.invoke.Invokers$Holder::invokeExact_MT@14
                      ; - java.lang.invoke.MethodHandle::invokeWithArguments@28 (line 735)
  0x00007f9dec60a9d8: 84b2 3707 

  0x00007f9dec60a9dc: ;   {internal_word}
  0x00007f9dec60a9dc: 49ba 8ca8 | 60ec 9d7f | 0000 4d89 | 9738 0500 

  0x00007f9dec60a9ec: ;   {runtime_call SafepointBlob}
  0x00007f9dec60a9ec: 00e9 6e61 

  0x00007f9dec60a9f0: ;   {runtime_call C1 Runtime throw_null_pointer_exception_blob}
  0x00007f9dec60a9f0: 2a07 e869 

  0x00007f9dec60a9f4: ; ImmutableOopMap {rax=Oop [112]=Oop [128]=Oop [136]=Oop }
                      ;*athrow {reexecute=1 rethrow=0 return_oop=0}
                      ; - (reexecute) java.lang.invoke.Invokers::checkExactType@15 (line 531)
                      ; - java.lang.invoke.Invokers$Holder::invokeExact_MT@10
                      ; - java.lang.invoke.MethodHandle::invokeWithArguments@28 (line 735)
  0x00007f9dec60a9f4: b237 0749 | 8b87 e005 | 0000 49c7 | 87e0 0500 | 0000 0000 | 0049 c787 | e805 0000 | 0000 0000 
  0x00007f9dec60aa14: 4881 c4a0 | 0000 005d 

  0x00007f9dec60aa1c: ;   {runtime_call C1 Runtime unwind_exception_blob}
  0x00007f9dec60aa1c: e9bf 9d37 | 07f4 f4f4 | f4f4 f4f4 
[Stub Code]
  0x00007f9dec60aa28: ;   {other}
  0x00007f9dec60aa28: 0f1f 4400 

  0x00007f9dec60aa2c: ;   {static_stub}
  0x00007f9dec60aa2c: 0048 bb00 | 0000 0000 

  0x00007f9dec60aa34: ;   {runtime_call nmethod}
  0x00007f9dec60aa34: 0000 00e9 | fbff ffff 

  0x00007f9dec60aa3c: ;   {static_stub}
  0x00007f9dec60aa3c: 48bb 0000 | 0000 0000 

  0x00007f9dec60aa44: ;   {runtime_call nmethod}
  0x00007f9dec60aa44: 0000 e9fb 

  0x00007f9dec60aa48: ;   {static_stub}
  0x00007f9dec60aa48: ffff ff48 | bb00 0000 | 0000 0000 

  0x00007f9dec60aa54: ;   {runtime_call nmethod}
  0x00007f9dec60aa54: 00e9 fbff 

  0x00007f9dec60aa58: ;   {static_stub}
  0x00007f9dec60aa58: ffff 48bb | 0000 0000 | 0000 0000 

  0x00007f9dec60aa64: ;   {runtime_call nmethod}
  0x00007f9dec60aa64: e9fb ffff 

  0x00007f9dec60aa68: ;   {static_stub}
  0x00007f9dec60aa68: ff48 bb00 | 0000 0000 

  0x00007f9dec60aa70: ;   {runtime_call nmethod}
  0x00007f9dec60aa70: 0000 00e9 | fbff ffff 

  0x00007f9dec60aa78: ;   {static_stub}
  0x00007f9dec60aa78: 48bb 0000 | 0000 0000 

  0x00007f9dec60aa80: ;   {runtime_call nmethod}
  0x00007f9dec60aa80: 0000 e9fb 

  0x00007f9dec60aa84: ;   {static_stub}
  0x00007f9dec60aa84: ffff ff48 | bb00 0000 | 0000 0000 

  0x00007f9dec60aa90: ;   {runtime_call nmethod}
  0x00007f9dec60aa90: 00e9 fbff 

  0x00007f9dec60aa94: ;   {static_stub}
  0x00007f9dec60aa94: ffff 48bb | 0000 0000 | 0000 0000 

  0x00007f9dec60aaa0: ;   {runtime_call nmethod}
  0x00007f9dec60aaa0: e9fb ffff 

  0x00007f9dec60aaa4: ;   {runtime_call C1 Runtime handle_exception_from_callee_blob}
  0x00007f9dec60aaa4: ffe8 36d9 

  0x00007f9dec60aaa8: ;   {external_word}
  0x00007f9dec60aaa8: 3707 48bf | 28c7 ae0c | 9e7f 0000 | 4883 e4f0 

  0x00007f9dec60aab8: ;   {runtime_call MacroAssembler::debug64(char*, long, long*)}
  0x00007f9dec60aab8: e883 e3f3 

  0x00007f9dec60aabc: ;   {section_word}
  0x00007f9dec60aabc: 1ff4 49ba | beaa 60ec | 9d7f 0000 

  0x00007f9dec60aac8: ;   {runtime_call DeoptimizationBlob}
  0x00007f9dec60aac8: 4152 e911 

  0x00007f9dec60aacc: ;   {section_word}
  0x00007f9dec60aacc: 482a 0749 | bacf aa60 | ec9d 7f00 

  0x00007f9dec60aad8: ;   {runtime_call DeoptimizationBlob}
  0x00007f9dec60aad8: 0041 52e9 | 0048 2a07 
[/MachCode]


---------------  P R O C E S S  ---------------

Threads class SMR info:
_java_thread_list=0x00007f9d24013620, length=18, elements={
0x00007f9e0402b810, 0x00007f9e041052c0, 0x00007f9e04106300, 0x00007f9e04107830,
0x00007f9e04109150, 0x00007f9e0410a9d0, 0x00007f9e0410c850, 0x00007f9e0410e240,
0x00007f9e041470f0, 0x00007f9e041496f0, 0x00007f9e042820f0, 0x00007f9e0428cde0,
0x00007f9d844611c0, 0x00007f9d883ebee0, 0x00007f9d883ed840, 0x00007f9d901c4ca0,
0x00007f9d883f1380, 0x00007f9d847e6c20
}

Java Threads: ( => current thread )
=>0x00007f9e0402b810 JavaThread "main"                              [_thread_in_native, id=144201, stack(0x00007f9e0b611000,0x00007f9e0b711000) (1024K)]
  0x00007f9e041052c0 JavaThread "Reference Handler"          daemon [_thread_blocked, id=144215, stack(0x00007f9dcb9fb000,0x00007f9dcbafb000) (1024K)]
  0x00007f9e04106300 JavaThread "Finalizer"                  daemon [_thread_blocked, id=144216, stack(0x00007f9dcb8fa000,0x00007f9dcb9fa000) (1024K)]
  0x00007f9e04107830 JavaThread "Signal Dispatcher"          daemon [_thread_blocked, id=144217, stack(0x00007f9dcb7f9000,0x00007f9dcb8f9000) (1024K)]
  0x00007f9e04109150 JavaThread "Service Thread"             daemon [_thread_blocked, id=144218, stack(0x00007f9dcb6f9000,0x00007f9dcb7f9000) (1024K)]
  0x00007f9e0410a9d0 JavaThread "Monitor Deflation Thread"   daemon [_thread_blocked, id=144219, stack(0x00007f9dcb5f9000,0x00007f9dcb6f9000) (1024K)]
  0x00007f9e0410c850 JavaThread "C2 CompilerThread0"         daemon [_thread_blocked, id=144220, stack(0x00007f9dcb4f9000,0x00007f9dcb5f9000) (1024K)]
  0x00007f9e0410e240 JavaThread "C1 CompilerThread0"         daemon [_thread_blocked, id=144221, stack(0x00007f9dcb3f9000,0x00007f9dcb4f9000) (1024K)]
  0x00007f9e041470f0 JavaThread "Notification Thread"        daemon [_thread_blocked, id=144225, stack(0x00007f9dcb0f9000,0x00007f9dcb1f9000) (1024K)]
  0x00007f9e041496f0 JavaThread "Common-Cleaner"             daemon [_thread_blocked, id=144226, stack(0x00007f9dcaff9000,0x00007f9dcb0f9000) (1024K)]
  0x00007f9e042820f0 JavaThread "surefire-forkedjvm-stream-flusher" daemon [_thread_blocked, id=144231, stack(0x00007f9dcadf9000,0x00007f9dcaef9000) (1024K)]
  0x00007f9e0428cde0 JavaThread "surefire-forkedjvm-command-thread" daemon [_thread_in_native, id=144232, stack(0x00007f9dcacf9000,0x00007f9dcadf9000) (1024K)]
  0x00007f9d844611c0 JavaThread "C1 CompilerThread1"         daemon [_thread_blocked, id=144253, stack(0x00007f9dcb2f9000,0x00007f9dcb3f9000) (1024K)]
  0x00007f9d883ebee0 JavaThread "C1 CompilerThread2"         daemon [_thread_blocked, id=144254, stack(0x00007f9dcabf9000,0x00007f9dcacf9000) (1024K)]
  0x00007f9d883ed840 JavaThread "C2 CompilerThread1"         daemon [_thread_blocked, id=144255, stack(0x00007f9dcb1f9000,0x00007f9dcb2f9000) (1024K)]
  0x00007f9d901c4ca0 JavaThread "C2 CompilerThread2"         daemon [_thread_blocked, id=144257, stack(0x00007f9dcaaf9000,0x00007f9dcabf9000) (1024K)]
  0x00007f9d883f1380 JavaThread "C2 CompilerThread3"         daemon [_thread_in_native, id=144258, stack(0x00007f9dca9f9000,0x00007f9dcaaf9000) (1024K)]
  0x00007f9d847e6c20 JavaThread "C1 CompilerThread3"         daemon [_thread_blocked, id=144288, stack(0x00007f9dcaef9000,0x00007f9dcaff9000) (1024K)]
Total: 18

Other Threads:
  0x00007f9e040fb340 VMThread "VM Thread"                           [id=144214, stack(0x00007f9dcbafc000,0x00007f9dcbbfc000) (1024K)]
  0x00007f9e040ea9a0 WatcherThread "VM Periodic Task Thread"        [id=144211, stack(0x00007f9dcbbfd000,0x00007f9dcbcfd000) (1024K)]
  0x00007f9e04059d30 WorkerThread "GC Thread#0"                     [id=144202, stack(0x00007f9e08575000,0x00007f9e08675000) (1024K)]
  0x00007f9db4009670 WorkerThread "GC Thread#1"                     [id=144237, stack(0x00007f9dca7f9000,0x00007f9dca8f9000) (1024K)]
  0x00007f9db400a1d0 WorkerThread "GC Thread#2"                     [id=144238, stack(0x00007f9dca6f8000,0x00007f9dca7f8000) (1024K)]
  0x00007f9db400aee0 WorkerThread "GC Thread#3"                     [id=144239, stack(0x00007f9dca5f7000,0x00007f9dca6f7000) (1024K)]
  0x00007f9db400bc40 WorkerThread "GC Thread#4"                     [id=144240, stack(0x00007f9dca4f6000,0x00007f9dca5f6000) (1024K)]
  0x00007f9db400c9c0 WorkerThread "GC Thread#5"                     [id=144241, stack(0x00007f9dca3f5000,0x00007f9dca4f5000) (1024K)]
  0x00007f9db400d740 WorkerThread "GC Thread#6"                     [id=144242, stack(0x00007f9dca2f4000,0x00007f9dca3f4000) (1024K)]
  0x00007f9db400e4c0 WorkerThread "GC Thread#7"                     [id=144243, stack(0x00007f9dca1f3000,0x00007f9dca2f3000) (1024K)]
  0x00007f9db400f240 WorkerThread "GC Thread#8"                     [id=144244, stack(0x00007f9dca0f2000,0x00007f9dca1f2000) (1024K)]
  0x00007f9db400ffc0 WorkerThread "GC Thread#9"                     [id=144245, stack(0x00007f9dc9ff1000,0x00007f9dca0f1000) (1024K)]
  0x00007f9db4010d40 WorkerThread "GC Thread#10"                    [id=144246, stack(0x00007f9dc9ef0000,0x00007f9dc9ff0000) (1024K)]
  0x00007f9db4011ac0 WorkerThread "GC Thread#11"                    [id=144247, stack(0x00007f9dc9def000,0x00007f9dc9eef000) (1024K)]
  0x00007f9db4012840 WorkerThread "GC Thread#12"                    [id=144248, stack(0x00007f9dc9cee000,0x00007f9dc9dee000) (1024K)]
  0x00007f9e04072cf0 ConcurrentGCThread "G1 Main Marker"            [id=144203, stack(0x00007f9e08474000,0x00007f9e08574000) (1024K)]
  0x00007f9e04073ec0 WorkerThread "G1 Conc#0"                       [id=144204, stack(0x00007f9e08373000,0x00007f9e08473000) (1024K)]
  0x00007f9dcc000cd0 WorkerThread "G1 Conc#1"                       [id=144261, stack(0x00007f9dc9aed000,0x00007f9dc9bed000) (1024K)]
  0x00007f9dcc001840 WorkerThread "G1 Conc#2"                       [id=144262, stack(0x00007f9dc99ec000,0x00007f9dc9aec000) (1024K)]
  0x00007f9e040da530 ConcurrentGCThread "G1 Refine#0"               [id=144205, stack(0x00007f9dcbdff000,0x00007f9dcbeff000) (1024K)]
  0x00007f9e040db720 ConcurrentGCThread "G1 Service"                [id=144206, stack(0x00007f9dcbcfe000,0x00007f9dcbdfe000) (1024K)]
Total: 21

Threads with active compile tasks:
C2 CompilerThread3  13799 9050       4       com.dylibso.chicory.cranelift.CraneliftMachineFuncGroup_0::func_4051 (6118 bytes)
Total: 1

VM state: not at safepoint (normal execution)

VM Mutex/Monitor currently owned by a thread: None

Heap address: 0x0000000418000000, size: 16000 MB, Compressed Oops mode: Zero based, Oop shift amount: 3

CDS archive(s) mapped at: [0x0000000006000000-0x0000000006d8c000-0x0000000006d8c000), size 14204928, SharedBaseAddress: 0x0000000006000000, ArchiveRelocationMode: 1.
Compressed class space mapped at: 0x0000000007000000-0x0000000047000000, reserved size: 1073741824
UseCompressedClassPointers 1, UseCompactObjectHeaders 0
Narrow klass pointer bits 32, Max shift 3
Narrow klass base: 0x0000000006000000, Narrow klass shift: 0
Encoding Range: [0x0000000006000000 - 0x0000000106000000), (4294967296 bytes)
Klass Range:    [0x0000000006001000 - 0x0000000047000000), (1090514944 bytes)
Klass ID Range:  [4096 - 1090519033) (1090514937)
Protection zone: [0x0000000006000000 - 0x0000000006001000), (4096 bytes)

GC Precious Log:
 CardTable entry size: 512
 Card Set container configuration: InlinePtr #cards 4 size 8 Array Of Cards #cards 64 size 144 Howl #buckets 8 coarsen threshold 14745 Howl Bitmap #cards 2048 size 272 coarsen threshold 1843 Card regions per heap region 1 cards per card region 16384
 CPUs: 16 total, 16 available
 Memory: 63992M
 Large Page Support: Disabled
 NUMA Support: Disabled
 Compressed Oops: Enabled (Zero based)
 Heap Region Size: 8M
 Heap Min Capacity: 8M
 Heap Initial Capacity: 1000M
 Heap Max Capacity: 16000M
 Pre-touch: Disabled
 Parallel Workers: 13
 Concurrent Workers: 3
 Concurrent Refinement Workers: 13
 Periodic GC: Disabled

Heap:
 garbage-first heap   total reserved 16384000K, committed 278528K, used 190263K [0x0000000418000000, 0x0000000800000000)
  region size 8192K, 18 young (147456K), 2 survivors (16384K)

Heap Regions: E=young(eden), S=young(survivor), O=old, HS=humongous(starts), HC=humongous(continues), CS=collection set, F=free, TAMS=top-at-mark-start, PB=parsable bottom
|   0|0x0000000418000000, 0x000000041827cc18, 0x0000000418800000| 31%| O|Cm|TAMS 0x0000000418000000| PB 0x0000000418000000| Complete |  0
|   1|0x0000000418800000, 0x0000000419000000, 0x0000000419000000|100%| O|  |TAMS 0x0000000418800000| PB 0x0000000418800000| Untracked |  0
|   2|0x0000000419000000, 0x0000000419800000, 0x0000000419800000|100%| O|  |TAMS 0x0000000419000000| PB 0x0000000419000000| Untracked |  0
|   3|0x0000000419800000, 0x000000041a000000, 0x000000041a000000|100%| O|  |TAMS 0x0000000419800000| PB 0x0000000419800000| Untracked |  0
|   4|0x000000041a000000, 0x000000041a800000, 0x000000041a800000|100%| O|  |TAMS 0x000000041a000000| PB 0x000000041a000000| Untracked |  0
|   5|0x000000041a800000, 0x000000041b000000, 0x000000041b000000|100%| O|  |TAMS 0x000000041a800000| PB 0x000000041a800000| Untracked |  0
|   6|0x000000041b000000, 0x000000041b22c460, 0x000000041b800000| 27%| O|  |TAMS 0x000000041b000000| PB 0x000000041b000000| Untracked |  0
|   7|0x000000041b800000, 0x000000041b800000, 0x000000041c000000|  0%| F|  |TAMS 0x000000041b800000| PB 0x000000041b800000| Untracked |  0
|   8|0x000000041c000000, 0x000000041c000000, 0x000000041c800000|  0%| F|  |TAMS 0x000000041c000000| PB 0x000000041c000000| Untracked |  0
|   9|0x000000041c800000, 0x000000041c800000, 0x000000041d000000|  0%| F|  |TAMS 0x000000041c800000| PB 0x000000041c800000| Untracked |  0
|  10|0x000000041d000000, 0x000000041d000000, 0x000000041d800000|  0%| F|  |TAMS 0x000000041d000000| PB 0x000000041d000000| Untracked |  0
|  11|0x000000041d800000, 0x000000041dd24cd8, 0x000000041e000000| 64%| S|CS|TAMS 0x000000041d800000| PB 0x000000041d800000| Complete |  0
|  12|0x000000041e000000, 0x000000041e800000, 0x000000041e800000|100%| S|CS|TAMS 0x000000041e000000| PB 0x000000041e000000| Complete |  0
|  13|0x000000041e800000, 0x000000041e800000, 0x000000041f000000|  0%| F|  |TAMS 0x000000041e800000| PB 0x000000041e800000| Untracked |  0
|  14|0x000000041f000000, 0x000000041f000000, 0x000000041f800000|  0%| F|  |TAMS 0x000000041f000000| PB 0x000000041f000000| Untracked |  0
|  15|0x000000041f800000, 0x000000041f800000, 0x0000000420000000|  0%| F|  |TAMS 0x000000041f800000| PB 0x000000041f800000| Untracked |  0
|  16|0x0000000420000000, 0x0000000420000000, 0x0000000420800000|  0%| F|  |TAMS 0x0000000420000000| PB 0x0000000420000000| Untracked |  0
|  17|0x0000000420800000, 0x0000000420b8efb8, 0x0000000421000000| 44%| E|  |TAMS 0x0000000420800000| PB 0x0000000420800000| Complete |  0
|  18|0x0000000421000000, 0x0000000421800000, 0x0000000421800000|100%| E|CS|TAMS 0x0000000421000000| PB 0x0000000421000000| Complete |  0
|  19|0x0000000421800000, 0x0000000422000000, 0x0000000422000000|100%| E|CS|TAMS 0x0000000421800000| PB 0x0000000421800000| Complete |  0
|  20|0x0000000422000000, 0x0000000422800000, 0x0000000422800000|100%| E|CS|TAMS 0x0000000422000000| PB 0x0000000422000000| Complete |  0
|  21|0x0000000422800000, 0x0000000423000000, 0x0000000423000000|100%| E|CS|TAMS 0x0000000422800000| PB 0x0000000422800000| Complete |  0
|  22|0x0000000423000000, 0x0000000423800000, 0x0000000423800000|100%| E|CS|TAMS 0x0000000423000000| PB 0x0000000423000000| Complete |  0
|  23|0x0000000423800000, 0x0000000424000000, 0x0000000424000000|100%| E|CS|TAMS 0x0000000423800000| PB 0x0000000423800000| Complete |  0
|  24|0x0000000424000000, 0x0000000424800000, 0x0000000424800000|100%| E|CS|TAMS 0x0000000424000000| PB 0x0000000424000000| Complete |  0
|  25|0x0000000424800000, 0x0000000425000000, 0x0000000425000000|100%| E|CS|TAMS 0x0000000424800000| PB 0x0000000424800000| Complete |  0
|  26|0x0000000425000000, 0x0000000425800000, 0x0000000425800000|100%| E|CS|TAMS 0x0000000425000000| PB 0x0000000425000000| Complete |  0
|  27|0x0000000425800000, 0x0000000426000000, 0x0000000426000000|100%| E|CS|TAMS 0x0000000425800000| PB 0x0000000425800000| Complete |  0
|  28|0x0000000426000000, 0x0000000426800000, 0x0000000426800000|100%| E|CS|TAMS 0x0000000426000000| PB 0x0000000426000000| Complete |  0
|  29|0x0000000426800000, 0x0000000427000000, 0x0000000427000000|100%| E|CS|TAMS 0x0000000426800000| PB 0x0000000426800000| Complete |  0
| 108|0x000000044e000000, 0x000000044e800000, 0x000000044e800000|100%| E|CS|TAMS 0x000000044e000000| PB 0x000000044e000000| Complete |  0
| 109|0x000000044e800000, 0x000000044f000000, 0x000000044f000000|100%| E|CS|TAMS 0x000000044e800000| PB 0x000000044e800000| Complete |  0
|1998|0x00000007ff000000, 0x00000007ff800000, 0x00000007ff800000|100%| O|  |TAMS 0x00000007ff000000| PB 0x00000007ff000000| Untracked |  0
|1999|0x00000007ff800000, 0x0000000800000000, 0x0000000800000000|100%| E|CS|TAMS 0x00000007ff800000| PB 0x00000007ff800000| Complete |  0

Card table byte_map: [0x00007f9dea4c0000,0x00007f9dec400000] _byte_map_base: 0x00007f9de8400000

Marking Bits: (CMBitMap*) 0x00007f9e0405aa80
 Bits: [0x00007f9ddaa00000, 0x00007f9dea400000)

Polling page: 0x00007f9e0d218000

Metaspace:
Metaspace        used 35845K, committed 36800K, reserved 1114112K
 class space     used 2275K, committed 2688K, reserved 1048576K

Usage:
  Non-class:     32.78 MB used.
      Class:      2.22 MB used.
       Both:     35.01 MB used.

Virtual space:
  Non-class space:       64.00 MB reserved,      33.31 MB ( 52%) committed,  1 nodes.
      Class space:        1.00 GB reserved,       2.62 MB ( <1%) committed,  1 nodes.
             Both:        1.06 GB reserved,      35.94 MB (  3%) committed. 

Chunk freelists:
   Non-Class:  14.23 MB
       Class:  13.39 MB
        Both:  27.62 MB

MaxMetaspaceSize: unlimited
CompressedClassSpaceSize: 1.00 GB
Initial GC threshold: 21.00 MB
Current GC threshold: 58.75 MB
CDS: on
 - commit_granule_bytes: 65536.
 - commit_granule_words: 8192.
 - virtual_space_node_default_size: 8388608.
 - enlarge_chunks_in_place: 1.
UseCompressedClassPointers 1, UseCompactObjectHeaders 0
Narrow klass pointer bits 32, Max shift 3
Narrow klass base: 0x0000000006000000, Narrow klass shift: 0
Encoding Range: [0x0000000006000000 - 0x0000000106000000), (4294967296 bytes)
Klass Range:    [0x0000000006001000 - 0x0000000047000000), (1090514944 bytes)
Klass ID Range:  [4096 - 1090519033) (1090514937)
Protection zone: [0x0000000006000000 - 0x0000000006001000), (4096 bytes)


Internal statistics:

num_allocs_failed_limit: 26.
num_arena_births: 1358.
num_arena_deaths: 0.
num_vsnodes_births: 2.
num_vsnodes_deaths: 0.
num_space_committed: 558.
num_space_uncommitted: 0.
num_chunks_returned_to_freelist: 26.
num_chunks_taken_from_freelist: 2601.
num_chunk_merges: 26.
num_chunk_splits: 1787.
num_chunks_enlarged: 1169.
num_inconsistent_stats: 0.

CodeHeap 'non-profiled nmethods': size=119172Kb used=7685Kb max_used=7685Kb free=111486Kb
 bounds [0x00007f9df3f9f000, 0x00007f9df473f000, 0x00007f9dfb400000]
CodeHeap 'profiled nmethods': size=119164Kb used=29751Kb max_used=29751Kb free=89412Kb
 bounds [0x00007f9dec400000, 0x00007f9dee220000, 0x00007f9df385f000]
CodeHeap 'non-nmethods': size=7424Kb used=4263Kb max_used=4337Kb free=3160Kb
 bounds [0x00007f9df385f000, 0x00007f9df3caf000, 0x00007f9df3f9f000]
CodeCache: size=245760Kb, used=41699Kb, max_used=41773Kb, free=204058Kb
 total_blobs=9816, nmethods=8171, adapters=630, full_count=0
Compilation: enabled, stopped_count=0, restarted_count=0

Compilation events (20 events):
Event: 13.699 Thread 0x00007f9e0410e240 9095       3       com.dylibso.chicory.wabt.Wat2WasmModuleMachineFuncGroup_0::func_39 (280 bytes)
Event: 13.701 Thread 0x00007f9d883ebee0 nmethod 9094 0x00007f9dec6d8208 code [0x00007f9dec6d8300, 0x00007f9dec6da900]
Event: 13.701 Thread 0x00007f9e0410e240 nmethod 9095 0x00007f9dec70e708 code [0x00007f9dec70e800, 0x00007f9dec711848]
Event: 13.709 Thread 0x00007f9d901c4ca0 nmethod 9092 0x00007f9df41b8c08 code [0x00007f9df41b8d00, 0x00007f9df41bae78]
Event: 13.709 Thread 0x00007f9d901c4ca0 9093       4       java.lang.classfile.constantpool.ConstantPoolBuilder::nameAndTypeEntry (21 bytes)
Event: 13.711 Thread 0x00007f9d901c4ca0 nmethod 9093 0x00007f9df40a8e08 code [0x00007f9df40a8f00, 0x00007f9df40a91b8]
Event: 13.719 Thread 0x00007f9d901c4ca0 9096       4       jdk.internal.classfile.impl.SplitConstantPool::fieldRefEntry (72 bytes)
Event: 13.733 Thread 0x00007f9d844611c0 9099       3       java.lang.Class::arrayContentsEq (70 bytes)
Event: 13.734 Thread 0x00007f9e0410e240 9098       3       java.lang.Class::getDeclaredMethod (42 bytes)
Event: 13.734 Thread 0x00007f9d844611c0 nmethod 9099 0x00007f9dec620e88 code [0x00007f9dec620f80, 0x00007f9dec621370]
Event: 13.734 Thread 0x00007f9e0410e240 nmethod 9098 0x00007f9dec43af08 code [0x00007f9dec43b000, 0x00007f9dec43b750]
Event: 13.738 Thread 0x00007f9e0410c850 nmethod 9080 0x00007f9df4724008 code [0x00007f9df4724100, 0x00007f9df4727468]
Event: 13.739 Thread 0x00007f9e0410c850 9100       4       java.util.ImmutableCollections$MapN::get (35 bytes)
Event: 13.740 Thread 0x00007f9d901c4ca0 nmethod 9096 0x00007f9df4727508 code [0x00007f9df4727620, 0x00007f9df472a160]
Event: 13.740 Thread 0x00007f9d901c4ca0 9097       4       java.lang.StringLatin1$CharsSpliterator::estimateSize (11 bytes)
Event: 13.741 Thread 0x00007f9d901c4ca0 nmethod 9097 0x00007f9df40a1708 code [0x00007f9df40a1800, 0x00007f9df40a1880]
Event: 13.747 Thread 0x00007f9e0410e240 9101       3       com.dylibso.chicory.cranelift.CraneliftMachineFuncGroup_0::func_3874 (923 bytes)
Event: 13.748 Thread 0x00007f9e0410c850 nmethod 9100 0x00007f9df4053508 code [0x00007f9df4053600, 0x00007f9df4054018]
Event: 13.752 Thread 0x00007f9d883ed840 nmethod 9075 0x00007f9df472a188 code [0x00007f9df472a280, 0x00007f9df47327c8]
Event: 13.753 Thread 0x00007f9e0410e240 nmethod 9101 0x00007f9dee20f388 code [0x00007f9dee20f4a0, 0x00007f9dee2189a8]

GC Heap Usage History (20 events):
Event: 8.491 {heap Before GC invocations=21 (full 0):
 garbage-first heap   total reserved 16384000K, committed 335872K, used 246275K [0x0000000418000000, 0x0000000800000000)
  region size 8192K, 24 young (196608K), 1 survivors (8192K)
}
Event: 8.493 {heap After GC invocations=22 (full 0):
 garbage-first heap   total reserved 16384000K, committed 335872K, used 56536K [0x0000000418000000, 0x0000000800000000)
  region size 8192K, 1 young (8192K), 1 survivors (8192K)
}
Event: 8.760 {heap Before GC invocations=22 (full 0):
 garbage-first heap   total reserved 16384000K, committed 335872K, used 236760K [0x0000000418000000, 0x0000000800000000)
  region size 8192K, 24 young (196608K), 1 survivors (8192K)
}
Event: 8.762 {heap After GC invocations=23 (full 0):
 garbage-first heap   total reserved 16384000K, committed 335872K, used 57659K [0x0000000418000000, 0x0000000800000000)
  region size 8192K, 1 young (8192K), 1 survivors (8192K)
}
Event: 9.003 {heap Before GC invocations=23 (full 0):
 garbage-first heap   total reserved 16384000K, committed 335872K, used 246075K [0x0000000418000000, 0x0000000800000000)
  region size 8192K, 24 young (196608K), 1 survivors (8192K)
}
Event: 9.005 {heap After GC invocations=24 (full 0):
 garbage-first heap   total reserved 16384000K, committed 335872K, used 57388K [0x0000000418000000, 0x0000000800000000)
  region size 8192K, 1 young (8192K), 1 survivors (8192K)
}
Event: 9.569 {heap Before GC invocations=24 (full 0):
 garbage-first heap   total reserved 16384000K, committed 335872K, used 245804K [0x0000000418000000, 0x0000000800000000)
  region size 8192K, 24 young (196608K), 1 survivors (8192K)
}
Event: 9.572 {heap After GC invocations=25 (full 0):
 garbage-first heap   total reserved 16384000K, committed 335872K, used 59387K [0x0000000418000000, 0x0000000800000000)
  region size 8192K, 1 young (8192K), 1 survivors (8192K)
}
Event: 10.142 {heap Before GC invocations=25 (full 0):
 garbage-first heap   total reserved 16384000K, committed 335872K, used 247803K [0x0000000418000000, 0x0000000800000000)
  region size 8192K, 24 young (196608K), 1 survivors (8192K)
}
Event: 10.151 {heap After GC invocations=26 (full 0):
 garbage-first heap   total reserved 16384000K, committed 335872K, used 61977K [0x0000000418000000, 0x0000000800000000)
  region size 8192K, 1 young (8192K), 1 survivors (8192K)
}
Event: 10.917 {heap Before GC invocations=26 (full 0):
 garbage-first heap   total reserved 16384000K, committed 335872K, used 250393K [0x0000000418000000, 0x0000000800000000)
  region size 8192K, 24 young (196608K), 1 survivors (8192K)
}
Event: 10.925 {heap After GC invocations=27 (full 0):
 garbage-first heap   total reserved 16384000K, committed 409600K, used 64896K [0x0000000418000000, 0x0000000800000000)
  region size 8192K, 2 young (16384K), 2 survivors (16384K)
}
Event: 11.528 {heap Before GC invocations=27 (full 0):
 garbage-first heap   total reserved 16384000K, committed 409600K, used 286080K [0x0000000418000000, 0x0000000800000000)
  region size 8192K, 30 young (245760K), 2 survivors (16384K)
}
Event: 11.533 {heap After GC invocations=28 (full 0):
 garbage-first heap   total reserved 16384000K, committed 409600K, used 65212K [0x0000000418000000, 0x0000000800000000)
  region size 8192K, 2 young (16384K), 2 survivors (16384K)
}
Event: 12.371 {heap Before GC invocations=28 (full 0):
 garbage-first heap   total reserved 16384000K, committed 409600K, used 294588K [0x0000000418000000, 0x0000000800000000)
  region size 8192K, 30 young (245760K), 2 survivors (16384K)
}
Event: 12.375 {heap After GC invocations=29 (full 0):
 garbage-first heap   total reserved 16384000K, committed 409600K, used 66983K [0x0000000418000000, 0x0000000800000000)
  region size 8192K, 2 young (16384K), 2 survivors (16384K)
}
Event: 12.485 {heap Before GC invocations=29 (full 0):
 garbage-first heap   total reserved 16384000K, committed 409600K, used 116135K [0x0000000418000000, 0x0000000800000000)
  region size 8192K, 9 young (73728K), 2 survivors (16384K)
}
Event: 12.489 {heap After GC invocations=30 (full 0):
 garbage-first heap   total reserved 16384000K, committed 409600K, used 65626K [0x0000000418000000, 0x0000000800000000)
  region size 8192K, 2 young (16384K), 2 survivors (16384K)
}
Event: 13.205 {heap Before GC invocations=31 (full 0):
 garbage-first heap   total reserved 16384000K, committed 278528K, used 213082K [0x0000000418000000, 0x0000000800000000)
  region size 8192K, 20 young (163840K), 2 survivors (16384K)
}
Event: 13.213 {heap After GC invocations=32 (full 0):
 garbage-first heap   total reserved 16384000K, committed 278528K, used 67383K [0x0000000418000000, 0x0000000800000000)
  region size 8192K, 2 young (16384K), 2 survivors (16384K)
}

Metaspace Usage History (20 events):
Event: 8.491 {metaspace Before GC invocations=21 (full 0):
 Metaspace       used 32242K, committed 32832K, reserved 1114112K
  class space    used 1774K, committed 2048K, reserved 1048576K
}
Event: 8.493 {metaspace After GC invocations=22 (full 0):
 Metaspace       used 32242K, committed 32832K, reserved 1114112K
  class space    used 1774K, committed 2048K, reserved 1048576K
}
Event: 8.760 {metaspace Before GC invocations=22 (full 0):
 Metaspace       used 32896K, committed 33472K, reserved 1114112K
  class space    used 1774K, committed 2048K, reserved 1048576K
}
Event: 8.762 {metaspace After GC invocations=23 (full 0):
 Metaspace       used 32896K, committed 33472K, reserved 1114112K
  class space    used 1774K, committed 2048K, reserved 1048576K
}
Event: 9.003 {metaspace Before GC invocations=23 (full 0):
 Metaspace       used 32919K, committed 33472K, reserved 1114112K
  class space    used 1775K, committed 2048K, reserved 1048576K
}
Event: 9.005 {metaspace After GC invocations=24 (full 0):
 Metaspace       used 32919K, committed 33472K, reserved 1114112K
  class space    used 1775K, committed 2048K, reserved 1048576K
}
Event: 9.569 {metaspace Before GC invocations=24 (full 0):
 Metaspace       used 33301K, committed 33920K, reserved 1114112K
  class space    used 1811K, committed 2112K, reserved 1048576K
}
Event: 9.572 {metaspace After GC invocations=25 (full 0):
 Metaspace       used 33301K, committed 33920K, reserved 1114112K
  class space    used 1811K, committed 2112K, reserved 1048576K
}
Event: 10.142 {metaspace Before GC invocations=25 (full 0):
 Metaspace       used 33720K, committed 34368K, reserved 1114112K
  class space    used 1853K, committed 2176K, reserved 1048576K
}
Event: 10.151 {metaspace After GC invocations=26 (full 0):
 Metaspace       used 33720K, committed 34368K, reserved 1114112K
  class space    used 1853K, committed 2176K, reserved 1048576K
}
Event: 10.917 {metaspace Before GC invocations=26 (full 0):
 Metaspace       used 34014K, committed 34688K, reserved 1114112K
  class space    used 1869K, committed 2176K, reserved 1048576K
}
Event: 10.925 {metaspace After GC invocations=27 (full 0):
 Metaspace       used 34014K, committed 34688K, reserved 1114112K
  class space    used 1869K, committed 2176K, reserved 1048576K
}
Event: 11.528 {metaspace Before GC invocations=27 (full 0):
 Metaspace       used 34414K, committed 35200K, reserved 1114112K
  class space    used 1964K, committed 2304K, reserved 1048576K
}
Event: 11.533 {metaspace After GC invocations=28 (full 0):
 Metaspace       used 34414K, committed 35200K, reserved 1114112K
  class space    used 1964K, committed 2304K, reserved 1048576K
}
Event: 12.371 {metaspace Before GC invocations=28 (full 0):
 Metaspace       used 35056K, committed 35840K, reserved 1114112K
  class space    used 2075K, committed 2432K, reserved 1048576K
}
Event: 12.375 {metaspace After GC invocations=29 (full 0):
 Metaspace       used 35056K, committed 35840K, reserved 1114112K
  class space    used 2075K, committed 2432K, reserved 1048576K
}
Event: 12.485 {metaspace Before GC invocations=29 (full 0):
 Metaspace       used 35162K, committed 36096K, reserved 1114112K
  class space    used 2096K, committed 2496K, reserved 1048576K
}
Event: 12.489 {metaspace After GC invocations=30 (full 0):
 Metaspace       used 35162K, committed 36096K, reserved 1114112K
  class space    used 2096K, committed 2496K, reserved 1048576K
}
Event: 13.205 {metaspace Before GC invocations=31 (full 0):
 Metaspace       used 35638K, committed 36544K, reserved 1114112K
  class space    used 2226K, committed 2624K, reserved 1048576K
}
Event: 13.213 {metaspace After GC invocations=32 (full 0):
 Metaspace       used 35638K, committed 36544K, reserved 1114112K
  class space    used 2226K, committed 2624K, reserved 1048576K
}

Dll operation events (9 events):
Event: 0.001 Loaded shared library /home/andreatp/.sdkman/candidates/java/25-tem/lib/libjava.so
Event: 0.013 Loaded shared library /home/andreatp/.sdkman/candidates/java/25-tem/lib/libsimdsort.so
Event: 0.021 Loaded shared library /home/andreatp/.sdkman/candidates/java/25-tem/lib/libnio.so
Event: 0.023 Loaded shared library /home/andreatp/.sdkman/candidates/java/25-tem/lib/libzip.so
Event: 0.055 Loaded shared library /home/andreatp/.sdkman/candidates/java/25-tem/lib/libmanagement.so
Event: 0.057 Loaded shared library /home/andreatp/.sdkman/candidates/java/25-tem/lib/libmanagement_ext.so
Event: 0.072 Loaded shared library /home/andreatp/.sdkman/candidates/java/25-tem/lib/libjimage.so
Event: 4.561 Loaded shared library /home/andreatp/.sdkman/candidates/java/25-tem/lib/libnet.so
Event: 5.179 Loaded shared library /home/andreatp/.sdkman/candidates/java/25-tem/lib/libsyslookup.so

Deoptimization events (20 events):
Event: 13.036 Thread 0x00007f9e0402b810 Uncommon trap: trap_request=0xffffff45 fr.pc=0x00007f9df41af518 relative=0x0000000000000118
Event: 13.036 Thread 0x00007f9e0402b810 Uncommon trap: reason=unstable_if action=reinterpret pc=0x00007f9df41af518 method=com.dylibso.chicory.wasm.Validator.getLocalType(I)Lcom/dylibso/chicory/wasm/types/ValType; @ 10 c2
Event: 13.036 Thread 0x00007f9e0402b810 DEOPT PACKING pc=0x00007f9df41af518 sp=0x00007f9e0b70d8a0
Event: 13.036 Thread 0x00007f9e0402b810 DEOPT UNPACKING pc=0x00007f9df39910f9 sp=0x00007f9e0b70d858 mode 2
Event: 13.268 Thread 0x00007f9e0402b810 Uncommon trap: trap_request=0xffffffde fr.pc=0x00007f9df449072c relative=0x000000000000162c
Event: 13.268 Thread 0x00007f9e0402b810 Uncommon trap: reason=class_check action=maybe_recompile pc=0x00007f9df449072c method=com.dylibso.chicory.runtime.Instance.initialize(Z)Lcom/dylibso/chicory/runtime/Instance; @ 173 c2
Event: 13.268 Thread 0x00007f9e0402b810 DEOPT PACKING pc=0x00007f9df449072c sp=0x00007f9e0b70df50
Event: 13.268 Thread 0x00007f9e0402b810 DEOPT UNPACKING pc=0x00007f9df39910f9 sp=0x00007f9e0b70def0 mode 2
Event: 13.288 Thread 0x00007f9e0402b810 Uncommon trap: trap_request=0xffffff45 fr.pc=0x00007f9df41b3a80 relative=0x0000000000000180
Event: 13.288 Thread 0x00007f9e0402b810 Uncommon trap: reason=unstable_if action=reinterpret pc=0x00007f9df41b3a80 method=com.dylibso.chicory.wasm.Validator.setLocal(I)V @ 10 c2
Event: 13.288 Thread 0x00007f9e0402b810 DEOPT PACKING pc=0x00007f9df41b3a80 sp=0x00007f9e0b70d8a0
Event: 13.288 Thread 0x00007f9e0402b810 DEOPT UNPACKING pc=0x00007f9df39910f9 sp=0x00007f9e0b70d868 mode 2
Event: 13.570 Thread 0x00007f9e0402b810 Uncommon trap: trap_request=0xffffff45 fr.pc=0x00007f9df46d7e3c relative=0x0000000000003f9c
Event: 13.570 Thread 0x00007f9e0402b810 Uncommon trap: reason=unstable_if action=reinterpret pc=0x00007f9df46d7e3c method=com.dylibso.chicory.cranelift.CraneliftMachineFuncGroup_0.func_3874(IIILcom/dylibso/chicory/runtime/Memory;Lcom/dylibso/chicory/runtime/Instance;)V @ 248 c2
Event: 13.570 Thread 0x00007f9e0402b810 DEOPT PACKING pc=0x00007f9df46d7e3c sp=0x00007f9e0b70c270
Event: 13.570 Thread 0x00007f9e0402b810 DEOPT UNPACKING pc=0x00007f9df39910f9 sp=0x00007f9e0b70c298 mode 2
Event: 13.640 Thread 0x00007f9e0402b810 Uncommon trap: trap_request=0xffffffde fr.pc=0x00007f9df449072c relative=0x000000000000162c
Event: 13.640 Thread 0x00007f9e0402b810 Uncommon trap: reason=class_check action=maybe_recompile pc=0x00007f9df449072c method=com.dylibso.chicory.runtime.Instance.initialize(Z)Lcom/dylibso/chicory/runtime/Instance; @ 173 c2
Event: 13.640 Thread 0x00007f9e0402b810 DEOPT PACKING pc=0x00007f9df449072c sp=0x00007f9e0b70df50
Event: 13.640 Thread 0x00007f9e0402b810 DEOPT UNPACKING pc=0x00007f9df39910f9 sp=0x00007f9e0b70def0 mode 2

Classes loaded (20 events):
Event: 6.157 Loading class java/lang/StackTraceElement$HashedModules
Event: 6.157 Loading class java/lang/StackTraceElement$HashedModules done
Event: 6.158 Loading class java/util/AbstractList$RandomAccessSubList
Event: 6.158 Loading class java/util/AbstractList$SubList
Event: 6.158 Loading class java/util/AbstractList$SubList done
Event: 6.158 Loading class java/util/AbstractList$RandomAccessSubList done
Event: 6.158 Loading class java/util/AbstractList$SubList$1
Event: 6.158 Loading class java/util/AbstractList$SubList$1 done
Event: 6.160 Loading class java/io/PrintWriter
Event: 6.160 Loading class java/io/PrintWriter done
Event: 6.160 Loading class java/lang/Throwable$WrappedPrintWriter
Event: 6.160 Loading class java/lang/Throwable$PrintStreamOrWriter
Event: 6.160 Loading class java/lang/Throwable$PrintStreamOrWriter done
Event: 6.160 Loading class java/lang/Throwable$WrappedPrintWriter done
Event: 12.949 Loading class java/lang/invoke/BoundMethodHandle$Species_LLLLLLLL
Event: 12.949 Loading class java/lang/invoke/BoundMethodHandle$Species_LLLLLLLL done
Event: 12.950 Loading class java/lang/invoke/BoundMethodHandle$Species_LLLLLLLLL
Event: 12.950 Loading class java/lang/invoke/BoundMethodHandle$Species_LLLLLLLLL done
Event: 12.954 Loading class java/lang/invoke/BoundMethodHandle$Species_LLLLLLLLLL
Event: 12.954 Loading class java/lang/invoke/BoundMethodHandle$Species_LLLLLLLLLL done

Classes unloaded (0 events):
No events

Classes redefined (0 events):
No events

Internal exceptions (20 events):
Event: 12.449 Thread 0x00007f9e0402b810 Exception <a 'java/lang/NoSuchMethodError'{0x0000000450ae6bc0}: 'void java.lang.invoke.DirectMethodHandle$Holder.invokeSpecial(java.lang.Object, java.lang.Object, long, long)'> (0x0000000450ae6bc0) 
thrown [src/hotspot/share/interpreter/linkResolver.cpp, line 803]
Event: 12.449 Thread 0x00007f9e0402b810 Exception <a 'java/lang/NoSuchMethodError'{0x0000000450aef120}: 'void java.lang.invoke.Invokers$Holder.exactInvoker(java.lang.Object, java.lang.Object, long, long)'> (0x0000000450aef120) 
thrown [src/hotspot/share/interpreter/linkResolver.cpp, line 803]
Event: 12.449 Thread 0x00007f9e0402b810 Exception <a 'java/lang/NoSuchMethodError'{0x0000000450af7d58}: 'void java.lang.invoke.DelegatingMethodHandle$Holder.delegate(java.lang.Object, java.lang.Object, long, long)'> (0x0000000450af7d58) 
thrown [src/hotspot/share/interpreter/linkResolver.cpp, line 803]
Event: 12.450 Thread 0x00007f9e0402b810 Exception <a 'java/lang/ArrayIndexOutOfBoundsException'{0x0000000450b69ff0}: Index 1 out of bounds for length 1> (0x0000000450b69ff0) 
thrown [src/hotspot/share/interpreter/interpreterRuntime.cpp, line 420]
Event: 12.450 Thread 0x00007f9e0402b810 Exception <a 'java/lang/ArrayIndexOutOfBoundsException'{0x0000000450b7ee28}: Index 1 out of bounds for length 1> (0x0000000450b7ee28) 
thrown [src/hotspot/share/interpreter/interpreterRuntime.cpp, line 420]
Event: 12.451 Thread 0x00007f9e0402b810 Exception <a 'java/lang/ArrayIndexOutOfBoundsException'{0x0000000450b935c0}: Index 1 out of bounds for length 1> (0x0000000450b935c0) 
thrown [src/hotspot/share/interpreter/interpreterRuntime.cpp, line 420]
Event: 12.451 Thread 0x00007f9e0402b810 Exception <a 'java/lang/ArrayIndexOutOfBoundsException'{0x0000000450ba7d58}: Index 1 out of bounds for length 1> (0x0000000450ba7d58) 
thrown [src/hotspot/share/interpreter/interpreterRuntime.cpp, line 420]
Event: 12.456 Thread 0x00007f9e0402b810 Implicit null exception at 0x00007f9df468b660 to 0x00007f9df468ff18
Event: 12.941 Thread 0x00007f9e0402b810 Exception <a 'java/lang/NoSuchMethodError'{0x0000000421c7edf0}: 'void java.lang.invoke.DirectMethodHandle$Holder.invokeStaticInit(java.lang.Object, java.lang.Object, java.lang.Object, java.lang.Object, java.lang.Object, long, float, double, int, int)'> (0x0000000421c7edf0) 
thrown [src/hotspot/share/interpreter/linkResolver.cpp, line 803]
Event: 12.941 Thread 0x00007f9e0402b810 Exception <a 'java/lang/NoSuchMethodError'{0x0000000421c8fcf0}: 'void java.lang.invoke.DelegatingMethodHandle$Holder.reinvoke_L(java.lang.Object, java.lang.Object, java.lang.Object, java.lang.Object, java.lang.Object, long, float, double, int, int)'> (0x0000000421c8fcf0) 
thrown [src/hotspot/share/interpreter/linkResolver.cpp, line 803]
Event: 12.943 Thread 0x00007f9e0402b810 Exception <a 'java/lang/NoSuchMethodError'{0x0000000421cdb958}: 'double java.lang.invoke.DirectMethodHandle$Holder.invokeStaticInit(java.lang.Object, java.lang.Object, java.lang.Object, java.lang.Object, java.lang.Object, long, float, double, int, int)'> (0x0000000421cdb958) 
thrown [src/hotspot/share/interpreter/linkResolver.cpp, line 803]
Event: 12.944 Thread 0x00007f9e0402b810 Exception <a 'java/lang/NoSuchMethodError'{0x0000000421cec858}: 'double java.lang.invoke.DelegatingMethodHandle$Holder.reinvoke_L(java.lang.Object, java.lang.Object, java.lang.Object, java.lang.Object, java.lang.Object, long, float, double, int, int)'> (0x0000000421cec858) 
thrown [src/hotspot/share/interpreter/linkResolver.cpp, line 803]
Event: 12.947 Thread 0x00007f9e0402b810 Implicit null exception at 0x00007f9df45789e6 to 0x00007f9df4579164
Event: 12.947 Thread 0x00007f9e0402b810 Exception <a 'java/lang/NoSuchMethodError'{0x0000000421de25f0}: 'java.lang.Object java.lang.invoke.Invokers$Holder.invoker(java.lang.Object, java.lang.Object, java.lang.Object, java.lang.Object, java.lang.Object, java.lang.Object, java.lang.Object, java.lang.Object, java.lang.Object)'> (0x0000000421de25f0) 
thrown [src/hotspot/share/interpreter/linkResolver.cpp, line 803]
Event: 12.948 Thread 0x00007f9e0402b810 Implicit null exception at 0x00007f9df458effe to 0x00007f9df458f3b8
Event: 12.950 Thread 0x00007f9e0402b810 Exception <a 'java/lang/NoSuchMethodError'{0x0000000421e258f8}: 'java.lang.Object java.lang.invoke.DirectMethodHandle$Holder.invokeStatic(java.lang.Object, java.lang.Object, java.lang.Object, java.lang.Object, java.lang.Object, java.lang.Object, java.lang.Object, java.lang.Object, java.lang.Object, java.lang.Object, java.lang.Object)'> (0x0000000421e258f8) 
thrown [src/hotspot/share/interpreter/linkResolver.cpp, line 803]
Event: 12.951 Thread 0x00007f9e0402b810 Exception <a 'java/lang/NoSuchMethodError'{0x0000000421e4ce18}: 'java.lang.Object java.lang.invoke.DirectMethodHandle$Holder.invokeStatic(java.lang.Object, java.lang.Object, java.lang.Object, java.lang.Object, java.lang.Object, java.lang.Object, java.lang.Object, java.lang.Object, java.lang.Object, java.lang.Object, java.lang.Object, java.lang.Object)'> (0x0000000421e4ce18) 
thrown [src/hotspot/share/interpreter/linkResolver.cpp, line 803]
Event: 12.955 Thread 0x00007f9e0402b810 Exception <a 'java/lang/NoSuchMethodError'{0x0000000421ece500}: 'java.lang.Object java.lang.invoke.DirectMethodHandle$Holder.invokeStatic(java.lang.Object, java.lang.Object, java.lang.Object, java.lang.Object, java.lang.Object, java.lang.Object, java.lang.Object, java.lang.Object, java.lang.Object, java.lang.Object, java.lang.Object, java.lang.Object, java.lang.Object)'> (0x0000000421ece500) 
thrown [src/hotspot/share/interpreter/linkResolver.cpp, line 803]
Event: 13.019 Thread 0x00007f9e0402b810 Exception <a 'java/lang/NoSuchMethodError'{0x00000004208b8740}: 'long java.lang.invoke.DirectMethodHandle$Holder.invokeStaticInit(java.lang.Object, java.lang.Object, java.lang.Object, java.lang.Object, java.lang.Object, long, float, double, int, int)'> (0x00000004208b8740) 
thrown [src/hotspot/share/interpreter/linkResolver.cpp, line 803]
Event: 13.019 Thread 0x00007f9e0402b810 Exception <a 'java/lang/NoSuchMethodError'{0x00000004208c9640}: 'long java.lang.invoke.DelegatingMethodHandle$Holder.reinvoke_L(java.lang.Object, java.lang.Object, java.lang.Object, java.lang.Object, java.lang.Object, long, float, double, int, int)'> (0x00000004208c9640) 
thrown [src/hotspot/share/interpreter/linkResolver.cpp, line 803]

VM Operations (20 events):
Event: 9.569 Executing safepoint VM operation: G1CollectForAllocation (G1 Evacuation Pause)
Event: 9.572 Executing safepoint VM operation: G1CollectForAllocation (G1 Evacuation Pause) done
Event: 10.142 Executing safepoint VM operation: G1CollectForAllocation (G1 Evacuation Pause)
Event: 10.151 Executing safepoint VM operation: G1CollectForAllocation (G1 Evacuation Pause) done
Event: 10.917 Executing safepoint VM operation: G1CollectForAllocation (G1 Evacuation Pause)
Event: 10.925 Executing safepoint VM operation: G1CollectForAllocation (G1 Evacuation Pause) done
Event: 11.506 Executing non-safepoint VM operation: HandshakeAllThreads (Deoptimize)
Event: 11.506 Executing non-safepoint VM operation: HandshakeAllThreads (Deoptimize) done
Event: 11.528 Executing safepoint VM operation: G1CollectForAllocation (G1 Evacuation Pause)
Event: 11.533 Executing safepoint VM operation: G1CollectForAllocation (G1 Evacuation Pause) done
Event: 12.370 Executing safepoint VM operation: G1CollectForAllocation (G1 Evacuation Pause)
Event: 12.375 Executing safepoint VM operation: G1CollectForAllocation (G1 Evacuation Pause) done
Event: 12.485 Executing safepoint VM operation: G1TryInitiateConcMark (CodeCache GC Threshold)
Event: 12.490 Executing safepoint VM operation: G1TryInitiateConcMark (CodeCache GC Threshold) done
Event: 12.527 Executing safepoint VM operation: G1PauseRemark
Event: 12.538 Executing safepoint VM operation: G1PauseRemark done
Event: 12.562 Executing safepoint VM operation: G1PauseCleanup
Event: 12.562 Executing safepoint VM operation: G1PauseCleanup done
Event: 13.205 Executing safepoint VM operation: G1CollectForAllocation (G1 Evacuation Pause)
Event: 13.213 Executing safepoint VM operation: G1CollectForAllocation (G1 Evacuation Pause) done

Memory protections (20 events):
Event: 0.091 Protecting memory [0x00007f9dcadf9000,0x00007f9dcadfd000] with protection modes 0
Event: 0.099 Protecting memory [0x00007f9dcacf9000,0x00007f9dcacfd000] with protection modes 0
Event: 0.178 Protecting memory [0x00007f9dcabf9000,0x00007f9dcabfd000] with protection modes 0
Event: 0.341 Protecting memory [0x00007f9dcaaf9000,0x00007f9dcaafd000] with protection modes 0
Event: 0.349 Protecting memory [0x00007f9dca9f9000,0x00007f9dca9fd000] with protection modes 0
Event: 0.349 Protecting memory [0x00007f9dca8f9000,0x00007f9dca8fd000] with protection modes 0
Event: 0.565 Protecting memory [0x00007f9dc9bed000,0x00007f9dc9bf1000] with protection modes 0
Event: 2.024 Protecting memory [0x00007f9dcaef9000,0x00007f9dcaefd000] with protection modes 0
Event: 4.445 Protecting memory [0x00007f9dcb2f9000,0x00007f9dcb2fd000] with protection modes 0
Event: 4.446 Protecting memory [0x00007f9dcabf9000,0x00007f9dcabfd000] with protection modes 0
Event: 4.447 Protecting memory [0x00007f9dcb1f9000,0x00007f9dcb1fd000] with protection modes 0
Event: 4.447 Protecting memory [0x00007f9dcaef9000,0x00007f9dcaefd000] with protection modes 0
Event: 4.474 Protecting memory [0x00007f9dcaaf9000,0x00007f9dcaafd000] with protection modes 0
Event: 4.503 Protecting memory [0x00007f9dca9f9000,0x00007f9dca9fd000] with protection modes 0
Event: 4.503 Protecting memory [0x00007f9dca8f9000,0x00007f9dca8fd000] with protection modes 0
Event: 7.834 Protecting memory [0x00007f9dc9bed000,0x00007f9dc9bf1000] with protection modes 0
Event: 7.834 Protecting memory [0x00007f9dc98eb000,0x00007f9dc98ef000] with protection modes 0
Event: 7.834 Protecting memory [0x00007f9dc97eb000,0x00007f9dc97ef000] with protection modes 0
Event: 10.194 Protecting memory [0x00007f9dc97eb000,0x00007f9dc97ef000] with protection modes 0
Event: 11.043 Protecting memory [0x00007f9dcaef9000,0x00007f9dcaefd000] with protection modes 0

Nmethod flushes (20 events):
Event: 12.537 Thread 0x00007f9e040fb340 flushing  nmethod 0x00007f9dec8a7488
Event: 12.537 Thread 0x00007f9e040fb340 flushing  nmethod 0x00007f9dec8a7e08
Event: 12.537 Thread 0x00007f9e040fb340 flushing  nmethod 0x00007f9dec879f08
Event: 12.537 Thread 0x00007f9e040fb340 flushing osr nmethod 0x00007f9dec87a508
Event: 12.537 Thread 0x00007f9e040fb340 flushing  nmethod 0x00007f9dec886e88
Event: 12.537 Thread 0x00007f9e040fb340 flushing  nmethod 0x00007f9dec887a08
Event: 12.537 Thread 0x00007f9e040fb340 flushing  nmethod 0x00007f9dec887d08
Event: 12.537 Thread 0x00007f9e040fb340 flushing  nmethod 0x00007f9dec888088
Event: 12.537 Thread 0x00007f9e040fb340 flushing  nmethod 0x00007f9dec890d08
Event: 12.537 Thread 0x00007f9e040fb340 flushing  nmethod 0x00007f9dec891488
Event: 12.537 Thread 0x00007f9e040fb340 flushing  nmethod 0x00007f9dec892488
Event: 12.537 Thread 0x00007f9e040fb340 flushing  nmethod 0x00007f9dec8a9808
Event: 12.537 Thread 0x00007f9e040fb340 flushing  nmethod 0x00007f9dec8a9b08
Event: 12.537 Thread 0x00007f9e040fb340 flushing  nmethod 0x00007f9dec8a9f88
Event: 12.537 Thread 0x00007f9e040fb340 flushing  nmethod 0x00007f9dec8aa288
Event: 12.537 Thread 0x00007f9e040fb340 flushing  nmethod 0x00007f9dec8aa888
Event: 12.537 Thread 0x00007f9e040fb340 flushing  nmethod 0x00007f9dec8ac088
Event: 12.537 Thread 0x00007f9e040fb340 flushing  nmethod 0x00007f9dec8ad208
Event: 12.537 Thread 0x00007f9e040fb340 flushing  nmethod 0x00007f9dec8add88
Event: 12.537 Thread 0x00007f9e040fb340 flushing  nmethod 0x00007f9dec8aeb88

Events (20 events):
Event: 3.317 Thread 0x00007f9d84057e10 Thread exited: 0x00007f9d84057e10
Event: 3.328 Thread 0x00007f9d84056210 Thread exited: 0x00007f9d84056210
Event: 4.445 Thread 0x00007f9e0410e240 Thread added: 0x00007f9d844611c0
Event: 4.446 Thread 0x00007f9d844611c0 Thread added: 0x00007f9d883ebee0
Event: 4.446 Thread 0x00007f9d844611c0 Thread added: 0x00007f9d883ed840
Event: 4.447 Thread 0x00007f9e0410e240 Thread added: 0x00007f9d844646f0
Event: 4.474 Thread 0x00007f9e0410c850 Thread added: 0x00007f9d901c4ca0
Event: 4.503 Thread 0x00007f9d844611c0 Thread added: 0x00007f9d883f1380
Event: 4.503 Thread 0x00007f9d844611c0 Thread added: 0x00007f9d883f23e0
Event: 7.834 Thread 0x00007f9d901c4ca0 Thread added: 0x00007f9d68569e90
Event: 7.834 Thread 0x00007f9d901c4ca0 Thread added: 0x00007f9d6856ab70
Event: 7.834 Thread 0x00007f9d901c4ca0 Thread added: 0x00007f9d6856bf40
Event: 8.116 Thread 0x00007f9d6856bf40 Thread exited: 0x00007f9d6856bf40
Event: 10.190 Thread 0x00007f9d844646f0 Thread added: 0x00007f9d78e54040
Event: 10.875 Thread 0x00007f9d844646f0 Thread exited: 0x00007f9d844646f0
Event: 11.043 Thread 0x00007f9e0410e240 Thread added: 0x00007f9d847e6c20
Event: 11.053 Thread 0x00007f9d78e54040 Thread exited: 0x00007f9d78e54040
Event: 11.138 Thread 0x00007f9d6856ab70 Thread exited: 0x00007f9d6856ab70
Event: 13.111 Thread 0x00007f9d68569e90 Thread exited: 0x00007f9d68569e90
Event: 13.316 Thread 0x00007f9d883f23e0 Thread exited: 0x00007f9d883f23e0


Dynamic libraries:
06000000-06001000 ---p 00000000 00:00 0 
06001000-06d8c000 rw-p 00001000 00:24 62088005                           /home/andreatp/.sdkman/candidates/java/25-tem/lib/server/classes.jsa
06d8c000-07000000 ---p 00000000 00:00 0 
07000000-07040000 rw-p 00000000 00:00 0 
07040000-07140000 rw-p 00000000 00:00 0 
07140000-07180000 rw-p 00000000 00:00 0 
07180000-072a0000 rw-p 00000000 00:00 0 
072a0000-47000000 ---p 00000000 00:00 0 
418000000-427000000 rw-p 00000000 00:00 0 
427000000-44e000000 ---p 00000000 00:00 0 
44e000000-44f000000 rw-p 00000000 00:00 0 
44f000000-7ff000000 ---p 00000000 00:00 0 
7ff000000-7ff800000 rw-p 00000000 00:00 0 
7ff800000-7ff921000 rw-p 00dbf000 00:24 62088005                         /home/andreatp/.sdkman/candidates/java/25-tem/lib/server/classes.jsa
7ff921000-800000000 rw-p 00000000 00:00 0 
55ad2c930000-55ad2c931000 r--p 00000000 00:24 62087964                   /home/andreatp/.sdkman/candidates/java/25-tem/bin/java
55ad2c931000-55ad2c932000 r-xp 00001000 00:24 62087964                   /home/andreatp/.sdkman/candidates/java/25-tem/bin/java
55ad2c932000-55ad2c933000 r--p 00002000 00:24 62087964                   /home/andreatp/.sdkman/candidates/java/25-tem/bin/java
55ad2c933000-55ad2c934000 r--p 00002000 00:24 62087964                   /home/andreatp/.sdkman/candidates/java/25-tem/bin/java
55ad2c934000-55ad2c935000 rw-p 00003000 00:24 62087964                   /home/andreatp/.sdkman/candidates/java/25-tem/bin/java
55ad6be01000-55ad6be4a000 rw-p 00000000 00:00 0                          [heap]
7f9d14000000-7f9d15698000 rw-p 00000000 00:00 0 
7f9d15698000-7f9d18000000 ---p 00000000 00:00 0 
7f9d1c000000-7f9d1d627000 rw-p 00000000 00:00 0 
7f9d1d627000-7f9d20000000 ---p 00000000 00:00 0 
7f9d20000000-7f9d2141d000 rw-p 00000000 00:00 0 
7f9d2141d000-7f9d24000000 ---p 00000000 00:00 0 
7f9d24000000-7f9d25e26000 rw-p 00000000 00:00 0 
7f9d25e26000-7f9d28000000 ---p 00000000 00:00 0 
7f9d28000000-7f9d28021000 rw-p 00000000 00:00 0 
7f9d28021000-7f9d2c000000 ---p 00000000 00:00 0 
7f9d2c000000-7f9d2c021000 rw-p 00000000 00:00 0 
7f9d2c021000-7f9d30000000 ---p 00000000 00:00 0 
7f9d30000000-7f9d30021000 rw-p 00000000 00:00 0 
7f9d30021000-7f9d34000000 ---p 00000000 00:00 0 
7f9d34000000-7f9d34021000 rw-p 00000000 00:00 0 
7f9d34021000-7f9d38000000 ---p 00000000 00:00 0 
7f9d38000000-7f9d38076000 rw-p 00000000 00:00 0 
7f9d38076000-7f9d3c000000 ---p 00000000 00:00 0 
7f9d3c000000-7f9d3c021000 rw-p 00000000 00:00 0 
7f9d3c021000-7f9d40000000 ---p 00000000 00:00 0 
7f9d40000000-7f9d40021000 rw-p 00000000 00:00 0 
7f9d40021000-7f9d44000000 ---p 00000000 00:00 0 
7f9d44000000-7f9d44021000 rw-p 00000000 00:00 0 
7f9d44021000-7f9d48000000 ---p 00000000 00:00 0 
7f9d48000000-7f9d4805a000 rw-p 00000000 00:00 0 
7f9d4805a000-7f9d4c000000 ---p 00000000 00:00 0 
7f9d4c000000-7f9d4c021000 rw-p 00000000 00:00 0 
7f9d4c021000-7f9d50000000 ---p 00000000 00:00 0 
7f9d50000000-7f9d50021000 rw-p 00000000 00:00 0 
7f9d50021000-7f9d54000000 ---p 00000000 00:00 0 
7f9d54000000-7f9d54021000 rw-p 00000000 00:00 0 
7f9d54021000-7f9d58000000 ---p 00000000 00:00 0 
7f9d58000000-7f9d58021000 rw-p 00000000 00:00 0 
7f9d58021000-7f9d5c000000 ---p 00000000 00:00 0 
7f9d5c000000-7f9d5e269000 rw-p 00000000 00:00 0 
7f9d5e269000-7f9d60000000 ---p 00000000 00:00 0 
7f9d60000000-7f9d61101000 rw-p 00000000 00:00 0 
7f9d61101000-7f9d64000000 ---p 00000000 00:00 0 
7f9d64000000-7f9d651c6000 rw-p 00000000 00:00 0 
7f9d651c6000-7f9d68000000 ---p 00000000 00:00 0 
7f9d68000000-7f9d69d00000 rw-p 00000000 00:00 0 
7f9d69d00000-7f9d6c000000 ---p 00000000 00:00 0 
7f9d6c000000-7f9d6c021000 rw-p 00000000 00:00 0 
7f9d6c021000-7f9d70000000 ---p 00000000 00:00 0 
7f9d70000000-7f9d70021000 rw-p 00000000 00:00 0 
7f9d70021000-7f9d74000000 ---p 00000000 00:00 0 
7f9d74000000-7f9d74021000 rw-p 00000000 00:00 0 
7f9d74021000-7f9d78000000 ---p 00000000 00:00 0 
7f9d78000000-7f9d7960e000 rw-p 00000000 00:00 0 
7f9d7960e000-7f9d7c000000 ---p 00000000 00:00 0 
7f9d7c000000-7f9d7de81000 rw-p 00000000 00:00 0 
7f9d7de81000-7f9d80000000 ---p 00000000 00:00 0 
7f9d80000000-7f9d80021000 rw-p 00000000 00:00 0 
7f9d80021000-7f9d84000000 ---p 00000000 00:00 0 
7f9d84000000-7f9d84f74000 rw-p 00000000 00:00 0 
7f9d84f74000-7f9d88000000 ---p 00000000 00:00 0 
7f9d88000000-7f9d89590000 rw-p 00000000 00:00 0 
7f9d89590000-7f9d8c000000 ---p 00000000 00:00 0 
7f9d8c000000-7f9d8c021000 rw-p 00000000 00:00 0 
7f9d8c021000-7f9d90000000 ---p 00000000 00:00 0 
7f9d90000000-7f9d92369000 rw-p 00000000 00:00 0 
7f9d92369000-7f9d94000000 ---p 00000000 00:00 0 
7f9d94000000-7f9d9403d000 rw-p 00000000 00:00 0 
7f9d9403d000-7f9d98000000 ---p 00000000 00:00 0 
7f9d9a000000-7f9da7e70000 r--p 00000000 00:24 16857077                   /usr/lib/locale/locale-archive
7f9da8000000-7f9da8400000 rw-p 00000000 00:00 0 
7f9da8400000-7f9da8fc0000 rw-p 00000000 00:00 0 
7f9da8fc0000-7f9da9100000 rw-p 00000000 00:00 0 
7f9da9100000-7f9da91c0000 rw-p 00000000 00:00 0 
7f9da91c0000-7f9da9720000 rw-p 00000000 00:00 0 
7f9da9720000-7f9da9840000 rw-p 00000000 00:00 0 
7f9da9840000-7f9da9940000 rw-p 00000000 00:00 0 
7f9da9940000-7f9da9a60000 rw-p 00000000 00:00 0 
7f9da9a60000-7f9da9ae0000 rw-p 00000000 00:00 0 
7f9da9ae0000-7f9da9b80000 rw-p 00000000 00:00 0 
7f9da9b80000-7f9da9c00000 ---p 00000000 00:00 0 
7f9da9c00000-7f9da9f20000 rw-p 00000000 00:00 0 
7f9da9f20000-7f9daa1d0000 rw-p 00000000 00:00 0 
7f9daa1d0000-7f9dac000000 ---p 00000000 00:00 0 
7f9dac000000-7f9dac021000 rw-p 00000000 00:00 0 
7f9dac021000-7f9db0000000 ---p 00000000 00:00 0 
7f9db0000000-7f9db0021000 rw-p 00000000 00:00 0 
7f9db0021000-7f9db4000000 ---p 00000000 00:00 0 
7f9db4000000-7f9db4038000 rw-p 00000000 00:00 0 
7f9db4038000-7f9db8000000 ---p 00000000 00:00 0 
7f9db8000000-7f9db8021000 rw-p 00000000 00:00 0 
7f9db8021000-7f9dbc000000 ---p 00000000 00:00 0 
7f9dbc000000-7f9dbc021000 rw-p 00000000 00:00 0 
7f9dbc021000-7f9dc0000000 ---p 00000000 00:00 0 
7f9dc0000000-7f9dc0021000 rw-p 00000000 00:00 0 
7f9dc0021000-7f9dc4000000 ---p 00000000 00:00 0 
7f9dc4000000-7f9dc4021000 rw-p 00000000 00:00 0 
7f9dc4021000-7f9dc8000000 ---p 00000000 00:00 0 
7f9dc97be000-7f9dc97c5000 r--s 00000000 00:24 17059797                   /usr/lib64/gconv/gconv-modules.cache
7f9dc97c5000-7f9dc97cf000 r-xp 00000000 00:00 0 
7f9dc97cf000-7f9dc97d5000 r-xp 00000000 00:00 0 
7f9dc97d5000-7f9dc97eb000 r-xp 00000000 00:00 0 
7f9dc97eb000-7f9dc97ef000 ---p 00000000 00:00 0 
7f9dc97ef000-7f9dc98eb000 rw-p 00000000 00:00 0 
7f9dc98eb000-7f9dc98ef000 ---p 00000000 00:00 0 
7f9dc98ef000-7f9dc99eb000 rw-p 00000000 00:00 0 
7f9dc99eb000-7f9dc99ec000 ---p 00000000 00:00 0 
7f9dc99ec000-7f9dc9aec000 rw-p 00000000 00:00 0 
7f9dc9aec000-7f9dc9aed000 ---p 00000000 00:00 0 
7f9dc9aed000-7f9dc9bed000 rw-p 00000000 00:00 0 
7f9dc9bed000-7f9dc9bf1000 ---p 00000000 00:00 0 
7f9dc9bf1000-7f9dc9ced000 rw-p 00000000 00:00 0 
7f9dc9ced000-7f9dc9cee000 ---p 00000000 00:00 0 
7f9dc9cee000-7f9dc9dee000 rw-p 00000000 00:00 0 
7f9dc9dee000-7f9dc9def000 ---p 00000000 00:00 0 
7f9dc9def000-7f9dc9eef000 rw-p 00000000 00:00 0 
7f9dc9eef000-7f9dc9ef0000 ---p 00000000 00:00 0 
7f9dc9ef0000-7f9dc9ff0000 rw-p 00000000 00:00 0 
7f9dc9ff0000-7f9dc9ff1000 ---p 00000000 00:00 0 
7f9dc9ff1000-7f9dca0f1000 rw-p 00000000 00:00 0 
7f9dca0f1000-7f9dca0f2000 ---p 00000000 00:00 0 
7f9dca0f2000-7f9dca1f2000 rw-p 00000000 00:00 0 
7f9dca1f2000-7f9dca1f3000 ---p 00000000 00:00 0 
7f9dca1f3000-7f9dca2f3000 rw-p 00000000 00:00 0 
7f9dca2f3000-7f9dca2f4000 ---p 00000000 00:00 0 
7f9dca2f4000-7f9dca3f4000 rw-p 00000000 00:00 0 
7f9dca3f4000-7f9dca3f5000 ---p 00000000 00:00 0 
7f9dca3f5000-7f9dca4f5000 rw-p 00000000 00:00 0 
7f9dca4f5000-7f9dca4f6000 ---p 00000000 00:00 0 
7f9dca4f6000-7f9dca5f6000 rw-p 00000000 00:00 0 
7f9dca5f6000-7f9dca5f7000 ---p 00000000 00:00 0 
7f9dca5f7000-7f9dca6f7000 rw-p 00000000 00:00 0 
7f9dca6f7000-7f9dca6f8000 ---p 00000000 00:00 0 
7f9dca6f8000-7f9dca7f8000 rw-p 00000000 00:00 0 
7f9dca7f8000-7f9dca7f9000 ---p 00000000 00:00 0 
7f9dca7f9000-7f9dca8f9000 rw-p 00000000 00:00 0 
7f9dca8f9000-7f9dca8fd000 ---p 00000000 00:00 0 
7f9dca8fd000-7f9dca9f9000 rw-p 00000000 00:00 0 
7f9dca9f9000-7f9dca9fd000 ---p 00000000 00:00 0 
7f9dca9fd000-7f9dcaaf9000 rw-p 00000000 00:00 0 
7f9dcaaf9000-7f9dcaafd000 ---p 00000000 00:00 0 
7f9dcaafd000-7f9dcabf9000 rw-p 00000000 00:00 0 
7f9dcabf9000-7f9dcabfd000 ---p 00000000 00:00 0 
7f9dcabfd000-7f9dcacf9000 rw-p 00000000 00:00 0 
7f9dcacf9000-7f9dcacfd000 ---p 00000000 00:00 0 
7f9dcacfd000-7f9dcadf9000 rw-p 00000000 00:00 0 
7f9dcadf9000-7f9dcadfd000 ---p 00000000 00:00 0 
7f9dcadfd000-7f9dcaef9000 rw-p 00000000 00:00 0 
7f9dcaef9000-7f9dcaefd000 ---p 00000000 00:00 0 
7f9dcaefd000-7f9dcaff9000 rw-p 00000000 00:00 0 
7f9dcaff9000-7f9dcaffd000 ---p 00000000 00:00 0 
7f9dcaffd000-7f9dcb0f9000 rw-p 00000000 00:00 0 
7f9dcb0f9000-7f9dcb0fd000 ---p 00000000 00:00 0 
7f9dcb0fd000-7f9dcb1f9000 rw-p 00000000 00:00 0 
7f9dcb1f9000-7f9dcb1fd000 ---p 00000000 00:00 0 
7f9dcb1fd000-7f9dcb2f9000 rw-p 00000000 00:00 0 
7f9dcb2f9000-7f9dcb2fd000 ---p 00000000 00:00 0 
7f9dcb2fd000-7f9dcb3f9000 rw-p 00000000 00:00 0 
7f9dcb3f9000-7f9dcb3fd000 ---p 00000000 00:00 0 
7f9dcb3fd000-7f9dcb4f9000 rw-p 00000000 00:00 0 
7f9dcb4f9000-7f9dcb4fd000 ---p 00000000 00:00 0 
7f9dcb4fd000-7f9dcb5f9000 rw-p 00000000 00:00 0 
7f9dcb5f9000-7f9dcb5fd000 ---p 00000000 00:00 0 
7f9dcb5fd000-7f9dcb6f9000 rw-p 00000000 00:00 0 
7f9dcb6f9000-7f9dcb6fd000 ---p 00000000 00:00 0 
7f9dcb6fd000-7f9dcb7f9000 rw-p 00000000 00:00 0 
7f9dcb7f9000-7f9dcb7fd000 ---p 00000000 00:00 0 
7f9dcb7fd000-7f9dcb8f9000 rw-p 00000000 00:00 0 
7f9dcb8f9000-7f9dcb8fa000 ---p 00000000 00:00 0 
7f9dcb8fa000-7f9dcb8fe000 ---p 00000000 00:00 0 
7f9dcb8fe000-7f9dcb9fa000 rw-p 00000000 00:00 0 
7f9dcb9fa000-7f9dcb9fb000 ---p 00000000 00:00 0 
7f9dcb9fb000-7f9dcb9ff000 ---p 00000000 00:00 0 
7f9dcb9ff000-7f9dcbafb000 rw-p 00000000 00:00 0 
7f9dcbafb000-7f9dcbafc000 ---p 00000000 00:00 0 
7f9dcbafc000-7f9dcbbfc000 rw-p 00000000 00:00 0 
7f9dcbbfc000-7f9dcbbfd000 ---p 00000000 00:00 0 
7f9dcbbfd000-7f9dcbcfd000 rw-p 00000000 00:00 0 
7f9dcbcfd000-7f9dcbcfe000 ---p 00000000 00:00 0 
7f9dcbcfe000-7f9dcbdfe000 rw-p 00000000 00:00 0 
7f9dcbdfe000-7f9dcbdff000 ---p 00000000 00:00 0 
7f9dcbdff000-7f9dcbeff000 rw-p 00000000 00:00 0 
7f9dcbeff000-7f9dcc021000 rw-p 00000000 00:00 0 
7f9dcc021000-7f9dd0000000 ---p 00000000 00:00 0 
7f9dd0000000-7f9dd0021000 rw-p 00000000 00:00 0 
7f9dd0021000-7f9dd4000000 ---p 00000000 00:00 0 
7f9dd4000000-7f9dd4074000 rw-p 00000000 00:00 0 
7f9dd4074000-7f9dd8000000 ---p 00000000 00:00 0 
7f9dd8000000-7f9dd80f7000 r-xp 00000000 00:00 0 
7f9dd80f7000-7f9ddadc0000 rw-p 00000000 00:00 0 
7f9ddadc0000-7f9ddb780000 ---p 00000000 00:00 0 
7f9ddb780000-7f9ddb7c0000 rw-p 00000000 00:00 0 
7f9ddb7c0000-7f9dea3c0000 ---p 00000000 00:00 0 
7f9dea3c0000-7f9dea400000 rw-p 00000000 00:00 0 
7f9dea400000-7f9dea401000 r-xp 00000000 00:00 0 
7f9dea401000-7f9dea47e000 r-xp 00000000 00:00 0 
7f9dea47e000-7f9dea47f000 r--p 00000000 00:24 62088018                   /home/andreatp/.sdkman/candidates/java/25-tem/lib/libsimdsort.so
7f9dea47f000-7f9dea4b8000 r-xp 00001000 00:24 62088018                   /home/andreatp/.sdkman/candidates/java/25-tem/lib/libsimdsort.so
7f9dea4b8000-7f9dea4be000 r--p 0003a000 00:24 62088018                   /home/andreatp/.sdkman/candidates/java/25-tem/lib/libsimdsort.so
7f9dea4be000-7f9dea4bf000 r--p 0003f000 00:24 62088018                   /home/andreatp/.sdkman/candidates/java/25-tem/lib/libsimdsort.so
7f9dea4bf000-7f9dea4c0000 rw-p 00040000 00:24 62088018                   /home/andreatp/.sdkman/candidates/java/25-tem/lib/libsimdsort.so
7f9dea4c0000-7f9dea538000 rw-p 00000000 00:00 0 
7f9dea538000-7f9dea670000 ---p 00000000 00:00 0 
7f9dea670000-7f9dea678000 rw-p 00000000 00:00 0 
7f9dea678000-7f9dec3f8000 ---p 00000000 00:00 0 
7f9dec3f8000-7f9dec400000 rw-p 00000000 00:00 0 
7f9dec400000-7f9dee220000 rwxp 00000000 00:00 0 
7f9dee220000-7f9df385f000 ---p 00000000 00:00 0 
7f9df385f000-7f9df3caf000 rwxp 00000000 00:00 0 
7f9df3caf000-7f9df3f9f000 ---p 00000000 00:00 0 
7f9df3f9f000-7f9df473f000 rwxp 00000000 00:00 0 
7f9df473f000-7f9dfb400000 ---p 00000000 00:00 0 
7f9dfb400000-7f9e03f14000 r--s 00000000 00:24 62088042                   /home/andreatp/.sdkman/candidates/java/25-tem/lib/modules
7f9e03f14000-7f9e03f24000 r-xp 00000000 00:00 0 
7f9e03f24000-7f9e054b6000 rw-p 00000000 00:00 0 
7f9e054b6000-7f9e08000000 ---p 00000000 00:00 0 
7f9e08000000-7f9e08008000 r-xp 00000000 00:00 0 
7f9e08008000-7f9e0800a000 r--p 00000000 00:24 62088016                   /home/andreatp/.sdkman/candidates/java/25-tem/lib/libmanagement_ext.so
7f9e0800a000-7f9e0800d000 r-xp 00002000 00:24 62088016                   /home/andreatp/.sdkman/candidates/java/25-tem/lib/libmanagement_ext.so
7f9e0800d000-7f9e0800e000 r--p 00005000 00:24 62088016                   /home/andreatp/.sdkman/candidates/java/25-tem/lib/libmanagement_ext.so
7f9e0800e000-7f9e0800f000 r--p 00006000 00:24 62088016                   /home/andreatp/.sdkman/candidates/java/25-tem/lib/libmanagement_ext.so
7f9e0800f000-7f9e08010000 rw-p 00007000 00:24 62088016                   /home/andreatp/.sdkman/candidates/java/25-tem/lib/libmanagement_ext.so
7f9e08010000-7f9e08012000 r--p 00000000 00:24 62087985                   /home/andreatp/.sdkman/candidates/java/25-tem/lib/libzip.so
7f9e08012000-7f9e08024000 r-xp 00002000 00:24 62087985                   /home/andreatp/.sdkman/candidates/java/25-tem/lib/libzip.so
7f9e08024000-7f9e0802c000 r--p 00014000 00:24 62087985                   /home/andreatp/.sdkman/candidates/java/25-tem/lib/libzip.so
7f9e0802c000-7f9e0802d000 r--p 0001b000 00:24 62087985                   /home/andreatp/.sdkman/candidates/java/25-tem/lib/libzip.so
7f9e0802d000-7f9e0802e000 rw-p 0001c000 00:24 62087985                   /home/andreatp/.sdkman/candidates/java/25-tem/lib/libzip.so
7f9e0802e000-7f9e08372000 rw-p 00000000 00:00 0 
7f9e08372000-7f9e08373000 ---p 00000000 00:00 0 
7f9e08373000-7f9e08473000 rw-p 00000000 00:00 0 
7f9e08473000-7f9e08474000 ---p 00000000 00:00 0 
7f9e08474000-7f9e08574000 rw-p 00000000 00:00 0 
7f9e08574000-7f9e08575000 ---p 00000000 00:00 0 
7f9e08575000-7f9e08675000 rw-p 00000000 00:00 0 
7f9e08675000-7f9e087ec000 rw-p 00000000 00:00 0 
7f9e087ec000-7f9e08924000 ---p 00000000 00:00 0 
7f9e08924000-7f9e0892c000 rw-p 00000000 00:00 0 
7f9e0892c000-7f9e0a6ac000 ---p 00000000 00:00 0 
7f9e0a6ac000-7f9e0b44f000 rw-p 00000000 00:00 0 
7f9e0b44f000-7f9e0b528000 ---p 00000000 00:00 0 
7f9e0b528000-7f9e0b565000 rw-p 00000000 00:00 0 
7f9e0b565000-7f9e0b611000 ---p 00000000 00:00 0 
7f9e0b611000-7f9e0b615000 ---p 00000000 00:00 0 
7f9e0b615000-7f9e0b711000 rw-p 00000000 00:00 0 
7f9e0b711000-7f9e0b78e000 r-xp 00000000 00:24 16857124                   /usr/lib64/libm.so.6
7f9e0b78e000-7f9e0b7fe000 r--p 0007d000 00:24 16857124                   /usr/lib64/libm.so.6
7f9e0b7fe000-7f9e0b7ff000 r--p 000ec000 00:24 16857124                   /usr/lib64/libm.so.6
7f9e0b7ff000-7f9e0b800000 rw-p 000ed000 00:24 16857124                   /usr/lib64/libm.so.6
7f9e0b800000-7f9e0bae2000 r--p 00000000 00:24 62088004                   /home/andreatp/.sdkman/candidates/java/25-tem/lib/server/libjvm.so
7f9e0bae2000-7f9e0cae2000 r-xp 002e2000 00:24 62088004                   /home/andreatp/.sdkman/candidates/java/25-tem/lib/server/libjvm.so
7f9e0cae2000-7f9e0cdf2000 r--p 012e2000 00:24 62088004                   /home/andreatp/.sdkman/candidates/java/25-tem/lib/server/libjvm.so
7f9e0cdf2000-7f9e0cedd000 r--p 015f2000 00:24 62088004                   /home/andreatp/.sdkman/candidates/java/25-tem/lib/server/libjvm.so
7f9e0cedd000-7f9e0cf08000 rw-p 016dd000 00:24 62088004                   /home/andreatp/.sdkman/candidates/java/25-tem/lib/server/libjvm.so
7f9e0cf08000-7f9e0cf84000 rw-p 00000000 00:00 0 
7f9e0cf84000-7f9e0cf85000 r-xp 00000000 00:00 0 
7f9e0cf85000-7f9e0cf86000 r-xp 00000000 00:00 0 
7f9e0cf86000-7f9e0cf89000 r--p 00000000 00:24 62088001                   /home/andreatp/.sdkman/candidates/java/25-tem/lib/libnet.so
7f9e0cf89000-7f9e0cf91000 r-xp 00003000 00:24 62088001                   /home/andreatp/.sdkman/candidates/java/25-tem/lib/libnet.so
7f9e0cf91000-7f9e0cf93000 r--p 0000b000 00:24 62088001                   /home/andreatp/.sdkman/candidates/java/25-tem/lib/libnet.so
7f9e0cf93000-7f9e0cf94000 r--p 0000c000 00:24 62088001                   /home/andreatp/.sdkman/candidates/java/25-tem/lib/libnet.so
7f9e0cf94000-7f9e0cf95000 rw-p 0000d000 00:24 62088001                   /home/andreatp/.sdkman/candidates/java/25-tem/lib/libnet.so
7f9e0cf95000-7f9e0cf9d000 r--p 00000000 00:24 62088041                   /home/andreatp/.sdkman/candidates/java/25-tem/lib/libnio.so
7f9e0cf9d000-7f9e0cfa6000 r-xp 00008000 00:24 62088041                   /home/andreatp/.sdkman/candidates/java/25-tem/lib/libnio.so
7f9e0cfa6000-7f9e0cfaa000 r--p 00011000 00:24 62088041                   /home/andreatp/.sdkman/candidates/java/25-tem/lib/libnio.so
7f9e0cfaa000-7f9e0cfab000 r--p 00015000 00:24 62088041                   /home/andreatp/.sdkman/candidates/java/25-tem/lib/libnio.so
7f9e0cfab000-7f9e0cfac000 rw-p 00016000 00:24 62088041                   /home/andreatp/.sdkman/candidates/java/25-tem/lib/libnio.so
7f9e0cfac000-7f9e0cfb5000 rw-p 00000000 00:00 0 
7f9e0cfb5000-7f9e0cfbb000 ---p 00000000 00:00 0 
7f9e0cfbb000-7f9e0cfc9000 r--p 00000000 00:24 62087993                   /home/andreatp/.sdkman/candidates/java/25-tem/lib/libjava.so
7f9e0cfc9000-7f9e0cfd7000 r-xp 0000e000 00:24 62087993                   /home/andreatp/.sdkman/candidates/java/25-tem/lib/libjava.so
7f9e0cfd7000-7f9e0cfdc000 r--p 0001c000 00:24 62087993                   /home/andreatp/.sdkman/candidates/java/25-tem/lib/libjava.so
7f9e0cfdc000-7f9e0cfdd000 r--p 00021000 00:24 62087993                   /home/andreatp/.sdkman/candidates/java/25-tem/lib/libjava.so
7f9e0cfdd000-7f9e0cfde000 rw-p 00022000 00:24 62087993                   /home/andreatp/.sdkman/candidates/java/25-tem/lib/libjava.so
7f9e0cfde000-7f9e0cfdf000 rw-p 00000000 00:00 0 
7f9e0cfdf000-7f9e0cfe3000 r--p 00000000 00:24 62087996                   /home/andreatp/.sdkman/candidates/java/25-tem/lib/libjimage.so
7f9e0cfe3000-7f9e0cffb000 r-xp 00004000 00:24 62087996                   /home/andreatp/.sdkman/candidates/java/25-tem/lib/libjimage.so
7f9e0cffb000-7f9e0d001000 r--p 0001c000 00:24 62087996                   /home/andreatp/.sdkman/candidates/java/25-tem/lib/libjimage.so
7f9e0d001000-7f9e0d003000 r--p 00021000 00:24 62087996                   /home/andreatp/.sdkman/candidates/java/25-tem/lib/libjimage.so
7f9e0d003000-7f9e0d004000 rw-p 00023000 00:24 62087996                   /home/andreatp/.sdkman/candidates/java/25-tem/lib/libjimage.so
7f9e0d004000-7f9e0d005000 r-xp 00000000 00:24 16857132                   /usr/lib64/librt.so.1
7f9e0d005000-7f9e0d006000 r--p 00001000 00:24 16857132                   /usr/lib64/librt.so.1
7f9e0d006000-7f9e0d007000 r--p 00001000 00:24 16857132                   /usr/lib64/librt.so.1
7f9e0d007000-7f9e0d00a000 rw-p 00000000 00:00 0 
7f9e0d00a000-7f9e0d00b000 r-xp 00000000 00:24 16857130                   /usr/lib64/libpthread.so.0
7f9e0d00b000-7f9e0d00c000 r--p 00001000 00:24 16857130                   /usr/lib64/libpthread.so.0
7f9e0d00c000-7f9e0d00d000 r--p 00001000 00:24 16857130                   /usr/lib64/libpthread.so.0
7f9e0d00d000-7f9e0d00e000 rw-p 00000000 00:00 0 
7f9e0d00e000-7f9e0d00f000 r-xp 00000000 00:24 16857123                   /usr/lib64/libdl.so.2
7f9e0d00f000-7f9e0d010000 r--p 00001000 00:24 16857123                   /usr/lib64/libdl.so.2
7f9e0d010000-7f9e0d011000 r--p 00001000 00:24 16857123                   /usr/lib64/libdl.so.2
7f9e0d011000-7f9e0d012000 rw-p 00000000 00:00 0 
7f9e0d012000-7f9e0d180000 r-xp 00000000 00:24 16857122                   /usr/lib64/libc.so.6
7f9e0d180000-7f9e0d1f5000 r--p 0016e000 00:24 16857122                   /usr/lib64/libc.so.6
7f9e0d1f5000-7f9e0d1f9000 r--p 001e2000 00:24 16857122                   /usr/lib64/libc.so.6
7f9e0d1f9000-7f9e0d1fb000 rw-p 001e6000 00:24 16857122                   /usr/lib64/libc.so.6
7f9e0d1fb000-7f9e0d203000 rw-p 00000000 00:00 0 
7f9e0d203000-7f9e0d204000 r-xp 00000000 00:00 0 
7f9e0d204000-7f9e0d205000 r--p 00000000 00:24 62087997                   /home/andreatp/.sdkman/candidates/java/25-tem/lib/libsyslookup.so
7f9e0d205000-7f9e0d206000 r-xp 00001000 00:24 62087997                   /home/andreatp/.sdkman/candidates/java/25-tem/lib/libsyslookup.so
7f9e0d206000-7f9e0d207000 r--p 00002000 00:24 62087997                   /home/andreatp/.sdkman/candidates/java/25-tem/lib/libsyslookup.so
7f9e0d207000-7f9e0d208000 r--p 00002000 00:24 62087997                   /home/andreatp/.sdkman/candidates/java/25-tem/lib/libsyslookup.so
7f9e0d208000-7f9e0d209000 rw-p 00003000 00:24 62087997                   /home/andreatp/.sdkman/candidates/java/25-tem/lib/libsyslookup.so
7f9e0d209000-7f9e0d20c000 r--p 00000000 00:24 62088022                   /home/andreatp/.sdkman/candidates/java/25-tem/lib/libmanagement.so
7f9e0d20c000-7f9e0d20d000 r-xp 00003000 00:24 62088022                   /home/andreatp/.sdkman/candidates/java/25-tem/lib/libmanagement.so
7f9e0d20d000-7f9e0d20e000 r--p 00004000 00:24 62088022                   /home/andreatp/.sdkman/candidates/java/25-tem/lib/libmanagement.so
7f9e0d20e000-7f9e0d20f000 r--p 00004000 00:24 62088022                   /home/andreatp/.sdkman/candidates/java/25-tem/lib/libmanagement.so
7f9e0d20f000-7f9e0d210000 rw-p 00005000 00:24 62088022                   /home/andreatp/.sdkman/candidates/java/25-tem/lib/libmanagement.so
7f9e0d210000-7f9e0d218000 rw-s 00000000 00:2b 7178                       /tmp/hsperfdata_andreatp/144199
7f9e0d218000-7f9e0d219000 ---p 00000000 00:00 0 
7f9e0d219000-7f9e0d21a000 r--p 00000000 00:00 0 
7f9e0d21a000-7f9e0d21b000 ---p 00000000 00:00 0 
7f9e0d21b000-7f9e0d21e000 r--p 00000000 00:24 62088010                   /home/andreatp/.sdkman/candidates/java/25-tem/lib/libjli.so
7f9e0d21e000-7f9e0d22f000 r-xp 00003000 00:24 62088010                   /home/andreatp/.sdkman/candidates/java/25-tem/lib/libjli.so
7f9e0d22f000-7f9e0d236000 r--p 00014000 00:24 62088010                   /home/andreatp/.sdkman/candidates/java/25-tem/lib/libjli.so
7f9e0d236000-7f9e0d237000 r--p 0001a000 00:24 62088010                   /home/andreatp/.sdkman/candidates/java/25-tem/lib/libjli.so
7f9e0d237000-7f9e0d238000 rw-p 0001b000 00:24 62088010                   /home/andreatp/.sdkman/candidates/java/25-tem/lib/libjli.so
7f9e0d238000-7f9e0d23a000 rw-p 00000000 00:00 0 
7f9e0d23a000-7f9e0d23e000 r--p 00000000 00:00 0                          [vvar]
7f9e0d23e000-7f9e0d240000 r--p 00000000 00:00 0                          [vvar_vclock]
7f9e0d240000-7f9e0d242000 r-xp 00000000 00:00 0                          [vdso]
7f9e0d242000-7f9e0d26c000 r-xp 00000000 00:24 16857119                   /usr/lib64/ld-linux-x86-64.so.2
7f9e0d26c000-7f9e0d277000 r--p 0002a000 00:24 16857119                   /usr/lib64/ld-linux-x86-64.so.2
7f9e0d277000-7f9e0d279000 r--p 00035000 00:24 16857119                   /usr/lib64/ld-linux-x86-64.so.2
7f9e0d279000-7f9e0d27a000 rw-p 00037000 00:24 16857119                   /usr/lib64/ld-linux-x86-64.so.2
7f9e0d27a000-7f9e0d27b000 rw-p 00000000 00:00 0 
7ffd8b916000-7ffd8b938000 rw-p 00000000 00:00 0                          [stack]
ffffffffff600000-ffffffffff601000 --xp 00000000 00:00 0                  [vsyscall]
Total number of mappings: 343

JVMTI agents: none


VM Arguments:
jvm_args: --enable-preview --enable-native-access=ALL-UNNAMED 
java_command: /home/andreatp/workspace/chicory2/cranelift-compiler/target/surefire/surefirebooter-20260311190205545_3.jar /home/andreatp/workspace/chicory2/cranelift-compiler/target/surefire 2026-03-11T19-02-05_499-jvmRun1 surefire-20260311190205545_1tmp surefire_0-20260311190205545_2tmp
java_class_path (initial): /home/andreatp/workspace/chicory2/cranelift-compiler/target/surefire/surefirebooter-20260311190205545_3.jar
Launcher Type: SUN_STANDARD

[Global flags]
     intx CICompilerCount                          = 12                                        {product} {ergonomic}
     uint ConcGCThreads                            = 3                                         {product} {ergonomic}
     uint G1ConcRefinementThreads                  = 13                                        {product} {ergonomic}
   size_t G1HeapRegionSize                         = 8388608                                   {product} {ergonomic}
   size_t InitialHeapSize                          = 1048576000                                {product} {ergonomic}
   size_t MarkStackSize                            = 4194304                                   {product} {ergonomic}
   size_t MarkStackSizeMax                         = 536870912                                 {product} {ergonomic}
   size_t MaxHeapSize                              = 16777216000                               {product} {ergonomic}
   size_t MaxNewSize                               = 10066329600                               {product} {ergonomic}
   size_t MinHeapDeltaBytes                        = 8388608                                   {product} {ergonomic}
   size_t MinHeapSize                              = 8388608                                   {product} {ergonomic}
    uintx NonNMethodCodeHeapSize                   = 7602176                                {pd product} {ergonomic}
    uintx NonProfiledCodeHeapSize                  = 122032128                              {pd product} {ergonomic}
    uintx ProfiledCodeHeapSize                     = 122023936                              {pd product} {ergonomic}
    uintx ReservedCodeCacheSize                    = 251658240                              {pd product} {ergonomic}
     bool SegmentedCodeCache                       = true                                      {product} {ergonomic}
   size_t SoftMaxHeapSize                          = 16777216000                            {manageable} {ergonomic}
     bool UseCompressedOops                        = true                           {product lp64_product} {ergonomic}
     bool UseG1GC                                  = true                                      {product} {ergonomic}

Logging:
Log output configuration:
 #0: stdout all=warning uptime,level,tags foldmultilines=false
 #1: stderr all=off uptime,level,tags foldmultilines=false

Release file:
IMPLEMENTOR="Eclipse Adoptium"
IMPLEMENTOR_VERSION="Temurin-25+36"
JAVA_RUNTIME_VERSION="25+36-LTS"
JAVA_VERSION="25"
JAVA_VERSION_DATE="2025-09-16"
LIBC="gnu"
MODULES="java.base java.compiler java.datatransfer java.xml java.prefs java.desktop java.instrument java.logging java.management java.security.sasl java.naming java.rmi java.management.rmi java.net.http java.scripting java.security.jgss java.transaction.xa java.sql java.sql.rowset java.xml.crypto java.se java.smartcardio jdk.accessibility jdk.internal.jvmstat jdk.attach jdk.charsets jdk.internal.opt jdk.zipfs jdk.compiler jdk.crypto.cryptoki jdk.crypto.ec jdk.dynalink jdk.internal.ed jdk.editpad jdk.internal.vm.ci jdk.graal.compiler jdk.graal.compiler.management jdk.hotspot.agent jdk.httpserver jdk.incubator.vector jdk.internal.le jdk.internal.md jdk.jartool jdk.javadoc jdk.jcmd jdk.management jdk.management.agent jdk.jconsole jdk.jdeps jdk.jdwp.agent jdk.jdi jdk.jfr jdk.jlink jdk.jpackage jdk.jshell jdk.jsobject jdk.jstatd jdk.localedata jdk.management.jfr jdk.naming.dns jdk.naming.rmi jdk.net jdk.nio.mapmode jdk.sctp jdk.security.auth jdk.security.jgss jdk.unsupported jdk.unsupported.desktop jdk.xml.dom"
OS_ARCH="x86_64"
OS_NAME="Linux"
SOURCE=".:git:ef82ae723551"
BUILD_SOURCE="git:b7337f50fb2a765519e79674ae790c2a7450149e"
BUILD_SOURCE_REPO="https://github.com/adoptium/temurin-build.git"
SOURCE_REPO="https://github.com/adoptium/jdk.git"
FULL_VERSION="25+36-LTS"
SEMANTIC_VERSION="25+36"
BUILD_INFO="OS: Linux Version: 6.8.0-1031-azure"
JVM_VARIANT="Hotspot"
JVM_VERSION="25+36-LTS"
IMAGE_TYPE="JDK"

Environment Variables:
JAVA_HOME=/home/andreatp/.sdkman/candidates/java/current
PATH=/home/andreatp/.jbang/bin:/home/andreatp/Downloads/google-cloud-sdk/bin:/home/andreatp/.pyenv/shims:/home/andreatp/.pyenv/bin:/home/andreatp/.nvm/versions/node/v24.2.0/bin:/home/andreatp/.sdkman/candidates/visualvm/current/bin:/home/andreatp/.sdkman/candidates/sbt/current/bin:/home/andreatp/.sdkman/candidates/maven/current/bin:/home/andreatp/.sdkman/candidates/jbang/current/bin:/home/andreatp/.sdkman/candidates/java/current/bin:/home/andreatp/.sdkman/candidates/gradle/current/bin:/home/andreatp/.local/share/swiftly/bin:/home/andreatp/.local/bin:/home/andreatp/.cargo/bin:/usr/local/bin:/usr/bin:/var/lib/snapd/snap/bin:/home/andreatp/.rvm/bin:/usr/local/go/bin:/home/andreatp/.wasmtime/bin:/home/andreatp/.cargo/bin:/home/andreatp/.rvm/bin
USERNAME=andreatp
SHELL=/usr/bin/zsh
DISPLAY=:0
LANG=en_US.UTF-8
TERM=dumb

Active Locale:
LC_ALL=en_US.UTF-8
LC_COLLATE=en_US.UTF-8
LC_CTYPE=en_US.UTF-8
LC_MESSAGES=en_US.UTF-8
LC_MONETARY=en_US.UTF-8
LC_NUMERIC=en_US.UTF-8
LC_TIME=en_US.UTF-8

Signal Handlers:
   SIGSEGV: crash_handler in libjvm.so, mask=11100100010111111101111111111110, flags=SA_RESTART|SA_SIGINFO, unblocked
    SIGBUS: crash_handler in libjvm.so, mask=11100100010111111101111111111110, flags=SA_RESTART|SA_SIGINFO, unblocked
    SIGFPE: crash_handler in libjvm.so, mask=11100100010111111101111111111110, flags=SA_RESTART|SA_SIGINFO, unblocked
   SIGPIPE: javaSignalHandler in libjvm.so, mask=11100100010111111101111111111110, flags=SA_RESTART|SA_SIGINFO, blocked
   SIGXFSZ: javaSignalHandler in libjvm.so, mask=11100100010111111101111111111110, flags=SA_RESTART|SA_SIGINFO, blocked
    SIGILL: crash_handler in libjvm.so, mask=11100100010111111101111111111110, flags=SA_RESTART|SA_SIGINFO, unblocked
   SIGUSR2: SR_handler in libjvm.so, mask=00000000000000000000000000000000, flags=SA_RESTART|SA_SIGINFO, blocked
    SIGHUP: UserHandler in libjvm.so, mask=11100100010111111101111111111110, flags=SA_RESTART|SA_SIGINFO, blocked
    SIGINT: UserHandler in libjvm.so, mask=11100100010111111101111111111110, flags=SA_RESTART|SA_SIGINFO, blocked
   SIGTERM: UserHandler in libjvm.so, mask=11100100010111111101111111111110, flags=SA_RESTART|SA_SIGINFO, blocked
   SIGQUIT: UserHandler in libjvm.so, mask=11100100010111111101111111111110, flags=SA_RESTART|SA_SIGINFO, blocked
   SIGTRAP: crash_handler in libjvm.so, mask=11100100010111111101111111111110, flags=SA_RESTART|SA_SIGINFO, unblocked


Compilation memory statistics disabled.

Periodic native trim disabled

---------------  S Y S T E M  ---------------

OS:
Fedora release 42 (Adams)
uname: Linux 6.18.8-100.fc42.x86_64 #1 SMP PREEMPT_DYNAMIC Fri Jan 30 19:22:23 UTC 2026 x86_64
OS uptime: 0 days 9:03 hours
libc: glibc 2.41 NPTL 2.41 
rlimit (soft/hard): STACK 12500k/infinity , CORE infinity/infinity , NPROC 255769/255769 , NOFILE 524288/524288 , AS infinity/infinity , CPU infinity/infinity , DATA infinity/infinity , FSIZE infinity/infinity , MEMLOCK 8192k/8192k
load average: 6.96 2.66 1.21

/proc/meminfo:
MemTotal:       65528664 kB
MemFree:        12863748 kB
MemAvailable:   38485572 kB
Buffers:           15960 kB
Cached:         30006336 kB
SwapCached:            0 kB
Active:         28039604 kB
Inactive:       17792856 kB
Active(anon):   20909048 kB
Inactive(anon):        0 kB
Active(file):    7130556 kB
Inactive(file): 17792856 kB
Unevictable:     3880272 kB
Mlocked:            5816 kB
SwapTotal:       8388604 kB
SwapFree:        8388604 kB
Zswap:                 0 kB
Zswapped:              0 kB
Dirty:             19288 kB
Writeback:            32 kB
AnonPages:      19691152 kB
Mapped:          2285252 kB
Shmem:           5094100 kB
KReclaimable:    1425740 kB
Slab:            2226624 kB
SReclaimable:    1425740 kB
SUnreclaim:       800884 kB
KernelStack:       58800 kB
PageTables:       221620 kB
SecPageTables:      4188 kB
NFS_Unstable:          0 kB
Bounce:                0 kB
WritebackTmp:          0 kB
CommitLimit:    41152936 kB
Committed_AS:   108676812 kB
VmallocTotal:   34359738367 kB
VmallocUsed:      189756 kB
VmallocChunk:          0 kB
Percpu:            15360 kB
HardwareCorrupted:     0 kB
AnonHugePages:         0 kB
ShmemHugePages:  3807232 kB
ShmemPmdMapped:        0 kB
FileHugePages:         0 kB
FilePmdMapped:         0 kB
CmaTotal:              0 kB
CmaFree:               0 kB
Unaccepted:            0 kB
Balloon:               0 kB
HugePages_Total:       0
HugePages_Free:        0
HugePages_Rsvd:        0
HugePages_Surp:        0
Hugepagesize:       2048 kB
Hugetlb:               0 kB
DirectMap4k:      452032 kB
DirectMap2M:    16021504 kB
DirectMap1G:    51380224 kB

/sys/kernel/mm/transparent_hugepage/enabled: always [madvise] never
/sys/kernel/mm/transparent_hugepage/hpage_pmd_size: 2097152
/sys/kernel/mm/transparent_hugepage/shmem_enabled: always within_size advise [never] deny force
/sys/kernel/mm/transparent_hugepage/defrag (defrag/compaction efforts parameter): always defer defer+madvise [madvise] never

Process Memory:
Virtual Size: 21407348K (peak: 21471404K)
Resident Set Size: 666696K (peak: 1596068K) (anon: 639988K, file: 26676K, shmem: 32K)
Swapped out: 0K
C-Heap outstanding allocations: 166623K, retained: 214248K
glibc malloc tunables: (default)

/proc/sys/kernel/threads-max (system-wide limit on the number of threads): 511538
/proc/sys/vm/max_map_count (maximum number of memory map areas a process may have): 1048576
/proc/sys/vm/swappiness (control to define how aggressively the kernel swaps out anonymous memory): 60
/proc/sys/kernel/pid_max (system-wide limit on number of process identifiers): 4194304

container information not found.
Steal ticks since vm start: 0
Steal ticks percentage since vm start:  0.000

CPU: total 16 (initial active 16) (8 cores per cpu, 2 threads per core) family 6 model 141 stepping 1 microcode 0x58, cx8, cmov, fxsr, ht, mmx, 3dnowpref, sse, sse2, sse3, ssse3, sse4.1, sse4.2, popcnt, lzcnt, tsc, tscinvbit, avx, avx2, aes, erms, clmul, bmi1, bmi2, adx, avx512f, avx512dq, avx512cd, avx512bw, avx512vl, sha, fma, vzeroupper, avx512_vpopcntdq, avx512_vpclmulqdq, avx512_vaes, avx512_vnni, clflush, clflushopt, clwb, avx512_vbmi2, avx512_vbmi, rdtscp, rdpid, fsrm, gfni, avx512_bitalg, f16c, pku, ospke, cet_ibt, cet_ss, avx512_ifma
CPU Model and flags from /proc/cpuinfo:
model name	: 11th Gen Intel(R) Core(TM) i7-11850H @ 2.50GHz
flags		: fpu vme de pse tsc msr pae mce cx8 apic sep mtrr pge mca cmov pat pse36 clflush dts acpi mmx fxsr sse sse2 ss ht tm pbe syscall nx pdpe1gb rdtscp lm constant_tsc art arch_perfmon pebs bts rep_good nopl xtopology nonstop_tsc cpuid aperfmperf tsc_known_freq pni pclmulqdq dtes64 monitor ds_cpl vmx smx est tm2 ssse3 sdbg fma cx16 xtpr pdcm pcid sse4_1 sse4_2 x2apic movbe popcnt tsc_deadline_timer aes xsave avx f16c rdrand lahf_lm abm 3dnowprefetch cpuid_fault epb cat_l2 cdp_l2 ssbd ibrs ibpb stibp ibrs_enhanced tpr_shadow flexpriority ept vpid ept_ad fsgsbase tsc_adjust bmi1 avx2 smep bmi2 erms invpcid rdt_a avx512f avx512dq rdseed adx smap avx512ifma clflushopt clwb intel_pt avx512cd sha_ni avx512bw avx512vl xsaveopt xsavec xgetbv1 xsaves split_lock_detect user_shstk dtherm ida arat pln pts hwp hwp_notify hwp_act_window hwp_epp hwp_pkg_req vnmi avx512vbmi umip pku ospke avx512_vbmi2 gfni vaes vpclmulqdq avx512_vnni avx512_bitalg avx512_vpopcntdq rdpid movdiri movdir64b fsrm avx512_vp2intersect md_clear ibt flush_l1d arch_capabilities

Online cpus: 0-15
Offline cpus: 
BIOS frequency limitation: <Not Available>
Frequency switch latency (ns): 0
Available cpu frequencies: <Not Available>
Current governor: powersave
Core performance/turbo boost: <Not Available>

Memory: 4k page, physical 65528664k(38485572k free), swap 8388604k(8388604k free)
Page Sizes: 4k

vm_info: OpenJDK 64-Bit Server VM (25+36-LTS) for linux-amd64 JRE (25+36-LTS), built on 2025-09-16T00:00:00Z with gcc 14.2.0

END.
